연도,이름,선수ID,팀,"그 해 WAR(참고, 가격에 미사용)",원계약,적용 비용(만원),비용 출처,비용 순위,기본 등급,최근 평가(직전 시즌),명성 가산,계약 하한,하한·잠금 전,하한·잠금 후,최소 2코인 적용,신인 하한 만료 연도,국가대표(직전 국제대회),최종 코인(게임),최종이 달라진 이유,입력 기준 시점
2005,가득염,10123,롯데,0.7,FA 2004 3년 보장 5.6억,18667,FA 연봉 부분,38,4,-1,0,4,3,4,,,,4,계약 하한(가격 변경),시즌 전 확정
2005,강귀태,10385,현대,2.2,,2510,역산 추정,143,2,0,0,,2,2,,,,2,,직전 시즌까지의 성적으로 추정
2005,강동우,10564,삼성,1.1,,14700,역산 추정,53,3,0,0,,3,3,,,,3,,직전 시즌까지의 성적으로 추정
2005,강명구,10319,삼성,0.3,,2345,역산 추정,162,1,0,0,,1,1,,,,1,,직전 시즌까지의 성적으로 추정
2005,강민호,10232,롯데,-0.2,,2345,역산 추정,162,1,0,0,,1,1,,,,1,,직전 시즌까지의 성적으로 추정
2005,강병식,10408,현대,1.1,,2000,역산 추정,258,1,0,0,,1,1,,,,1,,직전 시즌까지의 성적으로 추정
2005,강봉규,10332,두산,0.3,,2224,역산 추정,237,1,0,0,,1,1,,,,1,,직전 시즌까지의 성적으로 추정
2005,강상수,1837,롯데,-0.5,FA 2003 3년 보장 4.0억,14700,FA 연봉 부분,53,3,0,0,3,3,3,,,,3,계약 하한 대상(변경 없음),시즌 전 확정
2005,강영식,10269,삼성,0.3,,3044,역산 추정,123,2,0,0,,2,2,,,,2,,직전 시즌까지의 성적으로 추정
2005,강인권,14993,두산,0.4,,2376,역산 추정,153,1,0,0,,1,1,,,,1,,직전 시즌까지의 성적으로 추정
2005,강철민,10497,KIA,1.2,,4413,역산 추정,103,2,-1,0,,1,3,,2006,,3,신인 하한,직전 시즌까지의 성적으로 추정
2005,경헌호,10498,LG,1.2,,6030,역산 추정,89,2,0,0,,2,2,,,,2,,직전 시즌까지의 성적으로 추정
2005,고동진,10666,한화,-0.4,,2614,역산 추정,139,2,0,0,,2,2,,,,2,,직전 시즌까지의 성적으로 추정
2005,고지행,2270,한화,-0.1,,2452,역산 추정,147,2,0,0,,2,2,,,,2,,직전 시즌까지의 성적으로 추정
2005,고효준,10124,SK,1.1,,2260,역산 추정,233,1,0,0,,1,3,,2008,,3,신인 하한,직전 시즌까지의 성적으로 추정
2005,권오준,10350,삼성,2.9,,4973,역산 추정,97,2,1,0,,3,3,,,,3,,직전 시즌까지의 성적으로 추정
2005,권용관,10465,LG,1.0,,2305,역산 추정,221,1,0,0,,1,1,,,,1,,직전 시즌까지의 성적으로 추정
2005,금민철,10425,두산,0.7,,2345,역산 추정,162,1,0,0,,1,1,,,,1,,직전 시즌까지의 성적으로 추정
2005,김강민,10108,SK,-0.0,,2345,역산 추정,162,1,0,0,,1,3,,2009,,3,신인 하한,직전 시즌까지의 성적으로 추정
2005,김건한,10045,KIA,-0.4,,3809,역산 추정,105,2,0,0,,2,2,,,,2,,직전 시즌까지의 성적으로 추정
2005,김경언,10028,KIA,1.1,,3367,역산 추정,114,2,0,0,,2,2,,,,2,,직전 시즌까지의 성적으로 추정
2005,김경진,2063,KIA,-0.5,,2256,역산 추정,234,1,0,0,,1,1,,,,1,,직전 시즌까지의 성적으로 추정
2005,김경태,10500,SK,-0.1,,2079,역산 추정,254,1,0,0,,1,1,,,,1,,직전 시즌까지의 성적으로 추정
2005,김광삼,10501,LG,0.7,,3380,역산 추정,113,2,0,0,,2,2,,,,2,,직전 시즌까지의 성적으로 추정
2005,김광우,2291,LG,-0.0,,2298,역산 추정,223,1,0,0,,1,1,,,,1,,직전 시즌까지의 성적으로 추정
2005,김기태,11474,SK,-0.6,,25000,실제 연봉,22,4,0,1,,5,5,,,,5,명성: 2004 골든글러브,시즌 전 확정
2005,김대익,1923,삼성,0.6,,14483,역산 추정,69,2,0,0,,2,2,,,,2,,직전 시즌까지의 성적으로 추정
2005,김덕윤,2192,삼성,0.2,,2349,역산 추정,160,1,0,0,,1,1,,,,1,,직전 시즌까지의 성적으로 추정
2005,김동수,10386,현대,1.5,FA 2005 2년 보장 6.0억,20000,실제 연봉,32,5,0,0,5,5,5,,,,5,계약 하한 대상(변경 없음),시즌 전 확정
2005,김동주,10173,두산,3.6,,32000,실제 연봉,12,5,0,1,,5,5,,2002,,5,,시즌 전 확정
2005,김명제,10197,두산,1.5,,2345,역산 추정,162,1,0,0,,1,4,,2009,,4,신인 하한,직전 시즌까지의 성적으로 추정
2005,김민기,10504,LG,-1.1,,4628,역산 추정,100,2,0,0,,2,2,,,,2,,직전 시즌까지의 성적으로 추정
2005,김민범,1844,현대,0.3,,2578,역산 추정,140,2,0,0,,2,2,,,,2,,직전 시즌까지의 성적으로 추정
2005,김민재,10550,SK,3.1,FA 2002 4년 보장 10.0억,25000,FA 연봉 부분,22,4,0,0,4,4,4,,,,4,계약 하한 대상(변경 없음),시즌 전 확정
2005,김민철,10006,KIA,0.5,,1870,역산 추정,265,1,0,0,,1,1,,,,1,,직전 시즌까지의 성적으로 추정
2005,김상훈,10001,KIA,0.9,,6712,역산 추정,87,2,0,0,,2,2,,,,2,,직전 시즌까지의 성적으로 추정
2005,김성배,10201,두산,2.8,,2265,역산 추정,231,1,0,0,,1,1,Y,,,2,풀타임 최소 2코인,직전 시즌까지의 성적으로 추정
2005,김수경,10430,현대,0.2,,30000,실제 연봉,13,5,0,1,,5,5,,,,5,,시즌 전 확정
2005,김수연,1926,한화,0.2,,3243,역산 추정,118,2,0,0,,2,2,,,,2,,직전 시즌까지의 성적으로 추정
2005,김수화,10273,롯데,-0.0,,2345,역산 추정,162,1,0,0,,1,1,,,,1,,직전 시즌까지의 성적으로 추정
2005,김승회,10202,두산,0.2,,2357,역산 추정,159,1,0,0,,1,1,,,,1,,직전 시즌까지의 성적으로 추정
2005,김영복,2306,삼성,0.0,,2345,역산 추정,162,1,0,0,,1,1,,,,1,,직전 시즌까지의 성적으로 추정
2005,김원형,14890,SK,4.2,FA 2002 4년 보장 14.0억,18000,실제 연봉,41,5,0,0,5,5,5,,,,5,계약 하한 대상(변경 없음),시즌 전 확정
2005,김인철,1547,한화,1.0,,1832,역산 추정,268,1,0,0,,1,1,,,,1,,직전 시즌까지의 성적으로 추정
2005,김일경,10398,현대,0.6,,1941,역산 추정,262,1,0,0,,1,1,,,,1,,직전 시즌까지의 성적으로 추정
2005,김장준,2292,LG,-0.1,,2220,역산 추정,238,1,0,0,,1,1,,,,1,,직전 시즌까지의 성적으로 추정
2005,김재걸,10321,삼성,0.2,,2159,역산 추정,246,1,0,0,,1,1,,1999,,1,,직전 시즌까지의 성적으로 추정
2005,김재현,10109,SK,6.5,FA 2005 4년 보장 20.7억,23000,실제 연봉,29,5,0,0,5,5,5,,,,5,계약 하한 대상(변경 없음),시즌 전 확정
2005,김재호,10174,두산,0.1,,2345,역산 추정,162,1,0,0,,1,4,,2009,,4,신인 하한,직전 시즌까지의 성적으로 추정
2005,김정민,10458,LG,0.7,,1832,역산 추정,268,1,0,0,,1,1,,,,1,,직전 시즌까지의 성적으로 추정
2005,김종국,10009,KIA,1.6,,14700,역산 추정,53,3,0,0,,3,3,,,,3,,직전 시즌까지의 성적으로 추정
2005,김종훈,1800,삼성,0.5,FA 2004 3년 보장 5.2억,17333,FA 연봉 부분,43,3,0,0,3,3,3,,,,3,계약 하한 대상(변경 없음),시즌 전 확정
2005,김주철,2193,KIA,-0.2,,2001,역산 추정,257,1,0,0,,1,1,,,,1,,직전 시즌까지의 성적으로 추정
2005,김주형,10650,KIA,-0.4,,2285,역산 추정,229,1,0,0,,1,1,,,,1,,직전 시즌까지의 성적으로 추정
2005,김진우,10695,KIA,2.9,,7358,역산 추정,84,2,0,0,,2,3,,2006,,3,신인 하한,직전 시즌까지의 성적으로 추정
2005,김진웅,10357,삼성,0.3,,14700,역산 추정,53,3,0,0,,3,3,,,,3,,직전 시즌까지의 성적으로 추정
2005,김창희,10334,두산,1.9,,7994,역산 추정,83,2,0,0,,2,2,,,,2,,직전 시즌까지의 성적으로 추정
2005,김태균,1803,SK,0.8,FA 2005 1년 보장 0.86억,8600,FA 연봉 부분,81,3,0,0,3,3,3,,,,3,계약 하한 대상(변경 없음),시즌 전 확정
2005,김태균,10552,한화,4.5,,15500,실제 연봉,44,3,1,0,,4,4,,2005,,4,,시즌 전 확정
2005,김태완,10467,LG,-0.4,,2181,역산 추정,243,1,0,0,,1,1,,,,1,,직전 시즌까지의 성적으로 추정
2005,김한수,12964,삼성,2.8,FA 2005 4년 보장 28.0억,40000,실제 연봉,5,5,0,1,5,5,5,,,,5,계약 하한 대상(변경 없음),시즌 전 확정
2005,김해님,2005,한화,2.5,,3393,역산 추정,112,2,0,0,,2,2,,,,2,,직전 시즌까지의 성적으로 추정
2005,나주환,10092,두산,0.3,,2169,역산 추정,245,1,0,0,,1,1,,,,1,,직전 시즌까지의 성적으로 추정
2005,노병오,10435,현대,-0.4,,2374,역산 추정,154,1,0,0,,1,1,,,,1,,직전 시즌까지의 성적으로 추정
2005,노승욱,1770,롯데,0.3,,4302,역산 추정,104,2,0,0,,2,2,,,,2,,직전 시즌까지의 성적으로 추정
2005,노장진,1771,롯데,1.5,,28000,실제 연봉,17,5,0,0,,5,5,,,,5,,시즌 전 확정
2005,노환수,10433,현대,0.8,,2345,역산 추정,162,1,0,0,,1,1,Y,,,2,풀타임 최소 2코인,직전 시즌까지의 성적으로 추정
2005,라형진,2097,삼성,0.7,,3207,역산 추정,119,2,0,0,,2,2,,,,2,,직전 시즌까지의 성적으로 추정
2005,류택현,10507,LG,1.1,,13714,역산 추정,71,2,0,0,,2,2,,,,2,,직전 시즌까지의 성적으로 추정
2005,마해영,1865,KIA,0.9,FA 2004 4년 보장 28.0억,40000,실제 연봉,5,5,0,0,5,5,5,,,,5,계약 하한 대상(변경 없음),시즌 전 확정
2005,문동환,10593,한화,5.1,,10275,역산 추정,79,2,-1,0,,1,1,Y,2001,,2,풀타임 최소 2코인,직전 시즌까지의 성적으로 추정
2005,문희성,1979,두산,1.6,,1832,역산 추정,268,1,0,0,,1,1,Y,2001,,2,풀타임 최소 2코인,직전 시즌까지의 성적으로 추정
2005,민경수,10509,LG,0.6,,2327,역산 추정,215,1,0,0,,1,1,Y,,,2,풀타임 최소 2코인,직전 시즌까지의 성적으로 추정
2005,박경수,10469,LG,0.1,,3353,역산 추정,115,2,0,0,,2,3,,2007,,3,신인 하한,직전 시즌까지의 성적으로 추정
2005,박경완,10080,SK,3.8,FA 2003 3년 보장 19.0억,30000,실제 연봉,13,5,1,1,5,5,5,,,,5,계약 하한 대상(변경 없음) / 명성: 2004 홈런 1위,시즌 전 확정
2005,박근홍,11112,KIA,-0.3,,2345,역산 추정,162,1,0,0,,1,1,Y,,,2,풀타임 최소 2코인,직전 시즌까지의 성적으로 추정
2005,박기남,10011,LG,1.0,,2321,역산 추정,216,1,0,0,,1,1,,,,1,,직전 시즌까지의 성적으로 추정
2005,박기혁,10241,롯데,3.2,,2296,역산 추정,225,1,-1,0,,1,1,Y,,,2,풀타임 최소 2코인,직전 시즌까지의 성적으로 추정
2005,박만채,2297,LG,0.1,,2363,역산 추정,157,1,0,0,,1,1,,,,1,,직전 시즌까지의 성적으로 추정
2005,박명환,10510,두산,3.9,,26000,실제 연봉,21,4,1,1,,5,5,,,,5,,시즌 전 확정
2005,박병호,10470,LG,-0.1,,2345,역산 추정,162,1,0,0,,1,4,,2009,,4,신인 하한,직전 시즌까지의 성적으로 추정
2005,박석민,10322,삼성,-0.4,,2205,역산 추정,241,1,0,0,,1,1,,,,1,,직전 시즌까지의 성적으로 추정
2005,박석진,1901,삼성,1.4,,14700,역산 추정,53,3,0,0,,3,3,,,,3,,직전 시즌까지의 성적으로 추정
2005,박성훈,10438,삼성,-0.2,,2345,역산 추정,162,1,0,0,,1,1,,,,1,,직전 시즌까지의 성적으로 추정
2005,박승민,10439,현대,0.8,,2102,역산 추정,252,1,0,0,,1,1,,,,1,,직전 시즌까지의 성적으로 추정
2005,박연수,2070,롯데,0.9,,2371,역산 추정,155,1,0,0,,1,1,,,,1,,직전 시즌까지의 성적으로 추정
2005,박용택,10485,LG,3.3,,7237,역산 추정,85,2,0,0,,2,3,,2006,,3,신인 하한,직전 시즌까지의 성적으로 추정
2005,박재상,10112,SK,-0.6,,2345,역산 추정,162,1,0,0,,1,1,,,,1,,직전 시즌까지의 성적으로 추정
2005,박재홍,10113,SK,6.0,,28000,실제 연봉,17,5,0,0,,5,5,,2000,,5,,시즌 전 확정
2005,박정배,10206,두산,-0.3,,2345,역산 추정,162,1,0,0,,1,1,,,,1,,직전 시즌까지의 성적으로 추정
2005,박정준,10259,롯데,-0.8,,2213,역산 추정,240,1,0,0,,1,1,,,,1,,직전 시즌까지의 성적으로 추정
2005,박정환,10097,삼성,-0.2,,2900,역산 추정,130,2,0,0,,2,2,,,,2,,직전 시즌까지의 성적으로 추정
2005,박종호,1668,삼성,3.9,FA 2004 4년 보장 22.0억,22500,실제 연봉,30,5,0,1,5,5,5,,,,5,계약 하한 대상(변경 없음),시즌 전 확정
2005,박준서,10242,롯데,-0.2,,2219,역산 추정,239,1,0,0,,1,1,,,,1,,직전 시즌까지의 성적으로 추정
2005,박지철,10511,롯데,-0.3,,14700,역산 추정,53,3,0,0,,3,3,,,,3,,직전 시즌까지의 성적으로 추정
2005,박진만,10323,삼성,2.2,FA 2005 4년 보장 39.0억,35000,실제 연봉,9,5,0,1,5,5,5,,,,5,계약 하한 대상(변경 없음),시즌 전 확정
2005,박진환,10245,롯데,-0.2,,2291,역산 추정,226,1,0,0,,1,1,,,,1,,직전 시즌까지의 성적으로 추정
2005,박한이,10336,삼성,3.4,,15000,실제 연봉,45,3,1,1,,5,5,,,,5,명성: 2004 골든글러브,시즌 전 확정
2005,박현승,10246,롯데,-0.1,,14700,역산 추정,53,3,0,0,,3,3,,,,3,,직전 시즌까지의 성적으로 추정
2005,배영수,10362,삼성,6.1,,22000,실제 연봉,31,4,1,1,,5,5,,,,5,,시즌 전 확정
2005,백승룡,10664,한화,-0.6,,2345,역산 추정,162,1,0,0,,1,1,,,,1,,직전 시즌까지의 성적으로 추정
2005,백재호,1980,한화,0.4,,8570,역산 추정,82,2,0,0,,2,2,,2001,,2,,직전 시즌까지의 성적으로 추정
2005,서동환,10207,두산,-0.2,,2345,역산 추정,162,1,0,0,,1,1,,,,1,,직전 시즌까지의 성적으로 추정
2005,서승화,10515,LG,0.0,,3661,역산 추정,107,2,-1,0,,1,1,,2006,,1,,직전 시즌까지의 성적으로 추정
2005,서용빈,1782,LG,-0.5,,10451,역산 추정,78,2,0,0,,2,2,,,,2,,직전 시즌까지의 성적으로 추정
2005,서한규,2027,현대,2.5,,1951,역산 추정,261,1,0,0,,1,1,,,,1,,직전 시즌까지의 성적으로 추정
2005,손민한,10284,롯데,6.5,,18000,실제 연봉,41,3,0,0,,3,3,,2001,,3,,시즌 전 확정
2005,손상정,2361,LG,0.3,,2345,역산 추정,162,1,0,0,,1,1,,,,1,,직전 시즌까지의 성적으로 추정
2005,손승락,10442,현대,0.9,,2345,역산 추정,162,1,0,0,,1,1,Y,,,2,풀타임 최소 2코인,직전 시즌까지의 성적으로 추정
2005,손시헌,10177,두산,3.8,,2519,역산 추정,142,2,-1,0,,1,1,Y,,,2,풀타임 최소 2코인,직전 시즌까지의 성적으로 추정
2005,손인호,10487,롯데,-0.1,,5460,역산 추정,94,2,0,0,,2,2,,,,2,,직전 시즌까지의 성적으로 추정
2005,손지환,10098,KIA,2.4,,2741,역산 추정,137,2,0,0,,2,2,,,,2,,직전 시즌까지의 성적으로 추정
2005,송산,10796,KIA,0.6,,2345,역산 추정,162,1,0,0,,1,1,,,,1,,직전 시즌까지의 성적으로 추정
2005,송신영,10443,현대,1.9,,11284,역산 추정,75,2,0,0,,2,2,,,,2,,직전 시즌까지의 성적으로 추정
2005,송지만,10412,현대,3.8,,28000,실제 연봉,17,5,0,1,,5,5,,,,5,,시즌 전 확정
2005,송진우,10597,한화,3.0,FA 2003 3년 보장 18.0억,30000,실제 연봉,13,5,1,1,5,5,5,,,,5,계약 하한 대상(변경 없음),시즌 전 확정
2005,송현우,10517,LG,0.2,,2319,역산 추정,218,1,0,0,,1,1,,,,1,,직전 시즌까지의 성적으로 추정
2005,신경현,10542,한화,2.7,,2348,역산 추정,161,1,0,0,,1,1,Y,,,2,풀타임 최소 2코인,직전 시즌까지의 성적으로 추정
2005,신명철,10327,롯데,1.7,,2132,역산 추정,250,1,0,0,,1,1,Y,2005,,2,풀타임 최소 2코인,직전 시즌까지의 성적으로 추정
2005,신승현,10138,SK,3.3,,3003,역산 추정,125,2,0,0,,2,2,,,,2,,직전 시즌까지의 성적으로 추정
2005,신용운,10055,KIA,1.7,,6010,역산 추정,90,2,0,0,,2,2,,,,2,,직전 시즌까지의 성적으로 추정
2005,신윤호,11238,LG,-0.3,,4919,역산 추정,98,2,-1,0,,1,1,,,,1,,직전 시즌까지의 성적으로 추정
2005,신재웅,10921,LG,-0.1,,2345,역산 추정,162,1,0,0,,1,1,,,,1,,직전 시즌까지의 성적으로 추정
2005,신주영,10599,한화,1.6,,2335,역산 추정,214,1,0,0,,1,1,,,,1,,직전 시즌까지의 성적으로 추정
2005,심광호,10310,한화,0.8,,2185,역산 추정,242,1,0,0,,1,1,,,,1,,직전 시즌까지의 성적으로 추정
2005,심수창,10518,LG,0.4,,2319,역산 추정,218,1,0,0,,1,1,,,,1,,직전 시즌까지의 성적으로 추정
2005,심재학,1867,KIA,2.1,FA 2005 3년 보장 18.0억,25000,실제 연봉,22,5,1,0,5,5,5,,1999,,5,계약 하한 대상(변경 없음),시즌 전 확정
2005,심정수,1811,삼성,5.4,FA 2005 4년 보장 60.0억,75000,실제 연봉,1,5,0,1,5,5,5,,,,5,계약 하한 대상(변경 없음),시즌 전 확정
2005,안경현,10099,두산,3.2,FA 2003 4년 보장 15.0억,20000,실제 연봉,32,5,0,1,5,5,5,,,,5,계약 하한 대상(변경 없음),시즌 전 확정
2005,안상준,1884,LG,-0.5,,2176,역산 추정,244,1,0,0,,1,1,,,,1,,직전 시즌까지의 성적으로 추정
2005,안영명,10600,한화,-0.1,,2448,역산 추정,149,2,0,0,,2,3,,2007,,3,신인 하한,직전 시즌까지의 성적으로 추정
2005,안재만,1983,LG,0.0,,2742,역산 추정,136,2,0,0,,2,2,,,,2,,직전 시즌까지의 성적으로 추정
2005,안지만,10364,삼성,2.2,,2135,역산 추정,248,1,0,0,,1,1,Y,,,2,풀타임 최소 2코인,직전 시즌까지의 성적으로 추정
2005,양준혁,10339,삼성,1.5,FA 2002 4년 보장 27.2억,33000,실제 연봉,11,5,1,1,5,5,5,,,,5,계약 하한 대상(변경 없음),시즌 전 확정
2005,양훈,10602,한화,0.1,,2345,역산 추정,162,1,0,0,,1,1,Y,,,2,풀타임 최소 2코인,직전 시즌까지의 성적으로 추정
2005,엄정욱,10139,SK,1.1,,2979,역산 추정,126,2,0,0,,2,2,,,,2,,직전 시즌까지의 성적으로 추정
2005,염종석,1689,롯데,2.2,,15000,실제 연봉,45,3,0,1,,4,4,,,,4,,시즌 전 확정
2005,오봉옥,1694,한화,0.3,FA 2005 2년 보장 3.0억,15000,FA 연봉 부분,45,3,0,0,3,3,3,,,,3,계약 하한 대상(변경 없음),시즌 전 확정
2005,오상민,10519,삼성,0.2,,14700,역산 추정,53,3,0,0,,3,3,,,,3,,직전 시즌까지의 성적으로 추정
2005,오승환,10367,삼성,6.6,,2345,역산 추정,162,1,0,0,,1,4,,2009,,4,신인 하한,직전 시즌까지의 성적으로 추정
2005,오주원,10445,현대,-0.7,,3689,역산 추정,106,2,0,0,,2,2,,,,4,데뷔 시즌 신인왕 하한 4,직전 시즌까지의 성적으로 추정
2005,오철민,2010,KIA,-0.1,,3348,역산 추정,116,2,0,0,,2,2,,,,2,,직전 시즌까지의 성적으로 추정
2005,용덕한,10166,두산,0.0,,2345,역산 추정,162,1,0,0,,1,1,,,,1,,직전 시즌까지의 성적으로 추정
2005,우규민,10523,LG,0.4,,2397,역산 추정,152,1,0,0,,1,3,,2008,,3,신인 하한,직전 시즌까지의 성적으로 추정
2005,위재영,1886,SK,4.6,,14700,역산 추정,53,3,0,0,,3,3,,1999,,3,,직전 시즌까지의 성적으로 추정
2005,윤규진,10606,한화,2.0,,2962,역산 추정,129,2,0,0,,2,2,,,,2,,직전 시즌까지의 성적으로 추정
2005,윤근영,10607,한화,0.1,,2345,역산 추정,162,1,0,0,,1,1,Y,,,2,풀타임 최소 2코인,직전 시즌까지의 성적으로 추정
2005,윤길현,10142,SK,1.4,,2344,역산 추정,213,1,0,0,,1,1,Y,,,2,풀타임 최소 2코인,직전 시즌까지의 성적으로 추정
2005,윤석민,10061,KIA,1.1,,2345,역산 추정,162,1,0,0,,1,1,Y,,,2,풀타임 최소 2코인,직전 시즌까지의 성적으로 추정
2005,윤승균,2345,두산,-0.5,,2345,역산 추정,162,1,0,0,,1,1,,,,1,,직전 시즌까지의 성적으로 추정
2005,윤형진,2153,KIA,-0.2,,3092,역산 추정,121,2,0,0,,2,2,,,,2,,직전 시즌까지의 성적으로 추정
2005,윤희상,10145,SK,-0.3,,2250,역산 추정,235,1,0,0,,1,3,,2008,,3,신인 하한,직전 시즌까지의 성적으로 추정
2005,이강철,13923,KIA,0.7,,20000,실제 연봉,32,4,0,1,,5,5,,,,5,,시즌 전 확정
2005,이경민,2332,두산,0.0,,2345,역산 추정,162,1,0,0,,1,1,,,,1,,직전 시즌까지의 성적으로 추정
2005,이대수,10558,SK,-0.1,,2121,역산 추정,251,1,0,0,,1,1,,,,1,,직전 시즌까지의 성적으로 추정
2005,이대형,10490,LG,0.5,,2249,역산 추정,236,1,0,0,,1,1,,,,1,,직전 시즌까지의 성적으로 추정
2005,이대호,10251,롯데,3.2,,2791,역산 추정,135,2,-1,0,,1,1,Y,,,2,풀타임 최소 2코인,직전 시즌까지의 성적으로 추정
2005,이대환,10446,현대,0.3,,2364,역산 추정,156,1,0,0,,1,1,Y,,,2,풀타임 최소 2코인,직전 시즌까지의 성적으로 추정
2005,이도형,10543,한화,3.2,,5285,역산 추정,95,2,0,0,,2,2,,,,2,,직전 시즌까지의 성적으로 추정
2005,이동학,10447,현대,0.4,,2704,역산 추정,138,2,0,0,,2,2,,,,2,,직전 시즌까지의 성적으로 추정
2005,이동현,10063,KIA,-0.3,,2267,역산 추정,230,1,0,0,,1,1,,,,1,,직전 시즌까지의 성적으로 추정
2005,이명우,10290,롯데,0.1,,2481,역산 추정,145,2,0,0,,2,2,,,,2,,직전 시즌까지의 성적으로 추정
2005,이범석,10067,KIA,-0.3,,2345,역산 추정,162,1,0,0,,1,1,,,,1,,직전 시즌까지의 성적으로 추정
2005,이범호,10559,한화,4.6,,5936,역산 추정,92,2,1,0,,3,3,,,,3,,직전 시즌까지의 성적으로 추정
2005,이병규,10491,LG,4.9,,30000,실제 연봉,13,5,1,1,,5,5,,2001,,5,,시즌 전 확정
2005,이보근,10448,현대,0.4,,2345,역산 추정,162,1,0,0,,1,1,,,,1,,직전 시즌까지의 성적으로 추정
2005,이상목,1553,롯데,3.6,FA 2004 4년 보장 22.0억,20000,실제 연봉,32,5,-1,0,5,4,5,,,,5,계약 하한(가격 변경),시즌 전 확정
2005,이상현,2346,현대,0.2,,2345,역산 추정,162,1,0,0,,1,1,,,,1,,직전 시즌까지의 성적으로 추정
2005,이상화,10064,KIA,0.2,,2262,역산 추정,232,1,0,0,,1,1,,,,1,,직전 시즌까지의 성적으로 추정
2005,이석만,10215,롯데,0.1,,2345,역산 추정,162,1,0,0,,1,1,,,,1,,직전 시즌까지의 성적으로 추정
2005,이성열,10168,LG,2.0,,2345,역산 추정,162,1,0,0,,1,1,,,,1,,직전 시즌까지의 성적으로 추정
2005,이숭용,10402,현대,1.6,FA 2004 3년 보장 17.5억,25000,실제 연봉,22,5,0,1,5,5,5,,,,5,계약 하한 대상(변경 없음),시즌 전 확정
2005,이승준,2284,두산,-0.3,,2400,역산 추정,151,1,0,0,,1,1,,,,1,,직전 시즌까지의 성적으로 추정
2005,이승호,10148,LG,0.3,,6745,역산 추정,86,2,0,0,,2,2,,,,4,변동 완충(−1까지),직전 시즌까지의 성적으로 추정
2005,이영욱,10634,SK,2.7,,2345,역산 추정,162,1,0,0,,1,1,Y,,,2,풀타임 최소 2코인,직전 시즌까지의 성적으로 추정
2005,이용규,10035,KIA,2.1,,2134,역산 추정,249,1,0,0,,1,1,Y,,,2,풀타임 최소 2코인,직전 시즌까지의 성적으로 추정
2005,이용훈,10291,롯데,0.7,,3271,역산 추정,117,2,0,0,,2,2,,,,2,,직전 시즌까지의 성적으로 추정
2005,이원석,10180,롯데,0.1,,2345,역산 추정,162,1,0,0,,1,3,,2009,,3,신인 하한,직전 시즌까지의 성적으로 추정
2005,이원식,1907,LG,0.3,,3584,역산 추정,110,2,0,0,,2,2,,,,2,,직전 시즌까지의 성적으로 추정
2005,이원희,2333,두산,1.3,,2345,역산 추정,162,1,0,0,,1,1,,,,1,,직전 시즌까지의 성적으로 추정
2005,이재영,10529,두산,0.5,,12249,역산 추정,73,2,0,0,,2,2,,,,2,,직전 시즌까지의 성적으로 추정
2005,이재우,10219,두산,5.3,,2975,역산 추정,128,2,0,0,,2,2,,,,2,,직전 시즌까지의 성적으로 추정
2005,이재율,10740,롯데,1.4,,2345,역산 추정,162,1,0,0,,1,1,Y,,,2,풀타임 최소 2코인,직전 시즌까지의 성적으로 추정
2005,이재주,10020,KIA,0.5,,2569,역산 추정,141,2,0,0,,2,2,,,,2,,직전 시즌까지의 성적으로 추정
2005,이정민,10295,롯데,2.3,,3074,역산 추정,122,2,-1,0,,1,1,Y,,,2,풀타임 최소 2코인,직전 시즌까지의 성적으로 추정
2005,이정식,10311,삼성,-0.1,,2315,역산 추정,220,1,0,0,,1,1,,,,1,,직전 시즌까지의 성적으로 추정
2005,이정훈,10296,롯데,1.0,,2897,역산 추정,131,2,0,0,,2,2,,,,2,,직전 시즌까지의 성적으로 추정
2005,이종범,10036,KIA,5.5,,43000,실제 연봉,4,5,0,1,,5,5,,1997,,5,,시즌 전 확정
2005,이종열,10478,LG,1.0,,15000,실제 연봉,45,3,0,0,,3,3,,,,3,,시즌 전 확정
2005,이진영,10492,SK,4.9,,18500,실제 연봉,39,4,1,1,,5,5,,,,5,명성: 2004 골든글러브,시즌 전 확정
2005,이택근,10493,현대,2.1,,2470,역산 추정,146,2,0,0,,2,3,,2007,,3,신인 하한,직전 시즌까지의 성적으로 추정
2005,이혜천,10642,두산,1.6,,14700,역산 추정,53,3,-1,0,,2,2,,,,2,,직전 시즌까지의 성적으로 추정
2005,이호준,10101,SK,2.7,,18500,실제 연봉,39,4,0,1,,5,5,,,,5,명성: 2004 타점 1위,시즌 전 확정
2005,임동규,10372,삼성,2.3,,2345,역산 추정,162,1,0,0,,1,1,,,,1,,직전 시즌까지의 성적으로 추정
2005,임성민,2347,KIA,0.1,,2345,역산 추정,162,1,0,0,,1,1,,,,1,,직전 시즌까지의 성적으로 추정
2005,임수민,1917,한화,-0.3,,5994,역산 추정,91,2,0,0,,2,2,,,,2,,직전 시즌까지의 성적으로 추정
2005,임재철,10193,두산,3.1,,2062,역산 추정,255,1,0,0,,1,1,Y,,,2,풀타임 최소 2코인,직전 시즌까지의 성적으로 추정
2005,임창용,11281,삼성,-0.4,FA 2005 2년 보장 18.0억,50000,실제 연봉,3,5,0,1,5,5,5,,,,5,계약 하한 대상(변경 없음) / 명성: 2004 세이브 1위,시즌 전 확정
2005,장교성,2129,현대,-0.7,,1839,역산 추정,267,1,0,0,,1,1,,,,1,,직전 시즌까지의 성적으로 추정
2005,장문석,10069,LG,1.7,,15000,실제 연봉,45,3,0,0,,3,3,,,,3,,시즌 전 확정
2005,장성호,10032,KIA,4.1,,35000,실제 연봉,9,5,1,1,,5,5,,,,5,,시즌 전 확정
2005,장원준,10299,롯데,0.6,,2860,역산 추정,133,2,-1,0,,1,3,,2008,,3,신인 하한,직전 시즌까지의 성적으로 추정
2005,장원진,1682,두산,2.0,FA 2004 2년 보장 4.5억,15000,실제 연봉,45,4,0,0,4,4,4,,,,4,계약 하한 대상(변경 없음),시즌 전 확정
2005,장준관,2155,LG,-0.2,,2042,역산 추정,256,1,0,0,,1,1,,,,1,,직전 시즌까지의 성적으로 추정
2005,장진용,10750,LG,-0.2,,2321,역산 추정,216,1,0,0,,1,1,,,,1,,직전 시즌까지의 성적으로 추정
2005,전근표,10575,현대,0.1,,2501,역산 추정,144,2,0,0,,2,3,,2004,,2,"신인 하한 / 신인 하한 종료(달력 5시즌, 군 복무 외 공백은 연장 안 함)",직전 시즌까지의 성적으로 추정
2005,전병두,10152,두산,2.1,,2833,역산 추정,134,2,-1,0,,1,1,Y,,,2,풀타임 최소 2코인,직전 시즌까지의 성적으로 추정
2005,전병두,10152,KIA,2.1,,2833,역산 추정,134,2,-1,0,,1,1,Y,,,2,풀타임 최소 2코인,직전 시즌까지의 성적으로 추정
2005,전병호,1965,삼성,1.1,,11209,역산 추정,76,2,0,0,,2,2,,,,2,,직전 시즌까지의 성적으로 추정
2005,전상렬,10194,두산,0.7,,3643,역산 추정,108,2,0,0,,2,2,,,,2,,직전 시즌까지의 성적으로 추정
2005,전준호,10418,현대,1.5,,40000,실제 연봉,5,5,0,1,,5,5,,,,5,,시즌 전 확정
2005,전준호,10153,현대,-0.8,,9632,역산 추정,80,2,0,0,,2,2,,,,2,,직전 시즌까지의 성적으로 추정
2005,전현태,10561,한화,-0.1,,2345,역산 추정,162,1,0,0,,1,1,,,,1,,직전 시즌까지의 성적으로 추정
2005,정경배,10102,SK,4.0,,14700,역산 추정,53,3,0,0,,3,3,,,,3,,직전 시즌까지의 성적으로 추정
2005,정근우,10103,SK,-0.8,,2345,역산 추정,162,1,0,0,,1,3,,2009,,3,신인 하한,직전 시즌까지의 성적으로 추정
2005,정대현,10154,SK,2.0,,4763,역산 추정,99,2,0,0,,2,2,,,,2,,직전 시즌까지의 성적으로 추정
2005,정민철,10613,한화,1.2,,25000,실제 연봉,22,4,0,1,,5,5,,,,5,,시즌 전 확정
2005,정민태,1716,현대,-0.1,,55500,실제 연봉,2,5,0,1,,5,5,,1996,,5,,시즌 전 확정
2005,정병희,10155,한화,-0.3,,2451,역산 추정,148,2,0,0,,2,2,,,,2,,직전 시즌까지의 성적으로 추정
2005,정성훈,10479,현대,3.5,,15000,실제 연봉,45,3,0,0,,3,3,,,,3,,시즌 전 확정
2005,정수근,10264,롯데,3.0,FA 2004 6년 보장 40.6억,25000,실제 연봉,22,5,0,0,5,5,5,,,,5,계약 하한 대상(변경 없음),시즌 전 확정
2005,정수성,10419,현대,1.5,,2291,역산 추정,226,1,0,0,,1,1,Y,,,2,풀타임 최소 2코인,직전 시즌까지의 성적으로 추정
2005,정우람,10156,SK,2.0,,2345,역산 추정,162,1,0,0,,1,1,Y,,,2,풀타임 최소 2코인,직전 시즌까지의 성적으로 추정
2005,정원,2219,KIA,0.1,,2099,역산 추정,253,1,0,0,,1,1,,,,1,,직전 시즌까지의 성적으로 추정
2005,정의윤,10655,LG,-0.1,,2345,역산 추정,162,1,0,0,,1,4,,2009,,4,신인 하한,직전 시즌까지의 성적으로 추정
2005,정재복,10532,LG,1.5,,3012,역산 추정,124,2,0,0,,2,2,,,,2,,직전 시즌까지의 성적으로 추정
2005,정재훈,10225,두산,2.6,,3401,역산 추정,111,2,0,0,,2,2,,,,2,,직전 시즌까지의 성적으로 추정
2005,제춘모,10157,SK,-0.1,,3616,역산 추정,109,2,0,0,,2,2,,,,2,,직전 시즌까지의 성적으로 추정
2005,조경환,2038,SK,-0.1,,11899,역산 추정,74,2,0,0,,2,2,,2002,,2,,직전 시즌까지의 성적으로 추정
2005,조동찬,10329,삼성,3.1,,2976,역산 추정,127,2,0,0,,2,2,,,,2,,직전 시즌까지의 성적으로 추정
2005,조동화,10121,SK,0.8,,2345,역산 추정,162,1,0,0,,1,1,Y,,,2,풀타임 최소 2코인,직전 시즌까지의 성적으로 추정
2005,조성민,2365,한화,-0.1,,2345,역산 추정,162,1,0,0,,1,1,,,,1,,직전 시즌까지의 성적으로 추정
2005,조영민,10675,한화,1.3,,2424,역산 추정,150,2,0,0,,2,2,,,,2,,직전 시즌까지의 성적으로 추정
2005,조영민,10675,SK,1.3,,2424,역산 추정,150,2,0,0,,2,2,,,,2,,직전 시즌까지의 성적으로 추정
2005,조용준,10455,현대,1.5,,20000,실제 연봉,32,4,0,0,,4,4,,2006,,4,,시즌 전 확정
2005,조웅천,10158,SK,1.9,FA 2004 4년 보장 17.5억,20000,실제 연봉,32,5,0,0,5,5,5,,,,5,계약 하한 대상(변경 없음),시즌 전 확정
2005,조원우,12657,SK,2.7,FA 2005 2년 보장 4.5억,15000,실제 연봉,45,4,0,0,4,4,4,,,,4,계약 하한 대상(변경 없음),시즌 전 확정
2005,조원우,12657,한화,2.7,FA 2005 2년 보장 4.5억,15000,실제 연봉,45,4,0,0,4,4,4,,,,4,계약 하한 대상(변경 없음),시즌 전 확정
2005,조인성,10463,LG,1.1,,5225,역산 추정,96,2,0,0,,2,2,,2002,,2,,직전 시즌까지의 성적으로 추정
2005,조재호,10420,현대,-0.2,,2151,역산 추정,247,1,0,0,,1,1,,,,1,,직전 시즌까지의 성적으로 추정
2005,조정훈,10300,롯데,-0.3,,2345,역산 추정,162,1,0,0,,1,1,,,,1,,직전 시즌까지의 성적으로 추정
2005,조중근,10406,SK,0.8,,2299,역산 추정,222,1,0,0,,1,1,,,,1,,직전 시즌까지의 성적으로 추정
2005,조태수,10074,KIA,-0.1,,2298,역산 추정,223,1,0,0,,1,1,,,,1,,직전 시즌까지의 성적으로 추정
2005,조현근,10380,두산,0.9,,2345,역산 추정,162,1,0,0,,1,1,,,,1,,직전 시즌까지의 성적으로 추정
2005,조형식,2263,SK,0.6,,2345,역산 추정,162,1,0,0,,1,1,,,,1,,직전 시즌까지의 성적으로 추정
2005,조효상,1942,롯데,-0.1,,1961,역산 추정,260,1,0,0,,1,1,,,,1,,직전 시즌까지의 성적으로 추정
2005,주형광,1834,롯데,-0.1,,14700,역산 추정,53,3,0,1,,4,4,,1998,,4,,직전 시즌까지의 성적으로 추정
2005,지석훈,10683,현대,-0.6,,2345,역산 추정,162,1,0,0,,1,1,,,,1,,직전 시즌까지의 성적으로 추정
2005,지연규,1685,한화,1.5,,1832,역산 추정,268,1,0,0,,1,1,,,,1,,직전 시즌까지의 성적으로 추정
2005,진갑용,10314,삼성,3.6,,24000,실제 연봉,28,4,0,0,,4,4,,2001,,4,,시즌 전 확정
2005,진필중,1894,LG,-0.3,FA 2004 4년 보장 30.0억,40000,실제 연봉,5,5,0,0,5,5,5,,,,5,계약 하한 대상(변경 없음),시즌 전 확정
2005,차명주,1967,한화,0.1,,14700,역산 추정,53,3,0,0,,3,3,,2000,,3,,직전 시즌까지의 성적으로 추정
2005,차정민,10076,KIA,0.8,,2345,역산 추정,162,1,0,0,,1,1,,,,1,,직전 시즌까지의 성적으로 추정
2005,채병용,10161,SK,1.6,,5764,역산 추정,93,2,0,0,,2,2,,,,2,,직전 시즌까지의 성적으로 추정
2005,채종국,2086,현대,1.2,,2879,역산 추정,132,2,0,0,,2,2,,,,2,,직전 시즌까지의 성적으로 추정
2005,최경철,10085,SK,0.0,,2289,역산 추정,228,1,0,0,,1,1,,,,1,,직전 시즌까지의 성적으로 추정
2005,최경환,10041,두산,1.2,,4432,역산 추정,102,2,0,0,,2,2,,,,2,,직전 시즌까지의 성적으로 추정
2005,최기문,14231,롯데,-0.4,,14700,역산 추정,53,3,0,0,,3,3,,,,4,변동 완충(−1까지),직전 시즌까지의 성적으로 추정
2005,최대성,10302,롯데,-0.4,,2358,역산 추정,158,1,0,0,,1,1,,,,1,,직전 시즌까지의 성적으로 추정
2005,최동수,10481,LG,2.1,,1841,역산 추정,266,1,-1,0,,1,1,,,,1,,직전 시즌까지의 성적으로 추정
2005,최상덕,10616,KIA,-0.1,,14700,역산 추정,53,3,0,0,,3,3,,,,3,,직전 시즌까지의 성적으로 추정
2005,최영필,10617,한화,4.1,,3098,역산 추정,120,2,0,0,,2,2,,,,2,,직전 시즌까지의 성적으로 추정
2005,최원호,10537,LG,3.3,,13790,역산 추정,70,2,0,0,,2,2,,,,2,,직전 시즌까지의 성적으로 추정
2005,최익성,1828,SK,0.3,,6117,역산 추정,88,2,0,0,,2,2,,,,2,,직전 시즌까지의 성적으로 추정
2005,최정,10106,SK,-0.0,,2345,역산 추정,162,1,0,0,,1,4,,2009,,4,신인 하한,직전 시즌까지의 성적으로 추정
2005,최준석,10183,롯데,1.2,,2345,역산 추정,162,1,0,0,,1,1,,,,1,,직전 시즌까지의 성적으로 추정
2005,최향남,10743,KIA,0.9,,10778,역산 추정,77,2,0,0,,2,2,,,,2,,직전 시즌까지의 성적으로 추정
2005,한규식,2089,LG,1.2,,1968,역산 추정,259,1,0,0,,1,1,Y,,,2,풀타임 최소 2코인,직전 시즌까지의 성적으로 추정
2005,한상훈,10663,한화,-0.1,,1888,역산 추정,264,1,0,0,,1,1,,,,1,,직전 시즌까지의 성적으로 추정
2005,홍성흔,10256,두산,1.8,,28000,실제 연봉,17,5,1,1,,5,5,,,,5,,시즌 전 확정
2005,홍세완,10026,KIA,2.6,,13632,역산 추정,72,2,0,0,,2,2,,,,4,변동 완충(−1까지),직전 시즌까지의 성적으로 추정
2005,홍원기,14889,두산,0.5,,4435,역산 추정,101,2,0,0,,2,2,,,,2,,직전 시즌까지의 성적으로 추정
2005,홍현우,1499,KIA,0.1,,14700,역산 추정,53,3,0,1,,4,4,,,,4,,직전 시즌까지의 성적으로 추정
2005,황두성,10457,현대,3.6,,1932,역산 추정,263,1,0,0,,1,1,Y,,,2,풀타임 최소 2코인,직전 시즌까지의 성적으로 추정
2005,황윤성,1688,두산,0.3,,1832,역산 추정,268,1,0,0,,1,1,,,,1,,직전 시즌까지의 성적으로 추정
2006,가득염,10123,롯데,-0.0,FA 2004 3년 보장 5.6억,18667,FA 연봉 부분,44,3,0,0,3,3,3,,,,3,계약 하한 대상(변경 없음),시즌 전 확정
2006,강귀태,10385,현대,1.2,,3025,역산 추정,139,2,0,0,,2,2,,,,2,,직전 시즌까지의 성적으로 추정
2006,강동우,10564,두산,1.1,,14700,역산 추정,55,3,0,0,,3,3,,,,3,,직전 시즌까지의 성적으로 추정
2006,강민호,10232,롯데,3.7,,2348,역산 추정,219,1,0,0,,1,1,Y,,,2,풀타임 최소 2코인,직전 시즌까지의 성적으로 추정
2006,강병식,10408,현대,0.0,,2210,역산 추정,244,1,0,0,,1,1,,,,1,,직전 시즌까지의 성적으로 추정
2006,강봉규,10332,삼성,0.6,,2316,역산 추정,226,1,0,0,,1,1,,,,1,,직전 시즌까지의 성적으로 추정
2006,강상수,1837,LG,-0.4,,11711,역산 추정,70,2,0,0,,2,2,,,,2,,직전 시즌까지의 성적으로 추정
2006,강영식,10269,삼성,-0.1,,4502,역산 추정,102,2,-1,0,,1,1,,,,1,,직전 시즌까지의 성적으로 추정
2006,강철민,10497,KIA,1.9,,5994,역산 추정,88,2,0,0,,2,3,,2006,,3,신인 하한,직전 시즌까지의 성적으로 추정
2006,경헌호,10498,LG,0.8,,6748,역산 추정,85,2,0,0,,2,2,,,,2,,직전 시즌까지의 성적으로 추정
2006,고동진,10666,한화,0.5,,2557,역산 추정,155,1,0,0,,1,1,Y,,,2,풀타임 최소 2코인,직전 시즌까지의 성적으로 추정
2006,고영민,10171,두산,2.2,,2411,역산 추정,174,1,0,0,,1,1,Y,,,2,풀타임 최소 2코인,직전 시즌까지의 성적으로 추정
2006,고효준,10124,SK,-0.7,,2504,역산 추정,161,1,0,0,,1,3,,2008,,3,신인 하한,직전 시즌까지의 성적으로 추정
2006,구대성,10580,한화,2.9,,14700,역산 추정,55,3,0,1,,4,4,,,,4,,직전 시즌까지의 성적으로 추정
2006,권오준,10350,삼성,3.7,,9034,역산 추정,75,2,0,0,,2,2,,,,2,,직전 시즌까지의 성적으로 추정
2006,권용관,10465,LG,0.9,,2537,역산 추정,159,1,0,0,,1,1,,,,1,,직전 시즌까지의 성적으로 추정
2006,권혁,10351,삼성,0.0,,3037,역산 추정,138,2,0,0,,2,3,,2007,,3,신인 하한,직전 시즌까지의 성적으로 추정
2006,금민철,10425,두산,0.2,,2507,역산 추정,160,1,0,0,,1,1,,,,1,,직전 시즌까지의 성적으로 추정
2006,김강민,10108,SK,0.7,,2374,역산 추정,211,1,0,0,,1,3,,2009,,3,신인 하한,직전 시즌까지의 성적으로 추정
2006,김건한,10045,KIA,-0.1,,3733,역산 추정,116,2,0,0,,2,2,,,,2,,직전 시즌까지의 성적으로 추정
2006,김경언,10028,KIA,-0.4,,3741,역산 추정,115,2,0,0,,2,2,,,,2,,직전 시즌까지의 성적으로 추정
2006,김경태,10500,SK,-0.2,,2087,역산 추정,252,1,0,0,,1,1,,,,1,,직전 시즌까지의 성적으로 추정
2006,김광삼,10501,LG,0.1,,4426,역산 추정,104,2,0,0,,2,2,,,,2,,직전 시즌까지의 성적으로 추정
2006,김대익,1923,삼성,0.4,FA 2006 2년 보장 3.2억,16000,FA 연봉 부분,47,3,0,0,3,3,3,,,,3,계약 하한 대상(변경 없음),시즌 전 확정
2006,김덕윤,2192,삼성,0.9,,2415,역산 추정,172,1,0,0,,1,1,Y,,,2,풀타임 최소 2코인,직전 시즌까지의 성적으로 추정
2006,김덕윤,2192,두산,0.9,,2415,역산 추정,172,1,0,0,,1,1,Y,,,2,풀타임 최소 2코인,직전 시즌까지의 성적으로 추정
2006,김동건,10088,SK,-0.1,,2411,역산 추정,174,1,0,0,,1,1,,,,1,,직전 시즌까지의 성적으로 추정
2006,김동수,10386,현대,3.1,FA 2005 2년 보장 6.0억,20000,실제 연봉,37,5,0,0,5,5,4,,,,4,계약 하한 대상(변경 없음)/커리어 로우·지정 하향,시즌 전 확정
2006,김동주,10173,두산,0.9,,42000,실제 연봉,7,5,0,1,,5,5,,2002,2006 WBC,5,,시즌 전 확정
2006,김명제,10197,두산,0.5,,3280,역산 추정,132,2,0,0,,2,4,,2009,,4,신인 하한,직전 시즌까지의 성적으로 추정
2006,김민기,10504,LG,1.0,,4295,역산 추정,106,2,0,0,,2,2,,,,2,,직전 시즌까지의 성적으로 추정
2006,김민범,1844,현대,-0.2,,2413,역산 추정,173,1,0,0,,1,1,,,,1,,직전 시즌까지의 성적으로 추정
2006,김민재,10550,한화,0.2,FA 2006 4년 보장 14.0억,19000,실제 연봉,43,5,0,0,5,5,5,,,2006 WBC,5,계약 하한 대상(변경 없음),시즌 전 확정
2006,김민철,10006,KIA,0.7,,1978,역산 추정,256,1,0,0,,1,1,,,,1,,직전 시즌까지의 성적으로 추정
2006,김백만,10584,한화,-0.1,,2253,역산 추정,236,1,0,0,,1,1,,,,1,,직전 시즌까지의 성적으로 추정
2006,김상훈,10001,KIA,1.7,,8967,역산 추정,76,2,0,0,,2,2,,,,2,,직전 시즌까지의 성적으로 추정
2006,김성배,10201,두산,0.1,,4078,역산 추정,110,2,0,0,,2,2,,,,2,,직전 시즌까지의 성적으로 추정
2006,김성훈,10876,SK,0.2,,2411,역산 추정,174,1,0,0,,1,1,,,,1,,직전 시즌까지의 성적으로 추정
2006,김수경,10430,현대,1.1,,38000,실제 연봉,15,5,-1,1,,5,5,,,,5,,시즌 전 확정
2006,김수연,1926,한화,-0.5,,3349,역산 추정,129,2,0,0,,2,2,,,,2,,직전 시즌까지의 성적으로 추정
2006,김수화,10273,롯데,-1.3,,2371,역산 추정,213,1,0,0,,1,1,,,,1,,직전 시즌까지의 성적으로 추정
2006,김승관,1870,롯데,1.0,,2354,역산 추정,217,1,0,0,,1,1,,,,1,,직전 시즌까지의 성적으로 추정
2006,김승회,10202,두산,0.6,,2431,역산 추정,170,1,0,0,,1,1,Y,,,2,풀타임 최소 2코인,직전 시즌까지의 성적으로 추정
2006,김원섭,10029,KIA,2.4,,2010,역산 추정,254,1,0,0,,1,1,,,,1,,직전 시즌까지의 성적으로 추정
2006,김원형,14890,SK,1.4,,25000,실제 연봉,26,4,0,0,,4,4,,,,4,,시즌 전 확정
2006,김인철,1547,한화,-0.3,,1884,역산 추정,259,1,0,0,,1,1,,,,1,,직전 시즌까지의 성적으로 추정
2006,김재걸,10321,삼성,-0.1,,1914,역산 추정,257,1,0,0,,1,1,,1999,2006 WBC,2,국가대표 +1,직전 시즌까지의 성적으로 추정
2006,김재구,2228,SK,0.2,,2411,역산 추정,174,1,0,0,,1,1,,,,1,,직전 시즌까지의 성적으로 추정
2006,김재현,10109,SK,4.9,FA 2005 4년 보장 20.7억,23000,실제 연봉,33,5,1,1,5,5,5,,,,5,계약 하한 대상(변경 없음) / 명성: 2005 골든글러브,시즌 전 확정
2006,김재현,10766,LG,0.1,,2411,역산 추정,174,1,0,0,,1,1,Y,,,2,풀타임 최소 2코인,직전 시즌까지의 성적으로 추정
2006,김정환,2383,롯데,-0.3,,2411,역산 추정,174,1,0,0,,1,1,,,,1,,직전 시즌까지의 성적으로 추정
2006,김종국,10009,KIA,1.4,,14700,역산 추정,55,3,0,1,,4,4,,,2006 WBC,4,국가대표 +1 / 국가대표 +1은 4코인까지,직전 시즌까지의 성적으로 추정
2006,김종훈,1800,삼성,-0.5,FA 2004 3년 보장 5.2억,17333,FA 연봉 부분,46,3,0,0,3,3,3,,,,3,계약 하한 대상(변경 없음),시즌 전 확정
2006,김주형,10650,KIA,0.5,,2236,역산 추정,240,1,0,0,,1,1,,,,1,,직전 시즌까지의 성적으로 추정
2006,김진우,10695,KIA,3.7,,11536,역산 추정,71,2,0,0,,2,3,,2006,,3,신인 하한,직전 시즌까지의 성적으로 추정
2006,김창희,10334,삼성,0.5,FA 2006 1년 보장 1.0억,10000,FA 연봉 부분,74,3,0,0,3,3,3,,,,3,계약 하한 대상(변경 없음),시즌 전 확정
2006,김태균,1803,SK,0.1,,7639,역산 추정,83,2,0,0,,2,2,,,,2,,직전 시즌까지의 성적으로 추정
2006,김태균,10552,한화,4.7,,24000,실제 연봉,32,4,0,1,,5,5,,2005,2006 WBC,5,국가대표 +1 / 명성: 2005 골든글러브,시즌 전 확정
2006,김태영,10198,두산,0.3,,2177,역산 추정,246,1,0,0,,1,1,,,,1,,직전 시즌까지의 성적으로 추정
2006,김한수,12964,삼성,0.7,FA 2005 4년 보장 28.0억,40000,실제 연봉,8,5,0,1,5,5,5,,,,5,계약 하한 대상(변경 없음),시즌 전 확정
2006,김해님,2005,한화,0.2,,5142,역산 추정,94,2,0,0,,2,2,,,,2,,직전 시즌까지의 성적으로 추정
2006,김형철,10010,SK,-0.6,,2295,역산 추정,231,1,0,0,,1,1,,,,1,,직전 시즌까지의 성적으로 추정
2006,김회권,10588,LG,0.1,,2411,역산 추정,174,1,0,0,,1,1,,,,1,,직전 시즌까지의 성적으로 추정
2006,김효남,10359,삼성,-0.0,,2411,역산 추정,174,1,0,0,,1,3,,2010,,3,신인 하한,직전 시즌까지의 성적으로 추정
2006,나승현,10279,롯데,1.1,,2411,역산 추정,174,1,0,0,,1,1,Y,,,2,풀타임 최소 2코인,직전 시즌까지의 성적으로 추정
2006,나주환,10092,두산,0.1,,2244,역산 추정,237,1,0,0,,1,1,,,,1,,직전 시즌까지의 성적으로 추정
2006,노승욱,1770,롯데,0.1,,4253,역산 추정,107,2,0,0,,2,2,,,,2,,직전 시즌까지의 성적으로 추정
2006,노장진,1771,롯데,0.2,,30000,실제 연봉,18,5,0,0,,5,5,,,,5,,시즌 전 확정
2006,노환수,10433,현대,0.0,,3584,역산 추정,124,2,0,0,,2,2,,,,2,,직전 시즌까지의 성적으로 추정
2006,류택현,10507,LG,-0.0,,14700,역산 추정,55,3,0,0,,3,3,,,,3,,직전 시즌까지의 성적으로 추정
2006,류현진,10590,한화,7.9,,2411,역산 추정,174,1,0,0,,1,4,,2010,,4,신인 하한,직전 시즌까지의 성적으로 추정
2006,마해영,1865,LG,1.1,FA 2004 4년 보장 28.0억,40000,실제 연봉,8,5,0,0,5,5,5,,,,5,계약 하한 대상(변경 없음),시즌 전 확정
2006,문동환,10593,한화,4.3,,15000,실제 연봉,49,3,1,0,,4,4,,2001,,4,,시즌 전 확정
2006,문희성,1979,두산,-0.7,,2342,역산 추정,220,1,0,0,,1,1,,2001,,1,,직전 시즌까지의 성적으로 추정
2006,민경수,10509,LG,0.4,,3515,역산 추정,125,2,0,0,,2,2,,,,2,,직전 시즌까지의 성적으로 추정
2006,민병헌,10188,두산,-0.3,,2411,역산 추정,174,1,0,0,,1,3,,2010,,3,신인 하한,직전 시즌까지의 성적으로 추정
2006,박경수,10469,LG,1.6,,3418,역산 추정,127,2,0,0,,2,3,,2007,,3,신인 하한,직전 시즌까지의 성적으로 추정
2006,박경완,10080,SK,4.0,,40000,실제 연봉,8,5,0,0,,5,5,,,,5,,시즌 전 확정
2006,박근홍,11112,KIA,0.6,,3301,역산 추정,131,2,-1,0,,1,1,,,,1,,직전 시즌까지의 성적으로 추정
2006,박기남,10011,LG,1.0,,2551,역산 추정,157,1,0,0,,1,1,,,,1,,직전 시즌까지의 성적으로 추정
2006,박기혁,10241,롯데,2.1,,3680,역산 추정,120,2,0,0,,2,2,,,,2,,직전 시즌까지의 성적으로 추정
2006,박명환,10510,두산,2.4,,37000,실제 연봉,16,5,0,1,,5,5,,,,5,,시즌 전 확정
2006,박병호,10470,LG,-1.2,,2367,역산 추정,215,1,0,0,,1,1,,2009,,1,전수 판정: 보정 권고 / 지정 해제(규칙값),직전 시즌까지의 성적으로 추정
2006,박석진,1901,삼성,-0.0,,15000,실제 연봉,49,3,0,0,,3,3,,,,3,,시즌 전 확정
2006,박승민,10439,현대,3.2,,2281,역산 추정,232,1,0,0,,1,1,Y,,,2,풀타임 최소 2코인,직전 시즌까지의 성적으로 추정
2006,박연수,2070,롯데,0.1,,2467,역산 추정,166,1,0,0,,1,1,,,,1,,직전 시즌까지의 성적으로 추정
2006,박용택,10485,LG,6.1,,15000,실제 연봉,49,3,0,0,,3,3,,2006,2006 WBC,4,국가대표 +1,시즌 전 확정
2006,박재상,10112,SK,0.7,,2272,역산 추정,233,1,0,0,,1,1,,,,1,,직전 시즌까지의 성적으로 추정
2006,박재홍,10113,SK,4.0,FA 2006 4년 보장 30.0억,40000,실제 연봉,8,5,1,0,5,5,5,,2000,,5,계약 하한 대상(변경 없음),시즌 전 확정
2006,박정준,10259,롯데,-0.6,,2101,역산 추정,251,1,0,0,,1,1,,,,1,,직전 시즌까지의 성적으로 추정
2006,박정환,10097,삼성,-0.9,,2887,역산 추정,144,2,0,0,,2,2,,,,2,,직전 시즌까지의 성적으로 추정
2006,박종호,1668,삼성,1.2,FA 2004 4년 보장 22.0억,22500,실제 연봉,34,5,0,0,5,5,5,,,,5,계약 하한 대상(변경 없음),시즌 전 확정
2006,박준서,10242,롯데,0.0,,2219,역산 추정,243,1,0,0,,1,1,,,,1,,직전 시즌까지의 성적으로 추정
2006,박지철,10511,롯데,0.9,,14608,역산 추정,65,2,0,0,,2,2,,,,2,,직전 시즌까지의 성적으로 추정
2006,박진만,10323,삼성,6.5,FA 2005 4년 보장 39.0억,45000,실제 연봉,5,5,0,1,5,5,5,,,2006 WBC,5,계약 하한 대상(변경 없음),시즌 전 확정
2006,박한이,10336,삼성,5.8,,20000,실제 연봉,37,4,0,0,,4,4,,,,4,,시즌 전 확정
2006,박현승,10246,롯데,1.9,,12689,역산 추정,68,2,0,0,,2,2,,,,2,,직전 시즌까지의 성적으로 추정
2006,배영수,10362,삼성,4.2,,28000,실제 연봉,23,4,1,1,,5,5,,,2006 WBC,5,,시즌 전 확정
2006,백승룡,10664,한화,0.2,,2270,역산 추정,235,1,0,0,,1,1,,,,1,,직전 시즌까지의 성적으로 추정
2006,백재호,1980,한화,1.6,,8542,역산 추정,77,2,0,0,,2,2,,2001,,2,,직전 시즌까지의 성적으로 추정
2006,서동환,10207,두산,-0.1,,2335,역산 추정,221,1,0,0,,1,1,,,,1,,직전 시즌까지의 성적으로 추정
2006,서민욱,2359,한화,0.9,,2411,역산 추정,174,1,0,0,,1,1,,,,1,,직전 시즌까지의 성적으로 추정
2006,서용빈,1782,LG,-0.5,,8319,역산 추정,80,2,0,0,,2,2,,,,2,,직전 시즌까지의 성적으로 추정
2006,서한규,2027,현대,1.6,,2179,역산 추정,245,1,0,0,,1,1,,,,1,,직전 시즌까지의 성적으로 추정
2006,손민한,10284,롯데,4.7,,40000,실제 연봉,8,5,1,1,,5,5,,2001,2006 WBC,5,2005 투수 골든글러브 → 5,시즌 전 확정
2006,손승락,10442,현대,0.8,,3131,역산 추정,135,2,0,0,,2,2,,,,2,,직전 시즌까지의 성적으로 추정
2006,손시헌,10177,두산,3.8,,4238,역산 추정,108,2,0,1,,3,3,,,,4,명성: 2005 골든글러브 / 편집 지정 4,직전 시즌까지의 성적으로 추정
2006,손인호,10487,롯데,0.4,,6707,역산 추정,86,2,-1,0,,1,1,,,,1,,직전 시즌까지의 성적으로 추정
2006,손지환,10098,KIA,0.8,,4128,역산 추정,109,2,0,0,,2,2,,,,2,,직전 시즌까지의 성적으로 추정
2006,송산,10796,KIA,-0.1,,2501,역산 추정,163,1,0,0,,1,1,,,,1,,직전 시즌까지의 성적으로 추정
2006,송신영,10443,현대,0.5,,14700,역산 추정,55,3,0,0,,3,3,,,,3,,직전 시즌까지의 성적으로 추정
2006,송은범,10137,SK,-0.1,,2633,역산 추정,153,1,0,0,,1,3,,2007,,3,신인 하한,직전 시즌까지의 성적으로 추정
2006,송지만,10412,현대,3.5,FA 2006 3년 보장 18.0억,50000,실제 연봉,2,5,0,0,5,5,5,,,2006 WBC,5,계약 하한 대상(변경 없음),시즌 전 확정
2006,송진우,10597,한화,3.0,FA 2006 2년 보장 14.0억,30000,실제 연봉,18,5,0,1,5,5,5,,,,5,계약 하한 대상(변경 없음),시즌 전 확정
2006,송창식,10598,한화,0.0,,3302,역산 추정,130,2,0,0,,2,3,,2008,,3,신인 하한,직전 시즌까지의 성적으로 추정
2006,송현우,10517,LG,-0.4,,2397,역산 추정,209,1,0,0,,1,1,,,,1,,직전 시즌까지의 성적으로 추정
2006,신경현,10542,한화,1.3,,3599,역산 추정,122,2,0,0,,2,2,,,,2,,직전 시즌까지의 성적으로 추정
2006,신명철,10327,롯데,-0.7,,3020,역산 추정,140,2,0,0,,2,2,,2005,,2,,직전 시즌까지의 성적으로 추정
2006,신승현,10138,SK,1.2,,4826,역산 추정,98,2,0,0,,2,2,,,,2,,직전 시즌까지의 성적으로 추정
2006,신용운,10055,KIA,2.3,,6983,역산 추정,84,2,0,0,,2,2,,,,2,,직전 시즌까지의 성적으로 추정
2006,신윤호,11238,LG,-0.3,,4889,역산 추정,96,2,0,0,,2,2,,,,2,,직전 시즌까지의 성적으로 추정
2006,신재웅,10921,LG,0.1,,2352,역산 추정,218,1,0,0,,1,1,,,,1,,직전 시즌까지의 성적으로 추정
2006,신주영,10599,한화,0.1,,2689,역산 추정,149,2,0,0,,2,2,,,,2,,직전 시즌까지의 성적으로 추정
2006,신철인,10444,현대,2.2,,10982,역산 추정,72,2,0,0,,2,2,,,,2,,직전 시즌까지의 성적으로 추정
2006,심광호,10310,한화,0.6,,2358,역산 추정,216,1,0,0,,1,1,,,,1,,직전 시즌까지의 성적으로 추정
2006,심수창,10518,LG,0.8,,2421,역산 추정,171,1,0,0,,1,1,Y,,,2,풀타임 최소 2코인,직전 시즌까지의 성적으로 추정
2006,심재학,1867,KIA,-0.2,FA 2005 3년 보장 18.0억,25000,실제 연봉,26,5,0,0,5,5,5,,1999,,5,계약 하한 대상(변경 없음),시즌 전 확정
2006,심정수,1811,삼성,-0.9,FA 2005 4년 보장 60.0억,75000,실제 연봉,1,5,1,1,5,5,5,,,,5,계약 하한 대상(변경 없음),시즌 전 확정
2006,안경현,10099,두산,2.8,FA 2003 4년 보장 15.0억,20000,실제 연봉,37,5,0,1,5,5,5,,,,5,계약 하한 대상(변경 없음),시즌 전 확정
2006,안영명,10600,한화,1.9,,2453,역산 추정,169,1,0,0,,1,3,,2007,,3,신인 하한,직전 시즌까지의 성적으로 추정
2006,안재만,1983,LG,0.5,,2645,역산 추정,152,1,0,0,,1,1,,,,1,,직전 시즌까지의 성적으로 추정
2006,안지만,10364,삼성,-0.3,,3668,역산 추정,121,2,0,0,,2,2,,,,2,,직전 시즌까지의 성적으로 추정
2006,안치용,10488,LG,-0.4,,2148,역산 추정,247,1,0,0,,1,1,,,,1,,직전 시즌까지의 성적으로 추정
2006,양준혁,10339,삼성,6.9,FA 2006 2년 보장 15.0억,40000,실제 연봉,8,5,0,1,5,5,4,,,,4,계약 하한 대상(변경 없음)/커리어 로우·지정 하향,시즌 전 확정
2006,양훈,10602,한화,0.7,,2934,역산 추정,142,2,-1,0,,1,1,,,,1,,직전 시즌까지의 성적으로 추정
2006,연경흠,10571,한화,0.0,,2411,역산 추정,174,1,0,0,,1,1,,,,1,,직전 시즌까지의 성적으로 추정
2006,염종석,1689,롯데,1.3,,15000,실제 연봉,49,3,0,1,,4,4,,,,4,,시즌 전 확정
2006,오상민,10519,삼성,-0.0,,14374,역산 추정,66,2,0,0,,2,2,,,,2,,직전 시즌까지의 성적으로 추정
2006,오승환,10367,삼성,3.8,,5719,역산 추정,90,2,1,0,,3,4,,2009,2006 WBC,4,신인 하한 / 국가대표 +1 / 국가대표 +1은 4코인까지,직전 시즌까지의 성적으로 추정
2006,오주원,10445,현대,0.1,,4325,역산 추정,105,2,-1,0,,1,1,,,,1,,직전 시즌까지의 성적으로 추정
2006,오태근,10489,LG,-0.0,,2232,역산 추정,241,1,0,0,,1,1,,,,1,,직전 시즌까지의 성적으로 추정
2006,용덕한,10166,두산,0.1,,2378,역산 추정,210,1,0,0,,1,1,,,,1,,직전 시즌까지의 성적으로 추정
2006,우규민,10523,LG,3.4,,2502,역산 추정,162,1,0,0,,1,3,,2008,,3,신인 하한,직전 시즌까지의 성적으로 추정
2006,원용묵,10212,두산,-0.3,,2411,역산 추정,174,1,0,0,,1,1,,,,1,,직전 시즌까지의 성적으로 추정
2006,위재영,1886,SK,-0.2,FA 2006 3년 보장 8.9억,29667,FA 연봉 부분,22,4,0,0,4,4,4,,1999,,4,계약 하한 대상(변경 없음),시즌 전 확정
2006,유한준,10627,현대,1.0,,2411,역산 추정,174,1,0,0,,1,1,,,,1,,직전 시즌까지의 성적으로 추정
2006,윤길현,10142,SK,1.8,,3760,역산 추정,114,2,0,0,,2,2,,,,2,,직전 시즌까지의 성적으로 추정
2006,윤석민,10061,KIA,3.4,,3684,역산 추정,119,2,0,0,,2,2,,,,2,,직전 시즌까지의 성적으로 추정
2006,윤석민,10644,두산,-0.8,,2411,역산 추정,174,1,0,0,,1,1,,,,1,,직전 시즌까지의 성적으로 추정
2006,이대수,10558,SK,2.7,,2129,역산 추정,250,1,0,0,,1,1,Y,,,2,풀타임 최소 2코인,직전 시즌까지의 성적으로 추정
2006,이대형,10490,LG,0.1,,2372,역산 추정,212,1,0,0,,1,1,,,,1,,직전 시즌까지의 성적으로 추정
2006,이대호,10251,롯데,7.1,,4474,역산 추정,103,2,0,0,,2,2,,,,2,,직전 시즌까지의 성적으로 추정
2006,이도형,10543,한화,4.6,,8478,역산 추정,79,2,0,0,,2,2,,,,2,,직전 시즌까지의 성적으로 추정
2006,이동학,10447,현대,-0.3,,2821,역산 추정,146,2,0,0,,2,2,,,,2,,직전 시즌까지의 성적으로 추정
2006,이동현,10063,KIA,0.1,,2243,역산 추정,238,1,0,0,,1,1,,,,1,,직전 시즌까지의 성적으로 추정
2006,이범호,10559,한화,4.9,,16000,실제 연봉,47,3,0,1,,4,4,,,,4,명성: 2005 골든글러브,시즌 전 확정
2006,이병규,10491,LG,4.6,,50000,실제 연봉,2,5,0,1,,5,5,,2001,2006 WBC,5,,시즌 전 확정
2006,이보근,10448,현대,0.7,,2462,역산 추정,167,1,0,0,,1,1,,,,1,,직전 시즌까지의 성적으로 추정
2006,이상목,1553,롯데,1.9,FA 2004 4년 보장 22.0억,20000,실제 연봉,37,5,0,0,5,5,5,,,,5,계약 하한 대상(변경 없음),시즌 전 확정
2006,이상화,10064,KIA,1.3,,2327,역산 추정,224,1,0,0,,1,1,Y,,,2,풀타임 최소 2코인,직전 시즌까지의 성적으로 추정
2006,이성열,10168,LG,0.1,,2801,역산 추정,147,2,0,0,,2,2,,,,2,,직전 시즌까지의 성적으로 추정
2006,이숭용,10402,현대,2.8,FA 2004 3년 보장 17.5억,25000,실제 연봉,26,5,0,1,5,5,5,,,,5,계약 하한 대상(변경 없음),시즌 전 확정
2006,이승재,10744,롯데,-0.3,,2411,역산 추정,174,1,0,0,,1,1,,,,1,,직전 시즌까지의 성적으로 추정
2006,이승호,10148,LG,0.5,,8530,역산 추정,78,2,-1,0,,1,1,Y,,,2,풀타임 최소 2코인,직전 시즌까지의 성적으로 추정
2006,이영욱,10634,SK,2.0,,3594,역산 추정,123,2,0,0,,2,2,,,,2,,직전 시즌까지의 성적으로 추정
2006,이용규,10035,KIA,6.6,,3127,역산 추정,136,2,0,0,,2,2,,,,2,,직전 시즌까지의 성적으로 추정
2006,이우민,11398,롯데,-0.4,,1993,역산 추정,255,1,0,0,,1,1,,,,1,,직전 시즌까지의 성적으로 추정
2006,이원석,10180,롯데,-0.1,,2404,역산 추정,208,1,0,0,,1,3,,2009,,3,신인 하한,직전 시즌까지의 성적으로 추정
2006,이원희,2333,두산,0.1,,2649,역산 추정,151,1,0,0,,1,1,,,,1,,직전 시즌까지의 성적으로 추정
2006,이재원,10082,SK,0.2,,2411,역산 추정,174,1,0,0,,1,4,,2010,,4,신인 하한,직전 시즌까지의 성적으로 추정
2006,이재율,10740,롯데,0.7,,3773,역산 추정,113,2,0,0,,2,2,,,,2,,직전 시즌까지의 성적으로 추정
2006,이재주,10020,KIA,3.3,,2460,역산 추정,168,1,0,0,,1,1,Y,,,2,풀타임 최소 2코인,직전 시즌까지의 성적으로 추정
2006,이정민,10295,롯데,0.6,,5324,역산 추정,92,2,0,0,,2,2,,,,2,,직전 시즌까지의 성적으로 추정
2006,이정식,10311,삼성,0.8,,2332,역산 추정,222,1,0,0,,1,1,,,,1,,직전 시즌까지의 성적으로 추정
2006,이정훈,10296,롯데,0.4,,4514,역산 추정,101,2,0,0,,2,2,,,,2,,직전 시즌까지의 성적으로 추정
2006,이종범,10036,KIA,1.6,FA 2006 2년 보장 18.0억,50000,실제 연봉,2,5,1,1,5,5,5,,1997,2006 WBC,5,계약 하한 대상(변경 없음),시즌 전 확정
2006,이종열,10478,LG,1.8,,15000,실제 연봉,49,3,0,0,,3,3,,,,3,,시즌 전 확정
2006,이종욱,10192,두산,4.2,,2411,역산 추정,174,1,0,0,,1,1,Y,,,2,풀타임 최소 2코인,직전 시즌까지의 성적으로 추정
2006,이진영,10492,SK,2.8,,25000,실제 연봉,26,4,0,0,,4,4,,,2006 WBC,4,국가대표 +1 / 국가대표 +1은 4코인까지,시즌 전 확정
2006,이택근,10493,현대,6.1,,2955,역산 추정,141,2,0,0,,2,3,,2007,,3,신인 하한,직전 시즌까지의 성적으로 추정
2006,이한진,10150,SK,0.2,,2411,역산 추정,174,1,0,0,,1,1,,,,1,,직전 시즌까지의 성적으로 추정
2006,이현곤,10022,KIA,1.1,,3366,역산 추정,128,2,0,0,,2,2,,,,2,,직전 시즌까지의 성적으로 추정
2006,이현승,10221,현대,0.5,,2411,역산 추정,174,1,0,0,,1,4,,2010,,4,신인 하한,직전 시즌까지의 성적으로 추정
2006,이혜천,10642,두산,3.8,,14700,역산 추정,55,3,0,0,,3,3,,,,3,,직전 시즌까지의 성적으로 추정
2006,임동규,10372,삼성,1.3,,2863,역산 추정,145,2,0,0,,2,2,,,,2,,직전 시즌까지의 성적으로 추정
2006,임재철,10193,두산,0.9,,3274,역산 추정,133,2,0,0,,2,2,,,,2,,직전 시즌까지의 성적으로 추정
2006,장문석,10069,KIA,0.6,,15000,실제 연봉,49,3,0,0,,3,3,,,,3,,시즌 전 확정
2006,장성호,10032,KIA,7.2,FA 2006 4년 보장 42.0억,45000,실제 연봉,5,5,0,1,5,5,5,,,,5,계약 하한 대상(변경 없음),시즌 전 확정
2006,장원삼,10375,현대,5.7,,2411,역산 추정,174,1,0,0,,1,4,,2010,,4,신인 하한,직전 시즌까지의 성적으로 추정
2006,장원준,10299,롯데,2.1,,3724,역산 추정,117,2,0,0,,2,3,,2008,,3,신인 하한,직전 시즌까지의 성적으로 추정
2006,장원진,1682,두산,-0.7,,20000,실제 연봉,37,4,0,0,,4,4,,,,4,,시즌 전 확정
2006,장준관,2155,LG,0.0,,2033,역산 추정,253,1,0,0,,1,1,,,,1,,직전 시즌까지의 성적으로 추정
2006,장진용,10750,LG,-0.4,,2315,역산 추정,227,1,0,0,,1,1,,,,1,,직전 시즌까지의 성적으로 추정
2006,장찬,2364,SK,-0.1,,2411,역산 추정,174,1,0,0,,1,1,,,,1,,직전 시즌까지의 성적으로 추정
2006,전근표,10575,현대,-0.1,,2552,역산 추정,156,1,0,0,,1,1,,2004,,1,,직전 시즌까지의 성적으로 추정
2006,전병두,10152,KIA,1.0,,4822,역산 추정,99,2,0,0,,2,2,,,2006 WBC,3,국가대표 +1,직전 시즌까지의 성적으로 추정
2006,전병호,1965,삼성,1.0,,13675,역산 추정,67,2,0,0,,2,2,,,,2,,직전 시즌까지의 성적으로 추정
2006,전상렬,10194,두산,-0.5,FA 2006 2년 보장 4.0억,20000,FA 연봉 부분,37,4,0,0,4,4,4,,,,4,계약 하한 대상(변경 없음),시즌 전 확정
2006,전준호,10418,현대,2.2,,28000,실제 연봉,23,4,0,1,,5,4,,,,4,커리어 로우·지정 하향,시즌 전 확정
2006,전준호,10153,현대,3.3,FA 2006 1년 보장 2.8억,28000,FA 연봉 부분,23,4,0,0,4,4,4,,,,4,계약 하한 대상(변경 없음),시즌 전 확정
2006,정경배,10102,SK,-0.1,FA 2006 3년 보장 16.0억,25000,실제 연봉,26,5,0,0,5,5,5,,,,5,계약 하한 대상(변경 없음),시즌 전 확정
2006,정근우,10103,SK,5.3,,2226,역산 추정,242,1,0,0,,1,3,,2009,,3,신인 하한,직전 시즌까지의 성적으로 추정
2006,정대현,10154,SK,2.8,,5651,역산 추정,91,2,0,0,,2,2,,,,2,,직전 시즌까지의 성적으로 추정
2006,정민철,10613,한화,1.4,,25000,실제 연봉,26,4,0,1,,5,5,,,,5,,시즌 전 확정
2006,정병희,10155,SK,-0.0,,3441,역산 추정,126,2,-1,0,,1,1,,,,1,,직전 시즌까지의 성적으로 추정
2006,정보명,10252,롯데,-0.3,,2411,역산 추정,174,1,0,0,,1,1,,,,1,,직전 시즌까지의 성적으로 추정
2006,정성훈,10479,현대,4.2,,18000,실제 연봉,45,3,0,0,,3,3,,,,3,,시즌 전 확정
2006,정수근,10264,롯데,2.1,FA 2004 6년 보장 40.6억,30000,실제 연봉,18,5,0,0,5,5,5,,,,5,계약 하한 대상(변경 없음),시즌 전 확정
2006,정수성,10419,현대,-0.4,,3207,역산 추정,134,2,0,0,,2,2,,,,2,,직전 시즌까지의 성적으로 추정
2006,정우람,10156,SK,0.3,,3953,역산 추정,111,2,0,0,,2,2,,,,2,,직전 시즌까지의 성적으로 추정
2006,정원,2219,KIA,1.6,,2138,역산 추정,249,1,0,0,,1,1,,,,1,,직전 시즌까지의 성적으로 추정
2006,정원석,10562,두산,0.2,,2238,역산 추정,239,1,0,0,,1,1,,,,1,,직전 시즌까지의 성적으로 추정
2006,정의윤,10655,LG,0.8,,2889,역산 추정,143,2,-1,0,,1,4,,2009,,4,신인 하한,직전 시즌까지의 성적으로 추정
2006,정재복,10532,LG,2.3,,4886,역산 추정,97,2,0,0,,2,2,,,,2,,직전 시즌까지의 성적으로 추정
2006,정재훈,10225,두산,2.8,,6038,역산 추정,87,2,0,1,,3,3,,,2006 WBC,4,국가대표 +1 / 명성: 2005 세이브 1위,직전 시즌까지의 성적으로 추정
2006,정홍준,10378,삼성,1.6,,2411,역산 추정,174,1,0,0,,1,1,,,,1,,직전 시즌까지의 성적으로 추정
2006,조경환,2038,KIA,0.6,,10289,역산 추정,73,2,0,0,,2,2,,2002,,2,,직전 시즌까지의 성적으로 추정
2006,조동찬,10329,삼성,2.5,,4722,역산 추정,100,2,0,0,,2,2,,,,2,,직전 시즌까지의 성적으로 추정
2006,조동화,10121,SK,-0.0,,3094,역산 추정,137,2,0,0,,2,2,,,,2,,직전 시즌까지의 성적으로 추정
2006,조성민,2365,한화,-0.1,,2140,역산 추정,248,1,0,0,,1,1,,,,1,,직전 시즌까지의 성적으로 추정
2006,조영민,10675,SK,0.4,,2733,역산 추정,148,2,0,0,,2,2,,,,2,,직전 시즌까지의 성적으로 추정
2006,조영훈,10330,삼성,1.4,,2411,역산 추정,174,1,0,0,,1,1,,,,1,,직전 시즌까지의 성적으로 추정
2006,조웅천,10158,SK,-0.1,FA 2004 4년 보장 17.5억,22000,실제 연봉,36,5,0,0,5,5,5,,,,5,계약 하한 대상(변경 없음),시즌 전 확정
2006,조원우,12657,한화,1.3,FA 2005 2년 보장 4.5억,22500,FA 연봉 부분,34,4,0,0,4,4,4,,,,4,계약 하한 대상(변경 없음),시즌 전 확정
2006,조인성,10463,LG,2.3,,5779,역산 추정,89,2,0,0,,2,2,,2002,2006 WBC,3,국가대표 +1,직전 시즌까지의 성적으로 추정
2006,조정훈,10300,롯데,0.2,,2326,역산 추정,225,1,0,0,,1,1,,,,1,,직전 시즌까지의 성적으로 추정
2006,조중근,10406,SK,-0.9,,2492,역산 추정,165,1,0,0,,1,1,,,,1,,직전 시즌까지의 성적으로 추정
2006,조태수,10074,KIA,0.0,,2307,역산 추정,228,1,0,0,,1,1,,,,1,,직전 시즌까지의 성적으로 추정
2006,조형식,2263,SK,-0.0,,2498,역산 추정,164,1,0,0,,1,1,,,,1,,직전 시즌까지의 성적으로 추정
2006,주형광,1834,롯데,0.1,,14700,역산 추정,55,3,0,1,,4,4,,1998,,4,,직전 시즌까지의 성적으로 추정
2006,지석훈,10683,현대,0.1,,2272,역산 추정,233,1,0,0,,1,1,,,,1,,직전 시즌까지의 성적으로 추정
2006,지연규,1685,한화,0.3,,1884,역산 추정,259,1,0,0,,1,1,,,,1,,직전 시즌까지의 성적으로 추정
2006,진갑용,10314,삼성,3.7,,30000,실제 연봉,18,5,0,1,,5,5,,2001,2006 WBC,5,,시즌 전 확정
2006,진필중,1894,LG,0.5,FA 2004 4년 보장 30.0억,40000,실제 연봉,8,5,0,0,5,5,5,,,,5,계약 하한 대상(변경 없음),시즌 전 확정
2006,차명주,1967,한화,0.2,,14700,역산 추정,55,3,-1,0,,2,2,,2000,,2,,직전 시즌까지의 성적으로 추정
2006,차우찬,10381,삼성,-0.0,,2411,역산 추정,174,1,0,0,,1,3,,2010,,3,신인 하한,직전 시즌까지의 성적으로 추정
2006,차일목,10005,KIA,0.2,,2411,역산 추정,174,1,0,0,,1,1,,,,1,,직전 시즌까지의 성적으로 추정
2006,차정민,10076,KIA,0.2,,2537,역산 추정,158,1,0,0,,1,1,,,,1,,직전 시즌까지의 성적으로 추정
2006,차화준,10852,현대,0.6,,2411,역산 추정,174,1,0,0,,1,1,,,,1,,직전 시즌까지의 성적으로 추정
2006,채병용,10161,SK,3.4,,8120,역산 추정,81,2,0,0,,2,2,,,,2,,직전 시즌까지의 성적으로 추정
2006,채종국,2086,현대,-0.5,,3914,역산 추정,112,2,0,0,,2,2,,,,2,,직전 시즌까지의 성적으로 추정
2006,채형직,10383,삼성,0.1,,2411,역산 추정,174,1,0,0,,1,1,,,,1,,직전 시즌까지의 성적으로 추정
2006,최경철,10085,SK,-0.3,,2330,역산 추정,223,1,0,0,,1,1,,,,1,,직전 시즌까지의 성적으로 추정
2006,최경환,10041,두산,-0.4,,5186,역산 추정,93,2,0,0,,2,2,,,,2,,직전 시즌까지의 성적으로 추정
2006,최경환,10041,롯데,-0.4,,5186,역산 추정,93,2,0,0,,2,2,,,,2,,직전 시즌까지의 성적으로 추정
2006,최길성,10105,LG,2.1,,2305,역산 추정,230,1,0,0,,1,1,,,,1,,직전 시즌까지의 성적으로 추정
2006,최대성,10302,롯데,-0.5,,2307,역산 추정,229,1,0,0,,1,1,,,,1,,직전 시즌까지의 성적으로 추정
2006,최동수,10481,LG,-1.0,,1884,역산 추정,259,1,0,0,,1,1,,,,1,,직전 시즌까지의 성적으로 추정
2006,최만호,10265,LG,0.4,,1884,역산 추정,259,1,0,0,,1,1,,,,1,,직전 시즌까지의 성적으로 추정
2006,최상덕,10616,LG,-0.1,,12136,역산 추정,69,2,0,0,,2,2,,,,2,,직전 시즌까지의 성적으로 추정
2006,최승환,10169,LG,0.6,,2411,역산 추정,174,1,0,0,,1,1,,,,1,,직전 시즌까지의 성적으로 추정
2006,최영필,10617,한화,1.1,,5067,역산 추정,95,2,0,0,,2,2,,,,2,,직전 시즌까지의 성적으로 추정
2006,최원호,10537,LG,0.9,,14700,역산 추정,55,3,0,0,,3,3,,,,3,,직전 시즌까지의 성적으로 추정
2006,최정,10106,SK,-0.4,,2371,역산 추정,213,1,0,0,,1,4,,2009,,4,신인 하한,직전 시즌까지의 성적으로 추정
2006,최준석,10183,롯데,1.3,,2622,역산 추정,154,1,0,0,,1,1,,,,1,,직전 시즌까지의 성적으로 추정
2006,최준석,10183,두산,1.3,,2622,역산 추정,154,1,0,0,,1,1,,,,1,,직전 시즌까지의 성적으로 추정
2006,추승우,10579,LG,0.0,,2411,역산 추정,174,1,0,0,,1,1,,,,1,,직전 시즌까지의 성적으로 추정
2006,한규식,2089,KIA,-0.4,,2682,역산 추정,150,2,0,0,,2,2,,,,2,,직전 시즌까지의 성적으로 추정
2006,한기주,10077,KIA,3.0,,2411,역산 추정,174,1,0,0,,1,4,,2010,,4,신인 하한,직전 시즌까지의 성적으로 추정
2006,한상훈,10663,한화,0.6,,1892,역산 추정,258,1,0,0,,1,1,,,,1,,직전 시즌까지의 성적으로 추정
2006,홍성흔,10256,두산,3.7,,32000,실제 연봉,17,5,0,1,,5,5,,,2006 WBC,5,,시즌 전 확정
2006,홍세완,10026,KIA,-0.1,,14700,역산 추정,55,3,0,0,,3,3,,,,3,,직전 시즌까지의 성적으로 추정
2006,홍원기,14889,현대,1.0,FA 2006 1년 보장 0.8억,8000,FA 연봉 부분,82,3,0,0,3,3,3,,,,3,계약 하한 대상(변경 없음),시즌 전 확정
2006,황동채,10267,롯데,0.5,,2411,역산 추정,174,1,0,0,,1,1,,,,1,,직전 시즌까지의 성적으로 추정
2006,황두성,10457,현대,0.6,,3694,역산 추정,118,2,0,0,,2,2,,,,2,,직전 시즌까지의 성적으로 추정
2007,가득염,10123,SK,0.7,,16660,역산 추정,52,3,-1,0,,2,2,,,,2,,직전 시즌까지의 성적으로 추정
2007,강귀태,10385,현대,0.0,,3363,역산 추정,148,2,0,0,,2,2,,,,2,,직전 시즌까지의 성적으로 추정
2007,강동우,10564,두산,-0.3,,16660,역산 추정,52,3,0,0,,3,3,,,,3,,직전 시즌까지의 성적으로 추정
2007,강명구,10319,삼성,0.1,,2474,역산 추정,225,1,0,0,,1,1,,,,1,,직전 시즌까지의 성적으로 추정
2007,강민호,10232,롯데,3.7,,3917,역산 추정,129,2,0,0,,2,2,,,2006 도하 AG,3,국가대표 +1,직전 시즌까지의 성적으로 추정
2007,강병식,10408,현대,0.2,,2245,역산 추정,258,1,0,0,,1,1,,,,1,,직전 시즌까지의 성적으로 추정
2007,강봉규,10332,삼성,1.3,,2458,역산 추정,229,1,0,0,,1,1,,,,1,,직전 시즌까지의 성적으로 추정
2007,강영식,10269,롯데,0.7,,4511,역산 추정,119,2,0,0,,2,2,,,,2,,직전 시즌까지의 성적으로 추정
2007,경헌호,10498,LG,-0.3,,7301,역산 추정,92,2,0,0,,2,2,,,,2,,직전 시즌까지의 성적으로 추정
2007,고동진,10666,한화,1.7,,3285,역산 추정,149,2,-1,0,,1,1,Y,,,2,풀타임 최소 2코인,직전 시즌까지의 성적으로 추정
2007,고영민,10171,두산,4.9,,3562,역산 추정,141,2,0,0,,2,2,,,,2,,직전 시즌까지의 성적으로 추정
2007,고우석,10042,KIA,-0.2,,2367,역산 추정,239,1,0,0,,1,1,,,,1,,직전 시즌까지의 성적으로 추정
2007,구대성,10580,한화,0.9,,63000,실제 연봉,2,5,0,1,,5,5,,,2006 도하 AG,5,,시즌 전 확정
2007,구자운,10348,두산,0.8,,13421,역산 추정,71,2,0,0,,2,2,,,,2,,직전 시즌까지의 성적으로 추정
2007,권오원,10349,삼성,0.1,,2225,역산 추정,261,1,0,0,,1,1,,,,1,,직전 시즌까지의 성적으로 추정
2007,권오준,10350,삼성,0.3,,19000,실제 연봉,50,3,0,0,,3,3,,,,3,,시즌 전 확정
2007,권용관,10465,LG,-0.1,,2765,역산 추정,165,1,0,0,,1,1,Y,,,2,풀타임 최소 2코인,직전 시즌까지의 성적으로 추정
2007,권혁,10351,삼성,2.4,,3091,역산 추정,158,1,0,0,,1,3,,2007,,3,신인 하한,직전 시즌까지의 성적으로 추정
2007,금민철,10425,두산,0.8,,2580,역산 추정,175,1,0,0,,1,1,Y,,,2,풀타임 최소 2코인,직전 시즌까지의 성적으로 추정
2007,김강민,10108,SK,0.4,,2547,역산 추정,177,1,0,0,,1,3,,2009,,3,신인 하한,직전 시즌까지의 성적으로 추정
2007,김건한,10045,KIA,-0.1,,3754,역산 추정,132,2,0,0,,2,2,,,,2,,직전 시즌까지의 성적으로 추정
2007,김경선,10582,한화,-0.2,,2479,역산 추정,185,1,0,0,,1,1,,,,1,,직전 시즌까지의 성적으로 추정
2007,김경진,2063,KIA,-0.3,,2236,역산 추정,259,1,0,0,,1,1,,,,1,,직전 시즌까지의 성적으로 추정
2007,김경태,10500,SK,0.8,,1986,역산 추정,268,1,0,0,,1,1,,,,1,,직전 시즌까지의 성적으로 추정
2007,김광삼,10501,LG,-0.3,,4508,역산 추정,120,2,0,0,,2,2,,,,2,,직전 시즌까지의 성적으로 추정
2007,김광현,10126,SK,1.3,,2479,역산 추정,185,1,0,0,,1,4,,2011,,4,신인 하한,직전 시즌까지의 성적으로 추정
2007,김기태,10718,삼성,0.3,,2479,역산 추정,185,1,0,0,,1,1,,,,1,,직전 시즌까지의 성적으로 추정
2007,김기표,10503,LG,-0.3,,2479,역산 추정,185,1,0,0,,1,4,,2011,,4,신인 하한,직전 시즌까지의 성적으로 추정
2007,김대익,1923,삼성,-0.1,FA 2006 2년 보장 3.2억,16000,FA 연봉 부분,63,3,0,0,3,3,3,,,,3,계약 하한 대상(변경 없음),시즌 전 확정
2007,김덕윤,2192,두산,-0.1,,3749,역산 추정,133,2,0,0,,2,2,,,,2,,직전 시즌까지의 성적으로 추정
2007,김동수,10386,현대,3.0,,30000,실제 연봉,23,4,0,0,,4,4,,,,4,,시즌 전 확정
2007,김동주,10173,두산,7.6,,42000,실제 연봉,10,5,0,1,,5,5,,2002,2006 도하 AG,5,,시즌 전 확정
2007,김명제,10197,두산,0.6,,4217,역산 추정,125,2,-1,0,,1,4,,2009,,4,신인 하한,직전 시즌까지의 성적으로 추정
2007,김문수,10354,삼성,0.5,,2479,역산 추정,185,1,0,0,,1,1,,,,1,,직전 시즌까지의 성적으로 추정
2007,김문호,10648,롯데,-0.0,,2479,역산 추정,185,1,0,0,,1,3,,2011,,3,신인 하한,직전 시즌까지의 성적으로 추정
2007,김민기,10504,LG,1.3,,6691,역산 추정,96,2,0,0,,2,2,,,,2,,직전 시즌까지의 성적으로 추정
2007,김민재,10550,한화,3.9,FA 2006 4년 보장 14.0억,21000,실제 연봉,48,5,-1,0,5,4,5,,,,5,계약 하한(가격 변경),시즌 전 확정
2007,김상현,10007,LG,0.5,,2582,역산 추정,174,1,0,0,,1,1,Y,,,2,풀타임 최소 2코인,직전 시즌까지의 성적으로 추정
2007,김상훈,10001,KIA,1.9,,12691,역산 추정,73,2,0,0,,2,2,,,,2,,직전 시즌까지의 성적으로 추정
2007,김성태,10428,현대,0.3,,2150,역산 추정,264,1,0,0,,1,1,,,,1,,직전 시즌까지의 성적으로 추정
2007,김세현,10431,현대,0.9,,2479,역산 추정,185,1,0,0,,1,3,,2011,,3,신인 하한,직전 시즌까지의 성적으로 추정
2007,김수경,10430,현대,2.9,FA 2007 3년 보장 5.0억,40000,실제 연봉,11,3,0,1,3,4,4,,,,4,계약 하한 대상(변경 없음),시즌 전 확정
2007,김수연,1926,한화,-0.0,,3268,역산 추정,152,1,0,0,,1,1,,,,1,,직전 시즌까지의 성적으로 추정
2007,김승회,10202,두산,0.8,,3659,역산 추정,136,2,0,0,,2,2,,,,2,,직전 시즌까지의 성적으로 추정
2007,김연훈,10089,KIA,-0.7,,2479,역산 추정,185,1,0,0,,1,1,,,,1,,직전 시즌까지의 성적으로 추정
2007,김용우,10091,LG,0.3,,2292,역산 추정,250,1,0,0,,1,1,,,,1,,직전 시즌까지의 성적으로 추정
2007,김원섭,10029,KIA,1.1,,2474,역산 추정,226,1,0,0,,1,1,Y,,,2,풀타임 최소 2코인,직전 시즌까지의 성적으로 추정
2007,김원형,14890,SK,0.4,FA 2007 2년 보장 7.5억,25000,실제 연봉,33,5,0,0,5,5,5,,,,5,계약 하한 대상(변경 없음),시즌 전 확정
2007,김인철,1547,한화,-0.6,,1937,역산 추정,270,1,0,0,,1,1,,,,1,,직전 시즌까지의 성적으로 추정
2007,김일경,10398,현대,0.6,,2092,역산 추정,265,1,0,0,,1,1,Y,,,2,풀타임 최소 2코인,직전 시즌까지의 성적으로 추정
2007,김재걸,10321,삼성,0.9,FA 2007 2년 보장 5.6억,28000,FA 연봉 부분,28,4,0,0,4,4,4,,1999,,4,계약 하한 대상(변경 없음),시즌 전 확정
2007,김재현,10109,SK,-0.2,FA 2005 4년 보장 20.7억,25000,실제 연봉,33,5,0,0,5,5,5,,,,5,계약 하한 대상(변경 없음),시즌 전 확정
2007,김재현,10766,LG,-0.0,,3498,역산 추정,144,2,-1,0,,1,1,,,,1,,직전 시즌까지의 성적으로 추정
2007,김종국,10009,KIA,2.1,FA 2007 2년 보장 5.5억,27500,FA 연봉 부분,29,4,0,1,4,5,5,,,,5,계약 하한 대상(변경 없음),시즌 전 확정
2007,김종훈,1800,삼성,-0.8,,13809,역산 추정,70,2,0,0,,2,2,,,,2,,직전 시즌까지의 성적으로 추정
2007,김주찬,10239,롯데,0.2,,3277,역산 추정,151,1,0,0,,1,1,Y,,,2,풀타임 최소 2코인,직전 시즌까지의 성적으로 추정
2007,김주형,10650,KIA,0.1,,2356,역산 추정,241,1,0,0,,1,1,,,,1,,직전 시즌까지의 성적으로 추정
2007,김진수,10164,두산,-0.6,,2479,역산 추정,185,1,0,0,,1,1,,,,1,,직전 시즌까지의 성적으로 추정
2007,김진우,10695,KIA,-0.5,,16660,역산 추정,52,3,0,0,,3,3,,2006,,3,,직전 시즌까지의 성적으로 추정
2007,김창희,10334,삼성,0.6,,11107,역산 추정,79,2,0,0,,2,2,,,,2,,직전 시즌까지의 성적으로 추정
2007,김태균,10552,한화,5.6,,31000,실제 연봉,21,4,0,0,,4,4,,2005,,4,,시즌 전 확정
2007,김태영,10198,두산,0.5,,2265,역산 추정,253,1,0,0,,1,1,Y,,,2,풀타임 최소 2코인,직전 시즌까지의 성적으로 추정
2007,김태완,10553,한화,0.2,,2479,역산 추정,185,1,0,0,,1,1,,,,1,,직전 시즌까지의 성적으로 추정
2007,김한수,12964,삼성,-0.7,FA 2005 4년 보장 28.0억,40000,실제 연봉,11,5,0,1,5,5,4,,,,4,계약 하한 대상(변경 없음)/커리어 로우·지정 하향,시즌 전 확정
2007,김해님,2005,한화,0.7,,5042,역산 추정,112,2,0,0,,2,2,,,,2,,직전 시즌까지의 성적으로 추정
2007,김현수,10187,두산,1.0,,2479,역산 추정,185,1,0,0,,1,1,Y,,,2,풀타임 최소 2코인,직전 시즌까지의 성적으로 추정
2007,김회권,10588,LG,-0.1,,2463,역산 추정,227,1,0,0,,1,1,,,,1,,직전 시즌까지의 성적으로 추정
2007,나승현,10279,롯데,0.6,,3774,역산 추정,131,2,0,0,,2,2,,,,2,,직전 시즌까지의 성적으로 추정
2007,나주환,10092,두산,1.0,,2292,역산 추정,251,1,0,0,,1,1,,,,1,,직전 시즌까지의 성적으로 추정
2007,나주환,10092,SK,1.0,,2292,역산 추정,251,1,0,0,,1,1,,,,1,,직전 시즌까지의 성적으로 추정
2007,노경은,10203,두산,0.3,,2274,역산 추정,252,1,0,0,,1,3,,2007,,3,신인 하한,직전 시즌까지의 성적으로 추정
2007,노병오,10435,현대,-0.6,,2371,역산 추정,238,1,0,0,,1,1,,,,1,,직전 시즌까지의 성적으로 추정
2007,노환수,10433,현대,0.7,,3641,역산 추정,137,2,0,0,,2,2,,,,2,,직전 시즌까지의 성적으로 추정
2007,류택현,10507,LG,1.4,,11597,역산 추정,77,2,0,0,,2,2,,,,2,,직전 시즌까지의 성적으로 추정
2007,류현진,10590,한화,6.3,,5632,역산 추정,103,2,1,1,,4,5,,2010,2006 도하 AG,5,MVP 다음 해/지정 / 2006 투수 골든글러브 → 5,직전 시즌까지의 성적으로 추정
2007,마일영,10592,현대,0.0,,10511,역산 추정,82,2,0,0,,2,2,,,,2,,직전 시즌까지의 성적으로 추정
2007,마정길,10436,한화,0.0,,5296,역산 추정,109,2,0,0,,2,2,,,,2,,직전 시즌까지의 성적으로 추정
2007,마해영,1865,LG,-0.5,FA 2004 4년 보장 28.0억,40000,실제 연봉,11,5,0,0,5,5,5,,,,5,계약 하한 대상(변경 없음),시즌 전 확정
2007,문동환,10593,한화,2.2,,23000,실제 연봉,41,3,0,0,,3,3,,2001,,3,,시즌 전 확정
2007,문수호,10049,KIA,-0.3,,2337,역산 추정,244,1,0,0,,1,1,Y,,,2,풀타임 최소 2코인,직전 시즌까지의 성적으로 추정
2007,민병헌,10188,두산,0.6,,2383,역산 추정,237,1,0,0,,1,3,,2010,,3,신인 하한,직전 시즌까지의 성적으로 추정
2007,박경수,10469,LG,0.8,,4824,역산 추정,113,2,0,0,,2,3,,2007,,3,신인 하한,직전 시즌까지의 성적으로 추정
2007,박경완,10080,SK,4.6,FA 2007 2년 보장 10.0억,30000,실제 연봉,23,5,0,0,5,5,5,,,,5,계약 하한 대상(변경 없음),시즌 전 확정
2007,박기혁,10241,롯데,0.6,,5398,역산 추정,107,2,0,0,,2,2,,,2006 도하 AG,3,국가대표 +1,직전 시즌까지의 성적으로 추정
2007,박명환,10510,LG,4.6,FA 2007 4년 보장 40.0억,50000,실제 연봉,5,5,0,0,5,5,5,,,,5,계약 하한 대상(변경 없음),시즌 전 확정
2007,박석진,1901,롯데,0.1,,12407,역산 추정,75,2,0,0,,2,2,,,,2,,직전 시즌까지의 성적으로 추정
2007,박석진,1901,LG,0.1,,12407,역산 추정,75,2,0,0,,2,2,,,,2,,직전 시즌까지의 성적으로 추정
2007,박승민,10439,현대,1.4,,4251,역산 추정,123,2,0,0,,2,2,,,,2,,직전 시즌까지의 성적으로 추정
2007,박용근,10471,LG,-0.4,,2479,역산 추정,185,1,0,0,,1,1,,,,1,,직전 시즌까지의 성적으로 추정
2007,박용택,10485,LG,3.3,,16660,역산 추정,52,3,1,0,,4,4,,2006,,4,,직전 시즌까지의 성적으로 추정
2007,박재상,10112,SK,2.9,,2431,역산 추정,232,1,0,0,,1,1,Y,,,2,풀타임 최소 2코인,직전 시즌까지의 성적으로 추정
2007,박재홍,10113,SK,3.3,FA 2006 4년 보장 30.0억,40000,실제 연봉,11,5,0,0,5,5,5,,2000,2006 도하 AG,5,계약 하한 대상(변경 없음),시즌 전 확정
2007,박정권,10096,SK,-0.5,,2337,역산 추정,244,1,0,0,,1,1,,,,1,,직전 시즌까지의 성적으로 추정
2007,박정규,10052,KIA,0.1,,2479,역산 추정,185,1,0,0,,1,1,,,,1,,직전 시즌까지의 성적으로 추정
2007,박정환,10097,삼성,-0.5,,2721,역산 추정,167,1,0,0,,1,1,,,,1,,직전 시즌까지의 성적으로 추정
2007,박종호,1668,삼성,-0.2,FA 2004 4년 보장 22.0억,22500,실제 연봉,44,5,0,0,5,5,5,,,,5,계약 하한 대상(변경 없음),시즌 전 확정
2007,박준서,10242,롯데,0.1,,2252,역산 추정,256,1,0,0,,1,1,,,,1,,직전 시즌까지의 성적으로 추정
2007,박지철,10511,롯데,-0.1,,15131,역산 추정,65,2,0,0,,2,2,,,,2,,직전 시즌까지의 성적으로 추정
2007,박진만,10323,삼성,6.8,FA 2005 4년 보장 39.0억,55000,실제 연봉,4,5,1,1,5,5,5,,,2006 도하 AG,5,계약 하한 대상(변경 없음),시즌 전 확정
2007,박한이,10336,삼성,3.5,,27000,실제 연봉,30,4,1,1,,5,5,,,,5,,시즌 전 확정
2007,박현승,10246,롯데,2.7,,15015,역산 추정,66,2,0,0,,2,2,,,,2,,직전 시즌까지의 성적으로 추정
2007,배장호,10281,롯데,1.0,,2479,역산 추정,185,1,0,0,,1,1,,,,1,,직전 시즌까지의 성적으로 추정
2007,백재호,1980,한화,1.3,,8924,역산 추정,87,2,0,0,,2,2,,2001,,2,,직전 시즌까지의 성적으로 추정
2007,봉중근,10514,LG,0.2,,35000,실제 연봉,17,5,0,0,,5,5,,2011,,5,,시즌 전 확정
2007,서한규,2027,현대,-0.5,,2165,역산 추정,262,1,0,0,,1,1,,,,1,,직전 시즌까지의 성적으로 추정
2007,손민한,10284,롯데,5.5,,40000,실제 연봉,11,5,0,1,,5,5,,2001,2006 도하 AG,5,,시즌 전 확정
2007,손영민,10054,KIA,1.8,,2479,역산 추정,185,1,0,0,,1,1,Y,,,2,풀타임 최소 2코인,직전 시즌까지의 성적으로 추정
2007,손용석,10247,롯데,0.7,,2479,역산 추정,185,1,0,0,,1,3,,2011,,3,신인 하한,직전 시즌까지의 성적으로 추정
2007,손인호,10487,LG,-0.0,,6654,역산 추정,97,2,0,0,,2,2,,,,2,,직전 시즌까지의 성적으로 추정
2007,손지환,10098,KIA,0.0,,4470,역산 추정,121,2,0,0,,2,2,,,,2,,직전 시즌까지의 성적으로 추정
2007,송광민,10555,한화,-0.3,,2479,역산 추정,185,1,0,0,,1,3,,2011,,3,신인 하한,직전 시즌까지의 성적으로 추정
2007,송산,10796,KIA,0.0,,2524,역산 추정,180,1,0,0,,1,1,,,,1,,직전 시즌까지의 성적으로 추정
2007,송승준,10285,롯데,2.4,,2479,역산 추정,185,1,0,0,,1,4,,2011,,4,신인 하한,직전 시즌까지의 성적으로 추정
2007,송신영,10443,현대,2.2,,16660,역산 추정,52,3,-1,0,,2,2,,,,2,,직전 시즌까지의 성적으로 추정
2007,송은범,10137,SK,1.7,,2652,역산 추정,168,1,0,0,,1,3,,2007,,3,신인 하한,직전 시즌까지의 성적으로 추정
2007,송지만,10412,현대,2.9,FA 2006 3년 보장 18.0억,60000,실제 연봉,3,5,0,0,5,5,5,,,,5,계약 하한 대상(변경 없음),시즌 전 확정
2007,송진우,10597,한화,0.3,FA 2006 2년 보장 14.0억,30000,실제 연봉,23,5,0,1,5,5,5,,,,5,계약 하한 대상(변경 없음),시즌 전 확정
2007,송현우,10517,LG,-0.0,,2362,역산 추정,240,1,0,0,,1,1,,,,1,,직전 시즌까지의 성적으로 추정
2007,신경현,10542,한화,1.1,,3866,역산 추정,130,2,0,0,,2,2,,,,2,,직전 시즌까지의 성적으로 추정
2007,신명철,10327,삼성,1.9,,2901,역산 추정,161,1,0,0,,1,1,Y,2005,,2,풀타임 최소 2코인,직전 시즌까지의 성적으로 추정
2007,신용운,10055,KIA,0.4,,8525,역산 추정,88,2,0,0,,2,2,,,,2,,직전 시즌까지의 성적으로 추정
2007,신윤호,11238,LG,0.2,,4587,역산 추정,118,2,0,0,,2,2,,,,2,,직전 시즌까지의 성적으로 추정
2007,심광호,10310,한화,-0.2,,2516,역산 추정,181,1,0,0,,1,1,,,,1,,직전 시즌까지의 성적으로 추정
2007,심수창,10518,LG,1.1,,3197,역산 추정,153,1,0,0,,1,1,Y,,,2,풀타임 최소 2코인,직전 시즌까지의 성적으로 추정
2007,심재학,1867,KIA,0.0,FA 2005 3년 보장 18.0억,25000,실제 연봉,33,5,0,0,5,5,5,,1999,,5,계약 하한 대상(변경 없음),시즌 전 확정
2007,심정수,1811,삼성,6.0,FA 2005 4년 보장 60.0억,75000,실제 연봉,1,5,0,1,5,5,5,,,,5,계약 하한 대상(변경 없음),시즌 전 확정
2007,안경현,10099,두산,0.6,,30000,실제 연봉,23,4,0,1,,5,5,,,,5,,시즌 전 확정
2007,안상준,1884,두산,-0.5,,1937,역산 추정,270,1,0,0,,1,1,,,,1,,직전 시즌까지의 성적으로 추정
2007,안영명,10600,한화,2.7,,3539,역산 추정,142,2,0,0,,2,3,,2007,,3,신인 하한,직전 시즌까지의 성적으로 추정
2007,안지만,10364,삼성,2.7,,3622,역산 추정,139,2,0,0,,2,2,,,,2,,직전 시즌까지의 성적으로 추정
2007,양준혁,10339,삼성,7.9,FA 2006 2년 보장 15.0억,40000,실제 연봉,11,5,1,1,5,5,4,,,,4,계약 하한 대상(변경 없음)/커리어 로우·지정 하향,시즌 전 확정
2007,양현종,10058,KIA,0.8,,2479,역산 추정,185,1,0,0,,1,4,,2011,,4,신인 하한,직전 시즌까지의 성적으로 추정
2007,양훈,10602,한화,1.1,,3145,역산 추정,155,1,0,0,,1,1,Y,,,2,풀타임 최소 2코인,직전 시즌까지의 성적으로 추정
2007,연경흠,10571,한화,0.1,,2447,역산 추정,230,1,0,0,,1,1,,,,1,,직전 시즌까지의 성적으로 추정
2007,염종석,1689,롯데,0.2,,17000,실제 연봉,51,3,0,1,,4,4,,,,4,,시즌 전 확정
2007,오상민,10519,삼성,0.4,,16660,역산 추정,52,3,-1,0,,2,2,,,,2,,직전 시즌까지의 성적으로 추정
2007,오승환,10367,삼성,3.4,,11137,역산 추정,78,2,0,1,,3,4,,2009,2006 도하 AG,4,신인 하한 / 국가대표 +1 / 명성: 2006 세이브 1위 / 국가대표 +1은 4코인까지,직전 시즌까지의 성적으로 추정
2007,오윤,10413,현대,-0.2,,2479,역산 추정,185,1,0,0,,1,1,,,,1,,직전 시즌까지의 성적으로 추정
2007,오재원,10178,두산,0.2,,2479,역산 추정,185,1,0,0,,1,1,,,,1,,직전 시즌까지의 성적으로 추정
2007,오준형,10059,KIA,-0.2,,2479,역산 추정,185,1,0,0,,1,1,,,,1,,직전 시즌까지의 성적으로 추정
2007,오태근,10489,LG,-0.0,,2257,역산 추정,254,1,0,0,,1,1,,,,1,,직전 시즌까지의 성적으로 추정
2007,우규민,10523,LG,2.9,,4724,역산 추정,117,2,0,0,,2,3,,2008,,3,신인 하한,직전 시즌까지의 성적으로 추정
2007,원용묵,10212,두산,0.5,,2396,역산 추정,234,1,0,0,,1,1,,,,1,,직전 시즌까지의 성적으로 추정
2007,유원상,10604,한화,0.7,,2479,역산 추정,185,1,0,0,,1,4,,2011,,4,신인 하한,직전 시즌까지의 성적으로 추정
2007,유재웅,10191,두산,-0.2,,2235,역산 추정,260,1,0,0,,1,1,,,,1,,직전 시즌까지의 성적으로 추정
2007,유한준,10627,현대,-0.3,,2652,역산 추정,169,1,0,0,,1,1,,,,1,,직전 시즌까지의 성적으로 추정
2007,윤규진,10606,한화,0.3,,5057,역산 추정,111,2,0,0,,2,2,,,,2,,직전 시즌까지의 성적으로 추정
2007,윤근영,10607,한화,-0.3,,3447,역산 추정,146,2,-1,0,,1,1,,,,1,,직전 시즌까지의 성적으로 추정
2007,윤길현,10142,SK,2.4,,5370,역산 추정,108,2,0,0,,2,2,,,,2,,직전 시즌까지의 성적으로 추정
2007,윤석민,10061,KIA,2.7,,6948,역산 추정,95,2,0,0,,2,2,,,2006 도하 AG,3,국가대표 +1,직전 시즌까지의 성적으로 추정
2007,윤성환,10368,삼성,2.6,,3503,역산 추정,143,2,-1,0,,1,3,,2008,,3,신인 하한,직전 시즌까지의 성적으로 추정
2007,윤재국,10117,두산,0.7,,3492,역산 추정,145,2,0,0,,2,2,,,,2,,직전 시즌까지의 성적으로 추정
2007,이경필,2011,두산,0.2,,12214,역산 추정,76,2,0,0,,2,2,,,,2,,직전 시즌까지의 성적으로 추정
2007,이대수,10558,두산,1.7,,3278,역산 추정,150,2,0,0,,2,2,,,,2,,직전 시즌까지의 성적으로 추정
2007,이대진,10062,KIA,1.2,,16660,역산 추정,52,3,0,1,,4,4,,,,4,,직전 시즌까지의 성적으로 추정
2007,이대형,10490,LG,3.3,,2425,역산 추정,233,1,0,0,,1,1,Y,,,2,풀타임 최소 2코인,직전 시즌까지의 성적으로 추정
2007,이대호,10251,롯데,7.2,,32000,실제 연봉,19,5,1,1,,5,5,,,2006 도하 AG,5,명성: 2006 골든글러브; 2006 타율·타점·홈런 1위,시즌 전 확정
2007,이도형,10543,한화,-0.5,,14411,역산 추정,68,2,0,0,,2,2,,,,2,,직전 시즌까지의 성적으로 추정
2007,이동학,10447,현대,-0.4,,2785,역산 추정,163,1,0,0,,1,1,,,,1,,직전 시즌까지의 성적으로 추정
2007,이동현,10063,KIA,-0.1,,2297,역산 추정,249,1,0,0,,1,1,,,,1,,직전 시즌까지의 성적으로 추정
2007,이범석,10067,KIA,0.5,,2354,역산 추정,242,1,0,0,,1,1,,,,1,,직전 시즌까지의 성적으로 추정
2007,이범호,10559,한화,4.4,,23000,실제 연봉,41,3,0,1,,4,4,,,,4,,시즌 전 확정
2007,이보근,10448,현대,-0.4,,2640,역산 추정,170,1,0,0,,1,1,,,,1,,직전 시즌까지의 성적으로 추정
2007,이상목,1553,롯데,-0.5,FA 2004 4년 보장 22.0억,25000,실제 연봉,33,5,0,0,5,5,5,,,,5,계약 하한 대상(변경 없음),시즌 전 확정
2007,이상화,10064,KIA,-0.6,,3709,역산 추정,135,2,0,0,,2,2,,,,2,,직전 시즌까지의 성적으로 추정
2007,이성열,10168,LG,0.1,,2871,역산 추정,162,1,0,0,,1,1,,,,1,,직전 시즌까지의 성적으로 추정
2007,이숭용,10402,현대,2.5,,35000,실제 연봉,17,5,0,1,,5,5,,,,5,,시즌 전 확정
2007,이승학,10216,두산,2.9,,2479,역산 추정,185,1,0,0,,1,4,,2011,,4,신인 하한,직전 시즌까지의 성적으로 추정
2007,이승호,10148,LG,0.8,,11038,역산 추정,80,2,0,0,,2,2,,,,2,,직전 시즌까지의 성적으로 추정
2007,이영우,10574,한화,0.7,,27000,실제 연봉,30,4,0,1,,5,5,,,,5,,시즌 전 확정
2007,이영욱,10634,SK,0.2,,6080,역산 추정,99,2,0,0,,2,2,,,,2,,직전 시즌까지의 성적으로 추정
2007,이용규,10035,KIA,3.6,,6557,역산 추정,98,2,1,1,,4,4,,,2006 도하 AG,4,국가대표 +1 / 명성: 2006 골든글러브 / 국가대표 +1은 4코인까지,직전 시즌까지의 성적으로 추정
2007,이우민,11398,롯데,1.7,,1959,역산 추정,269,1,0,0,,1,1,,,,1,,직전 시즌까지의 성적으로 추정
2007,이원석,10180,롯데,1.0,,2948,역산 추정,160,1,-1,0,,1,3,,2009,,3,신인 하한,직전 시즌까지의 성적으로 추정
2007,이인구,10263,롯데,-0.3,,2248,역산 추정,257,1,0,0,,1,1,,,,1,,직전 시즌까지의 성적으로 추정
2007,이재원,10082,SK,1.7,,2492,역산 추정,182,1,0,0,,1,4,,2010,,4,신인 하한,직전 시즌까지의 성적으로 추정
2007,이재율,10740,롯데,-0.0,,5729,역산 추정,102,2,0,0,,2,2,,,,2,,직전 시즌까지의 성적으로 추정
2007,이재주,10020,KIA,0.5,,3416,역산 추정,147,2,0,0,,2,2,,,,2,,직전 시즌까지의 성적으로 추정
2007,이정식,10311,삼성,0.2,,2530,역산 추정,179,1,0,0,,1,1,,,,1,,직전 시즌까지의 성적으로 추정
2007,이정훈,10296,롯데,0.2,,4743,역산 추정,115,2,0,0,,2,2,,,,2,,직전 시즌까지의 성적으로 추정
2007,이종범,10036,KIA,-2.1,FA 2006 2년 보장 18.0억,50000,실제 연봉,5,5,0,1,5,5,4,,1997,,4,계약 하한 대상(변경 없음)/커리어 로우·지정 하향,시즌 전 확정
2007,이종열,10478,LG,3.3,,15167,역산 추정,64,2,0,0,,2,2,,,,2,,직전 시즌까지의 성적으로 추정
2007,이종욱,10192,두산,5.6,,4180,역산 추정,126,2,0,0,,2,2,,,,2,,직전 시즌까지의 성적으로 추정
2007,이진영,10492,SK,4.0,,22000,실제 연봉,46,3,0,1,,4,4,,,,4,,시즌 전 확정
2007,이태호,2240,삼성,-0.4,,2479,역산 추정,185,1,0,0,,1,1,,,,1,,직전 시즌까지의 성적으로 추정
2007,이택근,10493,현대,4.4,,5940,역산 추정,100,2,1,1,,4,4,,2007,2006 도하 AG,4,국가대표 +1 / 명성: 2006 골든글러브 / 국가대표 +1은 4코인까지,직전 시즌까지의 성적으로 추정
2007,이한진,10150,SK,0.7,,2481,역산 추정,183,1,0,0,,1,1,,,,1,,직전 시즌까지의 성적으로 추정
2007,이현곤,10022,KIA,6.0,,3716,역산 추정,134,2,0,0,,2,2,,,,2,,직전 시즌까지의 성적으로 추정
2007,이현승,10221,현대,-0.4,,3622,역산 추정,140,2,0,0,,2,4,,2010,,4,신인 하한,직전 시즌까지의 성적으로 추정
2007,이호준,10101,SK,2.7,,25000,실제 연봉,33,4,0,0,,4,4,,,,4,,시즌 전 확정
2007,임경완,10298,롯데,2.1,,5486,역산 추정,105,2,0,0,,2,2,,,,2,,직전 시즌까지의 성적으로 추정
2007,임동규,10372,삼성,-0.2,,3924,역산 추정,128,2,0,0,,2,2,,,,2,,직전 시즌까지의 성적으로 추정
2007,임준혁,10068,KIA,0.4,,2479,역산 추정,185,1,0,0,,1,1,,,,1,,직전 시즌까지의 성적으로 추정
2007,임창용,11281,삼성,0.7,,50000,실제 연봉,5,5,-1,1,,5,5,,,,5,,시즌 전 확정
2007,임태훈,10222,두산,4.1,,2479,역산 추정,185,1,0,0,,1,4,,2011,,4,신인 하한,직전 시즌까지의 성적으로 추정
2007,장성호,10032,KIA,3.7,FA 2006 4년 보장 42.0억,45000,실제 연봉,9,5,1,1,5,5,5,,,,5,계약 하한 대상(변경 없음),시즌 전 확정
2007,장시환,10453,현대,-0.2,,2479,역산 추정,185,1,0,0,,1,4,,2011,,4,신인 하한,직전 시즌까지의 성적으로 추정
2007,장원삼,10375,현대,2.9,,4730,역산 추정,116,2,1,0,,3,4,,2010,2006 도하 AG,4,신인 하한 / 국가대표 +1 / 국가대표 +1은 4코인까지,직전 시즌까지의 성적으로 추정
2007,장원준,10299,롯데,1.2,,5452,역산 추정,106,2,0,0,,2,3,,2008,,3,신인 하한,직전 시즌까지의 성적으로 추정
2007,장원진,1682,두산,-0.3,,14290,역산 추정,69,2,0,0,,2,2,,,,2,,직전 시즌까지의 성적으로 추정
2007,전병두,10152,KIA,0.3,,7513,역산 추정,90,2,0,0,,2,2,,,,2,,직전 시즌까지의 성적으로 추정
2007,전병호,1965,삼성,1.6,FA 2007 2년 보장 9.0억,22500,실제 연봉,44,5,0,0,5,5,5,,,,5,계약 하한 대상(변경 없음),시즌 전 확정
2007,전상렬,10194,두산,-0.5,FA 2006 2년 보장 4.0억,20000,FA 연봉 부분,49,3,0,0,3,3,3,,,,3,계약 하한 대상(변경 없음),시즌 전 확정
2007,전준호,10418,현대,2.2,,25000,실제 연봉,33,4,0,1,,5,4,,,,4,커리어 로우·지정 하향,시즌 전 확정
2007,전준호,10153,현대,1.2,,16660,역산 추정,52,3,0,0,,3,3,,,,3,,직전 시즌까지의 성적으로 추정
2007,정경배,10102,SK,0.2,FA 2006 3년 보장 16.0억,25000,실제 연봉,33,5,0,0,5,5,5,,,,5,계약 하한 대상(변경 없음),시즌 전 확정
2007,정근우,10103,SK,5.9,,4230,역산 추정,124,2,1,1,,4,4,,2009,2006 도하 AG,4,국가대표 +1 / 명성: 2006 골든글러브 / 국가대표 +1은 4코인까지,직전 시즌까지의 성적으로 추정
2007,정대현,10154,SK,4.5,,10201,역산 추정,83,2,0,0,,2,2,,,,2,,직전 시즌까지의 성적으로 추정
2007,정민철,10613,한화,4.2,,26000,실제 연봉,32,4,0,1,,5,5,,,,5,,시즌 전 확정
2007,정민태,1716,현대,-0.9,,31080,실제 연봉,20,5,0,1,,5,5,,1996,,5,,시즌 전 확정
2007,정민혁,10693,한화,0.4,,2479,역산 추정,185,1,0,0,,1,1,,,,1,,직전 시즌까지의 성적으로 추정
2007,정보명,10252,롯데,1.6,,2389,역산 추정,235,1,0,0,,1,1,Y,,,2,풀타임 최소 2코인,직전 시즌까지의 성적으로 추정
2007,정상호,10083,SK,0.4,,2150,역산 추정,263,1,0,0,,1,3,,2005,,3,신인 하한,직전 시즌까지의 성적으로 추정
2007,정성훈,10531,두산,0.2,,7499,역산 추정,91,2,0,0,,2,2,,,,2,,직전 시즌까지의 성적으로 추정
2007,정성훈,10479,현대,4.4,,22000,실제 연봉,46,3,0,0,,3,3,,,,3,,시즌 전 확정
2007,정수근,10264,롯데,3.1,FA 2004 6년 보장 40.6억,30000,실제 연봉,23,5,0,0,5,5,5,,,,5,계약 하한 대상(변경 없음),시즌 전 확정
2007,정수성,10419,현대,-0.1,,3149,역산 추정,154,1,0,0,,1,1,,,,1,,직전 시즌까지의 성적으로 추정
2007,정우람,10156,SK,0.4,,5846,역산 추정,101,2,-1,0,,1,1,Y,,,2,풀타임 최소 2코인,직전 시즌까지의 성적으로 추정
2007,정원,2219,KIA,-0.6,,2461,역산 추정,228,1,0,0,,1,1,,,,1,,직전 시즌까지의 성적으로 추정
2007,정원석,10562,두산,0.1,,2307,역산 추정,248,1,0,0,,1,1,,,,1,,직전 시즌까지의 성적으로 추정
2007,정의윤,10655,LG,0.1,,3122,역산 추정,157,1,0,0,,1,4,,2009,,4,신인 하한,직전 시즌까지의 성적으로 추정
2007,정재복,10532,LG,1.7,,7251,역산 추정,93,2,0,0,,2,2,,,,2,,직전 시즌까지의 성적으로 추정
2007,정재훈,10225,두산,1.7,,10909,역산 추정,81,2,0,0,,2,2,,,,4,변동 완충(−1까지) / 전수 판정: 보정 권고,직전 시즌까지의 성적으로 추정
2007,정재훈,2392,두산,0.1,,2479,역산 추정,185,1,0,0,,1,1,,,,1,,직전 시즌까지의 성적으로 추정
2007,정현욱,10377,삼성,-0.1,,4789,역산 추정,114,2,0,0,,2,2,,,,2,,직전 시즌까지의 성적으로 추정
2007,정희상,10577,한화,-0.7,,2479,역산 추정,185,1,0,0,,1,1,,,,1,,직전 시즌까지의 성적으로 추정
2007,조경환,2038,KIA,0.5,,8982,역산 추정,86,2,0,0,,2,2,,2002,,2,,직전 시즌까지의 성적으로 추정
2007,조동찬,10329,삼성,-0.3,,7150,역산 추정,94,2,0,0,,2,2,,,2006 도하 AG,3,국가대표 +1,직전 시즌까지의 성적으로 추정
2007,조동화,10121,SK,1.7,,3128,역산 추정,156,1,0,0,,1,1,Y,,,2,풀타임 최소 2코인,직전 시즌까지의 성적으로 추정
2007,조성민,2365,한화,0.4,,1937,역산 추정,270,1,0,0,,1,1,,,,1,,직전 시즌까지의 성적으로 추정
2007,조순권,2415,현대,0.0,,2479,역산 추정,185,1,0,0,,1,1,,,,1,,직전 시즌까지의 성적으로 추정
2007,조영훈,10330,삼성,-1.2,,2741,역산 추정,166,1,0,0,,1,1,,,,1,,직전 시즌까지의 성적으로 추정
2007,조용훈,10456,현대,2.3,,2479,역산 추정,185,1,0,0,,1,1,Y,,,2,풀타임 최소 2코인,직전 시즌까지의 성적으로 추정
2007,조웅천,10158,SK,3.9,FA 2004 4년 보장 17.5억,23000,실제 연봉,41,5,-1,0,5,4,4,,,,4,계약 하한(가격 변경),시즌 전 확정
2007,조원우,12657,한화,1.8,,16660,역산 추정,52,3,0,0,,3,3,,,,3,,직전 시즌까지의 성적으로 추정
2007,조인성,10463,LG,4.1,,25000,실제 연봉,33,4,0,0,,4,4,,2002,,4,,시즌 전 확정
2007,조정훈,10300,롯데,-0.2,,2389,역산 추정,236,1,0,0,,1,1,,,,1,,직전 시즌까지의 성적으로 추정
2007,조중근,10406,현대,-0.5,,2349,역산 추정,243,1,0,0,,1,1,,,,1,,직전 시즌까지의 성적으로 추정
2007,조현근,10380,삼성,1.6,,2585,역산 추정,173,1,0,0,,1,1,Y,,,2,풀타임 최소 2코인,직전 시즌까지의 성적으로 추정
2007,주형광,1834,롯데,0.4,,16660,역산 추정,52,3,-1,1,,3,3,,1998,,3,,직전 시즌까지의 성적으로 추정
2007,지석훈,10683,현대,0.0,,2327,역산 추정,247,1,0,0,,1,1,,,,1,,직전 시즌까지의 성적으로 추정
2007,진갑용,10314,삼성,3.1,FA 2007 3년 보장 26.0억,50000,실제 연봉,5,5,0,1,5,5,5,,2001,,5,계약 하한 대상(변경 없음),시즌 전 확정
2007,진해수,10075,KIA,-0.3,,2479,역산 추정,185,1,0,0,,1,1,,,,1,,직전 시즌까지의 성적으로 추정
2007,차우찬,10381,삼성,-0.2,,2443,역산 추정,231,1,0,0,,1,3,,2010,,3,신인 하한,직전 시즌까지의 성적으로 추정
2007,차일목,10005,KIA,-0.3,,2481,역산 추정,183,1,0,0,,1,1,,,,1,,직전 시즌까지의 성적으로 추정
2007,차정민,10076,KIA,-0.1,,2611,역산 추정,172,1,0,0,,1,1,,,,1,,직전 시즌까지의 성적으로 추정
2007,차화준,10852,현대,-0.4,,2564,역산 추정,176,1,0,0,,1,1,,,,1,,직전 시즌까지의 성적으로 추정
2007,채병용,10161,SK,4.5,,13170,역산 추정,72,2,0,0,,2,2,,,,2,,직전 시즌까지의 성적으로 추정
2007,채상병,10315,두산,1.2,,2058,역산 추정,266,1,0,0,,1,1,,,,1,,직전 시즌까지의 성적으로 추정
2007,채종국,2086,현대,0.1,,3623,역산 추정,138,2,0,0,,2,2,,,,2,,직전 시즌까지의 성적으로 추정
2007,채태인,10331,삼성,0.1,,2479,역산 추정,185,1,0,0,,1,3,,2011,,3,신인 하한,직전 시즌까지의 성적으로 추정
2007,최경환,10041,롯데,0.1,,4155,역산 추정,127,2,0,0,,2,2,,,,2,,직전 시즌까지의 성적으로 추정
2007,최기문,14231,롯데,0.1,,12598,역산 추정,74,2,0,0,,2,2,,,,2,,직전 시즌까지의 성적으로 추정
2007,최길성,10105,LG,-0.7,,2768,역산 추정,164,1,0,0,,1,1,,,,1,,직전 시즌까지의 성적으로 추정
2007,최길성,10105,롯데,-0.7,,2768,역산 추정,164,1,0,0,,1,1,,,,1,,직전 시즌까지의 성적으로 추정
2007,최대성,10302,롯데,2.2,,2253,역산 추정,255,1,0,0,,1,1,,,,1,,직전 시즌까지의 성적으로 추정
2007,최동수,10481,LG,2.8,,1937,역산 추정,270,1,0,0,,1,1,Y,,,2,풀타임 최소 2코인,직전 시즌까지의 성적으로 추정
2007,최만호,10265,롯데,-0.1,,1937,역산 추정,270,1,0,0,,1,1,,,,1,,직전 시즌까지의 성적으로 추정
2007,최상덕,10616,SK,-0.4,,9514,역산 추정,84,2,0,0,,2,2,,,,2,,직전 시즌까지의 성적으로 추정
2007,최영필,10617,한화,1.2,,5080,역산 추정,110,2,0,0,,2,2,,,,2,,직전 시즌까지의 성적으로 추정
2007,최원호,10537,LG,0.9,,16660,역산 추정,52,3,0,0,,3,3,,,,3,,직전 시즌까지의 성적으로 추정
2007,최정,10106,SK,3.3,,2329,역산 추정,246,1,0,0,,1,1,Y,2009,,2,풀타임 최소 2코인,직전 시즌까지의 성적으로 추정
2007,최준석,10183,두산,1.6,,2951,역산 추정,159,1,0,0,,1,1,Y,,,2,풀타임 최소 2코인,직전 시즌까지의 성적으로 추정
2007,최향남,10743,롯데,0.4,,9267,역산 추정,85,2,0,0,,2,2,,,,2,,직전 시즌까지의 성적으로 추정
2007,최희섭,10025,KIA,2.1,,2479,역산 추정,185,1,0,0,,1,4,,2011,,4,신인 하한,직전 시즌까지의 성적으로 추정
2007,한규식,2089,KIA,-0.0,,2624,역산 추정,171,1,0,0,,1,1,,,,1,,직전 시즌까지의 성적으로 추정
2007,한기주,10077,KIA,2.8,,4408,역산 추정,122,2,0,0,,2,4,,2010,,4,신인 하한,직전 시즌까지의 성적으로 추정
2007,한상훈,10663,한화,2.1,,2006,역산 추정,267,1,0,0,,1,1,Y,,,2,풀타임 최소 2코인,직전 시즌까지의 성적으로 추정
2007,허준,10393,현대,-0.1,,2479,역산 추정,185,1,0,0,,1,1,,,,1,,직전 시즌까지의 성적으로 추정
2007,허준혁,10306,롯데,0.0,,2479,역산 추정,185,1,0,0,,1,1,,,,1,,직전 시즌까지의 성적으로 추정
2007,홍성흔,10256,두산,1.5,,31000,실제 연봉,21,4,0,1,,5,5,,,2006 도하 AG,5,,시즌 전 확정
2007,홍세완,10026,KIA,1.6,,14810,역산 추정,67,2,0,0,,2,2,,,,2,,직전 시즌까지의 성적으로 추정
2007,홍원기,14889,현대,-0.6,,7573,역산 추정,89,2,0,0,,2,2,,,,2,,직전 시즌까지의 성적으로 추정
2007,황동채,10267,롯데,-0.2,,2545,역산 추정,178,1,0,0,,1,1,,,,1,,직전 시즌까지의 성적으로 추정
2007,황두성,10457,현대,1.3,,5568,역산 추정,104,2,0,0,,2,2,,,,2,,직전 시즌까지의 성적으로 추정
2007,황선일,10758,LG,-0.2,,2479,역산 추정,185,1,0,0,,1,1,,,,1,,직전 시즌까지의 성적으로 추정
2007,황재균,10407,현대,1.3,,2479,역산 추정,185,1,0,0,,1,1,,,,1,,직전 시즌까지의 성적으로 추정
2008,가득염,10123,SK,-0.2,,14700,역산 추정,51,3,0,0,,3,3,,,,3,,직전 시즌까지의 성적으로 추정
2008,강귀태,10385,우리,0.6,,3410,역산 추정,149,2,0,0,,2,2,,,,2,,직전 시즌까지의 성적으로 추정
2008,강동우,10564,KIA,-0.3,,14237,역산 추정,70,2,0,0,,2,2,,,,2,,직전 시즌까지의 성적으로 추정
2008,강민호,10232,롯데,5.5,,6512,역산 추정,105,2,0,0,,2,2,,,,2,,직전 시즌까지의 성적으로 추정
2008,강병식,10408,우리,0.8,,2305,역산 추정,259,1,0,0,,1,1,,,,1,,직전 시즌까지의 성적으로 추정
2008,강봉규,10332,삼성,1.1,,2773,역산 추정,171,1,0,0,,1,1,,,,1,,직전 시즌까지의 성적으로 추정
2008,강영식,10269,롯데,1.8,,6882,역산 추정,101,2,0,0,,2,2,,,,2,,직전 시즌까지의 성적으로 추정
2008,강정호,10394,우리,2.4,,2548,역산 추정,189,1,0,0,,1,1,Y,,,2,풀타임 최소 2코인,직전 시즌까지의 성적으로 추정
2008,경헌호,10498,LG,1.9,,7242,역산 추정,97,2,0,0,,2,2,,,,2,,직전 시즌까지의 성적으로 추정
2008,고동진,10666,한화,-0.3,,4674,역산 추정,123,2,0,0,,2,2,,,,2,,직전 시즌까지의 성적으로 추정
2008,고영민,10171,두산,4.0,,6530,역산 추정,104,2,0,1,,3,3,,,,4,명성: 2007 골든글러브 / 편집 지정 4,직전 시즌까지의 성적으로 추정
2008,고우석,10042,KIA,0.0,,2365,역산 추정,256,1,0,0,,1,1,,,,1,,직전 시즌까지의 성적으로 추정
2008,곽동훈,10347,삼성,0.1,,2548,역산 추정,189,1,0,0,,1,1,,,,1,,직전 시즌까지의 성적으로 추정
2008,곽정철,10043,KIA,0.8,,2548,역산 추정,189,1,0,0,,1,1,,,,1,,직전 시즌까지의 성적으로 추정
2008,구대성,10580,한화,1.0,,47000,실제 연봉,8,5,0,1,,5,5,,,,5,,시즌 전 확정
2008,권도영,10395,우리,-0.1,,2548,역산 추정,189,1,0,0,,1,1,,,,1,,직전 시즌까지의 성적으로 추정
2008,권영진,10087,SK,-0.5,,2548,역산 추정,189,1,0,0,,1,1,,,,1,,직전 시즌까지의 성적으로 추정
2008,권오원,10349,삼성,0.6,,2274,역산 추정,267,1,0,0,,1,1,,,,1,,직전 시즌까지의 성적으로 추정
2008,권오준,10350,삼성,0.3,,17000,실제 연봉,48,3,0,0,,3,3,,,,3,,시즌 전 확정
2008,권용관,10465,LG,0.0,,3240,역산 추정,159,1,-1,0,,1,1,,,,1,,직전 시즌까지의 성적으로 추정
2008,권혁,10351,삼성,2.4,,5403,역산 추정,114,2,0,0,,2,3,,2007,,2,"신인 하한 / 신인 하한 종료(달력 5시즌, 군 복무 외 공백은 연장 안 함)",직전 시즌까지의 성적으로 추정
2008,금민철,10425,두산,2.2,,3950,역산 추정,137,2,0,0,,2,2,,,,2,,직전 시즌까지의 성적으로 추정
2008,김강민,10108,SK,1.0,,3263,역산 추정,158,1,-1,0,,1,3,,2009,,3,신인 하한,직전 시즌까지의 성적으로 추정
2008,김경선,10582,한화,0.2,,2468,역산 추정,244,1,0,0,,1,1,,,,1,,직전 시즌까지의 성적으로 추정
2008,김광수,10502,LG,-0.7,,2809,역산 추정,169,1,0,0,,1,1,,,,1,,직전 시즌까지의 성적으로 추정
2008,김광현,10126,SK,6.5,,3420,역산 추정,148,2,0,0,,2,4,,2011,,4,신인 하한,직전 시즌까지의 성적으로 추정
2008,김기태,10718,삼성,-0.4,,2567,역산 추정,186,1,0,0,,1,1,,,,1,,직전 시즌까지의 성적으로 추정
2008,김동수,10386,우리,0.8,,14700,역산 추정,51,3,0,0,,3,3,,,,3,,직전 시즌까지의 성적으로 추정
2008,김동주,10173,두산,4.4,FA 2008 1년 보장 9.0억,70000,실제 연봉,2,5,1,1,5,5,5,,2002,,5,계약 하한 대상(변경 없음),시즌 전 확정
2008,김명제,10197,두산,2.3,,5462,역산 추정,113,2,0,0,,2,3,,2009,,3,신인 하한,직전 시즌까지의 성적으로 추정
2008,김문수,10354,삼성,-0.1,,2619,역산 추정,181,1,0,0,,1,1,,,,1,,직전 시즌까지의 성적으로 추정
2008,김민기,10504,LG,-0.4,,10646,역산 추정,78,2,0,0,,2,2,,,,2,,직전 시즌까지의 성적으로 추정
2008,김민재,10550,한화,3.1,FA 2006 4년 보장 14.0억,20000,실제 연봉,40,5,0,0,5,5,5,,,,5,계약 하한 대상(변경 없음),시즌 전 확정
2008,김백만,10584,한화,0.0,,2291,역산 추정,262,1,0,0,,1,1,,,,1,,직전 시즌까지의 성적으로 추정
2008,김사율,10272,롯데,0.6,,3848,역산 추정,140,2,0,0,,2,2,,,,2,,직전 시즌까지의 성적으로 추정
2008,김상수,10427,삼성,-0.5,,2548,역산 추정,189,1,0,0,,1,3,,2012,,3,신인 하한,직전 시즌까지의 성적으로 추정
2008,김상현,10007,LG,0.7,,3329,역산 추정,154,1,0,0,,1,1,,,,1,,직전 시즌까지의 성적으로 추정
2008,김상훈,10001,KIA,0.6,,14700,역산 추정,51,3,0,0,,3,3,,,,3,,직전 시즌까지의 성적으로 추정
2008,김선빈,10008,KIA,1.1,,2548,역산 추정,189,1,0,0,,1,1,Y,,,2,풀타임 최소 2코인,직전 시즌까지의 성적으로 추정
2008,김선우,10200,두산,0.6,,40000,실제 연봉,10,5,0,0,,5,5,,2012,,5,,시즌 전 확정
2008,김성현,10429,우리,0.6,,2548,역산 추정,189,1,0,0,,1,1,,,,1,,직전 시즌까지의 성적으로 추정
2008,김세현,10431,우리,-0.4,,2704,역산 추정,175,1,0,0,,1,3,,2011,,3,신인 하한,직전 시즌까지의 성적으로 추정
2008,김수경,10430,우리,1.8,FA 2007 3년 보장 5.0억,34000,실제 연봉,17,3,0,1,3,4,4,,,,4,계약 하한 대상(변경 없음),시즌 전 확정
2008,김수형,10505,LG,-0.1,,2548,역산 추정,189,1,0,0,,1,1,,,,1,,직전 시즌까지의 성적으로 추정
2008,김연훈,10089,SK,-0.9,,2377,역산 추정,254,1,0,0,,1,1,,,,1,,직전 시즌까지의 성적으로 추정
2008,김용우,10091,LG,-0.1,,2387,역산 추정,252,1,0,0,,1,1,,,,1,,직전 시즌까지의 성적으로 추정
2008,김용의,10466,LG,-0.0,,2548,역산 추정,189,1,0,0,,1,1,,,,1,,직전 시즌까지의 성적으로 추정
2008,김원섭,10029,KIA,4.2,,3338,역산 추정,153,1,0,0,,1,1,Y,,,2,풀타임 최소 2코인,직전 시즌까지의 성적으로 추정
2008,김원형,14890,SK,2.3,FA 2007 2년 보장 7.5억,25000,실제 연봉,28,5,-1,0,5,4,5,,,,5,계약 하한(가격 변경),시즌 전 확정
2008,김이슬,10275,롯데,0.5,,2548,역산 추정,189,1,0,0,,1,1,,,,1,,직전 시즌까지의 성적으로 추정
2008,김일경,10398,우리,0.7,,2710,역산 추정,174,1,0,0,,1,1,,,,1,,직전 시즌까지의 성적으로 추정
2008,김일엽,10276,롯데,1.2,,2548,역산 추정,189,1,0,0,,1,1,,,,1,,직전 시즌까지의 성적으로 추정
2008,김재걸,10321,삼성,-0.2,FA 2007 2년 보장 5.6억,28000,FA 연봉 부분,25,4,0,0,4,4,4,,1999,,4,계약 하한 대상(변경 없음),시즌 전 확정
2008,김재현,10109,SK,3.8,FA 2005 4년 보장 20.7억,30000,실제 연봉,19,5,0,0,5,5,5,,,,5,계약 하한 대상(변경 없음),시즌 전 확정
2008,김재현,10766,LG,-0.2,,3537,역산 추정,147,2,0,0,,2,2,,,,2,,직전 시즌까지의 성적으로 추정
2008,김재호,10174,두산,0.9,,2469,역산 추정,243,1,0,0,,1,4,,2009,,4,신인 하한,직전 시즌까지의 성적으로 추정
2008,김정민,10458,LG,1.9,,1991,역산 추정,280,1,0,0,,1,1,,,,1,,직전 시즌까지의 성적으로 추정
2008,김종국,10009,KIA,2.0,FA 2007 2년 보장 5.5억,27500,FA 연봉 부분,26,4,0,1,4,5,5,,,,5,계약 하한 대상(변경 없음),시즌 전 확정
2008,김주찬,10239,롯데,2.4,,4114,역산 추정,133,2,-1,0,,1,1,Y,,,2,풀타임 최소 2코인,직전 시즌까지의 성적으로 추정
2008,김주현,10318,삼성,0.0,,2548,역산 추정,189,1,0,0,,1,1,,,,1,,직전 시즌까지의 성적으로 추정
2008,김주형,10650,KIA,-0.2,,2402,역산 추정,250,1,0,0,,1,1,,,,1,,직전 시즌까지의 성적으로 추정
2008,김준호,10484,LG,0.2,,2548,역산 추정,189,1,0,0,,1,1,,,,1,,직전 시즌까지의 성적으로 추정
2008,김창희,10334,삼성,1.2,,9696,역산 추정,81,2,0,0,,2,2,,,,2,,직전 시즌까지의 성적으로 추정
2008,김태균,10552,한화,8.1,,29000,실제 연봉,24,4,1,1,,5,5,,2005,,5,,시즌 전 확정
2008,김태영,10198,두산,4.0,,2931,역산 추정,166,1,0,0,,1,1,Y,,,2,풀타임 최소 2코인,직전 시즌까지의 성적으로 추정
2008,김태완,10467,LG,0.4,,2208,역산 추정,277,1,0,0,,1,1,,,,1,,직전 시즌까지의 성적으로 추정
2008,김태완,10553,한화,2.6,,2555,역산 추정,187,1,0,0,,1,1,Y,,,2,풀타임 최소 2코인,직전 시즌까지의 성적으로 추정
2008,김혁민,10587,한화,0.6,,2548,역산 추정,189,1,0,0,,1,1,Y,,,2,풀타임 최소 2코인,직전 시즌까지의 성적으로 추정
2008,김현수,10187,두산,8.2,,3321,역산 추정,155,1,0,0,,1,1,Y,,,2,풀타임 최소 2코인,직전 시즌까지의 성적으로 추정
2008,김형철,10010,KIA,-0.6,,2248,역산 추정,268,1,0,0,,1,1,,,,1,,직전 시즌까지의 성적으로 추정
2008,나승현,10279,롯데,0.3,,4027,역산 추정,135,2,0,0,,2,2,,,,2,,직전 시즌까지의 성적으로 추정
2008,나주환,10092,SK,-0.3,,2518,역산 추정,235,1,0,0,,1,1,Y,,,2,풀타임 최소 2코인,직전 시즌까지의 성적으로 추정
2008,나지완,10030,KIA,2.5,,2548,역산 추정,189,1,0,0,,1,1,,,,1,,직전 시즌까지의 성적으로 추정
2008,노경은,10203,두산,-0.2,,2366,역산 추정,255,1,0,0,,1,3,,2007,,3,신인 하한,직전 시즌까지의 성적으로 추정
2008,노환수,10433,우리,0.2,,5534,역산 추정,112,2,0,0,,2,2,,,,2,,직전 시즌까지의 성적으로 추정
2008,류택현,10507,LG,-0.5,FA 2008 3년 보장 6.5억,21667,FA 연봉 부분,37,4,0,0,4,4,4,,,,4,계약 하한 대상(변경 없음),시즌 전 확정
2008,류현진,10590,한화,4.5,,18000,실제 연봉,44,3,1,1,,5,5,,2010,,5,,시즌 전 확정
2008,마일영,10592,우리,4.2,,10687,역산 추정,77,2,0,0,,2,2,,,,2,,직전 시즌까지의 성적으로 추정
2008,마정길,10436,한화,3.1,,5379,역산 추정,115,2,0,0,,2,2,,,,2,,직전 시즌까지의 성적으로 추정
2008,마해영,1865,롯데,-0.8,,14700,역산 추정,51,3,0,0,,3,3,,,,3,,직전 시즌까지의 성적으로 추정
2008,모창민,10093,SK,-0.7,,2548,역산 추정,189,1,0,0,,1,1,,,,1,,직전 시즌까지의 성적으로 추정
2008,문수호,10049,KIA,-0.3,,3290,역산 추정,157,1,-1,0,,1,1,,,,1,,직전 시즌까지의 성적으로 추정
2008,민병헌,10188,두산,-0.8,,3098,역산 추정,163,1,0,0,,1,3,,2010,,3,신인 하한,직전 시즌까지의 성적으로 추정
2008,민태호,10434,우리,0.0,,2548,역산 추정,189,1,0,0,,1,1,,,,1,,직전 시즌까지의 성적으로 추정
2008,박경수,10469,LG,1.6,,5200,역산 추정,117,2,0,0,,2,2,,2007,,2,,직전 시즌까지의 성적으로 추정
2008,박경완,10080,SK,3.9,FA 2007 2년 보장 10.0억,30000,실제 연봉,19,5,0,1,5,5,5,,,,5,계약 하한 대상(변경 없음) / 명성: 2007 골든글러브,시즌 전 확정
2008,박경태,10050,KIA,-0.1,,2548,역산 추정,189,1,0,0,,1,1,,,,1,,직전 시즌까지의 성적으로 추정
2008,박근홍,11112,KIA,-0.1,,3569,역산 추정,146,2,0,0,,2,2,,,,2,,직전 시즌까지의 성적으로 추정
2008,박기혁,10241,롯데,2.8,,7029,역산 추정,99,2,0,0,,2,2,,,,2,,직전 시즌까지의 성적으로 추정
2008,박명환,10510,LG,-0.5,FA 2007 4년 보장 40.0억,50000,실제 연봉,5,5,0,0,5,5,5,,,,5,계약 하한 대상(변경 없음),시즌 전 확정
2008,박민석,10205,두산,1.2,,2548,역산 추정,189,1,0,0,,1,1,,,,1,,직전 시즌까지의 성적으로 추정
2008,박석민,10322,삼성,4.7,,2231,역산 추정,272,1,0,0,,1,1,Y,,,2,풀타임 최소 2코인,직전 시즌까지의 성적으로 추정
2008,박승민,10439,우리,0.8,,6826,역산 추정,102,2,0,0,,2,2,,,,2,,직전 시즌까지의 성적으로 추정
2008,박용근,10471,LG,-0.1,,2443,역산 추정,248,1,0,0,,1,1,,,,1,,직전 시즌까지의 성적으로 추정
2008,박용택,10485,LG,1.3,,18000,실제 연봉,44,3,0,0,,3,3,,2006,,3,,시즌 전 확정
2008,박재상,10112,SK,1.6,,3787,역산 추정,141,2,0,0,,2,2,,,,2,,직전 시즌까지의 성적으로 추정
2008,박재홍,10113,SK,5.5,FA 2006 4년 보장 30.0억,40000,실제 연봉,10,5,0,0,5,5,5,,2000,,5,계약 하한 대상(변경 없음),시즌 전 확정
2008,박정권,10096,SK,0.1,,2280,역산 추정,265,1,0,0,,1,1,,,,1,,직전 시즌까지의 성적으로 추정
2008,박정환,10097,SK,0.5,,2643,역산 추정,179,1,0,0,,1,1,,,,1,,직전 시즌까지의 성적으로 추정
2008,박종윤,10243,롯데,-0.1,,2206,역산 추정,278,1,0,0,,1,1,,,,1,,직전 시즌까지의 성적으로 추정
2008,박종호,1668,삼성,0.1,,18000,실제 연봉,44,3,0,0,,3,3,,,,3,,시즌 전 확정
2008,박진만,10323,삼성,3.2,FA 2005 4년 보장 39.0억,45000,실제 연봉,9,5,1,1,5,5,5,,,,5,계약 하한 대상(변경 없음),시즌 전 확정
2008,박한이,10336,삼성,6.0,,24300,실제 연봉,31,4,0,1,,5,5,,,,5,,시즌 전 확정
2008,박현승,10246,롯데,-1.5,,14700,역산 추정,51,3,0,0,,3,3,,,,3,,직전 시즌까지의 성적으로 추정
2008,배영수,10362,삼성,1.7,,30000,실제 연봉,19,5,0,1,,5,5,,,,5,,시즌 전 확정
2008,배장호,10281,롯데,0.8,,2729,역산 추정,173,1,0,0,,1,1,,,,1,,직전 시즌까지의 성적으로 추정
2008,배힘찬,10440,우리,-0.2,,2548,역산 추정,189,1,0,0,,1,1,,,,1,,직전 시즌까지의 성적으로 추정
2008,봉중근,10514,LG,6.0,,25000,실제 연봉,28,4,-1,0,,3,4,,2011,,4,신인 하한,시즌 전 확정
2008,서동욱,10486,LG,0.6,,2220,역산 추정,274,1,0,0,,1,1,,,,1,,직전 시즌까지의 성적으로 추정
2008,서재응,10053,KIA,1.4,,50000,실제 연봉,5,5,0,0,,5,5,,2012,,5,,시즌 전 확정
2008,손민한,10284,롯데,5.9,,40000,실제 연봉,10,5,1,1,,5,5,,2001,,5,,시즌 전 확정
2008,손아섭,10261,롯데,1.9,,2548,역산 추정,189,1,0,0,,1,1,,,,1,,직전 시즌까지의 성적으로 추정
2008,손영민,10054,KIA,1.4,,4113,역산 추정,134,2,0,0,,2,2,,,,2,,직전 시즌까지의 성적으로 추정
2008,손인호,10487,LG,0.7,,6088,역산 추정,109,2,0,0,,2,2,,,,2,,직전 시즌까지의 성적으로 추정
2008,손지환,10098,삼성,-0.2,,4537,역산 추정,125,2,0,0,,2,2,,,,2,,직전 시즌까지의 성적으로 추정
2008,송광민,10555,한화,0.9,,2463,역산 추정,245,1,0,0,,1,3,,2011,,3,신인 하한,직전 시즌까지의 성적으로 추정
2008,송승준,10285,롯데,2.5,,3720,역산 추정,144,2,0,0,,2,4,,2011,,4,신인 하한,직전 시즌까지의 성적으로 추정
2008,송신영,10443,우리,0.2,,14700,역산 추정,51,3,0,0,,3,3,,,,3,,직전 시즌까지의 성적으로 추정
2008,송은범,10137,SK,2.0,,3761,역산 추정,143,2,0,0,,2,3,,2007,,2,"신인 하한 / 신인 하한 종료(달력 5시즌, 군 복무 외 공백은 연장 안 함)",직전 시즌까지의 성적으로 추정
2008,송지만,10412,우리,1.4,FA 2006 3년 보장 18.0억,22000,실제 연봉,35,5,0,0,5,5,5,,,,5,계약 하한 대상(변경 없음),시즌 전 확정
2008,송진우,10597,한화,1.4,,24000,실제 연봉,32,4,0,1,,5,5,,,,5,,시즌 전 확정
2008,송현우,10517,LG,0.6,,2387,역산 추정,251,1,0,0,,1,1,,,,1,,직전 시즌까지의 성적으로 추정
2008,신경현,10542,한화,2.5,,3869,역산 추정,139,2,0,0,,2,2,,,,2,,직전 시즌까지의 성적으로 추정
2008,신명철,10327,삼성,-0.8,,4170,역산 추정,131,2,0,0,,2,2,,2005,,2,,직전 시즌까지의 성적으로 추정
2008,신철인,10444,우리,0.3,,14700,역산 추정,51,3,0,0,,3,3,,,,3,,직전 시즌까지의 성적으로 추정
2008,심광호,10310,삼성,-0.2,,2510,역산 추정,237,1,0,0,,1,1,,,,1,,직전 시즌까지의 성적으로 추정
2008,심수창,10518,LG,0.1,,5026,역산 추정,119,2,0,0,,2,2,,,,2,,직전 시즌까지의 성적으로 추정
2008,심정수,1811,삼성,0.4,FA 2005 4년 보장 60.0억,75000,실제 연봉,1,5,1,1,5,5,5,,,,5,계약 하한 대상(변경 없음),시즌 전 확정
2008,안경현,10099,두산,0.0,,30000,실제 연봉,19,5,0,1,,5,5,,,,5,,시즌 전 확정
2008,안영명,10600,한화,0.2,,6324,역산 추정,107,2,0,0,,2,2,,2007,,2,,직전 시즌까지의 성적으로 추정
2008,안지만,10364,삼성,2.2,,6467,역산 추정,106,2,0,0,,2,2,,,,2,,직전 시즌까지의 성적으로 추정
2008,안치용,10488,LG,3.7,,2139,역산 추정,279,1,0,0,,1,1,Y,,,2,풀타임 최소 2코인,직전 시즌까지의 성적으로 추정
2008,양준혁,10339,삼성,1.9,,70000,실제 연봉,2,5,1,1,,5,4,,,,4,커리어 로우·지정 하향,시즌 전 확정
2008,양현종,10058,KIA,-0.1,,2670,역산 추정,176,1,0,0,,1,4,,2011,,4,신인 하한,직전 시즌까지의 성적으로 추정
2008,양훈,10602,한화,-1.0,,4936,역산 추정,121,2,0,0,,2,2,,,,2,,직전 시즌까지의 성적으로 추정
2008,연경흠,10571,한화,0.6,,2492,역산 추정,238,1,0,0,,1,1,,,,1,,직전 시즌까지의 성적으로 추정
2008,염종석,1689,롯데,0.6,,14700,역산 추정,51,3,-1,1,,3,3,,,,3,,직전 시즌까지의 성적으로 추정
2008,오상민,10519,LG,0.9,,14700,역산 추정,51,3,0,0,,3,3,,,,3,,직전 시즌까지의 성적으로 추정
2008,오선진,10557,한화,-0.2,,2548,역산 추정,189,1,0,0,,1,1,,,,1,,직전 시즌까지의 성적으로 추정
2008,오승환,10367,삼성,3.4,,22000,실제 연봉,35,4,0,1,,5,5,,2009,,5,명성: 2007 세이브 1위,시즌 전 확정
2008,오윤,10413,우리,-0.1,,2479,역산 추정,241,1,0,0,,1,1,,,,1,,직전 시즌까지의 성적으로 추정
2008,오재원,10178,두산,-0.3,,2555,역산 추정,187,1,0,0,,1,1,,,,1,,직전 시즌까지의 성적으로 추정
2008,오재필,10665,한화,-0.3,,2548,역산 추정,189,1,0,0,,1,1,,,,1,,직전 시즌까지의 성적으로 추정
2008,오준형,10059,KIA,-0.5,,2472,역산 추정,242,1,0,0,,1,1,,,,1,,직전 시즌까지의 성적으로 추정
2008,우규민,10523,LG,0.0,,8597,역산 추정,85,2,0,0,,2,3,,2008,,3,신인 하한,직전 시즌까지의 성적으로 추정
2008,우동균,10341,삼성,1.0,,2548,역산 추정,189,1,0,0,,1,4,,2012,,4,신인 하한,직전 시즌까지의 성적으로 추정
2008,유동훈,10060,KIA,1.9,,5988,역산 추정,110,2,0,0,,2,2,,,,2,,직전 시즌까지의 성적으로 추정
2008,유원상,10604,한화,1.0,,2648,역산 추정,178,1,0,0,,1,4,,2011,,4,신인 하한,직전 시즌까지의 성적으로 추정
2008,유재신,10401,우리,-0.1,,2548,역산 추정,189,1,0,0,,1,1,,,,1,,직전 시즌까지의 성적으로 추정
2008,유재웅,10191,두산,0.4,,2231,역산 추정,271,1,0,0,,1,1,,,,1,,직전 시즌까지의 성적으로 추정
2008,윤규진,10606,한화,1.2,,5232,역산 추정,116,2,0,0,,2,2,,,,2,,직전 시즌까지의 성적으로 추정
2008,윤기호,10608,한화,-0.0,,2548,역산 추정,189,1,0,0,,1,1,,,,1,,직전 시즌까지의 성적으로 추정
2008,윤길현,10142,SK,1.7,,9328,역산 추정,82,2,0,0,,2,2,,,,2,,직전 시즌까지의 성적으로 추정
2008,윤석민,10061,KIA,6.1,,10716,역산 추정,76,2,0,0,,2,2,,,,2,,직전 시즌까지의 성적으로 추정
2008,윤성환,10368,삼성,2.4,,4367,역산 추정,128,2,0,0,,2,3,,2008,,3,신인 하한,직전 시즌까지의 성적으로 추정
2008,윤재국,10117,한화,0.7,,3375,역산 추정,150,2,0,0,,2,2,,,,2,,직전 시즌까지의 성적으로 추정
2008,이대수,10558,두산,0.9,,4656,역산 추정,124,2,0,0,,2,2,,,,2,,직전 시즌까지의 성적으로 추정
2008,이대진,10062,KIA,0.5,,14700,역산 추정,51,3,0,1,,4,4,,,,4,,직전 시즌까지의 성적으로 추정
2008,이대형,10490,LG,2.5,,3911,역산 추정,138,2,0,1,,3,3,,,,3,명성: 2007 골든글러브,직전 시즌까지의 성적으로 추정
2008,이대호,10251,롯데,5.2,,36000,실제 연봉,15,5,1,1,,5,5,,,,5,,시즌 전 확정
2008,이도형,10543,한화,-0.1,,12711,역산 추정,73,2,0,0,,2,2,,,,2,,직전 시즌까지의 성적으로 추정
2008,이동학,10447,우리,0.1,,2733,역산 추정,172,1,0,0,,1,1,,,,1,,직전 시즌까지의 성적으로 추정
2008,이동현,10063,KIA,0.0,,2317,역산 추정,258,1,0,0,,1,1,,,,1,,직전 시즌까지의 성적으로 추정
2008,이범석,10067,KIA,2.4,,2481,역산 추정,240,1,0,0,,1,1,Y,,,2,풀타임 최소 2코인,직전 시즌까지의 성적으로 추정
2008,이범준,10525,LG,0.5,,2548,역산 추정,189,1,0,0,,1,1,Y,,,2,풀타임 최소 2코인,직전 시즌까지의 성적으로 추정
2008,이범호,10559,한화,5.5,,21000,실제 연봉,38,4,0,1,,5,5,,,,5,,시즌 전 확정
2008,이병규,10477,LG,-0.1,,2548,역산 추정,189,1,0,0,,1,1,,,,1,,직전 시즌까지의 성적으로 추정
2008,이보근,10448,우리,-0.1,,2594,역산 추정,184,1,0,0,,1,1,,,,1,,직전 시즌까지의 성적으로 추정
2008,이상목,1553,삼성,0.4,,14700,역산 추정,51,3,0,0,,3,3,,,,3,,직전 시즌까지의 성적으로 추정
2008,이성열,10168,LG,-0.6,,2935,역산 추정,165,1,0,0,,1,1,,,,1,,직전 시즌까지의 성적으로 추정
2008,이성열,10168,두산,-0.6,,2935,역산 추정,165,1,0,0,,1,1,,,,1,,직전 시즌까지의 성적으로 추정
2008,이성우,10004,KIA,-0.6,,2548,역산 추정,189,1,0,0,,1,1,,,,1,,직전 시즌까지의 성적으로 추정
2008,이숭용,10402,우리,0.7,,17000,실제 연봉,48,3,0,1,,4,4,,,,4,,시즌 전 확정
2008,이승학,10216,두산,0.6,,3179,역산 추정,161,1,0,0,,1,4,,2011,,4,신인 하한,직전 시즌까지의 성적으로 추정
2008,이승호,10148,LG,-0.6,,13875,역산 추정,71,2,0,0,,2,2,,,,2,,직전 시즌까지의 성적으로 추정
2008,이승호,10147,SK,0.9,,14700,역산 추정,51,3,0,0,,3,3,,,,3,,직전 시즌까지의 성적으로 추정
2008,이여상,10560,한화,0.5,,2548,역산 추정,189,1,0,0,,1,1,,,,1,,직전 시즌까지의 성적으로 추정
2008,이영수,10017,KIA,-0.4,,2548,역산 추정,189,1,0,0,,1,1,,,,1,,직전 시즌까지의 성적으로 추정
2008,이영우,10574,한화,1.9,,21000,실제 연봉,38,4,0,1,,5,4,,,,4,커리어 로우·지정 하향,시즌 전 확정
2008,이영욱,10634,SK,0.9,,6261,역산 추정,108,2,0,0,,2,2,,,,2,,직전 시즌까지의 성적으로 추정
2008,이용규,10035,KIA,6.0,,10821,역산 추정,75,2,0,0,,2,2,,,,3,변동 완충(−1까지),직전 시즌까지의 성적으로 추정
2008,이용찬,10217,두산,0.9,,2548,역산 추정,189,1,0,0,,1,4,,2012,,4,신인 하한,직전 시즌까지의 성적으로 추정
2008,이용훈,10291,롯데,2.0,,4420,역산 추정,127,2,0,0,,2,2,,,,2,,직전 시즌까지의 성적으로 추정
2008,이우민,11398,롯데,-1.1,,2276,역산 추정,266,1,0,0,,1,1,,,,1,,직전 시즌까지의 성적으로 추정
2008,이원석,10180,롯데,0.4,,3964,역산 추정,136,2,0,0,,2,3,,2009,,3,신인 하한,직전 시즌까지의 성적으로 추정
2008,이원재,10218,두산,-0.4,,2548,역산 추정,189,1,0,0,,1,1,,,,1,,직전 시즌까지의 성적으로 추정
2008,이인구,10263,롯데,1.1,,2234,역산 추정,270,1,0,0,,1,1,,,,1,,직전 시즌까지의 성적으로 추정
2008,이재영,10529,두산,-0.2,,13329,역산 추정,72,2,0,0,,2,2,,,,2,,직전 시즌까지의 성적으로 추정
2008,이재영,10529,LG,-0.2,,13329,역산 추정,72,2,0,0,,2,2,,,,2,,직전 시즌까지의 성적으로 추정
2008,이재우,10219,두산,4.4,,6745,역산 추정,103,2,1,0,,3,3,,,,3,,직전 시즌까지의 성적으로 추정
2008,이재원,10082,SK,2.1,,2893,역산 추정,167,1,0,0,,1,4,,2010,,4,신인 하한,직전 시즌까지의 성적으로 추정
2008,이재주,10020,KIA,2.3,FA 2008 1년 보장 0.8억,8000,FA 연봉 부분,90,3,0,0,3,3,3,,,,3,계약 하한 대상(변경 없음),시즌 전 확정
2008,이정호,10450,우리,-0.1,,2211,역산 추정,275,1,0,0,,1,3,,2005,,1,"신인 하한 / 신인 하한 종료(달력 5시즌, 군 복무 외 공백은 연장 안 함)",직전 시즌까지의 성적으로 추정
2008,이종범,10036,KIA,2.0,,20000,실제 연봉,40,4,0,1,,5,4,,1997,,4,커리어 로우·지정 하향,시즌 전 확정
2008,이종열,10478,LG,0.2,,17000,실제 연봉,48,3,0,0,,3,3,,,,3,,시즌 전 확정
2008,이종욱,10192,두산,4.2,,8110,역산 추정,89,2,1,1,,4,4,,,,4,명성: 2007 골든글러브,직전 시즌까지의 성적으로 추정
2008,이진영,10492,SK,2.9,,24000,실제 연봉,32,4,0,1,,5,5,,,,5,,시즌 전 확정
2008,이택근,10493,우리,4.5,,10441,역산 추정,80,2,0,0,,2,2,,2007,,4,편집 지정 4,직전 시즌까지의 성적으로 추정
2008,이한진,10150,SK,-0.1,,2655,역산 추정,177,1,0,0,,1,1,,,,1,,직전 시즌까지의 성적으로 추정
2008,이현곤,10022,KIA,0.8,,7423,역산 추정,94,2,1,1,,4,4,,,,4,명성: 2007 타율 1위,직전 시즌까지의 성적으로 추정
2008,이현승,10221,우리,1.7,,5061,역산 추정,118,2,-1,0,,1,4,,2010,,4,신인 하한,직전 시즌까지의 성적으로 추정
2008,이혜천,10642,두산,1.4,,14700,역산 추정,51,3,0,0,,3,3,,,,3,,직전 시즌까지의 성적으로 추정
2008,이호신,10038,KIA,-0.1,,2548,역산 추정,189,1,0,0,,1,1,,,,1,,직전 시즌까지의 성적으로 추정
2008,이희근,10544,한화,0.3,,2548,역산 추정,189,1,0,0,,1,1,,,,1,,직전 시즌까지의 성적으로 추정
2008,임경완,10298,롯데,0.7,,8427,역산 추정,87,2,0,0,,2,2,,,,2,,직전 시즌까지의 성적으로 추정
2008,임준혁,10068,KIA,0.8,,2595,역산 추정,183,1,0,0,,1,1,Y,,,2,풀타임 최소 2코인,직전 시즌까지의 성적으로 추정
2008,임태훈,10222,두산,2.5,,4966,역산 추정,120,2,0,0,,2,4,,2011,,4,신인 하한,직전 시즌까지의 성적으로 추정
2008,장문석,10069,KIA,-0.0,,14700,역산 추정,51,3,0,0,,3,3,,,,3,,직전 시즌까지의 성적으로 추정
2008,장성호,10032,KIA,3.2,FA 2006 4년 보장 42.0억,55000,실제 연봉,4,5,0,1,5,5,5,,,,5,계약 하한 대상(변경 없음),시즌 전 확정
2008,장원삼,10375,우리,6.6,,7375,역산 추정,96,2,0,0,,2,4,,2010,,4,신인 하한,직전 시즌까지의 성적으로 추정
2008,장원준,10299,롯데,3.0,,7453,역산 추정,93,2,0,0,,2,3,,2008,,3,신인 하한,직전 시즌까지의 성적으로 추정
2008,장진용,10750,LG,-0.2,,2305,역산 추정,260,1,0,0,,1,1,,,,1,,직전 시즌까지의 성적으로 추정
2008,장태종,10762,우리,-0.4,,2548,역산 추정,189,1,0,0,,1,1,,,,1,,직전 시즌까지의 성적으로 추정
2008,전근표,10575,우리,0.1,,2593,역산 추정,185,1,0,0,,1,1,,2004,,1,,직전 시즌까지의 성적으로 추정
2008,전병두,10152,KIA,0.4,,7787,역산 추정,92,2,0,0,,2,2,,,,2,,직전 시즌까지의 성적으로 추정
2008,전병두,10152,SK,0.4,,7787,역산 추정,92,2,0,0,,2,2,,,,2,,직전 시즌까지의 성적으로 추정
2008,전병호,1965,삼성,0.6,FA 2007 2년 보장 9.0억,22500,실제 연봉,34,5,0,0,5,5,5,,,,5,계약 하한 대상(변경 없음),시즌 전 확정
2008,전상렬,10194,두산,-0.6,,14700,역산 추정,51,3,0,0,,3,3,,,,3,,직전 시즌까지의 성적으로 추정
2008,전유수,10841,우리,-0.4,,2548,역산 추정,189,1,0,0,,1,1,,,,1,,직전 시즌까지의 성적으로 추정
2008,전준우,10266,롯데,-0.3,,2548,역산 추정,189,1,0,0,,1,1,,,,1,,직전 시즌까지의 성적으로 추정
2008,전준호,10418,우리,2.7,,14700,역산 추정,51,3,0,1,,4,4,,,,4,,직전 시즌까지의 성적으로 추정
2008,전준호,10153,우리,-0.1,,14700,역산 추정,51,3,0,0,,3,3,,,,3,,직전 시즌까지의 성적으로 추정
2008,정경배,10102,SK,-0.2,FA 2006 3년 보장 16.0억,25000,실제 연봉,28,5,-1,0,5,4,5,,,,5,계약 하한(가격 변경),시즌 전 확정
2008,정근우,10103,SK,4.5,,8411,역산 추정,88,2,1,0,,3,3,,2009,,3,,직전 시즌까지의 성적으로 추정
2008,정대현,10154,SK,2.5,,20000,실제 연봉,40,4,0,0,,4,4,,,,4,,시즌 전 확정
2008,정민철,10613,한화,0.5,,26000,실제 연봉,27,4,0,1,,5,5,,,,5,,시즌 전 확정
2008,정보명,10252,롯데,0.5,,3373,역산 추정,151,1,0,0,,1,1,Y,,,2,풀타임 최소 2코인,직전 시즌까지의 성적으로 추정
2008,정상호,10083,SK,0.6,,2245,역산 추정,269,1,0,0,,1,3,,2005,,1,"신인 하한 / 신인 하한 종료(달력 5시즌, 군 복무 외 공백은 연장 안 함)",직전 시즌까지의 성적으로 추정
2008,정성훈,10479,우리,1.3,,32000,실제 연봉,18,5,0,0,,5,5,,,,5,,시즌 전 확정
2008,정수근,10264,롯데,2.0,FA 2004 6년 보장 40.6억,40000,실제 연봉,10,5,0,0,5,5,5,,,,5,계약 하한 대상(변경 없음),시즌 전 확정
2008,정수성,10419,우리,0.0,,3167,역산 추정,162,1,0,0,,1,1,,,,1,,직전 시즌까지의 성적으로 추정
2008,정우람,10156,SK,3.0,,8661,역산 추정,84,2,-1,0,,1,1,Y,,,2,풀타임 최소 2코인,직전 시즌까지의 성적으로 추정
2008,정원석,10562,두산,-0.7,,2352,역산 추정,257,1,0,0,,1,1,,,,1,,직전 시즌까지의 성적으로 추정
2008,정의윤,10655,LG,-0.6,,3183,역산 추정,160,1,0,0,,1,3,,2009,,3,신인 하한,직전 시즌까지의 성적으로 추정
2008,정재복,10532,LG,1.6,,11989,역산 추정,74,2,0,0,,2,2,,,,2,,직전 시즌까지의 성적으로 추정
2008,정재훈,10225,두산,1.4,,17500,실제 연봉,47,3,0,0,,3,3,,,,3,,시즌 전 확정
2008,정찬헌,10533,LG,-0.0,,2548,역산 추정,189,1,0,0,,1,1,Y,,,2,풀타임 최소 2코인,직전 시즌까지의 성적으로 추정
2008,정현욱,10377,삼성,3.4,,4825,역산 추정,122,2,0,0,,2,2,,,,2,,직전 시즌까지의 성적으로 추정
2008,조동찬,10329,삼성,0.2,,7105,역산 추정,98,2,0,0,,2,2,,,,2,,직전 시즌까지의 성적으로 추정
2008,조동화,10121,SK,1.1,,4447,역산 추정,126,2,0,0,,2,2,,,,2,,직전 시즌까지의 성적으로 추정
2008,조성환,10254,롯데,5.9,,3630,역산 추정,145,2,0,0,,2,2,,,,2,,직전 시즌까지의 성적으로 추정
2008,조순권,2415,우리,-0.0,,2513,역산 추정,236,1,0,0,,1,1,,,,1,,직전 시즌까지의 성적으로 추정
2008,조영민,10675,SK,1.3,,2893,역산 추정,168,1,0,0,,1,1,,,,1,,직전 시즌까지의 성적으로 추정
2008,조용훈,10456,우리,0.8,,4290,역산 추정,129,2,0,0,,2,2,,,,2,,직전 시즌까지의 성적으로 추정
2008,조웅천,10158,SK,1.2,FA 2008 2년 보장 8.0억,30000,실제 연봉,19,5,0,0,5,5,4,,,,4,계약 하한 대상(변경 없음)/커리어 로우·지정 하향,시즌 전 확정
2008,조인성,10463,LG,1.2,FA 2008 4년 보장 34.0억,40000,실제 연봉,10,5,0,0,5,5,5,,2002,,5,계약 하한 대상(변경 없음),시즌 전 확정
2008,조재호,10420,우리,-0.3,,2210,역산 추정,276,1,0,0,,1,1,,,,1,,직전 시즌까지의 성적으로 추정
2008,조정훈,10300,롯데,2.0,,2385,역산 추정,253,1,0,0,,1,1,Y,,,2,풀타임 최소 2코인,직전 시즌까지의 성적으로 추정
2008,조중근,10406,우리,0.0,,2289,역산 추정,263,1,0,0,,1,1,,,,1,,직전 시즌까지의 성적으로 추정
2008,조진호,10379,삼성,-0.4,,2629,역산 추정,180,1,0,0,,1,1,,,,1,,직전 시즌까지의 성적으로 추정
2008,조현근,10380,삼성,1.3,,4215,역산 추정,130,2,0,0,,2,2,,,,2,,직전 시즌까지의 성적으로 추정
2008,진갑용,10314,삼성,2.9,FA 2007 3년 보장 26.0억,50000,실제 연봉,5,5,0,1,5,5,4,,2001,,4,계약 하한 대상(변경 없음)/커리어 로우·지정 하향,시즌 전 확정
2008,진야곱,10229,두산,0.3,,2548,역산 추정,189,1,0,0,,1,4,,2012,,4,신인 하한,직전 시즌까지의 성적으로 추정
2008,진해수,10075,KIA,-0.0,,2448,역산 추정,247,1,0,0,,1,1,,,,1,,직전 시즌까지의 성적으로 추정
2008,차우찬,10381,삼성,0.4,,2438,역산 추정,249,1,0,0,,1,1,,2010,,1,,직전 시즌까지의 성적으로 추정
2008,차일목,10005,KIA,0.7,,2463,역산 추정,246,1,0,0,,1,1,,,,1,,직전 시즌까지의 성적으로 추정
2008,채병용,10161,SK,5.4,,14700,역산 추정,51,3,0,0,,3,3,,,,3,,직전 시즌까지의 성적으로 추정
2008,채상병,10315,두산,-0.8,,2289,역산 추정,264,1,0,0,,1,1,Y,,,2,풀타임 최소 2코인,직전 시즌까지의 성적으로 추정
2008,채종국,2086,LG,-0.4,,3339,역산 추정,152,1,0,0,,1,1,,,,1,,직전 시즌까지의 성적으로 추정
2008,채종범,10039,KIA,-0.3,,7382,역산 추정,95,2,0,0,,2,2,,,,2,,직전 시즌까지의 성적으로 추정
2008,채태인,10331,삼성,1.2,,2525,역산 추정,234,1,0,0,,1,3,,2011,,3,신인 하한,직전 시즌까지의 성적으로 추정
2008,최경환,10041,KIA,1.2,,3308,역산 추정,156,1,0,0,,1,1,,,,1,,직전 시즌까지의 성적으로 추정
2008,최기문,14231,롯데,-0.3,,10573,역산 추정,79,2,0,0,,2,2,,,,2,,직전 시즌까지의 성적으로 추정
2008,최동수,10481,LG,0.4,,2221,역산 추정,273,1,0,0,,1,1,Y,,,2,풀타임 최소 2코인,직전 시즌까지의 성적으로 추정
2008,최만호,10265,롯데,-0.6,,1991,역산 추정,280,1,0,0,,1,1,,,,1,,직전 시즌까지의 성적으로 추정
2008,최상덕,10616,SK,0.7,,6940,역산 추정,100,2,0,0,,2,2,,,,2,,직전 시즌까지의 성적으로 추정
2008,최승환,10169,두산,-0.1,,2607,역산 추정,182,1,0,0,,1,1,,,,1,,직전 시즌까지의 성적으로 추정
2008,최영필,10617,한화,0.6,,5938,역산 추정,111,2,0,0,,2,2,,,,2,,직전 시즌까지의 성적으로 추정
2008,최용규,10024,KIA,-0.5,,2548,역산 추정,189,1,0,0,,1,1,,,,1,,직전 시즌까지의 성적으로 추정
2008,최원호,10537,LG,-0.1,,20000,실제 연봉,40,4,0,0,,4,4,,,,4,,시즌 전 확정
2008,최정,10106,SK,5.1,,3767,역산 추정,142,2,0,0,,2,2,,2009,,2,,직전 시즌까지의 성적으로 추정
2008,최준석,10183,두산,-0.6,,4139,역산 추정,132,2,0,0,,2,2,,,,2,,직전 시즌까지의 성적으로 추정
2008,최향남,10743,롯데,1.4,,8787,역산 추정,83,2,-1,0,,1,1,,,,1,,직전 시즌까지의 성적으로 추정
2008,최현종,2421,우리,-0.3,,2548,역산 추정,189,1,0,0,,1,1,,,,1,,직전 시즌까지의 성적으로 추정
2008,최형우,10344,삼성,4.7,,2548,역산 추정,189,1,0,0,,1,1,Y,,,2,풀타임 최소 2코인,직전 시즌까지의 성적으로 추정
2008,최희섭,10025,KIA,-0.4,,35000,실제 연봉,16,5,0,0,,5,5,,2011,,5,,시즌 전 확정
2008,추승우,10579,한화,1.1,,2488,역산 추정,239,1,0,0,,1,1,Y,,,2,풀타임 최소 2코인,직전 시즌까지의 성적으로 추정
2008,한기주,10077,KIA,3.1,,7964,역산 추정,91,2,0,0,,2,4,,2010,,4,신인 하한,직전 시즌까지의 성적으로 추정
2008,한상훈,10663,한화,1.0,,2945,역산 추정,164,1,0,0,,1,1,Y,,,2,풀타임 최소 2코인,직전 시즌까지의 성적으로 추정
2008,허승민,10345,삼성,-0.6,,2548,역산 추정,189,1,0,0,,1,1,,,,1,,직전 시즌까지의 성적으로 추정
2008,현재윤,10317,삼성,1.0,,2304,역산 추정,261,1,0,0,,1,1,,,,1,,직전 시즌까지의 성적으로 추정
2008,홍성흔,10256,두산,4.7,,14700,역산 추정,51,3,0,1,,4,4,,,,4,,직전 시즌까지의 성적으로 추정
2008,황두성,10457,우리,2.1,,8466,역산 추정,86,2,0,0,,2,2,,,,2,,직전 시즌까지의 성적으로 추정
2008,황재균,10407,우리,-0.2,,2789,역산 추정,170,1,0,0,,1,1,Y,,,2,풀타임 최소 2코인,직전 시즌까지의 성적으로 추정
2009,가득염,10123,SK,0.0,,13242,역산 추정,74,2,-1,0,,1,1,,,,1,,직전 시즌까지의 성적으로 추정
2009,강귀태,10385,우리,1.2,,3620,역산 추정,151,1,0,0,,1,1,,,,1,,직전 시즌까지의 성적으로 추정
2009,강동우,10564,한화,5.4,,11520,역산 추정,81,2,0,0,,2,2,,,,2,,직전 시즌까지의 성적으로 추정
2009,강민호,10232,롯데,1.6,,12564,역산 추정,78,2,1,1,,4,4,,,2008 베이징 올림픽,4,국가대표 +1 / 명성: 2008 골든글러브 / 국가대표 +1은 4코인까지,직전 시즌까지의 성적으로 추정
2009,강병식,10408,우리,0.4,,2368,역산 추정,273,1,0,0,,1,1,,,,1,,직전 시즌까지의 성적으로 추정
2009,강봉규,10332,삼성,4.8,,3064,역산 추정,171,1,0,0,,1,1,Y,,,2,풀타임 최소 2코인,직전 시즌까지의 성적으로 추정
2009,강영식,10269,롯데,0.9,,11420,역산 추정,82,2,0,0,,2,2,,,,2,,직전 시즌까지의 성적으로 추정
2009,강윤구,10423,우리,0.8,,2620,역산 추정,202,1,0,0,,1,3,,2013,,3,신인 하한,직전 시즌까지의 성적으로 추정
2009,강정호,10394,우리,4.0,,3828,역산 추정,148,2,0,0,,2,2,,,,2,,직전 시즌까지의 성적으로 추정
2009,경헌호,10498,LG,0.5,,8152,역산 추정,96,2,0,0,,2,2,,,,2,,직전 시즌까지의 성적으로 추정
2009,고영민,10171,두산,0.8,,16000,실제 연봉,49,3,0,0,,3,3,,,2008 베이징 올림픽,4,국가대표 +1,시즌 전 확정
2009,고우석,10042,KIA,0.4,,2402,역산 추정,270,1,0,0,,1,1,,,,1,,직전 시즌까지의 성적으로 추정
2009,고창성,10196,두산,3.7,,2620,역산 추정,202,1,0,0,,1,1,Y,,,2,풀타임 최소 2코인,직전 시즌까지의 성적으로 추정
2009,고효준,10124,SK,2.2,,2466,역산 추정,263,1,0,0,,1,3,,2008,,2,"신인 하한 / 신인 하한 종료(달력 5시즌, 군 복무 외 공백은 연장 안 함)",직전 시즌까지의 성적으로 추정
2009,곽동훈,10347,삼성,-0.2,,2608,역산 추정,244,1,0,0,,1,1,,,,1,,직전 시즌까지의 성적으로 추정
2009,곽정철,10043,KIA,1.8,,2752,역산 추정,186,1,0,0,,1,1,Y,,,2,풀타임 최소 2코인,직전 시즌까지의 성적으로 추정
2009,구대성,10580,한화,1.9,,30000,실제 연봉,24,4,0,1,,5,5,,,,5,,시즌 전 확정
2009,권도영,10395,우리,0.4,,2553,역산 추정,247,1,0,0,,1,1,,,,1,,직전 시즌까지의 성적으로 추정
2009,권용관,10465,LG,0.9,,2978,역산 추정,174,1,0,0,,1,1,Y,,,2,풀타임 최소 2코인,직전 시즌까지의 성적으로 추정
2009,권혁,10351,삼성,3.4,,6657,역산 추정,110,2,0,0,,2,2,,2007,2008 베이징 올림픽,3,국가대표 +1,직전 시즌까지의 성적으로 추정
2009,금민철,10425,두산,1.7,,6762,역산 추정,109,2,0,0,,2,2,,,,2,,직전 시즌까지의 성적으로 추정
2009,김강민,10108,SK,0.8,,3579,역산 추정,152,1,0,0,,1,3,,2009,,3,신인 하한,직전 시즌까지의 성적으로 추정
2009,김경태,10500,LG,-0.1,,2047,역산 추정,289,1,0,0,,1,1,,,,1,,직전 시즌까지의 성적으로 추정
2009,김광수,10502,LG,-0.7,,2687,역산 추정,193,1,0,0,,1,1,Y,,,2,풀타임 최소 2코인,직전 시즌까지의 성적으로 추정
2009,김광현,10126,SK,5.6,,7125,역산 추정,107,2,1,1,,4,5,,2011,2008 베이징 올림픽,5,MVP 다음 해/지정 / 2008 투수 골든글러브 → 5,직전 시즌까지의 성적으로 추정
2009,김동수,10386,우리,1.4,,10503,역산 추정,87,2,0,0,,2,2,,,,2,,직전 시즌까지의 성적으로 추정
2009,김동주,10173,두산,5.0,,70000,실제 연봉,1,5,0,1,,5,5,,2002,2008 베이징 올림픽,5,,시즌 전 확정
2009,김명제,10197,두산,-0.7,,8159,역산 추정,95,2,0,0,,2,3,,2009,,3,신인 하한,직전 시즌까지의 성적으로 추정
2009,김민성,10238,롯데,1.1,,2620,역산 추정,202,1,0,0,,1,3,,2013,,3,신인 하한,직전 시즌까지의 성적으로 추정
2009,김민우,10397,우리,0.9,,2143,역산 추정,286,1,0,0,,1,3,,2006,,1,"신인 하한 / 신인 하한 종료(달력 5시즌, 군 복무 외 공백은 연장 안 함)",직전 시즌까지의 성적으로 추정
2009,김민재,10550,한화,-1.1,FA 2006 4년 보장 14.0억,20000,실제 연봉,37,5,0,0,5,5,5,,,2008 베이징 올림픽,5,계약 하한 대상(변경 없음),시즌 전 확정
2009,김백만,10584,한화,-0.2,,2332,역산 추정,277,1,0,0,,1,1,,,,1,,직전 시즌까지의 성적으로 추정
2009,김사율,10272,롯데,-0.2,,4084,역산 추정,141,2,0,0,,2,2,,,,2,,직전 시즌까지의 성적으로 추정
2009,김상수,10427,삼성,0.5,,2473,역산 추정,260,1,0,0,,1,3,,2012,,3,신인 하한,직전 시즌까지의 성적으로 추정
2009,김상수,10320,삼성,0.6,,2620,역산 추정,202,1,0,0,,1,4,,2013,,4,신인 하한,직전 시즌까지의 성적으로 추정
2009,김상현,10007,KIA,5.8,,3566,역산 추정,153,1,0,0,,1,1,Y,,,2,풀타임 최소 2코인,직전 시즌까지의 성적으로 추정
2009,김상훈,10001,KIA,2.2,,14841,역산 추정,69,2,0,0,,2,2,,,,2,,직전 시즌까지의 성적으로 추정
2009,김선빈,10008,KIA,1.1,,3433,역산 추정,159,1,0,0,,1,1,,,,1,,직전 시즌까지의 성적으로 추정
2009,김선우,10200,두산,1.6,,32000,실제 연봉,23,4,0,0,,4,4,,2012,,4,,시즌 전 확정
2009,김성배,10201,두산,-0.4,,4298,역산 추정,138,2,0,0,,2,2,,,,2,,직전 시즌까지의 성적으로 추정
2009,김성현,10429,우리,-0.1,,2702,역산 추정,188,1,0,0,,1,1,,,,1,,직전 시즌까지의 성적으로 추정
2009,김세현,10431,우리,0.0,,2648,역산 추정,198,1,0,0,,1,3,,2011,,3,신인 하한,직전 시즌까지의 성적으로 추정
2009,김수경,10430,우리,-0.2,FA 2007 3년 보장 5.0억,37000,실제 연봉,17,3,0,1,3,4,4,,,,4,계약 하한 대상(변경 없음),시즌 전 확정
2009,김연훈,10089,SK,1.0,,2234,역산 추정,282,1,0,0,,1,1,,,,1,,직전 시즌까지의 성적으로 추정
2009,김영수,10046,KIA,-0.1,,5137,역산 추정,130,2,0,0,,2,2,,,,2,,직전 시즌까지의 성적으로 추정
2009,김원섭,10029,KIA,3.7,,5782,역산 추정,123,2,0,0,,2,2,,,,2,,직전 시즌까지의 성적으로 추정
2009,김원형,14890,SK,0.7,,25000,실제 연봉,29,4,0,0,,4,4,,,,4,,시즌 전 확정
2009,김유신,10274,롯데,-0.0,,2620,역산 추정,202,1,0,0,,1,1,,,,1,,직전 시즌까지의 성적으로 추정
2009,김이슬,10275,롯데,-0.3,,2697,역산 추정,189,1,0,0,,1,1,,,,1,,직전 시즌까지의 성적으로 추정
2009,김일경,10398,우리,0.9,,2905,역산 추정,177,1,0,0,,1,1,,,,1,,직전 시즌까지의 성적으로 추정
2009,김일엽,10276,롯데,-0.3,,2849,역산 추정,179,1,0,0,,1,1,,,,1,,직전 시즌까지의 성적으로 추정
2009,김재걸,10321,삼성,0.3,,15680,역산 추정,52,3,0,0,,3,3,,1999,,3,,직전 시즌까지의 성적으로 추정
2009,김재현,10109,SK,3.9,FA 2009 1년 보장 7.0억,50000,실제 연봉,7,5,0,0,5,5,5,,,,5,계약 하한 대상(변경 없음),시즌 전 확정
2009,김재호,10174,두산,0.3,,2696,역산 추정,190,1,0,0,,1,4,,2009,,4,신인 하한,직전 시즌까지의 성적으로 추정
2009,김정민,10458,LG,0.8,,2047,역산 추정,289,1,0,0,,1,1,,,,1,,직전 시즌까지의 성적으로 추정
2009,김종국,10009,KIA,0.4,,15680,역산 추정,52,3,0,1,,4,4,,,,4,,직전 시즌까지의 성적으로 추정
2009,김주찬,10239,롯데,2.6,,6173,역산 추정,117,2,0,0,,2,2,,,,2,,직전 시즌까지의 성적으로 추정
2009,김진수,10164,두산,0.1,,2426,역산 추정,267,1,0,0,,1,1,,,,1,,직전 시즌까지의 성적으로 추정
2009,김창희,10334,삼성,-0.4,,8451,역산 추정,94,2,0,0,,2,2,,,,2,,직전 시즌까지의 성적으로 추정
2009,김태군,10459,LG,-0.3,,2620,역산 추정,202,1,0,0,,1,1,,,,1,,직전 시즌까지의 성적으로 추정
2009,김태균,10552,한화,2.9,,42000,실제 연봉,12,5,1,1,,5,5,,2005,2009 WBC,5,,시즌 전 확정
2009,김태영,10198,두산,2.3,,5813,역산 추정,122,2,0,0,,2,2,,,,2,,직전 시즌까지의 성적으로 추정
2009,김태완,10467,LG,0.2,,2303,역산 추정,280,1,0,0,,1,1,,,,1,,직전 시즌까지의 성적으로 추정
2009,김태완,10553,한화,4.4,,3901,역산 추정,146,2,0,0,,2,2,,,,2,,직전 시즌까지의 성적으로 추정
2009,김혁민,10587,한화,-1.0,,3322,역산 추정,163,1,0,0,,1,1,Y,,,2,풀타임 최소 2코인,직전 시즌까지의 성적으로 추정
2009,김현수,10187,두산,8.0,,7944,역산 추정,99,2,1,1,,4,4,,,2008 베이징 올림픽,4,국가대표 +1 / 명성: 2008 골든글러브; 2008 타율 1위 / 국가대표 +1은 4코인까지,직전 시즌까지의 성적으로 추정
2009,김회성,10554,한화,-0.5,,2620,역산 추정,202,1,0,0,,1,1,,,,1,,직전 시즌까지의 성적으로 추정
2009,나승현,10279,롯데,0.2,,4170,역산 추정,139,2,0,0,,2,2,,,,2,,직전 시즌까지의 성적으로 추정
2009,나주환,10092,SK,3.0,,3051,역산 추정,172,1,-1,0,,1,1,Y,,,2,풀타임 최소 2코인,직전 시즌까지의 성적으로 추정
2009,나지완,10030,KIA,2.5,,3165,역산 추정,167,1,0,0,,1,1,Y,,,2,풀타임 최소 2코인,직전 시즌까지의 성적으로 추정
2009,노경은,10203,두산,0.4,,2368,역산 추정,274,1,0,0,,1,3,,2007,,3,신인 하한,직전 시즌까지의 성적으로 추정
2009,노진용,10506,LG,0.5,,2620,역산 추정,202,1,0,0,,1,1,,,,1,,직전 시즌까지의 성적으로 추정
2009,류택현,10507,LG,2.1,FA 2008 3년 보장 6.5억,21667,FA 연봉 부분,34,4,0,0,4,4,4,,,,4,계약 하한 대상(변경 없음),시즌 전 확정
2009,류현진,10590,한화,6.2,,24000,실제 연봉,31,4,0,1,,5,5,,2010,2008 베이징 올림픽,5,,시즌 전 확정
2009,마일영,10592,우리,-0.0,,15680,역산 추정,52,3,0,0,,3,3,,,,3,,직전 시즌까지의 성적으로 추정
2009,마정길,10436,한화,0.8,,9934,역산 추정,88,2,0,0,,2,2,,,,2,,직전 시즌까지의 성적으로 추정
2009,모창민,10093,SK,-0.4,,2450,역산 추정,265,1,0,0,,1,1,,,,1,,직전 시즌까지의 성적으로 추정
2009,민병헌,10188,두산,-0.3,,2938,역산 추정,176,1,0,0,,1,3,,2010,,3,신인 하한,직전 시즌까지의 성적으로 추정
2009,박경수,10469,LG,2.1,,7293,역산 추정,104,2,0,0,,2,2,,2007,,2,,직전 시즌까지의 성적으로 추정
2009,박경완,10080,SK,2.1,,50000,실제 연봉,7,5,0,0,,5,5,,,2009 WBC,5,,시즌 전 확정
2009,박경태,10050,KIA,0.2,,2553,역산 추정,247,1,0,0,,1,1,,,,1,,직전 시즌까지의 성적으로 추정
2009,박기남,10011,KIA,-0.1,,2874,역산 추정,178,1,0,0,,1,1,,,,1,,직전 시즌까지의 성적으로 추정
2009,박기혁,10241,롯데,-1.6,,10921,역산 추정,86,2,0,1,,3,3,,,2009 WBC,4,국가대표 +1 / 명성: 2008 골든글러브,직전 시즌까지의 성적으로 추정
2009,박노민,10541,한화,0.2,,2620,역산 추정,202,1,0,0,,1,1,,,,1,,직전 시즌까지의 성적으로 추정
2009,박명환,10510,LG,0.0,FA 2007 4년 보장 40.0억,50000,실제 연봉,7,5,0,0,5,5,5,,,,5,계약 하한 대상(변경 없음),시즌 전 확정
2009,박민규,10361,삼성,0.3,,2620,역산 추정,202,1,0,0,,1,1,,,,1,,직전 시즌까지의 성적으로 추정
2009,박민석,10205,두산,-0.1,,2844,역산 추정,180,1,0,0,,1,1,,,,1,,직전 시즌까지의 성적으로 추정
2009,박병호,10470,LG,-0.2,,2240,역산 추정,281,1,0,0,,1,1,,2009,,1,,직전 시즌까지의 성적으로 추정
2009,박석민,10322,삼성,4.2,,4019,역산 추정,143,2,0,0,,2,2,,,,2,,직전 시즌까지의 성적으로 추정
2009,박성호,10595,한화,-0.2,,2620,역산 추정,202,1,0,0,,1,1,,,,1,,직전 시즌까지의 성적으로 추정
2009,박성훈,10438,삼성,0.5,,2441,역산 추정,266,1,0,0,,1,1,,,,1,,직전 시즌까지의 성적으로 추정
2009,박용근,10471,LG,0.2,,2464,역산 추정,264,1,0,0,,1,1,,,,1,,직전 시즌까지의 성적으로 추정
2009,박용택,10485,LG,6.0,,15680,역산 추정,52,3,0,1,,4,4,,2006,,4,,직전 시즌까지의 성적으로 추정
2009,박재상,10112,SK,4.3,,5350,역산 추정,128,2,0,0,,2,2,,,,2,,직전 시즌까지의 성적으로 추정
2009,박재홍,10113,SK,1.6,FA 2006 4년 보장 30.0억,40000,실제 연봉,13,5,1,0,5,5,5,,2000,,5,계약 하한 대상(변경 없음),시즌 전 확정
2009,박정권,10096,SK,2.6,,2329,역산 추정,278,1,0,0,,1,1,Y,,,2,풀타임 최소 2코인,직전 시즌까지의 성적으로 추정
2009,박정배,10206,두산,0.3,,2418,역산 추정,268,1,0,0,,1,1,,,,1,,직전 시즌까지의 성적으로 추정
2009,박정준,10259,롯데,1.4,,2085,역산 추정,288,1,0,0,,1,1,,,,1,,직전 시즌까지의 성적으로 추정
2009,박정진,10596,한화,0.3,,3117,역산 추정,169,1,0,0,,1,1,,,,1,,직전 시즌까지의 성적으로 추정
2009,박정환,10097,SK,-0.1,,2654,역산 추정,196,1,0,0,,1,1,,,,1,,직전 시즌까지의 성적으로 추정
2009,박종윤,10243,롯데,-0.8,,2210,역산 추정,284,1,0,0,,1,1,,,,1,,직전 시즌까지의 성적으로 추정
2009,박종호,1668,LG,1.3,,14384,역산 추정,72,2,0,0,,2,2,,,,2,,직전 시즌까지의 성적으로 추정
2009,박준서,10242,롯데,-0.1,,2339,역산 추정,276,1,0,0,,1,1,,,,1,,직전 시즌까지의 성적으로 추정
2009,박지철,10511,LG,-0.2,,13279,역산 추정,73,2,0,0,,2,2,,,,2,,직전 시즌까지의 성적으로 추정
2009,박진만,10323,삼성,1.1,FA 2009 1년 보장 12.0억,60000,실제 연봉,5,5,0,1,5,5,5,,,2008 베이징 올림픽,5,계약 하한 대상(변경 없음),시즌 전 확정
2009,박한이,10336,삼성,3.2,,27000,실제 연봉,26,4,1,1,,5,5,,,,5,,시즌 전 확정
2009,박현준,10134,SK,-0.1,,2620,역산 추정,202,1,0,0,,1,1,,,,1,,직전 시즌까지의 성적으로 추정
2009,배영수,10362,삼성,-0.8,,27000,실제 연봉,26,4,0,1,,5,5,,,,5,,시즌 전 확정
2009,배장호,10281,롯데,1.7,,2944,역산 추정,175,1,0,0,,1,1,,,,1,,직전 시즌까지의 성적으로 추정
2009,배힘찬,10440,우리,0.7,,2537,역산 추정,251,1,0,0,,1,1,,,,1,,직전 시즌까지의 성적으로 추정
2009,백정현,10363,삼성,0.0,,2620,역산 추정,202,1,0,0,,1,3,,2013,,3,신인 하한,직전 시즌까지의 성적으로 추정
2009,봉중근,10514,LG,5.5,,36000,실제 연봉,18,5,1,0,,5,5,,2011,2008 베이징 올림픽,5,,시즌 전 확정
2009,서승화,10515,LG,-0.2,,3880,역산 추정,147,2,0,0,,2,2,,2006,,2,,직전 시즌까지의 성적으로 추정
2009,서재응,10053,KIA,0.2,,37500,실제 연봉,16,5,0,0,,5,5,,2012,,5,,시즌 전 확정
2009,성영훈,10208,두산,0.2,,2620,역산 추정,202,1,0,0,,1,4,,2013,,4,신인 하한,직전 시즌까지의 성적으로 추정
2009,손민한,10284,롯데,1.1,FA 2009 1년 보장 15.0억,70000,실제 연봉,1,5,1,1,5,5,5,,2001,2009 WBC,5,계약 하한 대상(변경 없음),시즌 전 확정
2009,손시헌,10177,두산,3.7,,7329,역산 추정,102,2,0,0,,2,2,,,,2,,직전 시즌까지의 성적으로 추정
2009,손아섭,10261,롯데,-0.5,,3007,역산 추정,173,1,0,0,,1,1,,,,1,,직전 시즌까지의 성적으로 추정
2009,손영민,10054,KIA,3.4,,6611,역산 추정,111,2,0,0,,2,2,,,,2,,직전 시즌까지의 성적으로 추정
2009,손인호,10487,LG,-0.3,,5608,역산 추정,126,2,0,0,,2,2,,,,2,,직전 시즌까지의 성적으로 추정
2009,손주인,10325,삼성,-0.3,,2620,역산 추정,202,1,0,0,,1,1,,,,1,,직전 시즌까지의 성적으로 추정
2009,송광민,10555,한화,0.3,,2690,역산 추정,192,1,0,0,,1,3,,2011,,3,신인 하한,직전 시즌까지의 성적으로 추정
2009,송승준,10285,롯데,3.3,,5638,역산 추정,125,2,0,0,,2,4,,2011,2008 베이징 올림픽,4,신인 하한 / 국가대표 +1 / 국가대표 +1은 4코인까지,직전 시즌까지의 성적으로 추정
2009,송신영,10443,우리,0.8,,15680,역산 추정,52,3,-1,0,,2,2,,,,2,,직전 시즌까지의 성적으로 추정
2009,송은범,10137,SK,5.0,,5466,역산 추정,127,2,0,0,,2,2,,2007,,2,,직전 시즌까지의 성적으로 추정
2009,송지만,10412,우리,3.0,,40000,실제 연봉,13,5,0,0,,5,4,,,,4,커리어 로우·지정 하향,시즌 전 확정
2009,송진우,10597,한화,-0.1,,20000,실제 연봉,37,4,0,1,,5,5,,,,5,,시즌 전 확정
2009,신경현,10542,한화,0.4,,5038,역산 추정,132,2,0,0,,2,2,,,,2,,직전 시즌까지의 성적으로 추정
2009,신명철,10327,삼성,4.3,,3966,역산 추정,145,2,0,0,,2,2,,2005,,2,,직전 시즌까지의 성적으로 추정
2009,신철인,10444,우리,0.2,,14506,역산 추정,71,2,0,0,,2,2,,,,2,,직전 시즌까지의 성적으로 추정
2009,심수창,10518,LG,1.4,,6287,역산 추정,116,2,-1,0,,1,1,Y,,,2,풀타임 최소 2코인,직전 시즌까지의 성적으로 추정
2009,안경현,10099,SK,-0.6,,15680,역산 추정,52,3,0,0,,3,3,,,,3,,직전 시즌까지의 성적으로 추정
2009,안영명,10600,한화,1.8,,9276,역산 추정,91,2,-1,0,,1,1,Y,2007,,2,풀타임 최소 2코인,직전 시즌까지의 성적으로 추정
2009,안지만,10364,삼성,0.7,,11100,역산 추정,84,2,0,0,,2,2,,,,2,,직전 시즌까지의 성적으로 추정
2009,안치용,10488,LG,0.2,,3559,역산 추정,154,1,0,0,,1,1,,,,1,,직전 시즌까지의 성적으로 추정
2009,안치홍,10014,KIA,0.5,,2620,역산 추정,202,1,0,0,,1,4,,2013,,4,신인 하한,직전 시즌까지의 성적으로 추정
2009,양승학,10570,한화,0.3,,2620,역산 추정,202,1,0,0,,1,1,,,,1,,직전 시즌까지의 성적으로 추정
2009,양준혁,10339,삼성,3.4,,70000,실제 연봉,1,5,0,1,,5,4,,,,4,커리어 로우·지정 하향,시즌 전 확정
2009,양지훈,10365,삼성,-0.1,,2620,역산 추정,202,1,0,0,,1,1,,,,1,,직전 시즌까지의 성적으로 추정
2009,양현종,10058,KIA,5.2,,3820,역산 추정,149,2,-1,0,,1,4,,2011,,4,신인 하한,직전 시즌까지의 성적으로 추정
2009,양훈,10602,한화,1.8,,5641,역산 추정,124,2,-1,0,,1,1,Y,,,2,풀타임 최소 2코인,직전 시즌까지의 성적으로 추정
2009,엄정욱,10139,SK,-0.2,,3441,역산 추정,158,1,0,0,,1,1,,,,1,,직전 시즌까지의 성적으로 추정
2009,연경흠,10571,한화,1.2,,2655,역산 추정,195,1,0,0,,1,1,Y,,,2,풀타임 최소 2코인,직전 시즌까지의 성적으로 추정
2009,오상민,10519,LG,1.8,,13081,역산 추정,75,2,0,0,,2,2,,,,2,,직전 시즌까지의 성적으로 추정
2009,오선진,10557,한화,-0.2,,2542,역산 추정,250,1,0,0,,1,1,,,,1,,직전 시즌까지의 성적으로 추정
2009,오수호,10289,롯데,-0.3,,2620,역산 추정,202,1,0,0,,1,4,,2013,,4,신인 하한,직전 시즌까지의 성적으로 추정
2009,오승환,10367,삼성,0.7,,26000,실제 연봉,28,4,0,1,,5,5,,2009,2008 베이징 올림픽,5,국가대표 +1 / 명성: 2008 세이브 1위,시즌 전 확정
2009,오재원,10178,두산,-1.4,,2527,역산 추정,253,1,0,0,,1,1,,,,1,,직전 시즌까지의 성적으로 추정
2009,오재일,10400,우리,-0.4,,2620,역산 추정,202,1,0,0,,1,1,,,,1,,직전 시즌까지의 성적으로 추정
2009,오주원,10445,우리,1.2,,4549,역산 추정,136,2,0,0,,2,2,,,,2,,직전 시즌까지의 성적으로 추정
2009,오준형,10059,KIA,0.2,,2408,역산 추정,269,1,0,0,,1,1,,,,1,,직전 시즌까지의 성적으로 추정
2009,오현택,10210,두산,0.8,,2620,역산 추정,202,1,0,0,,1,1,,,,1,,직전 시즌까지의 성적으로 추정
2009,용덕한,10166,두산,-1.1,,2502,역산 추정,257,1,0,0,,1,1,,,,1,,직전 시즌까지의 성적으로 추정
2009,우규민,10523,LG,0.0,,12369,역산 추정,79,2,-1,0,,1,1,,2008,,2,전수 판정: 추가 확인(직전 시즌 1군 역할),직전 시즌까지의 성적으로 추정
2009,우동균,10341,삼성,0.9,,2800,역산 추정,183,1,0,0,,1,4,,2012,,4,신인 하한,직전 시즌까지의 성적으로 추정
2009,유동훈,10060,KIA,5.0,,9504,역산 추정,90,2,0,0,,2,2,,,,2,,직전 시즌까지의 성적으로 추정
2009,유선정,10390,우리,0.0,,2620,역산 추정,202,1,0,0,,1,1,,,,1,,직전 시즌까지의 성적으로 추정
2009,유원상,10604,한화,0.1,,3541,역산 추정,155,1,0,0,,1,4,,2011,,4,신인 하한,직전 시즌까지의 성적으로 추정
2009,유재웅,10191,두산,0.5,,2327,역산 추정,279,1,0,0,,1,1,,,,1,,직전 시즌까지의 성적으로 추정
2009,유희관,10213,두산,0.3,,2620,역산 추정,202,1,0,0,,1,1,,,,1,,직전 시즌까지의 성적으로 추정
2009,윤규진,10606,한화,-0.7,,7132,역산 추정,106,2,0,0,,2,2,,,,2,,직전 시즌까지의 성적으로 추정
2009,윤길현,10142,SK,1.1,,15394,역산 추정,67,2,0,0,,2,2,,,,2,,직전 시즌까지의 성적으로 추정
2009,윤석민,10061,KIA,3.3,,18000,실제 연봉,43,3,1,1,,5,5,,,2008 베이징 올림픽,5,국가대표 +1 / 명성: 2008 평균자책 1위,시즌 전 확정
2009,윤성환,10368,삼성,4.1,,6528,역산 추정,114,2,0,0,,2,3,,2008,,3,신인 하한,직전 시즌까지의 성적으로 추정
2009,윤요섭,10081,SK,0.6,,2620,역산 추정,202,1,0,0,,1,1,,,,1,,직전 시즌까지의 성적으로 추정
2009,윤재국,10117,한화,0.1,,3112,역산 추정,170,1,0,0,,1,1,,,,1,,직전 시즌까지의 성적으로 추정
2009,이대수,10558,두산,-0.3,,5093,역산 추정,131,2,0,0,,2,2,,,,2,,직전 시즌까지의 성적으로 추정
2009,이대진,10062,KIA,0.0,,15545,역산 추정,66,2,0,1,,3,3,,,,3,,직전 시즌까지의 성적으로 추정
2009,이대형,10490,LG,1.9,,5906,역산 추정,120,2,0,0,,2,2,,,,2,,직전 시즌까지의 성적으로 추정
2009,이대호,10251,롯데,4.1,,36000,실제 연봉,18,5,1,1,,5,5,,,2008 베이징 올림픽,5,,시즌 전 확정
2009,이도형,10543,한화,3.4,,11002,역산 추정,85,2,0,0,,2,2,,,,2,,직전 시즌까지의 성적으로 추정
2009,이동학,10447,우리,-0.0,,2799,역산 추정,184,1,0,0,,1,1,,,,1,,직전 시즌까지의 성적으로 추정
2009,이동현,10524,LG,0.7,,13051,역산 추정,76,2,0,0,,2,2,,,,2,,직전 시즌까지의 성적으로 추정
2009,이범석,10067,KIA,-0.1,,3729,역산 추정,150,2,0,0,,2,2,,,,2,,직전 시즌까지의 성적으로 추정
2009,이범준,10525,LG,0.0,,3292,역산 추정,164,1,0,0,,1,1,,,,1,,직전 시즌까지의 성적으로 추정
2009,이범호,10559,한화,3.5,,33000,실제 연봉,22,4,1,1,,5,5,,,2009 WBC,5,,시즌 전 확정
2009,이보근,10448,우리,1.7,,2600,역산 추정,245,1,0,0,,1,1,Y,,,2,풀타임 최소 2코인,직전 시즌까지의 성적으로 추정
2009,이상열,10449,우리,-0.1,,15030,역산 추정,68,2,0,0,,2,2,,,,2,,직전 시즌까지의 성적으로 추정
2009,이상화,10831,롯데,0.4,,2620,역산 추정,202,1,0,0,,1,4,,2013,,4,신인 하한,직전 시즌까지의 성적으로 추정
2009,이성열,10168,두산,0.2,,2841,역산 추정,181,1,0,0,,1,1,,,,1,,직전 시즌까지의 성적으로 추정
2009,이숭용,10402,우리,2.2,,17000,실제 연봉,46,3,0,1,,4,4,,,,4,,시즌 전 확정
2009,이승우,10528,LG,-0.2,,2620,역산 추정,202,1,0,0,,1,1,,,,1,,직전 시즌까지의 성적으로 추정
2009,이승호,10147,SK,2.4,,15680,역산 추정,52,3,0,0,,3,3,,,2009 WBC,4,국가대표 +1,직전 시즌까지의 성적으로 추정
2009,이여상,10560,한화,0.2,,2695,역산 추정,191,1,0,0,,1,1,,,,1,,직전 시즌까지의 성적으로 추정
2009,이영우,10574,한화,0.4,FA 2009 1년 보장 2.1억,21000,실제 연봉,35,4,0,1,4,5,4,,,,4,계약 하한 대상(변경 없음)/커리어 로우·지정 하향,시즌 전 확정
2009,이영욱,10342,삼성,0.5,,2620,역산 추정,202,1,0,0,,1,1,,,,1,,직전 시즌까지의 성적으로 추정
2009,이용규,10035,KIA,1.2,,15680,역산 추정,52,3,1,0,,4,4,,,2008 베이징 올림픽,4,국가대표 +1 / 국가대표 +1은 4코인까지,직전 시즌까지의 성적으로 추정
2009,이용찬,10217,두산,0.9,,2788,역산 추정,185,1,0,0,,1,4,,2012,,4,신인 하한,직전 시즌까지의 성적으로 추정
2009,이용훈,10291,롯데,0.2,,6116,역산 추정,118,2,0,0,,2,2,,,,2,,직전 시즌까지의 성적으로 추정
2009,이우민,11398,롯데,0.1,,2118,역산 추정,287,1,0,0,,1,1,,,,1,,직전 시즌까지의 성적으로 추정
2009,이우선,10371,삼성,0.3,,2620,역산 추정,202,1,0,0,,1,1,,,,1,,직전 시즌까지의 성적으로 추정
2009,이원석,10180,두산,0.9,,4134,역산 추정,140,2,0,0,,2,3,,2009,,3,신인 하한,직전 시즌까지의 성적으로 추정
2009,이인구,10263,롯데,0.7,,2470,역산 추정,261,1,0,0,,1,1,,,,1,,직전 시즌까지의 성적으로 추정
2009,이재영,10529,LG,1.2,,15680,역산 추정,52,3,-1,0,,2,2,,,,2,,직전 시즌까지의 성적으로 추정
2009,이재우,10219,두산,2.5,,20000,실제 연봉,37,4,0,0,,4,4,,,2009 WBC,4,국가대표 +1 / 국가대표 +1은 4코인까지,시즌 전 확정
2009,이재원,10082,SK,0.5,,3480,역산 추정,156,1,0,0,,1,4,,2010,,4,신인 하한,직전 시즌까지의 성적으로 추정
2009,이재주,10020,KIA,-0.1,,7585,역산 추정,101,2,0,0,,2,2,,,,2,,직전 시즌까지의 성적으로 추정
2009,이정민,10295,롯데,1.4,,5842,역산 추정,121,2,0,0,,2,2,,,,2,,직전 시즌까지의 성적으로 추정
2009,이정훈,10296,롯데,3.2,,4702,역산 추정,134,2,0,0,,2,2,,,,2,,직전 시즌까지의 성적으로 추정
2009,이종범,10036,KIA,1.7,,20000,실제 연봉,37,4,0,1,,5,4,,1997,,4,커리어 로우·지정 하향,시즌 전 확정
2009,이종욱,10192,두산,1.2,,17200,실제 연봉,45,3,0,1,,4,4,,,2008 베이징 올림픽,4,국가대표 +1 / 국가대표 +1은 4코인까지,시즌 전 확정
2009,이진영,10492,LG,1.5,FA 2009 4년 보장 42.0억,36000,실제 연봉,18,5,0,0,5,5,5,,,2008 베이징 올림픽,5,계약 하한 대상(변경 없음),시즌 전 확정
2009,이택근,10493,우리,4.8,,22500,실제 연봉,32,4,0,0,,4,4,,2007,2008 베이징 올림픽,4,국가대표 +1 / 국가대표 +1은 4코인까지,시즌 전 확정
2009,이현곤,10022,KIA,0.3,,9818,역산 추정,89,2,0,0,,2,2,,,,3,변동 완충(−1까지),직전 시즌까지의 성적으로 추정
2009,이현승,10221,우리,4.2,,7195,역산 추정,105,2,0,0,,2,4,,2010,,4,신인 하한,직전 시즌까지의 성적으로 추정
2009,이호준,10101,SK,1.9,FA 2008 4년 보장 34.0억,50000,실제 연봉,7,5,0,0,5,5,5,,,,5,계약 하한 대상(변경 없음),시즌 전 확정
2009,이희근,10544,한화,-0.2,,2648,역산 추정,197,1,0,0,,1,1,,,,1,,직전 시즌까지의 성적으로 추정
2009,임경완,10298,롯데,2.5,,7755,역산 추정,100,2,0,0,,2,2,,,,2,,직전 시즌까지의 성적으로 추정
2009,임성헌,10151,SK,1.1,,2620,역산 추정,202,1,0,0,,1,1,,,,1,,직전 시즌까지의 성적으로 추정
2009,임재철,10193,두산,1.1,,4070,역산 추정,142,2,0,0,,2,2,,,,2,,직전 시즌까지의 성적으로 추정
2009,임준혁,10068,KIA,-0.2,,3429,역산 추정,160,1,0,0,,1,1,,,,1,,직전 시즌까지의 성적으로 추정
2009,임태훈,10222,두산,3.8,,8761,역산 추정,93,2,0,0,,2,4,,2011,2009 WBC,4,신인 하한 / 국가대표 +1 / 국가대표 +1은 4코인까지,직전 시즌까지의 성적으로 추정
2009,장성우,10235,롯데,-0.2,,2620,역산 추정,202,1,0,0,,1,4,,2013,,4,신인 하한,직전 시즌까지의 성적으로 추정
2009,장성호,10032,KIA,1.7,FA 2006 4년 보장 42.0억,55000,실제 연봉,6,5,0,1,5,5,5,,,,5,계약 하한 대상(변경 없음),시즌 전 확정
2009,장영석,10404,우리,-0.2,,2620,역산 추정,202,1,0,0,,1,1,,,,1,,직전 시즌까지의 성적으로 추정
2009,장원삼,10375,우리,1.1,,17000,실제 연봉,46,3,1,0,,4,4,,2010,2008 베이징 올림픽,4,국가대표 +1 / 국가대표 +1은 4코인까지,시즌 전 확정
2009,장원준,10299,롯데,3.8,,11771,역산 추정,80,2,0,0,,2,2,,2008,,2,,직전 시즌까지의 성적으로 추정
2009,전병두,10152,SK,4.8,,8144,역산 추정,97,2,0,0,,2,2,,,,2,,직전 시즌까지의 성적으로 추정
2009,전유수,10841,우리,0.3,,2505,역산 추정,256,1,0,0,,1,1,,,,1,,직전 시즌까지의 성적으로 추정
2009,전준우,10266,롯데,-0.0,,2521,역산 추정,255,1,0,0,,1,1,,,,1,,직전 시즌까지의 성적으로 추정
2009,전준호,10418,우리,-0.1,,16000,실제 연봉,49,3,0,1,,4,4,,,,4,,시즌 전 확정
2009,전준호,10153,우리,0.2,,12712,역산 추정,77,2,0,0,,2,2,,,,2,,직전 시즌까지의 성적으로 추정
2009,정경배,10102,SK,-0.4,,15680,역산 추정,52,3,0,0,,3,3,,,,3,,직전 시즌까지의 성적으로 추정
2009,정근우,10103,SK,7.6,,17000,실제 연봉,46,3,0,0,,3,3,,2009,2008 베이징 올림픽,4,국가대표 +1,시즌 전 확정
2009,정대현,10154,SK,3.1,,22000,실제 연봉,33,4,0,0,,4,4,,,2008 베이징 올림픽,4,국가대표 +1 / 국가대표 +1은 4코인까지,시즌 전 확정
2009,정민철,10613,한화,-0.7,,21000,실제 연봉,35,4,0,1,,5,4,,,,4,커리어 로우·지정 하향,시즌 전 확정
2009,정보명,10252,롯데,0.7,,4344,역산 추정,137,2,-1,0,,1,1,,,,1,,직전 시즌까지의 성적으로 추정
2009,정상호,10083,SK,1.7,,2387,역산 추정,272,1,0,0,,1,1,,2005,,1,변동 완충(−1까지),직전 시즌까지의 성적으로 추정
2009,정성철,10071,KIA,-0.1,,2620,역산 추정,202,1,0,0,,1,4,,2013,,4,신인 하한,직전 시즌까지의 성적으로 추정
2009,정성훈,10479,LG,4.1,FA 2009 4년 보장 24.0억,35000,실제 연봉,21,5,0,0,5,5,5,,,,5,계약 하한 대상(변경 없음),시즌 전 확정
2009,정수근,10264,롯데,-0.2,FA 2004 6년 보장 40.6억,67667,FA 연봉 부분,4,5,0,0,5,5,5,,,,5,계약 하한 대상(변경 없음),시즌 전 확정
2009,정수빈,10195,두산,0.9,,2620,역산 추정,202,1,0,0,,1,1,,,,1,,직전 시즌까지의 성적으로 추정
2009,정수성,10419,우리,-0.5,,3211,역산 추정,166,1,0,0,,1,1,,,,1,,직전 시즌까지의 성적으로 추정
2009,정우람,10156,SK,1.9,,15680,역산 추정,52,3,0,0,,3,3,,,,3,,직전 시즌까지의 성적으로 추정
2009,정재복,10532,LG,-0.6,,15680,역산 추정,52,3,0,0,,3,3,,,,3,,직전 시즌까지의 성적으로 추정
2009,정재원,10614,한화,-0.6,,2351,역산 추정,275,1,0,0,,1,1,,,,1,,직전 시즌까지의 성적으로 추정
2009,정재훈,10225,두산,2.0,,16000,실제 연봉,49,3,0,0,,3,3,,,,3,,시즌 전 확정
2009,정찬헌,10533,LG,0.8,,3147,역산 추정,168,1,-1,0,,1,1,Y,,,2,풀타임 최소 2코인,직전 시즌까지의 성적으로 추정
2009,정현석,10576,한화,-0.2,,2620,역산 추정,202,1,0,0,,1,1,,,,1,,직전 시즌까지의 성적으로 추정
2009,정현욱,10377,삼성,2.8,,9141,역산 추정,92,2,0,0,,2,2,,,2009 WBC,3,국가대표 +1,직전 시즌까지의 성적으로 추정
2009,조동찬,10329,삼성,1.5,,7317,역산 추정,103,2,0,0,,2,2,,,,2,,직전 시즌까지의 성적으로 추정
2009,조동화,10121,SK,-1.6,,5991,역산 추정,119,2,0,0,,2,2,,,,2,,직전 시즌까지의 성적으로 추정
2009,조성환,10254,롯데,1.9,,6538,역산 추정,113,2,1,1,,4,4,,,,4,명성: 2008 골든글러브,직전 시즌까지의 성적으로 추정
2009,조용준,10455,우리,0.3,,15680,역산 추정,52,3,0,0,,3,3,,2006,,3,,직전 시즌까지의 성적으로 추정
2009,조용훈,10456,우리,0.5,,6599,역산 추정,112,2,0,0,,2,2,,,,2,,직전 시즌까지의 성적으로 추정
2009,조인성,10463,LG,0.2,FA 2008 4년 보장 34.0억,40000,실제 연봉,13,5,0,0,5,5,5,,2002,,5,계약 하한 대상(변경 없음),시즌 전 확정
2009,조재호,10420,우리,-0.3,,2184,역산 추정,285,1,0,0,,1,1,,,,1,,직전 시즌까지의 성적으로 추정
2009,조정훈,10300,롯데,3.9,,3460,역산 추정,157,1,0,0,,1,1,Y,,,2,풀타임 최소 2코인,직전 시즌까지의 성적으로 추정
2009,조진호,10379,삼성,-0.1,,2231,역산 추정,283,1,0,0,,1,1,,,,1,,직전 시즌까지의 성적으로 추정
2009,조현근,10380,삼성,0.6,,4726,역산 추정,133,2,0,0,,2,2,,,,2,,직전 시즌까지의 성적으로 추정
2009,지승민,10228,삼성,1.6,,3248,역산 추정,165,1,0,0,,1,1,,,,1,,직전 시즌까지의 성적으로 추정
2009,지승민,10228,두산,1.6,,3248,역산 추정,165,1,0,0,,1,1,,,,1,,직전 시즌까지의 성적으로 추정
2009,진갑용,10314,삼성,0.0,FA 2007 3년 보장 26.0억,50000,실제 연봉,7,5,0,1,5,5,4,,2001,2008 베이징 올림픽,4,계약 하한 대상(변경 없음)/커리어 로우·지정 하향 / 국가대표 +1 / 국가대표 +1은 4코인까지,시즌 전 확정
2009,진야곱,10229,두산,0.7,,2636,역산 추정,199,1,0,0,,1,4,,2012,,4,신인 하한,직전 시즌까지의 성적으로 추정
2009,진해수,10075,KIA,-0.2,,2477,역산 추정,258,1,0,0,,1,1,,,,1,,직전 시즌까지의 성적으로 추정
2009,차우찬,10381,삼성,0.5,,2548,역산 추정,249,1,0,0,,1,1,Y,2010,,2,풀타임 최소 2코인,직전 시즌까지의 성적으로 추정
2009,차일목,10005,KIA,0.8,,2631,역산 추정,200,1,0,0,,1,1,,,,1,,직전 시즌까지의 성적으로 추정
2009,채병용,10161,SK,1.2,,18000,실제 연봉,43,3,1,0,,4,4,,,,4,,시즌 전 확정
2009,채상병,10315,삼성,-0.1,,2658,역산 추정,194,1,-1,0,,1,1,,,,1,,직전 시즌까지의 성적으로 추정
2009,채태인,10331,삼성,3.6,,2821,역산 추정,182,1,0,0,,1,3,,2011,,3,신인 하한,직전 시즌까지의 성적으로 추정
2009,최경환,10041,KIA,0.1,,2725,역산 추정,187,1,0,0,,1,1,,,,1,,직전 시즌까지의 성적으로 추정
2009,최기문,14231,롯데,0.6,,8131,역산 추정,98,2,0,0,,2,2,,,,2,,직전 시즌까지의 성적으로 추정
2009,최동수,10481,LG,0.3,FA 2009 1년 보장 2.5억,25000,FA 연봉 부분,29,4,-1,0,4,3,4,,,,4,계약 하한(가격 변경),시즌 전 확정
2009,최동환,10535,LG,-0.2,,2620,역산 추정,202,1,0,0,,1,3,,2013,,3,신인 하한,직전 시즌까지의 성적으로 추정
2009,최상덕,10616,한화,0.0,,5258,역산 추정,129,2,0,0,,2,2,,,,2,,직전 시즌까지의 성적으로 추정
2009,최성민,10536,LG,-0.1,,2620,역산 추정,202,1,0,0,,1,1,,,,1,,직전 시즌까지의 성적으로 추정
2009,최승환,10169,두산,0.0,,2629,역산 추정,201,1,0,0,,1,1,,,,1,,직전 시즌까지의 성적으로 추정
2009,최영필,10617,한화,-0.4,,6308,역산 추정,115,2,0,0,,2,2,,,,2,,직전 시즌까지의 성적으로 추정
2009,최용규,10024,KIA,-0.1,,2475,역산 추정,259,1,0,0,,1,1,,,,1,,직전 시즌까지의 성적으로 추정
2009,최원제,10382,삼성,0.6,,2620,역산 추정,202,1,0,0,,1,1,,,,1,,직전 시즌까지의 성적으로 추정
2009,최원호,10537,LG,0.4,FA 2009 1년 보장 2.0억,20000,실제 연봉,37,4,0,0,4,4,4,,,,4,계약 하한 대상(변경 없음),시즌 전 확정
2009,최정,10106,SK,2.7,,7000,역산 추정,108,2,1,0,,3,3,,2009,2009 WBC,4,국가대표 +1,직전 시즌까지의 성적으로 추정
2009,최준석,10183,두산,1.9,,4012,역산 추정,144,2,0,0,,2,2,,,,2,,직전 시즌까지의 성적으로 추정
2009,최진행,10578,한화,0.0,,2394,역산 추정,271,1,0,0,,1,3,,2008,,3,신인 하한,직전 시즌까지의 성적으로 추정
2009,최형우,10344,삼성,3.3,,4583,역산 추정,135,2,0,0,,2,3,,,,3,MVP 다음 해/지정,직전 시즌까지의 성적으로 추정
2009,최희섭,10025,KIA,5.4,,20000,실제 연봉,37,4,0,0,,4,4,,2011,,4,,시즌 전 확정
2009,추승우,10579,한화,0.2,,3351,역산 추정,162,1,0,0,,1,1,,,,1,,직전 시즌까지의 성적으로 추정
2009,하준호,10304,롯데,0.0,,2620,역산 추정,202,1,0,0,,1,3,,2013,,3,신인 하한,직전 시즌까지의 성적으로 추정
2009,한기주,10077,KIA,0.5,,14668,역산 추정,70,2,0,0,,2,4,,2010,2008 베이징 올림픽,4,신인 하한 / 국가대표 +1 / 국가대표 +1은 4코인까지,직전 시즌까지의 성적으로 추정
2009,한희,10539,LG,0.2,,2620,역산 추정,202,1,0,0,,1,1,,,,1,,직전 시즌까지의 성적으로 추정
2009,허승민,10345,삼성,-0.0,,2468,역산 추정,262,1,0,0,,1,1,,,,1,,직전 시즌까지의 성적으로 추정
2009,허유강,10620,한화,0.6,,2620,역산 추정,202,1,0,0,,1,1,,,,1,,직전 시즌까지의 성적으로 추정
2009,허준,10393,우리,0.1,,2525,역산 추정,254,1,0,0,,1,1,,,,1,,직전 시즌까지의 성적으로 추정
2009,허준혁,10306,롯데,-0.2,,2555,역산 추정,246,1,0,0,,1,1,,,,1,,직전 시즌까지의 성적으로 추정
2009,현재윤,10317,삼성,0.4,,2534,역산 추정,252,1,0,0,,1,1,,,,1,,직전 시즌까지의 성적으로 추정
2009,홍상삼,10230,두산,1.1,,2620,역산 추정,202,1,0,0,,1,1,Y,,,2,풀타임 최소 2코인,직전 시즌까지의 성적으로 추정
2009,홍성흔,10256,롯데,7.0,FA 2009 4년 보장 30.0억,27900,실제 연봉,25,5,0,1,5,5,5,,,,5,계약 하한 대상(변경 없음),시즌 전 확정
2009,홍세완,10026,KIA,1.5,,15680,역산 추정,52,3,0,0,,3,3,,,,3,,직전 시즌까지의 성적으로 추정
2009,황두성,10457,우리,3.2,,11235,역산 추정,83,2,0,0,,2,2,,,,2,,직전 시즌까지의 성적으로 추정
2009,황재규,10621,한화,1.7,,2620,역산 추정,202,1,0,0,,1,1,Y,,,2,풀타임 최소 2코인,직전 시즌까지의 성적으로 추정
2009,황재균,10407,우리,3.3,,3398,역산 추정,161,1,-1,0,,1,1,Y,,,2,풀타임 최소 2코인,직전 시즌까지의 성적으로 추정
2010,가득염,10123,SK,0.2,,9462,역산 추정,83,2,0,0,,2,2,,,,2,,직전 시즌까지의 성적으로 추정
2010,강귀태,10385,넥센,-0.8,,4047,역산 추정,133,2,0,0,,2,2,,,,2,,직전 시즌까지의 성적으로 추정
2010,강동우,10564,한화,0.8,FA 2010 1년 보장 3.0억,30000,FA 연봉 부분,21,4,1,0,4,5,4,,,,4,계약 하한 대상(변경 없음)/커리어 로우·지정 하향,시즌 전 확정
2010,강명구,10319,삼성,-0.2,,2595,역산 추정,249,1,0,0,,1,1,,,,1,,직전 시즌까지의 성적으로 추정
2010,강민호,10232,롯데,4.3,,14520,역산 추정,65,2,0,0,,2,2,,,,3,변동 완충(−1까지),직전 시즌까지의 성적으로 추정
2010,강병식,10408,넥센,1.5,,2240,역산 추정,290,1,0,0,,1,1,,,,1,,직전 시즌까지의 성적으로 추정
2010,강봉규,10332,삼성,0.7,,5289,역산 추정,112,2,0,0,,2,2,,,,2,,직전 시즌까지의 성적으로 추정
2010,강영식,10269,롯데,1.2,,16660,역산 추정,48,3,0,0,,3,3,,,,3,,직전 시즌까지의 성적으로 추정
2010,강윤구,10423,넥센,0.0,,3459,역산 추정,152,1,0,0,,1,3,,2013,,3,신인 하한,직전 시즌까지의 성적으로 추정
2010,강정호,10394,넥센,5.3,,6531,역산 추정,106,2,0,0,,2,2,,,,2,,직전 시즌까지의 성적으로 추정
2010,강철민,10497,LG,0.1,,7360,역산 추정,94,2,0,0,,2,2,,2006,,2,,직전 시즌까지의 성적으로 추정
2010,경헌호,10498,LG,0.4,,7804,역산 추정,92,2,0,0,,2,2,,,,2,,직전 시즌까지의 성적으로 추정
2010,고영민,10171,두산,0.2,,16660,역산 추정,48,3,0,0,,3,3,,,,3,,직전 시즌까지의 성적으로 추정
2010,고원준,10424,넥센,2.9,,2693,역산 추정,187,1,0,0,,1,1,Y,,,2,풀타임 최소 2코인,직전 시즌까지의 성적으로 추정
2010,고창성,10196,두산,2.3,,5069,역산 추정,113,2,0,0,,2,2,,,,2,,직전 시즌까지의 성적으로 추정
2010,고효준,10124,SK,0.6,,3638,역산 추정,144,2,0,0,,2,3,,2008,,2,"신인 하한 / 신인 하한 종료(달력 5시즌, 군 복무 외 공백은 연장 안 함)",직전 시즌까지의 성적으로 추정
2010,곽정철,10043,KIA,0.3,,3932,역산 추정,134,2,0,0,,2,2,,,,2,,직전 시즌까지의 성적으로 추정
2010,권도영,10395,넥센,0.2,,2666,역산 추정,231,1,0,0,,1,1,,,,1,,직전 시즌까지의 성적으로 추정
2010,권오준,10350,삼성,1.0,,16660,역산 추정,48,3,0,0,,3,3,,,,3,,직전 시즌까지의 성적으로 추정
2010,권용관,10465,LG,0.3,,3420,역산 추정,155,1,0,0,,1,1,,,,1,,직전 시즌까지의 성적으로 추정
2010,권혁,10351,삼성,3.9,,12528,역산 추정,69,2,0,0,,2,2,,2007,,2,,직전 시즌까지의 성적으로 추정
2010,금민철,10425,넥센,2.2,,9611,역산 추정,82,2,0,0,,2,2,,,,2,,직전 시즌까지의 성적으로 추정
2010,김강민,10108,SK,4.3,,4722,역산 추정,119,2,0,0,,2,2,,2009,,2,,직전 시즌까지의 성적으로 추정
2010,김건태,10432,넥센,-0.1,,2693,역산 추정,187,1,0,0,,1,1,,,,1,,직전 시즌까지의 성적으로 추정
2010,김건한,10045,KIA,0.2,,3885,역산 추정,135,2,0,0,,2,2,,,,2,,직전 시즌까지의 성적으로 추정
2010,김경언,10028,한화,1.0,,3844,역산 추정,137,2,0,0,,2,2,,,,2,,직전 시즌까지의 성적으로 추정
2010,김광삼,10501,LG,0.7,,4580,역산 추정,122,2,0,0,,2,2,,,,2,,직전 시즌까지의 성적으로 추정
2010,김광수,10502,LG,2.4,,3137,역산 추정,162,1,-1,0,,1,1,Y,,,2,풀타임 최소 2코인,직전 시즌까지의 성적으로 추정
2010,김광현,10126,SK,8.4,,17500,실제 연봉,44,3,1,1,,5,5,,2011,,5,,시즌 전 확정
2010,김기표,10503,LG,1.0,,2530,역산 추정,262,1,0,0,,1,4,,2011,,4,신인 하한,직전 시즌까지의 성적으로 추정
2010,김다원,10626,KIA,-0.7,,2693,역산 추정,187,1,0,0,,1,1,,,,1,,직전 시즌까지의 성적으로 추정
2010,김대우,10271,롯데,-0.3,,2693,역산 추정,187,1,0,0,,1,3,,2014,,3,신인 하한,직전 시즌까지의 성적으로 추정
2010,김동주,10173,두산,4.1,,70000,실제 연봉,1,5,0,1,,5,5,,2002,,5,,시즌 전 확정
2010,김민성,10238,롯데,-0.5,,3538,역산 추정,149,2,0,0,,2,3,,2013,,3,신인 하한,직전 시즌까지의 성적으로 추정
2010,김민성,10238,넥센,-0.5,,3538,역산 추정,149,2,0,0,,2,3,,2013,,3,신인 하한,직전 시즌까지의 성적으로 추정
2010,김민우,10397,넥센,2.7,,2337,역산 추정,284,1,0,0,,1,3,,2006,,2,"신인 하한 / 신인 하한 종료(달력 5시즌, 군 복무 외 공백은 연장 안 함)",직전 시즌까지의 성적으로 추정
2010,김사율,10272,롯데,1.6,,4063,역산 추정,132,2,0,0,,2,2,,,,2,,직전 시즌까지의 성적으로 추정
2010,김상수,10427,넥센,0.0,,2616,역산 추정,241,1,0,0,,1,3,,2012,,3,신인 하한,직전 시즌까지의 성적으로 추정
2010,김상수,10320,삼성,0.6,,2791,역산 추정,175,1,0,0,,1,4,,2013,,4,신인 하한,직전 시즌까지의 성적으로 추정
2010,김상현,10007,KIA,0.5,,24000,실제 연봉,30,4,1,1,,5,5,,,,5,,시즌 전 확정
2010,김상훈,10001,KIA,1.1,FA 2010 1년 보장 2.25억,22500,실제 연봉,34,4,0,1,4,5,5,,,,5,계약 하한 대상(변경 없음) / 명성: 2009 골든글러브,시즌 전 확정
2010,김선규,10128,SK,0.2,,2693,역산 추정,187,1,0,0,,1,1,,,,1,,직전 시즌까지의 성적으로 추정
2010,김선규,10128,LG,0.2,,2693,역산 추정,187,1,0,0,,1,1,,,,1,,직전 시즌까지의 성적으로 추정
2010,김선빈,10008,KIA,3.6,,3789,역산 추정,140,2,0,0,,2,2,,,,2,,직전 시즌까지의 성적으로 추정
2010,김선우,10200,두산,3.4,,35000,실제 연봉,17,5,0,0,,5,5,,2012,,5,,시즌 전 확정
2010,김성배,10201,두산,0.1,,4217,역산 추정,131,2,0,0,,2,2,,,,2,,직전 시즌까지의 성적으로 추정
2010,김성태,10428,넥센,1.2,,2303,역산 추정,286,1,0,0,,1,1,,,,1,,직전 시즌까지의 성적으로 추정
2010,김성현,10429,넥센,1.3,,2709,역산 추정,184,1,0,0,,1,1,Y,,,2,풀타임 최소 2코인,직전 시즌까지의 성적으로 추정
2010,김수완,10647,롯데,1.5,,2693,역산 추정,187,1,0,0,,1,1,,,,1,,직전 시즌까지의 성적으로 추정
2010,김승회,10202,두산,1.0,,4980,역산 추정,115,2,0,0,,2,2,,,,2,,직전 시즌까지의 성적으로 추정
2010,김연훈,10089,SK,-0.1,,2455,역산 추정,268,1,0,0,,1,1,,,,1,,직전 시즌까지의 성적으로 추정
2010,김원섭,10029,KIA,1.8,,17000,실제 연봉,45,3,0,0,,3,3,,,,3,,시즌 전 확정
2010,김일경,10398,넥센,0.9,,3003,역산 추정,163,1,0,0,,1,1,,,,1,,직전 시즌까지의 성적으로 추정
2010,김일엽,10276,롯데,1.0,,2813,역산 추정,173,1,0,0,,1,1,,,,1,,직전 시즌까지의 성적으로 추정
2010,김재현,10109,SK,2.6,,50000,실제 연봉,4,5,0,0,,5,5,,,,5,,시즌 전 확정
2010,김재현,10766,한화,0.1,,3577,역산 추정,145,2,0,0,,2,2,,,,2,,직전 시즌까지의 성적으로 추정
2010,김재호,10174,두산,0.2,,2801,역산 추정,174,1,0,0,,1,3,,2009,,3,신인 하한,직전 시즌까지의 성적으로 추정
2010,김주찬,10239,롯데,1.2,,9387,역산 추정,84,2,0,0,,2,2,,,,2,,직전 시즌까지의 성적으로 추정
2010,김준호,10484,LG,-0.3,,2654,역산 추정,234,1,0,0,,1,1,,,,1,,직전 시즌까지의 성적으로 추정
2010,김지용,10747,LG,-0.1,,2693,역산 추정,187,1,0,0,,1,1,,,,1,,직전 시즌까지의 성적으로 추정
2010,김창훈,10671,두산,0.3,,2422,역산 추정,274,1,0,0,,1,1,,,,1,,직전 시즌까지의 성적으로 추정
2010,김태군,10459,LG,0.0,,2588,역산 추정,251,1,0,0,,1,1,,,,1,,직전 시즌까지의 성적으로 추정
2010,김태완,10467,LG,0.7,,2374,역산 추정,280,1,0,0,,1,1,,,,1,,직전 시즌까지의 성적으로 추정
2010,김태완,10553,한화,2.8,,6856,역산 추정,100,2,0,0,,2,2,,,,2,,직전 시즌까지의 성적으로 추정
2010,김혁민,10587,한화,-0.2,,3799,역산 추정,139,2,-1,0,,1,1,,,,1,,직전 시즌까지의 성적으로 추정
2010,김현수,10187,두산,5.7,,25200,실제 연봉,28,4,1,1,,5,5,,,,5,,시즌 전 확정
2010,김효남,10359,삼성,0.3,,2541,역산 추정,258,1,0,0,,1,3,,2010,,3,신인 하한,직전 시즌까지의 성적으로 추정
2010,나주환,10092,SK,2.5,,17000,실제 연봉,45,3,0,0,,3,3,,,,3,,시즌 전 확정
2010,나지완,10030,KIA,-0.2,,4793,역산 추정,117,2,0,0,,2,2,,,,2,,직전 시즌까지의 성적으로 추정
2010,노경은,10203,두산,-0.3,,2473,역산 추정,266,1,0,0,,1,1,,2007,,1,,직전 시즌까지의 성적으로 추정
2010,류현진,10590,한화,10.1,,27000,실제 연봉,24,4,1,1,,5,5,,2010,,5,명성: 2009 탈삼진 1위,시즌 전 확정
2010,마일영,10592,한화,-0.3,,16660,역산 추정,48,3,-1,0,,2,2,,,,2,,직전 시즌까지의 성적으로 추정
2010,마정길,10436,넥센,1.8,,15266,역산 추정,64,2,0,0,,2,2,,,,2,,직전 시즌까지의 성적으로 추정
2010,모창민,10093,SK,-0.9,,2406,역산 추정,276,1,0,0,,1,1,,,,1,,직전 시즌까지의 성적으로 추정
2010,문광은,10130,SK,0.3,,2693,역산 추정,187,1,0,0,,1,3,,2014,,3,신인 하한,직전 시즌까지의 성적으로 추정
2010,문규현,10240,롯데,0.2,,2377,역산 추정,279,1,0,0,,1,1,,,,1,,직전 시즌까지의 성적으로 추정
2010,문성현,10437,넥센,0.6,,2693,역산 추정,187,1,0,0,,1,1,Y,,,2,풀타임 최소 2코인,직전 시즌까지의 성적으로 추정
2010,민병헌,10188,두산,0.3,,2908,역산 추정,166,1,0,0,,1,1,,2010,,2,전수 판정: 추가 확인(직전 시즌 1군 역할),직전 시즌까지의 성적으로 추정
2010,박건우,10682,LG,0.6,,2693,역산 추정,187,1,0,0,,1,1,,,,1,,직전 시즌까지의 성적으로 추정
2010,박경수,10469,LG,1.9,,10721,역산 추정,79,2,0,0,,2,2,,2007,,2,,직전 시즌까지의 성적으로 추정
2010,박경완,10080,SK,2.8,,50000,실제 연봉,4,5,0,1,,5,5,,,,5,,시즌 전 확정
2010,박경태,10050,KIA,0.4,,2621,역산 추정,239,1,0,0,,1,1,,,,1,,직전 시즌까지의 성적으로 추정
2010,박기남,10011,KIA,1.1,,2899,역산 추정,168,1,0,0,,1,1,,,,1,,직전 시즌까지의 성적으로 추정
2010,박기혁,10241,롯데,-0.9,,11897,역산 추정,76,2,-1,0,,1,1,,,,1,,직전 시즌까지의 성적으로 추정
2010,박노민,10541,한화,-0.1,,2710,역산 추정,183,1,0,0,,1,1,,,,1,,직전 시즌까지의 성적으로 추정
2010,박명환,10510,LG,-0.4,FA 2007 4년 보장 40.0억,50000,실제 연봉,4,5,0,0,5,5,5,,,,5,계약 하한 대상(변경 없음),시즌 전 확정
2010,박민규,10361,삼성,0.1,,2722,역산 추정,180,1,0,0,,1,1,,,,1,,직전 시즌까지의 성적으로 추정
2010,박병호,10470,LG,-0.7,,2228,역산 추정,291,1,0,0,,1,1,,2009,,1,,직전 시즌까지의 성적으로 추정
2010,박석민,10322,삼성,4.1,,6959,역산 추정,97,2,0,0,,2,2,,,,2,,직전 시즌까지의 성적으로 추정
2010,박성호,10595,KIA,0.5,,2609,역산 추정,243,1,0,0,,1,1,,,,1,,직전 시즌까지의 성적으로 추정
2010,박성훈,10438,넥센,0.5,,2571,역산 추정,254,1,0,0,,1,1,,,,1,,직전 시즌까지의 성적으로 추정
2010,박승민,10439,넥센,2.1,,6751,역산 추정,101,2,0,0,,2,2,,,,2,,직전 시즌까지의 성적으로 추정
2010,박용근,10471,LG,0.2,,2537,역산 추정,260,1,0,0,,1,1,,,,1,,직전 시즌까지의 성적으로 추정
2010,박용택,10485,LG,2.8,,31000,실제 연봉,20,5,1,1,,5,5,,2006,,5,,시즌 전 확정
2010,박재상,10112,SK,1.6,,9337,역산 추정,86,2,0,0,,2,2,,,,2,,직전 시즌까지의 성적으로 추정
2010,박재홍,10113,SK,-0.0,FA 2010 1년 보장 8.0억,40000,실제 연봉,9,5,0,0,5,5,4,,2000,,4,계약 하한 대상(변경 없음)/커리어 로우·지정 하향,시즌 전 확정
2010,박정권,10096,SK,4.4,,3542,역산 추정,148,2,0,0,,2,2,,,,2,,직전 시즌까지의 성적으로 추정
2010,박정배,10206,두산,0.1,,2514,역산 추정,264,1,0,0,,1,1,,,,1,,직전 시즌까지의 성적으로 추정
2010,박정진,10596,한화,2.5,,2784,역산 추정,176,1,0,0,,1,1,Y,,,2,풀타임 최소 2코인,직전 시즌까지의 성적으로 추정
2010,박정환,10097,SK,0.5,,2420,역산 추정,275,1,0,0,,1,1,,,,1,,직전 시즌까지의 성적으로 추정
2010,박종윤,10243,롯데,-1.1,,2104,역산 추정,294,1,0,0,,1,1,,,,1,,직전 시즌까지의 성적으로 추정
2010,박준서,10242,롯데,-0.6,,2353,역산 추정,283,1,0,0,,1,1,,,,1,,직전 시즌까지의 성적으로 추정
2010,박진만,10323,삼성,0.9,,60000,실제 연봉,2,5,0,1,,5,5,,,,5,,시즌 전 확정
2010,박한이,10336,삼성,3.9,FA 2010 1년 보장 6.5억,30000,실제 연봉,21,5,0,1,5,5,5,,,,5,계약 하한 대상(변경 없음),시즌 전 확정
2010,박현준,10134,SK,-0.1,,2643,역산 추정,237,1,0,0,,1,1,,,,1,,직전 시즌까지의 성적으로 추정
2010,박현준,10134,LG,-0.1,,2643,역산 추정,237,1,0,0,,1,1,,,,1,,직전 시즌까지의 성적으로 추정
2010,박희수,10135,SK,0.3,,2693,역산 추정,187,1,0,0,,1,1,,,,1,,직전 시즌까지의 성적으로 추정
2010,배영수,10362,삼성,1.9,,22000,실제 연봉,35,4,-1,1,,4,4,,,,4,,시즌 전 확정
2010,배우열,10512,LG,-0.3,,2693,역산 추정,187,1,0,0,,1,1,,,,1,,직전 시즌까지의 성적으로 추정
2010,배장호,10281,롯데,0.8,,3411,역산 추정,157,1,0,0,,1,1,Y,,,2,풀타임 최소 2코인,직전 시즌까지의 성적으로 추정
2010,배힘찬,10440,넥센,-0.2,,2712,역산 추정,182,1,0,0,,1,1,,,,1,,직전 시즌까지의 성적으로 추정
2010,백정현,10363,삼성,0.8,,2656,역산 추정,232,1,0,0,,1,3,,2013,,3,신인 하한,직전 시즌까지의 성적으로 추정
2010,봉중근,10514,LG,5.5,,36000,실제 연봉,16,5,1,0,,5,5,,2011,,5,,시즌 전 확정
2010,서동욱,10486,LG,-0.1,,2395,역산 추정,277,1,0,0,,1,1,,,,1,,직전 시즌까지의 성적으로 추정
2010,서승화,10515,LG,-0.2,,3857,역산 추정,136,2,0,0,,2,2,,2006,,2,,직전 시즌까지의 성적으로 추정
2010,서재응,10053,KIA,4.5,,30000,실제 연봉,21,4,-1,0,,3,4,,2012,,4,신인 하한,시즌 전 확정
2010,성영훈,10208,두산,0.2,,2700,역산 추정,186,1,0,0,,1,4,,2013,,4,신인 하한,직전 시즌까지의 성적으로 추정
2010,손승락,10442,넥센,2.7,,4301,역산 추정,128,2,0,0,,2,2,,,,2,,직전 시즌까지의 성적으로 추정
2010,손시헌,10177,두산,2.5,,18500,실제 연봉,40,4,0,1,,5,5,,,,5,,시즌 전 확정
2010,손아섭,10261,롯데,3.8,,2930,역산 추정,165,1,0,0,,1,1,Y,,,2,풀타임 최소 2코인,직전 시즌까지의 성적으로 추정
2010,손영민,10054,KIA,1.2,,12442,역산 추정,71,2,0,0,,2,2,,,,2,,직전 시즌까지의 성적으로 추정
2010,손인호,10487,LG,0.5,,4560,역산 추정,123,2,0,0,,2,2,,,,2,,직전 시즌까지의 성적으로 추정
2010,손주인,10325,삼성,0.0,,2593,역산 추정,250,1,0,0,,1,1,,,,1,,직전 시즌까지의 성적으로 추정
2010,손지환,10098,한화,-0.1,,4380,역산 추정,125,2,0,0,,2,2,,,,2,,직전 시즌까지의 성적으로 추정
2010,송광민,10555,한화,0.8,,3413,역산 추정,156,1,-1,0,,1,3,,2011,,3,신인 하한,직전 시즌까지의 성적으로 추정
2010,송승준,10285,롯데,3.4,,18000,실제 연봉,41,3,0,0,,3,4,,2011,,4,신인 하한,시즌 전 확정
2010,송신영,10443,넥센,1.8,,16660,역산 추정,48,3,0,0,,3,3,,,,3,,직전 시즌까지의 성적으로 추정
2010,송은범,10137,SK,5.2,,10073,역산 추정,81,2,0,0,,2,2,,2007,,2,,직전 시즌까지의 성적으로 추정
2010,송지만,10412,넥센,3.0,,40000,실제 연봉,9,5,0,0,,5,4,,,,4,커리어 로우·지정 하향,시즌 전 확정
2010,송창식,10598,한화,0.5,,3493,역산 추정,151,1,0,0,,1,3,,2008,,1,"신인 하한 / 신인 하한 종료(달력 5시즌, 군 복무 외 공백은 연장 안 함)",직전 시즌까지의 성적으로 추정
2010,신경현,10542,한화,1.1,,4319,역산 추정,126,2,0,0,,2,2,,,,2,,직전 시즌까지의 성적으로 추정
2010,신명철,10327,삼성,2.3,,6589,역산 추정,105,2,0,0,,2,2,,2005,,2,,직전 시즌까지의 성적으로 추정
2010,신정락,10516,LG,-0.2,,2693,역산 추정,187,1,0,0,,1,4,,2014,,4,신인 하한,직전 시즌까지의 성적으로 추정
2010,신종길,10031,KIA,1.2,,2440,역산 추정,270,1,0,0,,1,1,,,,1,,직전 시즌까지의 성적으로 추정
2010,심수창,10518,LG,-0.2,,8730,역산 추정,87,2,0,0,,2,2,,,,2,,직전 시즌까지의 성적으로 추정
2010,안승민,10629,한화,0.2,,2693,역산 추정,187,1,0,0,,1,1,,,,1,,직전 시즌까지의 성적으로 추정
2010,안영명,10600,한화,-0.2,,13252,역산 추정,68,2,0,0,,2,2,,2007,,2,,직전 시즌까지의 성적으로 추정
2010,안영명,10600,KIA,-0.2,,13252,역산 추정,68,2,0,0,,2,2,,2007,,2,,직전 시즌까지의 성적으로 추정
2010,안지만,10364,삼성,3.8,,11938,역산 추정,75,2,0,0,,2,2,,,,2,,직전 시즌까지의 성적으로 추정
2010,안치용,10488,SK,0.4,,3668,역산 추정,143,2,0,0,,2,2,,,,2,,직전 시즌까지의 성적으로 추정
2010,안치홍,10014,KIA,4.0,,3376,역산 추정,158,1,-1,0,,1,4,,2013,,4,신인 하한,직전 시즌까지의 성적으로 추정
2010,양승진,10601,한화,-1.0,,2693,역산 추정,187,1,0,0,,1,1,,,,1,,직전 시즌까지의 성적으로 추정
2010,양의지,10165,두산,3.3,,2693,역산 추정,187,1,0,0,,1,1,Y,,,2,풀타임 최소 2코인,직전 시즌까지의 성적으로 추정
2010,양준혁,10339,삼성,0.3,,45000,실제 연봉,8,5,0,1,,5,4,,,,4,커리어 로우·지정 하향,시즌 전 확정
2010,양현종,10058,KIA,3.2,,7164,역산 추정,96,2,1,0,,3,4,,2011,,4,신인 하한,직전 시즌까지의 성적으로 추정
2010,양훈,10602,한화,-0.0,,9355,역산 추정,85,2,0,0,,2,2,,,,2,,직전 시즌까지의 성적으로 추정
2010,엄정욱,10139,SK,0.1,,3444,역산 추정,153,1,0,0,,1,1,,,,1,,직전 시즌까지의 성적으로 추정
2010,오상민,10519,LG,1.1,,16660,역산 추정,48,3,0,0,,3,3,,,,3,,직전 시즌까지의 성적으로 추정
2010,오선진,10557,한화,-1.4,,2533,역산 추정,261,1,0,0,,1,1,,,,1,,직전 시즌까지의 성적으로 추정
2010,오승환,10367,삼성,0.3,,26000,실제 연봉,26,4,0,0,,4,4,,2009,,4,,시즌 전 확정
2010,오윤,10413,넥센,-0.3,,2519,역산 추정,263,1,0,0,,1,1,,,,1,,직전 시즌까지의 성적으로 추정
2010,오재원,10178,두산,1.6,,2288,역산 추정,287,1,0,0,,1,1,Y,,,2,풀타임 최소 2코인,직전 시즌까지의 성적으로 추정
2010,오재일,10400,넥센,-1.2,,2579,역산 추정,253,1,0,0,,1,1,,,,1,,직전 시즌까지의 성적으로 추정
2010,오정복,10340,삼성,0.9,,2693,역산 추정,187,1,0,0,,1,1,,,,1,,직전 시즌까지의 성적으로 추정
2010,오주원,10445,넥센,1.9,,7219,역산 추정,95,2,0,0,,2,2,,,,2,,직전 시즌까지의 성적으로 추정
2010,오지환,10475,LG,2.5,,2693,역산 추정,187,1,0,0,,1,4,,2014,,4,신인 하한,직전 시즌까지의 성적으로 추정
2010,오현택,10210,두산,-0.0,,2830,역산 추정,171,1,0,0,,1,1,,,,1,,직전 시즌까지의 성적으로 추정
2010,용덕한,10166,두산,-0.3,,2318,역산 추정,285,1,0,0,,1,1,,,,1,,직전 시즌까지의 성적으로 추정
2010,원용묵,10212,두산,0.0,,2595,역산 추정,248,1,0,0,,1,1,,,,1,,직전 시즌까지의 성적으로 추정
2010,유동훈,10060,KIA,1.4,,21000,실제 연봉,37,4,1,0,,5,5,,,,5,,시즌 전 확정
2010,유선정,10390,넥센,0.5,,2656,역산 추정,232,1,0,0,,1,1,,,,1,,직전 시즌까지의 성적으로 추정
2010,유원상,10604,한화,1.2,,4412,역산 추정,124,2,-1,0,,1,3,,2011,,3,신인 하한,직전 시즌까지의 성적으로 추정
2010,유재웅,10191,두산,0.7,,2457,역산 추정,267,1,0,0,,1,1,,,,1,,직전 시즌까지의 성적으로 추정
2010,유한준,10627,넥센,2.1,,2702,역산 추정,185,1,0,0,,1,1,Y,,,2,풀타임 최소 2코인,직전 시즌까지의 성적으로 추정
2010,윤규진,10606,한화,1.4,,6859,역산 추정,99,2,0,0,,2,2,,,,2,,직전 시즌까지의 성적으로 추정
2010,윤근영,10607,한화,-0.1,,3512,역산 추정,150,2,0,0,,2,2,,,,2,,직전 시즌까지의 성적으로 추정
2010,윤석민,10061,KIA,2.2,,22000,실제 연봉,35,4,0,0,,4,4,,,,4,,시즌 전 확정
2010,윤성환,10368,삼성,0.5,,18000,실제 연봉,41,3,0,1,,4,4,,2008,,4,명성: 2009 다승 1위,시즌 전 확정
2010,윤희상,10145,SK,0.2,,2354,역산 추정,282,1,0,0,,1,1,,2008,,1,,직전 시즌까지의 성적으로 추정
2010,이대수,10558,한화,2.0,,5023,역산 추정,114,2,0,0,,2,2,,,,2,,직전 시즌까지의 성적으로 추정
2010,이대진,10062,KIA,-0.4,,12286,역산 추정,73,2,0,1,,3,3,,,,3,,직전 시즌까지의 성적으로 추정
2010,이대형,10490,LG,1.6,,8549,역산 추정,88,2,0,0,,2,2,,,,2,,직전 시즌까지의 성적으로 추정
2010,이대호,10251,롯데,7.7,,39000,실제 연봉,15,5,0,1,,5,5,,,,5,,시즌 전 확정
2010,이대환,10446,넥센,0.2,,3160,역산 추정,161,1,0,0,,1,1,,,,1,,직전 시즌까지의 성적으로 추정
2010,이도형,10543,한화,1.1,,12020,역산 추정,74,2,0,0,,2,2,,,,2,,직전 시즌까지의 성적으로 추정
2010,이동학,10447,넥센,-0.3,,2828,역산 추정,172,1,0,0,,1,1,,,,1,,직전 시즌까지의 성적으로 추정
2010,이동현,10524,LG,1.6,,13975,역산 추정,66,2,0,0,,2,2,,,,2,,직전 시즌까지의 성적으로 추정
2010,이동현,10063,KIA,-0.0,,2386,역산 추정,278,1,0,0,,1,1,,,,1,,직전 시즌까지의 성적으로 추정
2010,이동현,10063,한화,-0.0,,2386,역산 추정,278,1,0,0,,1,1,,,,1,,직전 시즌까지의 성적으로 추정
2010,이두환,10179,두산,0.2,,2693,역산 추정,187,1,0,0,,1,1,,,,1,,직전 시즌까지의 성적으로 추정
2010,이명우,10290,롯데,0.1,,3815,역산 추정,138,2,0,0,,2,2,,,,2,,직전 시즌까지의 성적으로 추정
2010,이범준,10525,LG,-0.6,,3343,역산 추정,159,1,0,0,,1,1,,,,1,,직전 시즌까지의 성적으로 추정
2010,이병규,10491,LG,0.8,,40000,실제 연봉,9,5,0,1,,5,5,,2001,,5,,시즌 전 확정
2010,이병규,10477,LG,3.2,,2606,역산 추정,245,1,0,0,,1,1,Y,,,2,풀타임 최소 2코인,직전 시즌까지의 성적으로 추정
2010,이보근,10448,넥센,1.6,,4285,역산 추정,130,2,0,0,,2,2,,,,2,,직전 시즌까지의 성적으로 추정
2010,이상열,10449,LG,2.1,,13706,역산 추정,67,2,0,0,,2,2,,,,2,,직전 시즌까지의 성적으로 추정
2010,이상화,10064,KIA,0.0,,3673,역산 추정,141,2,0,0,,2,2,,,,2,,직전 시즌까지의 성적으로 추정
2010,이상훈,10572,한화,-0.3,,2693,역산 추정,187,1,0,0,,1,1,,,,1,,직전 시즌까지의 성적으로 추정
2010,이성열,10168,두산,2.6,,2933,역산 추정,164,1,0,0,,1,1,Y,,,2,풀타임 최소 2코인,직전 시즌까지의 성적으로 추정
2010,이숭용,10402,넥센,1.0,,23000,실제 연봉,32,4,0,1,,5,4,,,,4,커리어 로우·지정 하향,시즌 전 확정
2010,이승호,10148,SK,1.3,,11697,역산 추정,77,2,0,0,,2,2,,,,2,,직전 시즌까지의 성적으로 추정
2010,이승호,10147,SK,1.8,,16660,역산 추정,48,3,0,1,,4,4,,,,4,,직전 시즌까지의 성적으로 추정
2010,이양기,10573,한화,-0.1,,2693,역산 추정,187,1,0,0,,1,1,,,,1,,직전 시즌까지의 성적으로 추정
2010,이영수,10017,KIA,0.0,,2544,역산 추정,257,1,0,0,,1,1,,,,1,,직전 시즌까지의 성적으로 추정
2010,이영욱,10342,삼성,2.3,,2760,역산 추정,179,1,0,0,,1,1,Y,,,2,풀타임 최소 2코인,직전 시즌까지의 성적으로 추정
2010,이용규,10035,KIA,4.4,,16660,역산 추정,48,3,0,0,,3,3,,,,3,,직전 시즌까지의 성적으로 추정
2010,이용찬,10217,두산,1.5,,4299,역산 추정,129,2,0,1,,3,4,,2012,,4,신인 하한 / 명성: 2009 세이브 1위,직전 시즌까지의 성적으로 추정
2010,이용훈,10291,롯데,-0.2,,6949,역산 추정,98,2,-1,0,,1,1,,,,1,,직전 시즌까지의 성적으로 추정
2010,이우민,11398,롯데,-0.1,,2166,역산 추정,293,1,0,0,,1,1,,,,1,,직전 시즌까지의 성적으로 추정
2010,이우선,10371,삼성,1.6,,2719,역산 추정,181,1,0,0,,1,1,Y,,,2,풀타임 최소 2코인,직전 시즌까지의 성적으로 추정
2010,이원석,10180,두산,1.4,,5521,역산 추정,109,2,0,0,,2,2,,2009,,2,,직전 시즌까지의 성적으로 추정
2010,이재곤,10293,롯데,2.9,,2693,역산 추정,187,1,0,0,,1,1,Y,,,2,풀타임 최소 2코인,직전 시즌까지의 성적으로 추정
2010,이재영,10529,LG,-0.0,,16660,역산 추정,48,3,0,0,,3,3,,,,3,,직전 시즌까지의 성적으로 추정
2010,이재영,10529,SK,-0.0,,16660,역산 추정,48,3,0,0,,3,3,,,,3,,직전 시즌까지의 성적으로 추정
2010,이재우,10219,두산,0.4,,19000,실제 연봉,39,4,0,0,,4,4,,,,4,,시즌 전 확정
2010,이재원,10082,SK,-0.1,,3669,역산 추정,142,2,0,0,,2,4,,2010,,4,신인 하한,직전 시즌까지의 성적으로 추정
2010,이재학,10220,두산,0.3,,2693,역산 추정,187,1,0,0,,1,1,,,,1,,직전 시즌까지의 성적으로 추정
2010,이정민,10295,롯데,-0.0,,6618,역산 추정,103,2,0,0,,2,2,,,,2,,직전 시즌까지의 성적으로 추정
2010,이정식,10311,삼성,0.1,,2684,역산 추정,229,1,0,0,,1,1,,,,1,,직전 시즌까지의 성적으로 추정
2010,이정호,10450,넥센,0.1,,2262,역산 추정,289,1,0,0,,1,1,,2005,,1,,직전 시즌까지의 성적으로 추정
2010,이정훈,10296,롯데,-0.2,,7898,역산 추정,90,2,0,0,,2,2,,,,2,,직전 시즌까지의 성적으로 추정
2010,이종범,10036,KIA,0.2,,26000,실제 연봉,26,4,0,1,,5,4,,1997,,4,커리어 로우·지정 하향,시즌 전 확정
2010,이종욱,10192,두산,3.6,,16660,역산 추정,48,3,0,1,,4,4,,,,4,,직전 시즌까지의 성적으로 추정
2010,이종환,10941,KIA,-0.3,,2693,역산 추정,187,1,0,0,,1,1,,,,1,,직전 시즌까지의 성적으로 추정
2010,이진영,10492,LG,3.2,FA 2009 4년 보장 42.0억,54000,실제 연봉,3,5,0,0,5,5,5,,,,5,계약 하한 대상(변경 없음),시즌 전 확정
2010,이택근,10493,LG,2.1,,27000,실제 연봉,24,4,0,1,,5,5,,2007,,5,,시즌 전 확정
2010,이현곤,10022,KIA,0.6,,12468,역산 추정,70,2,-1,0,,1,1,,,,1,,직전 시즌까지의 성적으로 추정
2010,이현승,10221,두산,1.1,,12427,역산 추정,72,2,0,0,,2,4,,2010,,4,신인 하한,직전 시즌까지의 성적으로 추정
2010,이호준,10101,SK,0.6,FA 2008 4년 보장 34.0억,50000,실제 연봉,4,5,0,0,5,5,5,,,,5,계약 하한 대상(변경 없음),시즌 전 확정
2010,이희근,10544,한화,-1.1,,2653,역산 추정,235,1,0,0,,1,1,,,,1,,직전 시즌까지의 성적으로 추정
2010,임경완,10298,롯데,0.9,,7884,역산 추정,91,2,0,0,,2,2,,,,2,,직전 시즌까지의 성적으로 추정
2010,임성헌,10151,SK,-0.2,,2904,역산 추정,167,1,0,0,,1,1,,,,1,,직전 시즌까지의 성적으로 추정
2010,임익준,10328,삼성,-1.1,,2693,역산 추정,187,1,0,0,,1,1,,,,1,,직전 시즌까지의 성적으로 추정
2010,임재철,10193,두산,1.6,,4726,역산 추정,118,2,0,0,,2,2,,,,2,,직전 시즌까지의 성적으로 추정
2010,임진우,10374,삼성,0.8,,2693,역산 추정,187,1,0,0,,1,1,,,,1,,직전 시즌까지의 성적으로 추정
2010,임태훈,10222,두산,1.1,,17000,실제 연봉,45,3,0,0,,3,4,,2011,,4,신인 하한,시즌 전 확정
2010,임훈,10120,SK,0.2,,2693,역산 추정,187,1,0,0,,1,1,,,,1,,직전 시즌까지의 성적으로 추정
2010,장민석,10416,넥센,2.6,,2693,역산 추정,187,1,0,0,,1,1,Y,,,2,풀타임 최소 2코인,직전 시즌까지의 성적으로 추정
2010,장민익,10223,두산,-0.3,,2693,역산 추정,187,1,0,0,,1,1,,,,1,,직전 시즌까지의 성적으로 추정
2010,장민재,10610,한화,0.4,,2693,역산 추정,187,1,0,0,,1,1,,,,1,,직전 시즌까지의 성적으로 추정
2010,장성우,10235,롯데,-0.2,,2604,역산 추정,246,1,0,0,,1,4,,2013,,4,신인 하한,직전 시즌까지의 성적으로 추정
2010,장성호,10032,한화,0.1,FA 2010 1년 보장 2.5억,25000,실제 연봉,29,4,0,0,4,4,4,,,,4,계약 하한 대상(변경 없음),시즌 전 확정
2010,장영석,10404,넥센,-0.1,,2609,역산 추정,243,1,0,0,,1,1,,,,1,,직전 시즌까지의 성적으로 추정
2010,장원삼,10375,삼성,4.9,,16660,역산 추정,48,3,0,0,,3,4,,2010,,4,신인 하한,직전 시즌까지의 성적으로 추정
2010,장원준,10299,롯데,3.0,,18000,실제 연봉,41,3,0,0,,3,3,,2008,,3,,시즌 전 확정
2010,전근표,10575,한화,0.1,,2425,역산 추정,273,1,0,0,,1,1,,2004,,1,,직전 시즌까지의 성적으로 추정
2010,전병두,10152,SK,2.0,,16660,역산 추정,48,3,0,0,,3,3,,,,3,,직전 시즌까지의 성적으로 추정
2010,전우엽,10070,KIA,0.0,,2693,역산 추정,187,1,0,0,,1,4,,2014,,4,신인 하한,직전 시즌까지의 성적으로 추정
2010,전준우,10266,롯데,1.7,,2547,역산 추정,255,1,0,0,,1,1,Y,,,2,풀타임 최소 2코인,직전 시즌까지의 성적으로 추정
2010,전준호,10153,SK,0.3,,10719,역산 추정,80,2,0,0,,2,2,,,,2,,직전 시즌까지의 성적으로 추정
2010,전현태,10561,한화,0.4,,2497,역산 추정,265,1,0,0,,1,1,,,,1,,직전 시즌까지의 성적으로 추정
2010,정근우,10103,SK,4.4,,24000,실제 연봉,30,4,1,1,,5,5,,2009,,5,,시즌 전 확정
2010,정대현,10154,SK,2.8,,23000,실제 연봉,32,4,0,1,,5,5,,,,5,,시즌 전 확정
2010,정대현,10224,두산,-0.1,,2693,역산 추정,187,1,0,0,,1,1,,,,1,,직전 시즌까지의 성적으로 추정
2010,정보명,10252,롯데,0.3,,4664,역산 추정,121,2,0,0,,2,2,,,,2,,직전 시즌까지의 성적으로 추정
2010,정상호,10083,SK,0.8,,2768,역산 추정,178,1,0,0,,1,1,,2005,,1,,직전 시즌까지의 성적으로 추정
2010,정성훈,10479,LG,0.6,FA 2009 4년 보장 24.0억,35000,실제 연봉,17,5,0,0,5,5,5,,,,5,계약 하한 대상(변경 없음),시즌 전 확정
2010,정수빈,10195,두산,1.4,,2859,역산 추정,169,1,0,0,,1,1,,,,1,,직전 시즌까지의 성적으로 추정
2010,정용운,10072,KIA,-0.2,,2693,역산 추정,187,1,0,0,,1,3,,2014,,3,신인 하한,직전 시즌까지의 성적으로 추정
2010,정우람,10156,SK,3.2,,16660,역산 추정,48,3,0,0,,3,3,,,,3,,직전 시즌까지의 성적으로 추정
2010,정원석,10562,한화,3.5,,2104,역산 추정,294,1,0,0,,1,1,Y,,,2,풀타임 최소 2코인,직전 시즌까지의 성적으로 추정
2010,정인욱,10376,삼성,0.4,,2693,역산 추정,187,1,0,0,,1,1,,,,1,,직전 시즌까지의 성적으로 추정
2010,정재복,10532,LG,0.2,,16660,역산 추정,48,3,-1,0,,2,2,,,,2,,직전 시즌까지의 성적으로 추정
2010,정재원,10614,한화,-0.2,,2273,역산 추정,288,1,0,0,,1,1,,,,1,,직전 시즌까지의 성적으로 추정
2010,정재훈,10225,두산,4.5,,16660,역산 추정,48,3,0,0,,3,3,,,,3,,직전 시즌까지의 성적으로 추정
2010,정현석,10576,한화,0.6,,2611,역산 추정,242,1,0,0,,1,1,,,,1,,직전 시즌까지의 성적으로 추정
2010,정현욱,10377,삼성,2.2,,15644,역산 추정,63,2,0,0,,2,2,,,,2,,직전 시즌까지의 성적으로 추정
2010,정훈,10253,롯데,-0.4,,2693,역산 추정,187,1,0,0,,1,1,,,,1,,직전 시즌까지의 성적으로 추정
2010,정희상,10577,한화,0.5,,2435,역산 추정,271,1,0,0,,1,1,,,,1,,직전 시즌까지의 성적으로 추정
2010,조동찬,10329,삼성,3.0,,8332,역산 추정,89,2,0,0,,2,2,,,,2,,직전 시즌까지의 성적으로 추정
2010,조동화,10121,SK,0.9,,5330,역산 추정,111,2,0,0,,2,2,,,,2,,직전 시즌까지의 성적으로 추정
2010,조성환,10254,롯데,4.5,,6617,역산 추정,104,2,0,0,,2,2,,,,3,변동 완충(−1까지),직전 시즌까지의 성적으로 추정
2010,조승수,10227,두산,-0.2,,2693,역산 추정,187,1,0,0,,1,1,,,,1,,직전 시즌까지의 성적으로 추정
2010,조영훈,10330,삼성,0.7,,2598,역산 추정,247,1,0,0,,1,1,,,,1,,직전 시즌까지의 성적으로 추정
2010,조인성,10463,LG,4.8,FA 2008 4년 보장 34.0억,40000,실제 연봉,9,5,0,0,5,5,5,,2002,,5,계약 하한 대상(변경 없음),시즌 전 확정
2010,조재호,10420,넥센,-0.4,,2167,역산 추정,292,1,0,0,,1,1,,,,1,,직전 시즌까지의 성적으로 추정
2010,조정훈,10300,롯데,1.2,,5833,역산 추정,107,2,0,1,,3,3,,,,3,명성: 2009 다승 1위,직전 시즌까지의 성적으로 추정
2010,조중근,10406,넥센,-0.3,,2362,역산 추정,281,1,0,0,,1,1,,,,1,,직전 시즌까지의 성적으로 추정
2010,조태수,10074,KIA,1.0,,2443,역산 추정,269,1,0,0,,1,1,,,,1,,직전 시즌까지의 성적으로 추정
2010,지승민,10228,두산,0.2,,3561,역산 추정,146,2,0,0,,2,2,,,,2,,직전 시즌까지의 성적으로 추정
2010,진갑용,10314,삼성,2.7,,35000,실제 연봉,17,5,0,1,,5,4,,2001,,4,커리어 로우·지정 하향,시즌 전 확정
2010,진명호,10301,롯데,-0.4,,2693,역산 추정,187,1,0,0,,1,3,,2014,,3,신인 하한,직전 시즌까지의 성적으로 추정
2010,차우찬,10381,삼성,6.1,,3272,역산 추정,160,1,-1,0,,1,1,Y,2010,,2,풀타임 최소 2코인,직전 시즌까지의 성적으로 추정
2010,차일목,10005,KIA,2.1,,2839,역산 추정,170,1,0,0,,1,1,,,,1,,직전 시즌까지의 성적으로 추정
2010,채상병,10315,삼성,0.5,,2675,역산 추정,230,1,0,0,,1,1,,,,1,,직전 시즌까지의 성적으로 추정
2010,채종범,10039,KIA,0.2,,6712,역산 추정,102,2,0,0,,2,2,,,,2,,직전 시즌까지의 성적으로 추정
2010,채태인,10331,삼성,1.5,,4677,역산 추정,120,2,0,0,,2,3,,2011,,3,신인 하한,직전 시즌까지의 성적으로 추정
2010,최동수,10481,LG,-0.9,,20000,실제 연봉,38,4,-1,0,,3,3,,,,3,,시즌 전 확정
2010,최동수,10481,SK,-0.9,,20000,실제 연봉,38,4,-1,0,,3,3,,,,3,,시즌 전 확정
2010,최성민,10536,LG,0.7,,2634,역산 추정,238,1,0,0,,1,1,,,,1,,직전 시즌까지의 성적으로 추정
2010,최승환,10169,두산,0.1,,2537,역산 추정,259,1,0,0,,1,1,,,,1,,직전 시즌까지의 성적으로 추정
2010,최영필,10617,한화,-0.4,,4824,역산 추정,116,2,0,0,,2,2,,,,2,,직전 시즌까지의 성적으로 추정
2010,최윤석,10104,SK,-0.7,,2693,역산 추정,187,1,0,0,,1,1,,,,1,,직전 시즌까지의 성적으로 추정
2010,최정,10106,SK,5.5,,10728,역산 추정,78,2,0,0,,2,2,,2009,,3,변동 완충(−1까지),직전 시즌까지의 성적으로 추정
2010,최준석,10183,두산,3.1,,5792,역산 추정,108,2,0,0,,2,2,,,,2,,직전 시즌까지의 성적으로 추정
2010,최진행,10578,한화,2.8,,2430,역산 추정,272,1,0,0,,1,3,,2008,,3,신인 하한,직전 시즌까지의 성적으로 추정
2010,최형우,10344,삼성,3.9,,7372,역산 추정,93,2,0,0,,2,3,,,,3,MVP 다음 해/지정,직전 시즌까지의 성적으로 추정
2010,최훈락,10040,KIA,0.0,,2693,역산 추정,187,1,0,0,,1,1,,,,1,,직전 시즌까지의 성적으로 추정
2010,최희섭,10025,KIA,3.5,,40000,실제 연봉,9,5,1,1,,5,5,,2011,,5,명성: 2009 골든글러브,시즌 전 확정
2010,추승우,10579,한화,0.9,,3443,역산 추정,154,1,0,0,,1,1,,,,1,,직전 시즌까지의 성적으로 추정
2010,한희,10539,LG,-0.2,,2689,역산 추정,228,1,0,0,,1,1,,,,1,,직전 시즌까지의 성적으로 추정
2010,허유강,10620,한화,-0.6,,2784,역산 추정,177,1,0,0,,1,1,,,,1,,직전 시즌까지의 성적으로 추정
2010,허준,10393,넥센,-0.5,,2580,역산 추정,252,1,0,0,,1,1,,,,1,,직전 시즌까지의 성적으로 추정
2010,허준혁,10306,롯데,0.1,,2546,역산 추정,256,1,0,0,,1,1,,,,1,,직전 시즌까지의 성적으로 추정
2010,허준혁,10305,롯데,0.8,,2693,역산 추정,187,1,0,0,,1,1,Y,,,2,풀타임 최소 2코인,직전 시즌까지의 성적으로 추정
2010,현재윤,10317,삼성,-0.1,,2649,역산 추정,236,1,0,0,,1,1,,,,1,,직전 시즌까지의 성적으로 추정
2010,홍상삼,10230,두산,-0.2,,3553,역산 추정,147,2,0,0,,2,2,,,,2,,직전 시즌까지의 성적으로 추정
2010,홍성흔,10256,롯데,7.5,FA 2009 4년 보장 30.0억,40000,실제 연봉,9,5,1,1,5,5,5,,,,5,계약 하한 대상(변경 없음),시즌 전 확정
2010,홍재호,10027,KIA,-0.2,,2693,역산 추정,187,1,0,0,,1,1,,,,1,,직전 시즌까지의 성적으로 추정
2010,황동채,10267,롯데,-0.6,,2617,역산 추정,240,1,0,0,,1,1,,,,1,,직전 시즌까지의 성적으로 추정
2010,황재규,10621,한화,-0.2,,4308,역산 추정,127,2,0,0,,2,2,,,,2,,직전 시즌까지의 성적으로 추정
2010,황재균,10407,넥센,-0.3,,5490,역산 추정,110,2,0,0,,2,2,,,,2,,직전 시즌까지의 성적으로 추정
2010,황재균,10407,롯데,-0.3,,5490,역산 추정,110,2,0,0,,2,2,,,,2,,직전 시즌까지의 성적으로 추정
2011,강귀태,10385,넥센,-0.0,,3669,역산 추정,152,1,0,0,,1,1,,,,1,,직전 시즌까지의 성적으로 추정
2011,강동우,10564,한화,4.3,,18816,역산 추정,49,3,0,0,,3,3,,,,3,,직전 시즌까지의 성적으로 추정
2011,강명구,10319,삼성,-0.0,,2603,역산 추정,250,1,0,0,,1,1,,,,1,,직전 시즌까지의 성적으로 추정
2011,강민호,10232,롯데,4.5,,20000,실제 연봉,40,4,0,0,,4,4,,,2010 광저우 AG,4,국가대표 +1 / 국가대표 +1은 4코인까지,시즌 전 확정
2011,강병식,10408,넥센,-1.0,,2205,역산 추정,282,1,0,0,,1,1,,,,1,,직전 시즌까지의 성적으로 추정
2011,강봉규,10332,삼성,0.7,,5131,역산 추정,124,2,0,0,,2,2,,,,2,,직전 시즌까지의 성적으로 추정
2011,강영식,10269,롯데,1.4,,30000,실제 연봉,22,4,0,0,,4,4,,,,4,,시즌 전 확정
2011,강윤구,10423,넥센,1.0,,3524,역산 추정,158,1,0,0,,1,3,,2013,,3,신인 하한,직전 시즌까지의 성적으로 추정
2011,강정호,10394,넥센,4.0,,12347,역산 추정,81,2,1,1,,4,4,,,2010 광저우 AG,4,국가대표 +1 / 명성: 2010 골든글러브 / 국가대표 +1은 4코인까지,직전 시즌까지의 성적으로 추정
2011,경헌호,10498,LG,0.2,,7077,역산 추정,100,2,0,0,,2,2,,,,2,,직전 시즌까지의 성적으로 추정
2011,고동진,10666,한화,0.5,,4790,역산 추정,126,2,0,0,,2,2,,,,2,,직전 시즌까지의 성적으로 추정
2011,고영민,10171,두산,-0.2,,18816,역산 추정,49,3,-1,0,,2,2,,,,2,,직전 시즌까지의 성적으로 추정
2011,고원준,10424,롯데,3.2,,4209,역산 추정,133,2,0,0,,2,2,,,,2,,직전 시즌까지의 성적으로 추정
2011,고종욱,10659,넥센,0.4,,2785,역산 추정,189,1,0,0,,1,1,,,,1,,직전 시즌까지의 성적으로 추정
2011,고창성,10196,두산,0.6,,8805,역산 추정,94,2,0,0,,2,2,,,2010 광저우 AG,3,국가대표 +1,직전 시즌까지의 성적으로 추정
2011,고효준,10124,SK,1.3,,5520,역산 추정,119,2,0,0,,2,2,,2008,,2,,직전 시즌까지의 성적으로 추정
2011,곽정철,10043,KIA,0.2,,5813,역산 추정,116,2,-1,0,,1,1,,,,1,,직전 시즌까지의 성적으로 추정
2011,권오준,10350,삼성,1.6,,18283,역산 추정,68,2,0,0,,2,2,,,,2,,직전 시즌까지의 성적으로 추정
2011,권용관,10465,SK,0.3,,2915,역산 추정,176,1,0,0,,1,1,,,,1,,직전 시즌까지의 성적으로 추정
2011,권혁,10351,삼성,1.4,,18816,역산 추정,49,3,0,0,,3,3,,2007,,3,,직전 시즌까지의 성적으로 추정
2011,금민철,10425,넥센,-0.4,,14269,역산 추정,74,2,0,0,,2,2,,,,2,,직전 시즌까지의 성적으로 추정
2011,김강률,10690,두산,0.6,,2785,역산 추정,189,1,0,0,,1,1,,,,1,,직전 시즌까지의 성적으로 추정
2011,김강민,10108,SK,2.2,,20000,실제 연봉,40,4,0,1,,5,5,,2009,2010 광저우 AG,5,국가대표 +1 / 명성: 2010 골든글러브,시즌 전 확정
2011,김건한,10045,KIA,0.5,,5685,역산 추정,118,2,-1,0,,1,1,,,,1,,직전 시즌까지의 성적으로 추정
2011,김경언,10028,한화,0.6,,4248,역산 추정,132,2,0,0,,2,2,,,,2,,직전 시즌까지의 성적으로 추정
2011,김광삼,10501,LG,0.3,,6003,역산 추정,113,2,0,0,,2,2,,,,2,,직전 시즌까지의 성적으로 추정
2011,김광수,10502,LG,0.5,,5467,역산 추정,120,2,0,0,,2,2,,,,2,,직전 시즌까지의 성적으로 추정
2011,김광수,10502,한화,0.5,,5467,역산 추정,120,2,0,0,,2,2,,,,2,,직전 시즌까지의 성적으로 추정
2011,김광현,10126,SK,0.3,,27000,실제 연봉,24,4,1,1,,5,5,,2011,2010 광저우 AG,5,,시즌 전 확정
2011,김기표,10503,LG,-0.2,,3964,역산 추정,142,2,0,0,,2,4,,2011,,4,신인 하한,직전 시즌까지의 성적으로 추정
2011,김대우,10685,넥센,-0.1,,2785,역산 추정,189,1,0,0,,1,1,,,,1,,직전 시즌까지의 성적으로 추정
2011,김동주,10173,두산,4.2,,70000,실제 연봉,1,5,0,1,,5,5,,2002,,5,,시즌 전 확정
2011,김명성,10680,롯데,-0.1,,2785,역산 추정,189,1,0,0,,1,1,,,,1,,직전 시즌까지의 성적으로 추정
2011,김민성,10238,넥센,1.5,,3457,역산 추정,161,1,0,0,,1,3,,2013,,3,신인 하한,직전 시즌까지의 성적으로 추정
2011,김민우,10397,넥센,2.1,,3429,역산 추정,162,1,0,0,,1,3,,2006,,2,"신인 하한 / 신인 하한 종료(달력 5시즌, 군 복무 외 공백은 연장 안 함)",직전 시즌까지의 성적으로 추정
2011,김사율,10272,롯데,2.1,,6642,역산 추정,106,2,0,0,,2,2,,,,2,,직전 시즌까지의 성적으로 추정
2011,김상수,10427,넥센,-0.2,,2660,역산 추정,241,1,0,0,,1,3,,2012,,3,신인 하한,직전 시즌까지의 성적으로 추정
2011,김상수,10320,삼성,4.1,,3632,역산 추정,155,1,0,0,,1,4,,2013,,4,신인 하한,직전 시즌까지의 성적으로 추정
2011,김상현,10007,KIA,1.5,,20000,실제 연봉,40,4,0,1,,5,4,,,,4,커리어 로우·지정 하향,시즌 전 확정
2011,김상훈,10001,KIA,1.0,,32500,실제 연봉,20,5,0,0,,5,5,,,,5,,시즌 전 확정
2011,김선규,10128,LG,0.9,,2784,역산 추정,219,1,0,0,,1,1,Y,,,2,풀타임 최소 2코인,직전 시즌까지의 성적으로 추정
2011,김선빈,10008,KIA,4.2,,6280,역산 추정,110,2,0,0,,2,2,,,,2,,직전 시즌까지의 성적으로 추정
2011,김선우,10200,두산,4.8,,40000,실제 연봉,6,5,0,0,,5,5,,2012,,5,,시즌 전 확정
2011,김성배,10201,두산,-0.3,,4325,역산 추정,131,2,0,0,,2,2,,,,2,,직전 시즌까지의 성적으로 추정
2011,김성태,10428,넥센,0.9,,2572,역산 추정,255,1,0,0,,1,1,Y,,,2,풀타임 최소 2코인,직전 시즌까지의 성적으로 추정
2011,김성현,10429,넥센,0.3,,3724,역산 추정,149,2,0,0,,2,2,,,,2,,직전 시즌까지의 성적으로 추정
2011,김성현,10429,LG,0.3,,3724,역산 추정,149,2,0,0,,2,2,,,,2,,직전 시즌까지의 성적으로 추정
2011,김세현,10431,넥센,-0.1,,2738,역산 추정,225,1,0,0,,1,3,,2011,,3,신인 하한,직전 시즌까지의 성적으로 추정
2011,김수경,10430,넥센,2.0,,18816,역산 추정,49,3,-1,1,,3,3,,,,3,,직전 시즌까지의 성적으로 추정
2011,김수완,10647,롯데,-0.2,,3089,역산 추정,170,1,0,0,,1,1,,,,1,,직전 시즌까지의 성적으로 추정
2011,김승회,10202,두산,0.3,,5465,역산 추정,121,2,0,0,,2,2,,,,2,,직전 시즌까지의 성적으로 추정
2011,김연훈,10089,SK,-1.2,,2479,역산 추정,263,1,0,0,,1,1,,,,1,,직전 시즌까지의 성적으로 추정
2011,김원섭,10029,KIA,1.8,,18816,역산 추정,49,3,0,0,,3,3,,,,3,,직전 시즌까지의 성적으로 추정
2011,김일경,10398,넥센,-0.3,,2967,역산 추정,174,1,0,0,,1,1,,,,1,,직전 시즌까지의 성적으로 추정
2011,김일엽,10276,롯데,0.5,,3087,역산 추정,171,1,0,0,,1,1,,,,1,,직전 시즌까지의 성적으로 추정
2011,김재호,10174,두산,-0.6,,2903,역산 추정,177,1,0,0,,1,3,,2009,,3,신인 하한,직전 시즌까지의 성적으로 추정
2011,김재환,10643,두산,-0.5,,2785,역산 추정,189,1,0,0,,1,3,,2015,,3,신인 하한,직전 시즌까지의 성적으로 추정
2011,김주찬,10239,롯데,2.1,,12792,역산 추정,78,2,0,0,,2,2,,,,2,,직전 시즌까지의 성적으로 추정
2011,김주형,10650,KIA,-0.8,,2463,역산 추정,267,1,0,0,,1,1,,,,1,,직전 시즌까지의 성적으로 추정
2011,김진우,10695,KIA,0.1,,16995,역산 추정,69,2,0,0,,2,2,,2006,,2,,직전 시즌까지의 성적으로 추정
2011,김창훈,10671,두산,-0.1,,2516,역산 추정,260,1,0,0,,1,1,,,,1,,직전 시즌까지의 성적으로 추정
2011,김태군,10459,LG,-0.0,,2632,역산 추정,245,1,0,0,,1,1,,,,1,,직전 시즌까지의 성적으로 추정
2011,김태영,10198,두산,1.1,,8781,역산 추정,95,2,0,0,,2,2,,,,2,,직전 시즌까지의 성적으로 추정
2011,김태완,10467,LG,1.6,,2560,역산 추정,256,1,0,0,,1,1,,,,1,,직전 시즌까지의 성적으로 추정
2011,김태훈,10133,SK,0.4,,2785,역산 추정,189,1,0,0,,1,1,,,,1,,직전 시즌까지의 성적으로 추정
2011,김혁민,10587,한화,0.8,,3803,역산 추정,145,2,0,0,,2,2,,,,2,,직전 시즌까지의 성적으로 추정
2011,김현수,10187,두산,4.2,,27000,실제 연봉,24,4,1,1,,5,5,,,2010 광저우 AG,5,,시즌 전 확정
2011,김회성,10554,한화,-0.3,,2596,역산 추정,252,1,0,0,,1,1,,,,1,,직전 시즌까지의 성적으로 추정
2011,나성용,10662,한화,0.2,,2785,역산 추정,189,1,0,0,,1,1,,,,1,,직전 시즌까지의 성적으로 추정
2011,나지완,10030,KIA,3.2,,5840,역산 추정,114,2,-1,0,,1,1,,,,1,,직전 시즌까지의 성적으로 추정
2011,노경은,10203,두산,0.2,,2450,역산 추정,269,1,0,0,,1,1,,2007,,1,,직전 시즌까지의 성적으로 추정
2011,류현진,10590,한화,3.1,,40000,실제 연봉,6,5,1,1,,5,5,,2010,2010 광저우 AG,5,2010 투수 골든글러브 → 5,시즌 전 확정
2011,마일영,10592,한화,0.1,,18816,역산 추정,49,3,-1,0,,2,2,,,,2,,직전 시즌까지의 성적으로 추정
2011,마정길,10436,넥센,1.3,,18816,역산 추정,49,3,0,0,,3,3,,,,3,,직전 시즌까지의 성적으로 추정
2011,모상기,10694,삼성,-0.1,,2785,역산 추정,189,1,0,0,,1,1,,,,1,,직전 시즌까지의 성적으로 추정
2011,문규현,10240,롯데,0.6,,2455,역산 추정,268,1,0,0,,1,1,Y,,,2,풀타임 최소 2코인,직전 시즌까지의 성적으로 추정
2011,문성현,10437,넥센,2.4,,3524,역산 추정,159,1,0,0,,1,1,Y,,,2,풀타임 최소 2코인,직전 시즌까지의 성적으로 추정
2011,박경수,10469,LG,1.5,,12709,역산 추정,79,2,0,0,,2,2,,2007,,2,,직전 시즌까지의 성적으로 추정
2011,박경태,10050,KIA,-0.5,,2754,역산 추정,222,1,0,0,,1,1,Y,,,2,풀타임 최소 2코인,직전 시즌까지의 성적으로 추정
2011,박기남,10011,KIA,0.2,,3214,역산 추정,167,1,0,0,,1,1,,,,1,,직전 시즌까지의 성적으로 추정
2011,박노민,10541,한화,0.4,,2730,역산 추정,227,1,0,0,,1,1,,,,1,,직전 시즌까지의 성적으로 추정
2011,박민규,10361,삼성,-0.1,,2784,역산 추정,218,1,0,0,,1,1,,,,1,,직전 시즌까지의 성적으로 추정
2011,박병호,10470,넥센,1.7,,2176,역산 추정,284,1,0,0,,1,1,,2009,,1,,직전 시즌까지의 성적으로 추정
2011,박석민,10322,삼성,4.1,,11981,역산 추정,84,2,0,0,,2,2,,,,2,,직전 시즌까지의 성적으로 추정
2011,박성호,10595,KIA,-0.1,,2758,역산 추정,221,1,0,0,,1,1,,,,1,,직전 시즌까지의 성적으로 추정
2011,박성훈,10438,넥센,-0.2,,2713,역산 추정,229,1,0,0,,1,1,,,,1,,직전 시즌까지의 성적으로 추정
2011,박승민,10439,넥센,-0.1,,6996,역산 추정,103,2,0,0,,2,2,,,,2,,직전 시즌까지의 성적으로 추정
2011,박용택,10485,LG,3.1,FA 2011 4년 보장 34.0억,35000,실제 연봉,15,5,0,1,5,5,5,,2006,,5,계약 하한 대상(변경 없음),시즌 전 확정
2011,박재상,10112,SK,1.5,,13183,역산 추정,76,2,0,0,,2,2,,,,2,,직전 시즌까지의 성적으로 추정
2011,박재홍,10113,SK,-0.4,,40000,실제 연봉,6,5,0,0,,5,4,,2000,,4,커리어 로우·지정 하향,시즌 전 확정
2011,박정권,10096,SK,1.1,,20000,실제 연봉,40,4,0,0,,4,4,,,,4,,시즌 전 확정
2011,박정준,10259,넥센,-0.2,,2418,역산 추정,273,1,0,0,,1,1,,,,1,,직전 시즌까지의 성적으로 추정
2011,박정진,10596,한화,2.5,,4029,역산 추정,140,2,0,0,,2,2,,,,2,,직전 시즌까지의 성적으로 추정
2011,박종윤,10243,롯데,-0.1,,2176,역산 추정,284,1,0,0,,1,1,,,,1,,직전 시즌까지의 성적으로 추정
2011,박종훈,10131,SK,0.2,,2785,역산 추정,189,1,0,0,,1,1,,,,1,,직전 시즌까지의 성적으로 추정
2011,박진만,10323,SK,3.3,,25000,실제 연봉,28,4,0,1,,5,5,,,,5,,시즌 전 확정
2011,박한이,10336,삼성,2.3,,30000,실제 연봉,22,4,0,1,,5,5,,,,5,,시즌 전 확정
2011,박현준,10134,LG,1.8,,2669,역산 추정,239,1,0,0,,1,1,Y,,,2,풀타임 최소 2코인,직전 시즌까지의 성적으로 추정
2011,박희수,10135,SK,2.7,,2816,역산 추정,184,1,0,0,,1,1,,,,1,,직전 시즌까지의 성적으로 추정
2011,배영섭,10337,삼성,2.1,,2785,역산 추정,189,1,0,0,,1,1,Y,,,2,풀타임 최소 2코인,직전 시즌까지의 성적으로 추정
2011,배영수,10362,삼성,0.3,FA 2011 2년 보장 17.0억,40000,실제 연봉,6,5,0,1,5,5,5,,,,5,계약 하한 대상(변경 없음),시즌 전 확정
2011,배장호,10281,롯데,-0.1,,5249,역산 추정,123,2,0,0,,2,2,,,,2,,직전 시즌까지의 성적으로 추정
2011,배힘찬,10440,넥센,0.0,,2720,역산 추정,228,1,0,0,,1,1,,,,1,,직전 시즌까지의 성적으로 추정
2011,백승룡,10664,한화,-0.0,,2471,역산 추정,265,1,0,0,,1,1,,,,1,,직전 시즌까지의 성적으로 추정
2011,백진우,10473,LG,0.1,,2785,역산 추정,189,1,0,0,,1,1,,,,1,,직전 시즌까지의 성적으로 추정
2011,봉중근,10514,LG,0.2,,38000,실제 연봉,14,5,1,0,,5,5,,2011,2010 광저우 AG,5,,시즌 전 확정
2011,서동욱,10486,LG,1.3,,2415,역산 추정,274,1,0,0,,1,1,Y,,,2,풀타임 최소 2코인,직전 시즌까지의 성적으로 추정
2011,서동환,10207,두산,0.3,,2480,역산 추정,262,1,0,0,,1,1,,,,1,,직전 시즌까지의 성적으로 추정
2011,서재응,10053,KIA,1.7,,33000,실제 연봉,19,5,0,0,,5,5,,2012,,5,,시즌 전 확정
2011,손승락,10442,넥센,2.5,,7707,역산 추정,98,2,0,1,,3,3,,,,3,명성: 2010 세이브 1위,직전 시즌까지의 성적으로 추정
2011,손시헌,10177,두산,2.7,,20200,실제 연봉,38,4,0,1,,5,5,,,2010 광저우 AG,5,,시즌 전 확정
2011,손아섭,10261,롯데,4.6,,4950,역산 추정,125,2,0,0,,2,2,,,,2,,직전 시즌까지의 성적으로 추정
2011,손영민,10054,KIA,2.4,,18816,역산 추정,49,3,0,0,,3,3,,,,3,,직전 시즌까지의 성적으로 추정
2011,손용석,10247,롯데,0.4,,2788,역산 추정,188,1,0,0,,1,3,,2011,,3,신인 하한,직전 시즌까지의 성적으로 추정
2011,손인호,10487,LG,0.0,,3771,역산 추정,146,2,0,0,,2,2,,,,2,,직전 시즌까지의 성적으로 추정
2011,손주인,10325,삼성,-0.3,,2639,역산 추정,244,1,0,0,,1,1,,,,1,,직전 시즌까지의 성적으로 추정
2011,송승준,10285,롯데,4.0,,23000,실제 연봉,32,4,0,0,,4,4,,2011,,4,,시즌 전 확정
2011,송신영,10443,넥센,3.2,,25000,실제 연봉,28,4,0,0,,4,4,,,,4,,시즌 전 확정
2011,송신영,10443,LG,3.2,,25000,실제 연봉,28,4,0,0,,4,4,,,,3,,시즌 전 확정
2011,송은범,10137,SK,1.7,,22000,실제 연봉,34,4,1,0,,5,5,,2007,2010 광저우 AG,4,변동 완충(+2까지),시즌 전 확정
2011,송지만,10412,넥센,2.0,,25000,실제 연봉,28,4,0,0,,4,4,,,,4,,시즌 전 확정
2011,송창식,10598,한화,-0.1,,3687,역산 추정,151,1,0,0,,1,3,,2008,,1,"신인 하한 / 신인 하한 종료(달력 5시즌, 군 복무 외 공백은 연장 안 함)",직전 시즌까지의 성적으로 추정
2011,신경현,10542,한화,0.6,,3723,역산 추정,150,2,0,0,,2,2,,,,2,,직전 시즌까지의 성적으로 추정
2011,신명철,10327,삼성,-0.4,,8929,역산 추정,93,2,0,0,,2,2,,2005,,2,,직전 시즌까지의 성적으로 추정
2011,신용운,10055,KIA,0.2,,11437,역산 추정,86,2,0,0,,2,2,,,,2,,직전 시즌까지의 성적으로 추정
2011,신정락,10516,LG,0.9,,2690,역산 추정,235,1,0,0,,1,4,,2014,,4,신인 하한,직전 시즌까지의 성적으로 추정
2011,신종길,10031,KIA,0.4,,2741,역산 추정,224,1,0,0,,1,1,,,,1,,직전 시즌까지의 성적으로 추정
2011,신주영,10599,한화,-0.2,,2903,역산 추정,178,1,0,0,,1,1,,,,1,,직전 시즌까지의 성적으로 추정
2011,심광호,10310,LG,-0.5,,2219,역산 추정,281,1,0,0,,1,1,,,,1,,직전 시즌까지의 성적으로 추정
2011,심동섭,10056,KIA,1.6,,2785,역산 추정,189,1,0,0,,1,3,,2015,,3,신인 하한,직전 시즌까지의 성적으로 추정
2011,심수창,10518,LG,0.6,,8710,역산 추정,97,2,0,0,,2,2,,,,2,,직전 시즌까지의 성적으로 추정
2011,심수창,10518,넥센,0.6,,8710,역산 추정,97,2,0,0,,2,2,,,,2,,직전 시즌까지의 성적으로 추정
2011,안규영,10729,두산,-0.5,,2785,역산 추정,189,1,0,0,,1,1,,,,1,,직전 시즌까지의 성적으로 추정
2011,안승민,10629,한화,-0.5,,2789,역산 추정,187,1,0,0,,1,1,Y,,,2,풀타임 최소 2코인,직전 시즌까지의 성적으로 추정
2011,안영진,10697,한화,0.2,,2785,역산 추정,189,1,0,0,,1,1,,,,1,,직전 시즌까지의 성적으로 추정
2011,안지만,10364,삼성,2.9,,18816,역산 추정,49,3,0,0,,3,3,,,2010 광저우 AG,4,국가대표 +1,직전 시즌까지의 성적으로 추정
2011,안치용,10488,SK,4.0,,3664,역산 추정,153,1,0,0,,1,1,,,,1,,직전 시즌까지의 성적으로 추정
2011,안치홍,10014,KIA,4.1,,5798,역산 추정,117,2,0,0,,2,4,,2013,,4,신인 하한,직전 시즌까지의 성적으로 추정
2011,양영동,10656,LG,-0.2,,2785,역산 추정,189,1,0,0,,1,1,,,,1,,직전 시즌까지의 성적으로 추정
2011,양의지,10165,두산,3.6,,4349,역산 추정,130,2,0,0,,2,2,,,,2,,직전 시즌까지의 성적으로 추정
2011,양종민,10248,롯데,-0.2,,2785,역산 추정,189,1,0,0,,1,1,,,,1,,직전 시즌까지의 성적으로 추정
2011,양현,10730,두산,0.0,,2785,역산 추정,189,1,0,0,,1,1,,,,1,,직전 시즌까지의 성적으로 추정
2011,양현종,10058,KIA,-0.2,,11538,역산 추정,85,2,0,0,,2,4,,2011,2010 광저우 AG,4,신인 하한 / 국가대표 +1 / 국가대표 +1은 4코인까지,직전 시즌까지의 성적으로 추정
2011,양훈,10602,한화,2.0,,9480,역산 추정,91,2,0,0,,2,2,,,,2,,직전 시즌까지의 성적으로 추정
2011,엄정욱,10139,SK,2.3,,3520,역산 추정,160,1,0,0,,1,1,,,,1,,직전 시즌까지의 성적으로 추정
2011,오상민,10519,LG,0.3,,18816,역산 추정,49,3,0,0,,3,3,,,,3,,직전 시즌까지의 성적으로 추정
2011,오선진,10557,한화,-0.5,,2301,역산 추정,278,1,0,0,,1,1,,,,1,,직전 시즌까지의 성적으로 추정
2011,오승환,10367,삼성,4.1,,24000,실제 연봉,31,4,0,0,,4,4,,2009,,4,,시즌 전 확정
2011,오윤,10413,넥센,0.2,,2491,역산 추정,261,1,0,0,,1,1,,,,1,,직전 시즌까지의 성적으로 추정
2011,오재원,10178,두산,4.1,,3239,역산 추정,166,1,0,0,,1,1,Y,,,2,풀타임 최소 2코인,직전 시즌까지의 성적으로 추정
2011,오재일,10400,넥센,0.2,,2378,역산 추정,275,1,0,0,,1,1,,,,1,,직전 시즌까지의 성적으로 추정
2011,오재필,10665,한화,0.2,,2609,역산 추정,249,1,0,0,,1,1,,,,1,,직전 시즌까지의 성적으로 추정
2011,오주원,10445,넥센,1.0,,12091,역산 추정,83,2,0,0,,2,2,,,,2,,직전 시즌까지의 성적으로 추정
2011,오지환,10475,LG,0.5,,4101,역산 추정,138,2,0,0,,2,4,,2014,,4,신인 하한,직전 시즌까지의 성적으로 추정
2011,용덕한,10166,두산,-0.5,,2295,역산 추정,279,1,0,0,,1,1,,,,1,,직전 시즌까지의 성적으로 추정
2011,유동훈,10060,KIA,0.8,,18816,역산 추정,49,3,0,0,,3,3,,,,4,변동 완충(−1까지),직전 시즌까지의 성적으로 추정
2011,유선정,10390,넥센,-0.1,,2806,역산 추정,185,1,0,0,,1,1,,,,1,,직전 시즌까지의 성적으로 추정
2011,유원상,10604,한화,-0.3,,6012,역산 추정,112,2,0,0,,2,3,,2011,,3,신인 하한,직전 시즌까지의 성적으로 추정
2011,유원상,10604,LG,-0.3,,6012,역산 추정,112,2,0,0,,2,3,,2011,,3,신인 하한,직전 시즌까지의 성적으로 추정
2011,유창식,10678,한화,-0.8,,2785,역산 추정,189,1,0,0,,1,4,,2015,,4,신인 하한,직전 시즌까지의 성적으로 추정
2011,유한준,10627,넥센,2.9,,3973,역산 추정,141,2,0,0,,2,2,,,,2,,직전 시즌까지의 성적으로 추정
2011,윤규진,10606,한화,-0.3,,11078,역산 추정,87,2,0,0,,2,2,,,,2,,직전 시즌까지의 성적으로 추정
2011,윤근영,10607,한화,0.6,,3556,역산 추정,157,1,0,0,,1,1,,,,1,,직전 시즌까지의 성적으로 추정
2011,윤석민,10061,KIA,6.4,,18816,역산 추정,49,3,0,0,,3,3,,,2010 광저우 AG,4,국가대표 +1,직전 시즌까지의 성적으로 추정
2011,윤석민,10644,두산,1.0,,2440,역산 추정,270,1,0,0,,1,1,,,,1,,직전 시즌까지의 성적으로 추정
2011,윤성환,10368,삼성,3.0,,18816,역산 추정,49,3,0,0,,3,3,,2008,,3,,직전 시즌까지의 성적으로 추정
2011,윤요섭,10081,LG,0.5,,2831,역산 추정,180,1,0,0,,1,1,,,,1,,직전 시즌까지의 성적으로 추정
2011,윤지웅,10657,넥센,0.4,,2785,역산 추정,189,1,0,0,,1,1,Y,,,2,풀타임 최소 2코인,직전 시즌까지의 성적으로 추정
2011,윤진호,10476,LG,-0.7,,2785,역산 추정,189,1,0,0,,1,1,,,,1,,직전 시즌까지의 성적으로 추정
2011,윤희상,10145,SK,0.3,,2423,역산 추정,272,1,0,0,,1,1,,2008,,1,,직전 시즌까지의 성적으로 추정
2011,이대수,10558,한화,4.6,,7304,역산 추정,99,2,0,0,,2,2,,,,2,,직전 시즌까지의 성적으로 추정
2011,이대형,10490,LG,1.0,,12112,역산 추정,82,2,0,0,,2,2,,,,2,,직전 시즌까지의 성적으로 추정
2011,이대호,10251,롯데,5.6,,63000,실제 연봉,2,5,1,1,,5,5,,,2010 광저우 AG,5,,시즌 전 확정
2011,이대환,10446,LG,0.2,,3105,역산 추정,169,1,0,0,,1,1,,,,1,,직전 시즌까지의 성적으로 추정
2011,이동현,10524,LG,-0.5,,18816,역산 추정,49,3,0,0,,3,3,,,,3,,직전 시즌까지의 성적으로 추정
2011,이명우,10290,롯데,0.5,,3897,역산 추정,143,2,0,0,,2,2,,,,2,,직전 시즌까지의 성적으로 추정
2011,이범준,10525,LG,0.2,,3242,역산 추정,165,1,0,0,,1,1,,,,1,,직전 시즌까지의 성적으로 추정
2011,이범호,10559,KIA,6.1,FA 2011 1년 보장 12.0억,40000,실제 연봉,6,5,0,1,5,5,5,,,,5,계약 하한 대상(변경 없음),시즌 전 확정
2011,이병규,10491,LG,5.2,,40000,실제 연봉,6,5,0,1,,5,4,,2001,,4,커리어 로우·지정 하향,시즌 전 확정
2011,이병규,10477,LG,0.8,,4175,역산 추정,135,2,0,0,,2,2,,,,2,,직전 시즌까지의 성적으로 추정
2011,이보근,10448,넥센,2.2,,7042,역산 추정,101,2,0,0,,2,2,,,,2,,직전 시즌까지의 성적으로 추정
2011,이상열,10449,LG,0.6,,18816,역산 추정,49,3,0,0,,3,3,,,,3,,직전 시즌까지의 성적으로 추정
2011,이상화,10064,KIA,0.0,,3742,역산 추정,148,2,0,0,,2,2,,,,2,,직전 시즌까지의 성적으로 추정
2011,이성열,10168,두산,0.5,,4493,역산 추정,127,2,0,0,,2,2,,,,2,,직전 시즌까지의 성적으로 추정
2011,이숭용,10402,넥센,0.3,,18816,역산 추정,49,3,0,1,,4,4,,,,4,,직전 시즌까지의 성적으로 추정
2011,이승호,10148,SK,1.0,,10843,역산 추정,88,2,0,0,,2,2,,,,2,,직전 시즌까지의 성적으로 추정
2011,이승호,10147,SK,1.4,,20000,실제 연봉,40,4,0,1,,5,5,,,,5,,시즌 전 확정
2011,이양기,10573,한화,0.6,,2711,역산 추정,230,1,0,0,,1,1,,,,1,,직전 시즌까지의 성적으로 추정
2011,이여상,10560,한화,-0.2,,2817,역산 추정,183,1,0,0,,1,1,Y,,,2,풀타임 최소 2코인,직전 시즌까지의 성적으로 추정
2011,이영욱,10634,SK,0.8,,7036,역산 추정,102,2,0,0,,2,2,,,,2,,직전 시즌까지의 성적으로 추정
2011,이영욱,10342,삼성,0.7,,4122,역산 추정,137,2,0,0,,2,2,,,,2,,직전 시즌까지의 성적으로 추정
2011,이용규,10035,KIA,6.8,,20000,실제 연봉,40,4,0,0,,4,4,,,2010 광저우 AG,4,국가대표 +1 / 국가대표 +1은 4코인까지,시즌 전 확정
2011,이용찬,10217,두산,1.6,,6985,역산 추정,104,2,0,0,,2,4,,2012,,4,신인 하한,직전 시즌까지의 성적으로 추정
2011,이우민,11398,롯데,-0.7,,2186,역산 추정,283,1,0,0,,1,1,,,,1,,직전 시즌까지의 성적으로 추정
2011,이우선,10371,삼성,1.6,,3846,역산 추정,144,2,0,0,,2,2,,,,2,,직전 시즌까지의 성적으로 추정
2011,이원석,10180,두산,0.3,,6278,역산 추정,111,2,0,0,,2,2,,2009,,2,,직전 시즌까지의 성적으로 추정
2011,이인구,10263,롯데,0.4,,2697,역산 추정,232,1,0,0,,1,1,,,,1,,직전 시즌까지의 성적으로 추정
2011,이재곤,10293,롯데,-0.7,,4209,역산 추정,133,2,0,0,,2,2,,,,2,,직전 시즌까지의 성적으로 추정
2011,이재영,10529,SK,1.1,,16088,역산 추정,71,2,0,0,,2,2,,,,2,,직전 시즌까지의 성적으로 추정
2011,이정민,10295,롯데,0.3,,6390,역산 추정,109,2,0,0,,2,2,,,,2,,직전 시즌까지의 성적으로 추정
2011,이정훈,10296,넥센,1.1,,6823,역산 추정,105,2,0,0,,2,2,,,,2,,직전 시즌까지의 성적으로 추정
2011,이종범,10036,KIA,1.3,,18632,역산 추정,67,2,0,1,,3,3,,1997,,3,,직전 시즌까지의 성적으로 추정
2011,이종욱,10192,두산,3.6,,19200,실제 연봉,48,3,0,1,,4,4,,,2010 광저우 AG,4,국가대표 +1 / 국가대표 +1은 4코인까지,시즌 전 확정
2011,이진영,10492,LG,1.0,FA 2009 4년 보장 42.0억,55000,실제 연봉,3,5,0,0,5,5,5,,,,5,계약 하한 대상(변경 없음),시즌 전 확정
2011,이태양,10681,넥센,0.1,,2785,역산 추정,189,1,0,0,,1,1,,,,1,,직전 시즌까지의 성적으로 추정
2011,이택근,10493,LG,1.8,,27000,실제 연봉,24,4,0,1,,5,4,,2007,,4,커리어 로우·지정 하향,시즌 전 확정
2011,이현곤,10022,KIA,1.7,,13263,역산 추정,75,2,0,0,,2,2,,,,2,,직전 시즌까지의 성적으로 추정
2011,이현승,10221,두산,0.5,,16816,역산 추정,70,2,0,0,,2,2,,2010,,3,변동 완충(−1까지),직전 시즌까지의 성적으로 추정
2011,이혜천,10642,두산,-0.3,,35000,실제 연봉,15,5,0,0,,5,5,,,,5,,시즌 전 확정
2011,이호준,10101,SK,1.2,FA 2008 4년 보장 34.0억,50000,실제 연봉,4,5,0,1,5,5,5,,,,5,계약 하한 대상(변경 없음),시즌 전 확정
2011,이희근,10544,한화,-0.0,,2474,역산 추정,264,1,0,0,,1,1,,,,1,,직전 시즌까지의 성적으로 추정
2011,임경완,10298,롯데,1.9,,9521,역산 추정,90,2,0,0,,2,2,,,,2,,직전 시즌까지의 성적으로 추정
2011,임재철,10193,두산,1.0,,4485,역산 추정,128,2,0,0,,2,2,,,,2,,직전 시즌까지의 성적으로 추정
2011,임정우,10713,SK,0.5,,2785,역산 추정,189,1,0,0,,1,1,,,,1,,직전 시즌까지의 성적으로 추정
2011,임진우,10374,삼성,0.3,,2923,역산 추정,175,1,0,0,,1,1,,,,1,,직전 시즌까지의 성적으로 추정
2011,임찬규,10652,LG,0.9,,2785,역산 추정,189,1,0,0,,1,4,,2015,,4,신인 하한,직전 시즌까지의 성적으로 추정
2011,임태훈,10222,두산,0.4,,18816,역산 추정,49,3,0,0,,3,4,,2011,,4,신인 하한,직전 시즌까지의 성적으로 추정
2011,임현준,10637,삼성,0.4,,2785,역산 추정,189,1,0,0,,1,1,,,,1,,직전 시즌까지의 성적으로 추정
2011,임훈,10120,SK,1.8,,2780,역산 추정,220,1,0,0,,1,1,,,,1,,직전 시즌까지의 성적으로 추정
2011,장민석,10416,넥센,0.4,,4129,역산 추정,136,2,0,0,,2,2,,,,2,,직전 시즌까지의 성적으로 추정
2011,장민익,10223,두산,0.3,,2666,역산 추정,240,1,0,0,,1,1,,,,1,,직전 시즌까지의 성적으로 추정
2011,장민재,10610,한화,-0.2,,2818,역산 추정,182,1,0,0,,1,1,Y,,,2,풀타임 최소 2코인,직전 시즌까지의 성적으로 추정
2011,장성우,10235,롯데,0.4,,2614,역산 추정,247,1,0,0,,1,1,,2013,,1,전수 판정: 보정 권고 / 지정 해제(규칙값),직전 시즌까지의 성적으로 추정
2011,장성호,10032,한화,2.1,,20000,실제 연봉,40,4,0,0,,4,4,,,,4,,시즌 전 확정
2011,장시환,10453,넥센,-0.1,,2587,역산 추정,253,1,0,0,,1,4,,2011,,4,신인 하한,직전 시즌까지의 성적으로 추정
2011,장영석,10404,넥센,-0.5,,2627,역산 추정,246,1,0,0,,1,1,,,,1,,직전 시즌까지의 성적으로 추정
2011,장원삼,10375,삼성,1.9,,22500,실제 연봉,33,4,0,0,,4,4,,2010,,4,,시즌 전 확정
2011,장원준,10299,롯데,5.8,,20000,실제 연봉,40,4,0,0,,4,4,,2008,,4,,시즌 전 확정
2011,전병두,10152,SK,1.6,,18816,역산 추정,49,3,0,0,,3,3,,,,3,,직전 시즌까지의 성적으로 추정
2011,전준우,10266,롯데,3.2,,3637,역산 추정,154,1,0,0,,1,1,Y,,,2,풀타임 최소 2코인,직전 시즌까지의 성적으로 추정
2011,전준호,10153,SK,0.3,,8727,역산 추정,96,2,0,0,,2,2,,,,2,,직전 시즌까지의 성적으로 추정
2011,전현태,10561,한화,0.2,,2613,역산 추정,248,1,0,0,,1,1,,,,1,,직전 시즌까지의 성적으로 추정
2011,정근우,10103,SK,3.7,,31000,실제 연봉,21,4,0,1,,5,5,,2009,2010 광저우 AG,5,,시즌 전 확정
2011,정대현,10154,SK,2.6,,26000,실제 연봉,27,4,0,1,,5,5,,,2010 광저우 AG,5,,시즌 전 확정
2011,정민혁,10693,한화,-0.3,,2703,역산 추정,231,1,0,0,,1,1,,,,1,,직전 시즌까지의 성적으로 추정
2011,정상호,10083,SK,2.0,,3001,역산 추정,172,1,0,0,,1,1,Y,2005,,2,풀타임 최소 2코인,직전 시즌까지의 성적으로 추정
2011,정성훈,10479,LG,2.9,FA 2009 4년 보장 24.0억,35000,실제 연봉,15,5,0,0,5,5,4,,,,4,계약 하한 대상(변경 없음)/커리어 로우·지정 하향,시즌 전 확정
2011,정수빈,10195,두산,2.9,,3257,역산 추정,164,1,0,0,,1,1,Y,,,2,풀타임 최소 2코인,직전 시즌까지의 성적으로 추정
2011,정우람,10156,SK,4.5,,22000,실제 연봉,34,4,0,0,,4,4,,,,4,,시즌 전 확정
2011,정원석,10562,한화,0.5,,2968,역산 추정,173,1,0,0,,1,1,,,,1,,직전 시즌까지의 성적으로 추정
2011,정의윤,10655,LG,-0.4,,3174,역산 추정,168,1,0,0,,1,3,,2009,,3,신인 하한,직전 시즌까지의 성적으로 추정
2011,정인욱,10376,삼성,3.4,,2823,역산 추정,181,1,0,0,,1,1,Y,,,2,풀타임 최소 2코인,직전 시즌까지의 성적으로 추정
2011,정재원,10614,한화,-0.5,,2274,역산 추정,280,1,0,0,,1,1,,,,1,,직전 시즌까지의 성적으로 추정
2011,정재훈,10225,두산,1.9,,20200,실제 연봉,38,4,0,0,,4,4,,,,4,,시즌 전 확정
2011,정진호,10645,두산,-0.5,,2785,역산 추정,189,1,0,0,,1,1,,,,1,,직전 시즌까지의 성적으로 추정
2011,정현욱,10377,삼성,2.8,,21000,실제 연봉,37,4,0,0,,4,4,,,,4,,시즌 전 확정
2011,정형식,10343,삼성,0.4,,2785,역산 추정,189,1,0,0,,1,1,,,,1,,직전 시즌까지의 성적으로 추정
2011,정훈,10253,롯데,0.2,,2657,역산 추정,242,1,0,0,,1,1,,,,1,,직전 시즌까지의 성적으로 추정
2011,조동찬,10329,삼성,0.3,,13167,역산 추정,77,2,0,0,,2,2,,,2010 광저우 AG,3,국가대표 +1,직전 시즌까지의 성적으로 추정
2011,조동화,10121,SK,0.9,,5814,역산 추정,115,2,0,0,,2,2,,,,2,,직전 시즌까지의 성적으로 추정
2011,조성환,10254,롯데,-0.2,,9623,역산 추정,89,2,0,1,,3,3,,,,4,편집 지정 4,직전 시즌까지의 성적으로 추정
2011,조승수,10227,두산,-0.2,,2685,역산 추정,237,1,0,0,,1,1,,,,1,,직전 시즌까지의 성적으로 추정
2011,조영훈,10330,삼성,0.9,,2804,역산 추정,186,1,0,0,,1,1,,,,1,,직전 시즌까지의 성적으로 추정
2011,조인성,10463,LG,4.1,FA 2008 4년 보장 34.0억,50000,실제 연봉,4,5,0,1,5,5,5,,2002,,5,계약 하한 대상(변경 없음) / 명성: 2010 골든글러브,시즌 전 확정
2011,조중근,10406,넥센,1.2,,2343,역산 추정,277,1,0,0,,1,1,,,,1,,직전 시즌까지의 성적으로 추정
2011,조태수,10074,KIA,0.3,,2681,역산 추정,238,1,0,0,,1,1,,,,1,,직전 시즌까지의 성적으로 추정
2011,지석훈,10683,넥센,-0.0,,2466,역산 추정,266,1,0,0,,1,1,,,,1,,직전 시즌까지의 성적으로 추정
2011,진갑용,10314,삼성,3.1,,35000,실제 연봉,15,5,0,1,,5,4,,2001,,4,커리어 로우·지정 하향,시즌 전 확정
2011,진명호,10301,롯데,0.3,,2657,역산 추정,242,1,0,0,,1,3,,2014,,3,신인 하한,직전 시즌까지의 성적으로 추정
2011,차우찬,10381,삼성,2.4,,6619,역산 추정,107,2,1,0,,3,3,,2010,,3,,직전 시즌까지의 성적으로 추정
2011,차일목,10005,KIA,2.3,,3419,역산 추정,163,1,0,0,,1,1,Y,,,2,풀타임 최소 2코인,직전 시즌까지의 성적으로 추정
2011,차정민,10076,KIA,-0.1,,2735,역산 추정,226,1,0,0,,1,1,,,,1,,직전 시즌까지의 성적으로 추정
2011,채상병,10315,삼성,-0.1,,2688,역산 추정,236,1,0,0,,1,1,,,,1,,직전 시즌까지의 성적으로 추정
2011,채태인,10331,삼성,0.9,,6524,역산 추정,108,2,0,0,,2,3,,2011,,3,신인 하한,직전 시즌까지의 성적으로 추정
2011,최경철,10085,SK,-0.0,,2438,역산 추정,271,1,0,0,,1,1,,,,1,,직전 시즌까지의 성적으로 추정
2011,최동수,10481,SK,0.5,,14332,역산 추정,73,2,0,0,,2,2,,,,2,,직전 시즌까지의 성적으로 추정
2011,최성민,10536,LG,0.6,,2843,역산 추정,179,1,0,0,,1,1,,,,1,,직전 시즌까지의 성적으로 추정
2011,최승환,10169,두산,-0.5,,2351,역산 추정,276,1,0,0,,1,1,,,,1,,직전 시즌까지의 성적으로 추정
2011,최윤석,10104,SK,1.9,,2582,역산 추정,254,1,0,0,,1,1,,,,1,,직전 시즌까지의 성적으로 추정
2011,최정,10106,SK,6.1,,22000,실제 연봉,34,4,1,0,,5,5,,2009,2010 광저우 AG,5,,시즌 전 확정
2011,최준석,10183,두산,2.5,,9217,역산 추정,92,2,0,1,,3,3,,,,4,명성: 2010 골든글러브 / 편집 지정 4,직전 시즌까지의 성적으로 추정
2011,최진행,10578,한화,3.5,,3761,역산 추정,147,2,0,0,,2,3,,2008,,2,"신인 하한 / 신인 하한 종료(달력 5시즌, 군 복무 외 공백은 연장 안 함)",직전 시즌까지의 성적으로 추정
2011,최형우,10344,삼성,8.5,,12518,역산 추정,80,2,0,0,,2,4,,,,4,MVP 다음 해/지정,직전 시즌까지의 성적으로 추정
2011,최훈락,10040,KIA,-0.3,,2744,역산 추정,223,1,0,0,,1,1,,,,1,,직전 시즌까지의 성적으로 추정
2011,최희섭,10025,KIA,2.1,,40000,실제 연봉,6,5,0,0,,5,5,,2011,,5,,시즌 전 확정
2011,추승우,10579,한화,-0.2,,3591,역산 추정,156,1,0,0,,1,1,,,,1,,직전 시즌까지의 성적으로 추정
2011,한기주,10077,KIA,0.6,,15725,역산 추정,72,2,0,0,,2,4,,2010,,2,"신인 하한 / 신인 하한 종료(달력 5시즌, 군 복무 외 공백은 연장 안 함)",직전 시즌까지의 성적으로 추정
2011,한상훈,10663,한화,3.2,,4060,역산 추정,139,2,0,0,,2,2,,,,2,,직전 시즌까지의 성적으로 추정
2011,한희,10539,LG,2.7,,2690,역산 추정,234,1,0,0,,1,1,Y,,,2,풀타임 최소 2코인,직전 시즌까지의 성적으로 추정
2011,허도환,10684,넥센,-0.4,,2785,역산 추정,189,1,0,0,,1,1,,,,1,,직전 시즌까지의 성적으로 추정
2011,허웅,10084,SK,0.1,,2785,역산 추정,189,1,0,0,,1,1,,,,1,,직전 시즌까지의 성적으로 추정
2011,허준,10393,넥센,-0.2,,2524,역산 추정,259,1,0,0,,1,1,,,,1,,직전 시즌까지의 성적으로 추정
2011,허준혁,10306,롯데,0.3,,2601,역산 추정,251,1,0,0,,1,1,,,,1,,직전 시즌까지의 성적으로 추정
2011,현재윤,10317,삼성,0.2,,2542,역산 추정,258,1,0,0,,1,1,,,,1,,직전 시즌까지의 성적으로 추정
2011,홍건희,10696,KIA,-0.0,,2785,역산 추정,189,1,0,0,,1,3,,2015,,3,신인 하한,직전 시즌까지의 성적으로 추정
2011,홍상삼,10230,두산,-0.2,,4353,역산 추정,129,2,-1,0,,1,1,,,,1,,직전 시즌까지의 성적으로 추정
2011,홍성흔,10256,롯데,4.0,FA 2009 4년 보장 30.0억,40000,실제 연봉,6,5,1,1,5,5,5,,,,5,계약 하한 대상(변경 없음),시즌 전 확정
2011,홍재호,10027,KIA,0.1,,2694,역산 추정,233,1,0,0,,1,1,,,,1,,직전 시즌까지의 성적으로 추정
2011,황동채,10267,롯데,-0.1,,2544,역산 추정,257,1,0,0,,1,1,,,,1,,직전 시즌까지의 성적으로 추정
2011,황재균,10407,롯데,1.9,,5440,역산 추정,122,2,0,0,,2,2,,,,2,,직전 시즌까지의 성적으로 추정
2012,강동우,10564,한화,1.1,,20000,실제 연봉,53,3,0,0,,3,3,,,,3,,시즌 전 확정
2012,강민호,10232,롯데,4.8,,30000,실제 연봉,26,4,0,1,,5,5,,,,5,,시즌 전 확정
2012,강병식,10408,넥센,0.0,,2360,역산 추정,283,1,0,0,,1,1,,,,1,,직전 시즌까지의 성적으로 추정
2012,강봉규,10332,삼성,0.9,FA 2012 2년 보장 4.5억,22500,FA 연봉 부분,49,3,0,0,3,3,3,,,,3,계약 하한 대상(변경 없음),시즌 전 확정
2012,강영식,10269,롯데,0.7,,30000,실제 연봉,26,4,0,0,,4,4,,,,4,,시즌 전 확정
2012,강윤구,10423,넥센,1.9,,3975,역산 추정,156,1,0,0,,1,3,,2013,,3,신인 하한,직전 시즌까지의 성적으로 추정
2012,강정호,10394,넥센,9.0,,19600,역산 추정,56,3,0,0,,3,3,,,,3,,직전 시즌까지의 성적으로 추정
2012,고동진,10666,한화,1.1,,4946,역산 추정,132,2,0,0,,2,2,,,,2,,직전 시즌까지의 성적으로 추정
2012,고영민,10171,두산,1.2,,19243,역산 추정,75,2,0,0,,2,2,,,,2,,직전 시즌까지의 성적으로 추정
2012,고우석,10042,KIA,0.0,,2659,역산 추정,266,1,0,0,,1,1,,,,1,,직전 시즌까지의 성적으로 추정
2012,고원준,10424,롯데,0.9,,6900,역산 추정,109,2,0,0,,2,2,,,,2,,직전 시즌까지의 성적으로 추정
2012,고창성,10196,두산,-0.4,,13637,역산 추정,88,2,0,0,,2,2,,,,2,,직전 시즌까지의 성적으로 추정
2012,권오준,10350,삼성,1.2,,19600,역산 추정,56,3,0,0,,3,3,,,,3,,직전 시즌까지의 성적으로 추정
2012,권혁,10351,삼성,1.3,,19600,역산 추정,56,3,0,0,,3,3,,2007,,3,,직전 시즌까지의 성적으로 추정
2012,김강률,10690,두산,1.0,,3034,역산 추정,179,1,0,0,,1,1,,,,1,,직전 시즌까지의 성적으로 추정
2012,김강민,10108,SK,2.1,,19600,역산 추정,56,3,0,0,,3,3,,2009,,4,변동 완충(−1까지),직전 시즌까지의 성적으로 추정
2012,김건태,10432,넥센,-0.2,,2823,역산 추정,237,1,0,0,,1,1,,,,1,,직전 시즌까지의 성적으로 추정
2012,김건한,10045,KIA,-0.1,,6161,역산 추정,118,2,0,0,,2,2,,,,2,,직전 시즌까지의 성적으로 추정
2012,김건한,10045,삼성,-0.1,,6161,역산 추정,118,2,0,0,,2,2,,,,2,,직전 시즌까지의 성적으로 추정
2012,김경언,10028,한화,2.1,,4648,역산 추정,139,2,0,0,,2,2,,,,2,,직전 시즌까지의 성적으로 추정
2012,김광삼,10501,LG,0.1,,7422,역산 추정,105,2,-1,0,,1,1,Y,,,2,풀타임 최소 2코인,직전 시즌까지의 성적으로 추정
2012,김광수,10502,한화,-0.4,,5915,역산 추정,122,2,0,0,,2,2,,,,2,,직전 시즌까지의 성적으로 추정
2012,김광현,10126,SK,0.5,,25000,실제 연봉,39,4,-1,0,,3,3,,2011,,3,,시즌 전 확정
2012,김기태,10718,삼성,-0.1,,2712,역산 추정,260,1,0,0,,1,1,,,,1,,직전 시즌까지의 성적으로 추정
2012,김기표,10503,LG,0.6,,4065,역산 추정,154,1,0,0,,1,4,,2011,,1,"신인 하한 / 신인 하한 종료(달력 5시즌, 군 복무 외 공백은 연장 안 함)",직전 시즌까지의 성적으로 추정
2012,김동주,10173,두산,1.0,FA 2012 3년 보장 32.0억,70000,실제 연봉,3,5,0,1,5,5,5,,2002,,5,계약 하한 대상(변경 없음),시즌 전 확정
2012,김문호,10648,롯데,-0.3,,2729,역산 추정,257,1,0,0,,1,3,,2011,,1,"신인 하한 / 신인 하한 종료(달력 5시즌, 군 복무 외 공백은 연장 안 함)",직전 시즌까지의 성적으로 추정
2012,김민성,10238,넥센,1.9,,4952,역산 추정,130,2,0,0,,2,3,,2013,,3,신인 하한,직전 시즌까지의 성적으로 추정
2012,김민우,10397,넥센,1.0,,4677,역산 추정,137,2,0,0,,2,2,,2006,,2,,직전 시즌까지의 성적으로 추정
2012,김병현,10843,넥센,-0.4,,50000,실제 연봉,8,5,0,0,,5,5,,2016,,5,,시즌 전 확정
2012,김사율,10272,롯데,1.3,,11028,역산 추정,93,2,0,0,,2,2,,,,2,,직전 시즌까지의 성적으로 추정
2012,김상수,10427,넥센,0.3,,2716,역산 추정,259,1,0,0,,1,3,,2012,,3,신인 하한,직전 시즌까지의 성적으로 추정
2012,김상수,10320,삼성,3.0,,6438,역산 추정,112,2,0,0,,2,4,,2013,,4,신인 하한,직전 시즌까지의 성적으로 추정
2012,김상현,10007,KIA,0.5,,20000,실제 연봉,53,3,0,1,,4,4,,,,4,,시즌 전 확정
2012,김상훈,10001,KIA,-0.2,,32500,실제 연봉,24,4,0,0,,4,4,,,,4,,시즌 전 확정
2012,김선규,10128,LG,-0.1,,4430,역산 추정,145,2,0,0,,2,2,,,,2,,직전 시즌까지의 성적으로 추정
2012,김선빈,10008,KIA,5.2,,11170,역산 추정,92,2,0,0,,2,2,,,,2,,직전 시즌까지의 성적으로 추정
2012,김선우,10200,두산,0.5,,55000,실제 연봉,6,5,0,0,,5,5,,2012,,5,,시즌 전 확정
2012,김성배,10201,롯데,1.4,,4401,역산 추정,149,2,0,0,,2,2,,,,2,,직전 시즌까지의 성적으로 추정
2012,김성현,10636,SK,1.3,,3021,역산 추정,181,1,0,0,,1,1,,,,1,,직전 시즌까지의 성적으로 추정
2012,김세현,10431,넥센,0.6,,2824,역산 추정,236,1,0,0,,1,3,,2011,,2,"신인 하한 / 신인 하한 종료(달력 5시즌, 군 복무 외 공백은 연장 안 함)",직전 시즌까지의 성적으로 추정
2012,김수경,10430,넥센,0.5,,19600,역산 추정,56,3,0,1,,4,4,,,,4,,직전 시즌까지의 성적으로 추정
2012,김수완,10647,롯데,0.5,,3160,역산 추정,174,1,0,0,,1,1,,,,1,,직전 시즌까지의 성적으로 추정
2012,김승회,10202,두산,0.9,,5852,역산 추정,123,2,0,0,,2,2,,,,2,,직전 시즌까지의 성적으로 추정
2012,김용의,10466,LG,-0.1,,2770,역산 추정,249,1,0,0,,1,1,,,,1,,직전 시즌까지의 성적으로 추정
2012,김원섭,10029,KIA,4.4,,19475,역산 추정,73,2,0,0,,2,2,,,,2,,직전 시즌까지의 성적으로 추정
2012,김일경,10398,LG,0.1,,2587,역산 추정,275,1,0,0,,1,1,,,,1,,직전 시즌까지의 성적으로 추정
2012,김재율,10929,LG,-0.6,,3021,역산 추정,181,1,0,0,,1,1,,,,1,,직전 시즌까지의 성적으로 추정
2012,김재현,10111,SK,-0.6,,3021,역산 추정,181,1,0,0,,1,1,,,,1,,직전 시즌까지의 성적으로 추정
2012,김재호,10174,두산,0.1,,2880,역산 추정,230,1,0,0,,1,1,,2009,,1,,직전 시즌까지의 성적으로 추정
2012,김재환,10643,두산,-0.1,,2795,역산 추정,241,1,0,0,,1,3,,2015,,3,신인 하한,직전 시즌까지의 성적으로 추정
2012,김종훈,10787,KIA,-0.1,,3021,역산 추정,181,1,0,0,,1,1,,,,1,,직전 시즌까지의 성적으로 추정
2012,김주찬,10239,롯데,2.6,,27000,실제 연봉,38,4,0,0,,4,4,,,,4,,시즌 전 확정
2012,김주형,10650,KIA,-0.9,,2406,역산 추정,280,1,0,0,,1,1,,,,1,,직전 시즌까지의 성적으로 추정
2012,김진우,10695,KIA,3.7,,17792,역산 추정,79,2,0,0,,2,2,,2006,,2,,직전 시즌까지의 성적으로 추정
2012,김창훈,10671,두산,0.9,,2609,역산 추정,271,1,0,0,,1,1,,,,1,,직전 시즌까지의 성적으로 추정
2012,김태군,10459,LG,-0.6,,2739,역산 추정,256,1,0,0,,1,1,,,,1,,직전 시즌까지의 성적으로 추정
2012,김태균,10552,한화,7.7,,150000,실제 연봉,1,5,0,1,,5,5,,2005,,5,,시즌 전 확정
2012,김태영,10198,두산,0.4,,9535,역산 추정,98,2,0,0,,2,2,,,,2,,직전 시즌까지의 성적으로 추정
2012,김태완,10467,LG,0.2,,3028,역산 추정,180,1,0,0,,1,1,,,,1,,직전 시즌까지의 성적으로 추정
2012,김태훈,10133,SK,-0.3,,2988,역산 추정,222,1,0,0,,1,1,,,,1,,직전 시즌까지의 성적으로 추정
2012,김혁민,10587,한화,2.2,,5167,역산 추정,129,2,0,0,,2,2,,,,2,,직전 시즌까지의 성적으로 추정
2012,김현수,10187,두산,3.5,,30000,실제 연봉,26,4,0,1,,5,5,,,,5,,시즌 전 확정
2012,김효남,10359,삼성,0.6,,2760,역산 추정,250,1,0,0,,1,3,,2010,,1,"신인 하한 / 신인 하한 종료(달력 5시즌, 군 복무 외 공백은 연장 안 함)",직전 시즌까지의 성적으로 추정
2012,나지완,10030,KIA,3.1,,7853,역산 추정,103,2,0,0,,2,2,,,,2,,직전 시즌까지의 성적으로 추정
2012,노경은,10203,두산,4.5,,2592,역산 추정,272,1,0,0,,1,1,Y,2007,,2,풀타임 최소 2코인,직전 시즌까지의 성적으로 추정
2012,류택현,10507,LG,0.6,,19600,역산 추정,56,3,0,0,,3,3,,,,3,,직전 시즌까지의 성적으로 추정
2012,류현진,10590,한화,6.0,,43000,실제 연봉,11,5,0,0,,5,5,,2010,,5,,시즌 전 확정
2012,마일영,10592,한화,-0.6,,19600,역산 추정,56,3,-1,0,,2,2,,,,2,,직전 시즌까지의 성적으로 추정
2012,모창민,10093,SK,0.2,,2378,역산 추정,282,1,0,0,,1,1,,,,1,,직전 시즌까지의 성적으로 추정
2012,문규현,10240,롯데,-0.5,,3264,역산 추정,171,1,0,0,,1,1,,,,1,,직전 시즌까지의 성적으로 추정
2012,문성현,10437,넥센,0.2,,5438,역산 추정,126,2,0,0,,2,2,,,,2,,직전 시즌까지의 성적으로 추정
2012,문우람,10860,넥센,0.1,,3021,역산 추정,181,1,0,0,,1,1,,,,1,,직전 시즌까지의 성적으로 추정
2012,박경태,10050,KIA,-0.6,,3911,역산 추정,157,1,-1,0,,1,1,,,,1,,직전 시즌까지의 성적으로 추정
2012,박근홍,11112,삼성,0.4,,3854,역산 추정,160,1,0,0,,1,1,,,,1,,직전 시즌까지의 성적으로 추정
2012,박기남,10011,KIA,2.0,,3415,역산 추정,167,1,0,0,,1,1,,,,1,,직전 시즌까지의 성적으로 추정
2012,박노민,10541,한화,-0.1,,2935,역산 추정,229,1,0,0,,1,1,,,,1,,직전 시즌까지의 성적으로 추정
2012,박병호,10470,넥센,7.1,,2592,역산 추정,273,1,0,0,,1,3,,2009,,3,MVP 다음 해/지정,직전 시즌까지의 성적으로 추정
2012,박석민,10322,삼성,6.9,,19600,역산 추정,56,3,0,0,,3,3,,,,3,,직전 시즌까지의 성적으로 추정
2012,박성훈,10438,넥센,1.7,,2787,역산 추정,245,1,0,0,,1,1,Y,,,2,풀타임 최소 2코인,직전 시즌까지의 성적으로 추정
2012,박용택,10485,LG,5.2,FA 2011 4년 보장 34.0억,35000,실제 연봉,20,5,0,1,5,5,5,,2006,,5,계약 하한 대상(변경 없음),시즌 전 확정
2012,박재상,10112,SK,-0.3,,18867,역산 추정,76,2,0,0,,2,2,,,,2,,직전 시즌까지의 성적으로 추정
2012,박재홍,10113,SK,0.7,,20000,실제 연봉,53,3,0,0,,3,3,,2000,,3,,시즌 전 확정
2012,박정권,10096,SK,1.6,,19600,역산 추정,56,3,0,0,,3,3,,,,3,,직전 시즌까지의 성적으로 추정
2012,박정배,10206,SK,1.8,,2679,역산 추정,263,1,0,0,,1,1,Y,,,2,풀타임 최소 2코인,직전 시즌까지의 성적으로 추정
2012,박정진,10596,한화,-0.0,,5674,역산 추정,125,2,0,0,,2,2,,,,2,,직전 시즌까지의 성적으로 추정
2012,박종윤,10243,롯데,0.1,,2360,역산 추정,283,1,0,0,,1,1,Y,,,2,풀타임 최소 2코인,직전 시즌까지의 성적으로 추정
2012,박종윤,10864,넥센,0.2,,3021,역산 추정,181,1,0,0,,1,1,,,,1,,직전 시즌까지의 성적으로 추정
2012,박종훈,10131,SK,-0.4,,2959,역산 추정,225,1,0,0,,1,1,,,,1,,직전 시즌까지의 성적으로 추정
2012,박준서,10242,롯데,1.4,,2380,역산 추정,281,1,0,0,,1,1,,,,1,,직전 시즌까지의 성적으로 추정
2012,박지훈,10789,KIA,1.2,,3021,역산 추정,181,1,0,0,,1,1,Y,,,2,풀타임 최소 2코인,직전 시즌까지의 성적으로 추정
2012,박진만,10323,SK,1.0,,25000,실제 연봉,39,4,0,0,,4,4,,,,4,,시즌 전 확정
2012,박찬호,10907,한화,-0.0,,3021,역산 추정,181,1,0,0,,1,1,Y,,,2,풀타임 최소 2코인,직전 시즌까지의 성적으로 추정
2012,박한이,10336,삼성,3.3,,30000,실제 연봉,26,4,0,1,,5,5,,,,5,,시즌 전 확정
2012,박헌도,10410,넥센,0.0,,3021,역산 추정,181,1,0,0,,1,1,,,,1,,직전 시즌까지의 성적으로 추정
2012,박희수,10135,SK,4.4,,3629,역산 추정,163,1,0,0,,1,1,Y,,,2,풀타임 최소 2코인,직전 시즌까지의 성적으로 추정
2012,배영섭,10337,삼성,1.9,,4180,역산 추정,152,1,0,0,,1,1,Y,,,2,풀타임 최소 2코인,직전 시즌까지의 성적으로 추정
2012,배영수,10362,삼성,3.8,FA 2011 2년 보장 17.0억,40000,실제 연봉,12,5,-1,1,5,5,5,,,,5,계약 하한 대상(변경 없음),시즌 전 확정
2012,백승룡,10664,한화,0.3,,2567,역산 추정,276,1,0,0,,1,1,,,,1,,직전 시즌까지의 성적으로 추정
2012,변시원,10882,두산,1.5,,3021,역산 추정,181,1,0,0,,1,1,,,,1,,직전 시즌까지의 성적으로 추정
2012,봉중근,10514,LG,2.2,,19600,역산 추정,56,3,0,0,,3,3,,2011,,3,,직전 시즌까지의 성적으로 추정
2012,서건창,10855,넥센,5.2,,3021,역산 추정,181,1,0,0,,1,1,Y,,,2,풀타임 최소 2코인,직전 시즌까지의 성적으로 추정
2012,서동욱,10486,LG,-0.1,,3403,역산 추정,168,1,0,0,,1,1,,,,1,,직전 시즌까지의 성적으로 추정
2012,서동환,10207,두산,-0.4,,2651,역산 추정,267,1,0,0,,1,1,,,,1,,직전 시즌까지의 성적으로 추정
2012,서재응,10053,KIA,5.1,,29000,실제 연봉,35,4,0,0,,4,4,,2012,,4,,시즌 전 확정
2012,손승락,10442,넥센,2.0,,13949,역산 추정,87,2,0,0,,2,2,,,,2,,직전 시즌까지의 성적으로 추정
2012,손시헌,10177,두산,1.1,,19600,역산 추정,56,3,0,1,,4,4,,,,4,,직전 시즌까지의 성적으로 추정
2012,손아섭,10261,롯데,3.7,,9083,역산 추정,100,2,0,1,,3,3,,,,4,명성: 2011 골든글러브 / 편집 지정 4,직전 시즌까지의 성적으로 추정
2012,손영민,10054,KIA,-0.3,,19600,역산 추정,56,3,0,0,,3,3,,,,3,,직전 시즌까지의 성적으로 추정
2012,손용석,10247,롯데,0.2,,3004,역산 추정,220,1,0,0,,1,3,,2011,,1,"신인 하한 / 신인 하한 종료(달력 5시즌, 군 복무 외 공백은 연장 안 함)",직전 시즌까지의 성적으로 추정
2012,손주인,10325,삼성,0.4,,2676,역산 추정,264,1,0,0,,1,1,,,,1,,직전 시즌까지의 성적으로 추정
2012,송산,10796,KIA,-0.8,,2791,역산 추정,244,1,0,0,,1,1,,,,1,,직전 시즌까지의 성적으로 추정
2012,송승준,10285,롯데,3.2,,30000,실제 연봉,26,4,0,0,,4,4,,2011,,4,,시즌 전 확정
2012,송신영,10443,한화,-0.1,FA 2012 3년 보장 13.0억,30000,실제 연봉,26,5,0,0,5,5,4,,,,4,계약 하한 대상(변경 없음)/커리어 로우·지정 하향,시즌 전 확정
2012,송은범,10137,SK,1.4,,24000,실제 연봉,48,3,0,0,,3,3,,2007,,3,,시즌 전 확정
2012,송지만,10412,넥센,-0.5,,25000,실제 연봉,39,4,0,1,,5,4,,,,4,커리어 로우·지정 하향,시즌 전 확정
2012,송창식,10598,한화,2.3,,3807,역산 추정,162,1,0,0,,1,3,,2008,,2,"신인 하한 / 신인 하한 종료(달력 5시즌, 군 복무 외 공백은 연장 안 함)",직전 시즌까지의 성적으로 추정
2012,신경현,10542,한화,-0.8,FA 2012 2년 보장 7.0억,35000,FA 연봉 부분,20,5,0,0,5,5,5,,,,3,계약 하한 대상(변경 없음) / 편집 지정 3,시즌 전 확정
2012,신명철,10327,삼성,-0.1,FA 2012 2년 보장 4.5억,22500,FA 연봉 부분,49,3,-1,0,3,2,3,,2005,,3,계약 하한(가격 변경),시즌 전 확정
2012,신본기,10840,롯데,-0.7,,3021,역산 추정,181,1,0,0,,1,1,,,,1,,직전 시즌까지의 성적으로 추정
2012,신승현,10138,SK,-0.2,,7250,역산 추정,108,2,0,0,,2,2,,,,2,,직전 시즌까지의 성적으로 추정
2012,신재웅,10921,LG,1.3,,2659,역산 추정,265,1,0,0,,1,1,,,,1,,직전 시즌까지의 성적으로 추정
2012,신종길,10031,KIA,-0.6,,2937,역산 추정,228,1,0,0,,1,1,,,,1,,직전 시즌까지의 성적으로 추정
2012,신창호,10793,KIA,-0.2,,3021,역산 추정,181,1,0,0,,1,1,,,,1,,직전 시즌까지의 성적으로 추정
2012,심광호,10310,LG,-0.1,,2360,역산 추정,283,1,0,0,,1,1,,,,1,,직전 시즌까지의 성적으로 추정
2012,심동섭,10056,KIA,-0.4,,4671,역산 추정,138,2,0,0,,2,3,,2015,,3,신인 하한,직전 시즌까지의 성적으로 추정
2012,심수창,10518,넥센,-0.8,,9497,역산 추정,99,2,0,0,,2,2,,,,2,,직전 시즌까지의 성적으로 추정
2012,심창민,10720,삼성,1.9,,3021,역산 추정,181,1,0,0,,1,4,,2016,,4,신인 하한,직전 시즌까지의 성적으로 추정
2012,안규영,10729,두산,0.2,,2792,역산 추정,242,1,0,0,,1,1,,,,1,,직전 시즌까지의 성적으로 추정
2012,안승민,10629,한화,0.3,,3418,역산 추정,166,1,-1,0,,1,1,Y,,,2,풀타임 최소 2코인,직전 시즌까지의 성적으로 추정
2012,안영진,10697,한화,-0.3,,2944,역산 추정,227,1,0,0,,1,1,,,,1,,직전 시즌까지의 성적으로 추정
2012,안지만,10364,삼성,3.1,,25000,실제 연봉,39,4,0,0,,4,4,,,,4,,시즌 전 확정
2012,안치용,10488,SK,1.3,,4769,역산 추정,135,2,0,0,,2,2,,,,2,,직전 시즌까지의 성적으로 추정
2012,안치홍,10014,KIA,4.3,,10268,역산 추정,95,2,0,1,,3,4,,2013,,4,신인 하한 / 명성: 2011 골든글러브,직전 시즌까지의 성적으로 추정
2012,양성우,10916,한화,0.2,,3021,역산 추정,181,1,0,0,,1,1,,,,1,,직전 시즌까지의 성적으로 추정
2012,양영동,10656,LG,0.0,,2844,역산 추정,233,1,0,0,,1,1,,,,1,,직전 시즌까지의 성적으로 추정
2012,양의지,10165,두산,2.9,,7382,역산 추정,106,2,0,0,,2,2,,,,2,,직전 시즌까지의 성적으로 추정
2012,양현종,10058,KIA,0.0,,14388,역산 추정,83,2,-1,0,,1,1,,2011,,2,전수 판정: 보정 권고,직전 시즌까지의 성적으로 추정
2012,양훈,10602,한화,0.0,,14167,역산 추정,85,2,0,0,,2,2,,,,2,,직전 시즌까지의 성적으로 추정
2012,엄정욱,10139,SK,1.3,,4417,역산 추정,147,2,0,0,,2,2,,,,2,,직전 시즌까지의 성적으로 추정
2012,연경흠,10571,한화,-0.2,,3844,역산 추정,161,1,0,0,,1,1,,,,1,,직전 시즌까지의 성적으로 추정
2012,오선진,10557,한화,1.5,,2360,역산 추정,283,1,0,0,,1,1,Y,,,2,풀타임 최소 2코인,직전 시즌까지의 성적으로 추정
2012,오승환,10367,삼성,2.6,,38000,실제 연봉,16,5,0,1,,5,5,,2009,,5,,시즌 전 확정
2012,오윤,10413,넥센,0.5,,2644,역산 추정,268,1,0,0,,1,1,,,,1,,직전 시즌까지의 성적으로 추정
2012,오재원,10178,두산,1.6,,5701,역산 추정,124,2,0,0,,2,2,,,,2,,직전 시즌까지의 성적으로 추정
2012,오재일,10400,넥센,-0.4,,2522,역산 추정,278,1,0,0,,1,1,,,,1,,직전 시즌까지의 성적으로 추정
2012,오재일,10400,두산,-0.4,,2522,역산 추정,278,1,0,0,,1,1,,,,1,,직전 시즌까지의 성적으로 추정
2012,오재필,10665,한화,0.3,,2750,역산 추정,254,1,0,0,,1,1,,,,1,,직전 시즌까지의 성적으로 추정
2012,오주원,10445,넥센,0.1,,19369,역산 추정,74,2,0,0,,2,2,,,,2,,직전 시즌까지의 성적으로 추정
2012,오지환,10475,LG,3.2,,4429,역산 추정,146,2,0,0,,2,4,,2014,,4,신인 하한,직전 시즌까지의 성적으로 추정
2012,용덕한,10166,롯데,0.5,,2360,역산 추정,283,1,0,0,,1,1,,,,1,,직전 시즌까지의 성적으로 추정
2012,우규민,10523,LG,1.5,,13306,역산 추정,90,2,0,0,,2,2,,2008,,2,,직전 시즌까지의 성적으로 추정
2012,우동균,10341,삼성,-0.1,,3240,역산 추정,172,1,0,0,,1,4,,2012,,4,신인 하한,직전 시즌까지의 성적으로 추정
2012,유동훈,10060,KIA,0.0,,19600,역산 추정,56,3,0,0,,3,3,,,,3,,직전 시즌까지의 성적으로 추정
2012,유원상,10604,LG,2.7,,6122,역산 추정,119,2,0,0,,2,2,,2011,,2,,직전 시즌까지의 성적으로 추정
2012,유재신,10401,넥센,0.3,,2752,역산 추정,253,1,0,0,,1,1,,,,1,,직전 시즌까지의 성적으로 추정
2012,유창식,10678,한화,0.8,,2725,역산 추정,258,1,0,0,,1,4,,2015,,4,신인 하한,직전 시즌까지의 성적으로 추정
2012,유한준,10627,넥센,-0.1,,6370,역산 추정,113,2,0,0,,2,2,,,,2,,직전 시즌까지의 성적으로 추정
2012,윤근영,10607,한화,0.4,,3894,역산 추정,158,1,0,0,,1,1,,,,1,,직전 시즌까지의 성적으로 추정
2012,윤석민,10061,KIA,3.5,,38000,실제 연봉,16,5,1,1,,5,5,,,,5,2011 투수 골든글러브 → 5,시즌 전 확정
2012,윤석민,10644,두산,1.6,,2749,역산 추정,255,1,0,0,,1,1,,,,1,,직전 시즌까지의 성적으로 추정
2012,윤성환,10368,삼성,3.9,,25000,실제 연봉,39,4,0,0,,4,4,,2008,,4,,시즌 전 확정
2012,윤요섭,10081,LG,1.1,,3079,역산 추정,178,1,0,0,,1,1,,,,1,,직전 시즌까지의 성적으로 추정
2012,윤해진,10816,KIA,0.3,,3021,역산 추정,181,1,0,0,,1,1,,,,1,,직전 시즌까지의 성적으로 추정
2012,윤희상,10145,SK,3.4,,2588,역산 추정,274,1,0,0,,1,1,Y,2008,,2,풀타임 최소 2코인,직전 시즌까지의 성적으로 추정
2012,이대수,10558,한화,3.5,,13426,역산 추정,89,2,0,1,,3,3,,,,3,명성: 2011 골든글러브,직전 시즌까지의 성적으로 추정
2012,이대형,10490,LG,-1.0,,16642,역산 추정,81,2,0,0,,2,2,,,,2,,직전 시즌까지의 성적으로 추정
2012,이대환,10446,LG,0.1,,2969,역산 추정,223,1,0,0,,1,1,,,,1,,직전 시즌까지의 성적으로 추정
2012,이동현,10524,LG,1.5,,18815,역산 추정,77,2,0,0,,2,2,,,,2,,직전 시즌까지의 성적으로 추정
2012,이명우,10290,롯데,1.9,,4220,역산 추정,151,1,0,0,,1,1,Y,,,2,풀타임 최소 2코인,직전 시즌까지의 성적으로 추정
2012,이범호,10559,KIA,1.8,,49500,실제 연봉,10,5,1,0,,5,5,,,,5,,시즌 전 확정
2012,이병규,10491,LG,0.8,,60000,실제 연봉,5,5,1,1,,5,4,,2001,,4,커리어 로우·지정 하향,시즌 전 확정
2012,이병규,10477,LG,3.3,,4628,역산 추정,140,2,0,0,,2,2,,,,2,,직전 시즌까지의 성적으로 추정
2012,이보근,10448,넥센,-0.1,,12408,역산 추정,91,2,0,0,,2,2,,,,2,,직전 시즌까지의 성적으로 추정
2012,이상열,10449,LG,0.9,FA 2012 2년 보장 6.0억,30000,FA 연봉 부분,26,4,0,0,4,4,4,,,,4,계약 하한 대상(변경 없음),시즌 전 확정
2012,이성열,10168,두산,0.1,,4865,역산 추정,133,2,0,0,,2,2,,,,2,,직전 시즌까지의 성적으로 추정
2012,이성열,10168,넥센,0.1,,4865,역산 추정,133,2,0,0,,2,2,,,,2,,직전 시즌까지의 성적으로 추정
2012,이승엽,10881,삼성,5.4,FA 2012 1년 보장 11.0억,80000,실제 연봉,2,5,0,1,5,5,5,,1999,,5,계약 하한 대상(변경 없음),시즌 전 확정
2012,이승우,10528,LG,-0.6,,2779,역산 추정,248,1,0,0,,1,1,Y,,,2,풀타임 최소 2코인,직전 시즌까지의 성적으로 추정
2012,이승호,10147,롯데,0.7,FA 2012 4년 보장 24.0억,35000,실제 연봉,20,3,0,0,3,3,3,,,,3,계약 하한 대상(변경 없음),시즌 전 확정
2012,이시찬,10654,한화,-0.1,,3021,역산 추정,181,1,0,0,,1,1,,,,1,,직전 시즌까지의 성적으로 추정
2012,이양기,10573,한화,-0.2,,2953,역산 추정,226,1,0,0,,1,1,,,,1,,직전 시즌까지의 성적으로 추정
2012,이여상,10560,한화,0.4,,3528,역산 추정,165,1,-1,0,,1,1,,,,1,,직전 시즌까지의 성적으로 추정
2012,이영욱,10634,SK,-0.0,,7425,역산 추정,104,2,0,0,,2,2,,,,2,,직전 시즌까지의 성적으로 추정
2012,이용규,10035,KIA,4.5,,30000,실제 연봉,26,4,1,1,,5,5,,,,5,,시즌 전 확정
2012,이용찬,10217,두산,4.1,,10136,역산 추정,97,2,0,0,,2,4,,2012,,4,신인 하한,직전 시즌까지의 성적으로 추정
2012,이용훈,10291,롯데,2.2,,5952,역산 추정,121,2,0,0,,2,2,,,,2,,직전 시즌까지의 성적으로 추정
2012,이우민,11398,롯데,0.2,,2360,역산 추정,283,1,0,0,,1,1,,,,1,,직전 시즌까지의 성적으로 추정
2012,이우선,10371,삼성,0.3,,4542,역산 추정,141,2,0,0,,2,2,,,,2,,직전 시즌까지의 성적으로 추정
2012,이원석,10180,두산,1.2,,6710,역산 추정,111,2,0,0,,2,2,,2009,,2,,직전 시즌까지의 성적으로 추정
2012,이재곤,10293,롯데,-0.2,,4154,역산 추정,153,1,0,0,,1,1,,,,1,,직전 시즌까지의 성적으로 추정
2012,이재영,10529,SK,0.6,,16489,역산 추정,82,2,0,0,,2,2,,,,2,,직전 시즌까지의 성적으로 추정
2012,이재원,10082,SK,0.6,,3859,역산 추정,159,1,0,0,,1,1,,2010,,1,,직전 시즌까지의 성적으로 추정
2012,이정민,10295,롯데,0.0,,6164,역산 추정,117,2,0,0,,2,2,,,,2,,직전 시즌까지의 성적으로 추정
2012,이정식,10311,삼성,-0.1,,2870,역산 추정,231,1,0,0,,1,1,,,,1,,직전 시즌까지의 성적으로 추정
2012,이정훈,10296,넥센,-0.1,,6355,역산 추정,114,2,0,0,,2,2,,,,2,,직전 시즌까지의 성적으로 추정
2012,이종욱,10192,두산,1.8,,20500,실제 연봉,52,3,0,1,,4,4,,,,4,,시즌 전 확정
2012,이준수,10931,한화,-0.2,,3021,역산 추정,181,1,0,0,,1,1,,,,1,,직전 시즌까지의 성적으로 추정
2012,이준호,10703,KIA,0.3,,3021,역산 추정,181,1,0,0,,1,1,,,,1,,직전 시즌까지의 성적으로 추정
2012,이지영,10312,삼성,0.9,,3021,역산 추정,181,1,0,0,,1,1,,,,1,,직전 시즌까지의 성적으로 추정
2012,이진영,10492,LG,3.2,FA 2009 4년 보장 42.0억,55000,실제 연봉,6,5,0,0,5,5,4,,,,4,계약 하한 대상(변경 없음)/커리어 로우·지정 하향,시즌 전 확정
2012,이택근,10493,넥센,2.9,FA 2012 4년 보장 50.0억,70000,실제 연봉,3,5,0,1,5,5,5,,2007,,5,계약 하한 대상(변경 없음),시즌 전 확정
2012,이혜천,10642,두산,-0.8,,25000,실제 연봉,39,4,0,0,,4,4,,,,4,,시즌 전 확정
2012,이호준,10101,SK,5.4,,25000,실제 연봉,39,4,0,1,,5,5,,,,5,,시즌 전 확정
2012,이희성,10761,LG,-0.1,,3021,역산 추정,181,1,0,0,,1,1,,,,1,,직전 시즌까지의 성적으로 추정
2012,임경완,10298,SK,-0.1,FA 2012 3년 보장 11.0억,36667,FA 연봉 부분,19,5,0,0,5,5,5,,,,4,계약 하한 대상(변경 없음) / 편집 지정 4,시즌 전 확정
2012,임재철,10193,두산,-0.3,FA 2012 2년 보장 5.0억,25000,FA 연봉 부분,39,4,0,0,4,4,4,,,,4,계약 하한 대상(변경 없음),시즌 전 확정
2012,임정우,10713,LG,-0.4,,3011,역산 추정,219,1,0,0,,1,1,,,,1,,직전 시즌까지의 성적으로 추정
2012,임진우,10374,삼성,0.1,,3108,역산 추정,177,1,0,0,,1,1,,,,1,,직전 시즌까지의 성적으로 추정
2012,임찬규,10652,LG,0.5,,4408,역산 추정,148,2,0,0,,2,4,,2015,,4,신인 하한,직전 시즌까지의 성적으로 추정
2012,임치영,10788,SK,0.1,,3021,역산 추정,181,1,0,0,,1,1,,,,1,,직전 시즌까지의 성적으로 추정
2012,임태훈,10222,두산,-0.0,,19600,역산 추정,56,3,0,0,,3,3,,2011,,3,,직전 시즌까지의 성적으로 추정
2012,임훈,10120,SK,0.4,,3340,역산 추정,169,1,0,0,,1,1,Y,,,2,풀타임 최소 2코인,직전 시즌까지의 성적으로 추정
2012,장민석,10416,넥센,2.5,,4433,역산 추정,144,2,0,0,,2,2,,,,2,,직전 시즌까지의 성적으로 추정
2012,장성호,10032,한화,2.9,,19600,역산 추정,56,3,0,0,,3,3,,,,3,,직전 시즌까지의 성적으로 추정
2012,장시환,10453,넥센,0.2,,2683,역산 추정,261,1,0,0,,1,1,,2011,,1,,직전 시즌까지의 성적으로 추정
2012,장원삼,10375,삼성,3.6,,22500,실제 연봉,49,3,0,0,,3,3,,2010,,3,,시즌 전 확정
2012,전유수,10841,SK,0.4,,2758,역산 추정,251,1,0,0,,1,1,,,,1,,직전 시즌까지의 성적으로 추정
2012,전준우,10266,롯데,0.8,,5969,역산 추정,120,2,0,0,,2,2,,,,2,,직전 시즌까지의 성적으로 추정
2012,정근우,10103,SK,3.5,,31000,실제 연봉,25,4,0,1,,5,5,,2009,,5,,시즌 전 확정
2012,정대현,10154,롯데,1.9,FA 2012 4년 보장 36.0억,50000,실제 연봉,8,5,0,0,5,5,5,,,,5,계약 하한 대상(변경 없음),시즌 전 확정
2012,정대현,10224,두산,-0.1,,2821,역산 추정,238,1,0,0,,1,1,,,,1,,직전 시즌까지의 성적으로 추정
2012,정대훈,10611,한화,0.0,,3021,역산 추정,181,1,0,0,,1,1,,,,1,,직전 시즌까지의 성적으로 추정
2012,정민혁,10693,한화,-0.4,,2757,역산 추정,252,1,0,0,,1,1,,,,1,,직전 시즌까지의 성적으로 추정
2012,정범모,10772,한화,-0.9,,3021,역산 추정,181,1,0,0,,1,1,,,,1,,직전 시즌까지의 성적으로 추정
2012,정보명,10252,롯데,-0.2,,4826,역산 추정,134,2,0,0,,2,2,,,,2,,직전 시즌까지의 성적으로 추정
2012,정상호,10083,SK,1.0,,4473,역산 추정,143,2,0,0,,2,2,,2005,,2,,직전 시즌까지의 성적으로 추정
2012,정성훈,10479,LG,5.1,FA 2009 4년 보장 24.0억,35000,실제 연봉,20,5,0,0,5,5,4,,,,4,계약 하한 대상(변경 없음)/커리어 로우·지정 하향,시즌 전 확정
2012,정수빈,10195,두산,0.6,,5226,역산 추정,128,2,0,0,,2,2,,,,2,,직전 시즌까지의 성적으로 추정
2012,정수성,10419,넥센,0.9,,2862,역산 추정,232,1,0,0,,1,1,,,,1,,직전 시즌까지의 성적으로 추정
2012,정우람,10156,SK,1.9,,28000,실제 연봉,36,4,0,0,,4,4,,,,4,,시즌 전 확정
2012,정의윤,10655,LG,0.8,,3212,역산 추정,173,1,0,0,,1,1,,2009,,2,최종 검토: 2,직전 시즌까지의 성적으로 추정
2012,정인욱,10376,삼성,1.0,,4718,역산 추정,136,2,0,0,,2,2,,,,2,,직전 시즌까지의 성적으로 추정
2012,정재복,10532,LG,-0.0,,17937,역산 추정,78,2,0,0,,2,2,,,,2,,직전 시즌까지의 성적으로 추정
2012,정재원,10614,한화,-0.4,,2360,역산 추정,283,1,0,0,,1,1,,,,1,,직전 시즌까지의 성적으로 추정
2012,정진호,10645,두산,-0.1,,2792,역산 추정,242,1,0,0,,1,1,,,,1,,직전 시즌까지의 성적으로 추정
2012,정현욱,10377,삼성,1.4,,25000,실제 연봉,39,4,0,0,,4,4,,,,4,,시즌 전 확정
2012,정형식,10343,삼성,1.1,,2998,역산 추정,221,1,0,0,,1,1,,,,1,,직전 시즌까지의 성적으로 추정
2012,정훈,10253,롯데,-0.3,,2818,역산 추정,239,1,0,0,,1,1,,,,1,,직전 시즌까지의 성적으로 추정
2012,제춘모,10157,SK,0.0,,4063,역산 추정,155,1,0,0,,1,1,,,,1,,직전 시즌까지의 성적으로 추정
2012,조동찬,10329,삼성,2.9,,14001,역산 추정,86,2,0,0,,2,2,,,,2,,직전 시즌까지의 성적으로 추정
2012,조동화,10121,SK,0.1,,7926,역산 추정,102,2,0,0,,2,2,,,,2,,직전 시즌까지의 성적으로 추정
2012,조성환,10254,롯데,2.0,FA 2012 2년 보장 7.5억,37500,FA 연봉 부분,18,5,-1,1,5,5,5,,,,4,계약 하한 대상(변경 없음) / 편집 지정 4,시즌 전 확정
2012,조영훈,10330,삼성,-0.2,,3138,역산 추정,175,1,0,0,,1,1,,,,1,,직전 시즌까지의 성적으로 추정
2012,조영훈,10330,KIA,-0.2,,3138,역산 추정,175,1,0,0,,1,1,,,,1,,직전 시즌까지의 성적으로 추정
2012,조윤준,10854,LG,-0.3,,3021,역산 추정,181,1,0,0,,1,1,,,,1,,직전 시즌까지의 성적으로 추정
2012,조인성,10463,SK,2.9,FA 2012 3년 보장 19.0억,40000,실제 연봉,12,5,0,0,5,5,5,,2002,,5,계약 하한 대상(변경 없음),시즌 전 확정
2012,조중근,10406,넥센,-1.0,,2681,역산 추정,262,1,0,0,,1,1,,,,1,,직전 시즌까지의 성적으로 추정
2012,지석훈,10683,넥센,-0.3,,2564,역산 추정,277,1,0,0,,1,1,,,,1,,직전 시즌까지의 성적으로 추정
2012,지재옥,10867,넥센,-0.0,,3021,역산 추정,181,1,0,0,,1,1,,,,1,,직전 시즌까지의 성적으로 추정
2012,진갑용,10314,삼성,3.8,FA 2012 2년 보장 12.0억,40000,실제 연봉,12,5,0,1,5,5,4,,2001,,4,계약 하한 대상(변경 없음)/커리어 로우·지정 하향,시즌 전 확정
2012,진명호,10301,롯데,1.6,,2828,역산 추정,235,1,0,0,,1,3,,2014,,3,신인 하한,직전 시즌까지의 성적으로 추정
2012,진해수,10075,KIA,-0.4,,2617,역산 추정,270,1,0,0,,1,1,Y,,,2,풀타임 최소 2코인,직전 시즌까지의 성적으로 추정
2012,차우찬,10381,삼성,-0.5,,10205,역산 추정,96,2,0,0,,2,2,,2010,,2,,직전 시즌까지의 성적으로 추정
2012,차일목,10005,KIA,0.7,,5243,역산 추정,127,2,0,0,,2,2,,,,2,,직전 시즌까지의 성적으로 추정
2012,채병용,10161,SK,1.7,,19600,역산 추정,56,3,0,1,,4,4,,,,4,,직전 시즌까지의 성적으로 추정
2012,채태인,10331,삼성,-0.0,,7295,역산 추정,107,2,0,0,,2,2,,2011,,2,,직전 시즌까지의 성적으로 추정
2012,최경철,10085,넥센,0.4,,2411,역산 추정,279,1,0,0,,1,1,,,,1,,직전 시즌까지의 성적으로 추정
2012,최대성,10302,롯데,1.1,,2962,역산 추정,224,1,0,0,,1,1,Y,,,2,풀타임 최소 2코인,직전 시즌까지의 성적으로 추정
2012,최동수,10481,LG,0.4,,10519,역산 추정,94,2,0,0,,2,2,,,,2,,직전 시즌까지의 성적으로 추정
2012,최성훈,10851,LG,0.5,,3021,역산 추정,181,1,0,0,,1,1,Y,,,2,풀타임 최소 2코인,직전 시즌까지의 성적으로 추정
2012,최승환,10169,한화,0.3,,2360,역산 추정,283,1,0,0,,1,1,,,,1,,직전 시즌까지의 성적으로 추정
2012,최영진,10934,LG,-0.2,,3021,역산 추정,181,1,0,0,,1,1,,,,1,,직전 시즌까지의 성적으로 추정
2012,최영필,10617,SK,0.4,,3600,역산 추정,164,1,0,0,,1,1,,,,1,,직전 시즌까지의 성적으로 추정
2012,최우석,10910,한화,0.0,,3021,역산 추정,181,1,0,0,,1,1,,,,1,,직전 시즌까지의 성적으로 추정
2012,최윤석,10104,SK,1.2,,3119,역산 추정,176,1,0,0,,1,1,,,,1,,직전 시즌까지의 성적으로 추정
2012,최재훈,10170,두산,0.1,,3021,역산 추정,181,1,0,0,,1,1,,,,1,,직전 시즌까지의 성적으로 추정
2012,최정,10106,SK,6.7,,28000,실제 연봉,36,4,1,1,,5,5,,2009,,5,,시즌 전 확정
2012,최주환,10182,두산,2.0,,3021,역산 추정,181,1,0,0,,1,1,,,,1,,직전 시즌까지의 성적으로 추정
2012,최준석,10183,두산,0.2,,14371,역산 추정,84,2,0,0,,2,2,,,,3,변동 완충(−1까지),직전 시즌까지의 성적으로 추정
2012,최진행,10578,한화,3.2,,6345,역산 추정,115,2,0,0,,2,3,,2008,,2,"신인 하한 / 신인 하한 종료(달력 5시즌, 군 복무 외 공백은 연장 안 함)",직전 시즌까지의 성적으로 추정
2012,최향남,10743,KIA,0.2,,6742,역산 추정,110,2,0,0,,2,2,,,,2,,직전 시즌까지의 성적으로 추정
2012,최형우,10344,삼성,2.0,,30000,실제 연봉,26,4,1,1,,5,5,,,,5,명성: 2011 골든글러브; 2011 타점·홈런 1위,시즌 전 확정
2012,최훈락,10040,KIA,0.0,,2784,역산 추정,246,1,0,0,,1,1,,,,1,,직전 시즌까지의 성적으로 추정
2012,최희섭,10025,KIA,1.6,,19600,역산 추정,56,3,0,0,,3,3,,2011,,4,변동 완충(−1까지),직전 시즌까지의 성적으로 추정
2012,추승우,10579,한화,0.0,,3337,역산 추정,170,1,0,0,,1,1,,,,1,,직전 시즌까지의 성적으로 추정
2012,하주석,10913,한화,-0.5,,3021,역산 추정,181,1,0,0,,1,3,,2016,,3,신인 하한,직전 시즌까지의 성적으로 추정
2012,한기주,10077,KIA,0.4,,17162,역산 추정,80,2,0,0,,2,2,,2010,,2,변동 완충(−1까지),직전 시즌까지의 성적으로 추정
2012,한상훈,10663,한화,1.4,,6327,역산 추정,116,2,0,0,,2,2,,,,2,,직전 시즌까지의 성적으로 추정
2012,한성구,10800,KIA,0.6,,3021,역산 추정,181,1,0,0,,1,1,,,,1,,직전 시즌까지의 성적으로 추정
2012,한승혁,10812,KIA,-0.2,,3021,역산 추정,181,1,0,0,,1,3,,2016,,3,신인 하한,직전 시즌까지의 성적으로 추정
2012,한현희,10863,넥센,1.7,,3021,역산 추정,181,1,0,0,,1,1,Y,,,2,풀타임 최소 2코인,직전 시즌까지의 성적으로 추정
2012,한희,10539,LG,0.0,,4949,역산 추정,131,2,0,0,,2,2,,,,2,,직전 시즌까지의 성적으로 추정
2012,허경민,10184,두산,-0.1,,3021,역산 추정,181,1,0,0,,1,3,,2016,,3,신인 하한,직전 시즌까지의 성적으로 추정
2012,허도환,10684,넥센,-0.0,,2809,역산 추정,240,1,0,0,,1,1,,,,1,,직전 시즌까지의 성적으로 추정
2012,허준혁,10306,롯데,0.6,,2780,역산 추정,247,1,0,0,,1,1,,,,1,,직전 시즌까지의 성적으로 추정
2012,허준혁,10305,SK,0.3,,4323,역산 추정,150,2,0,0,,2,2,,,,2,,직전 시즌까지의 성적으로 추정
2012,홍상삼,10230,두산,2.2,,4479,역산 추정,142,2,0,0,,2,2,,,,2,,직전 시즌까지의 성적으로 추정
2012,홍성민,10814,KIA,1.2,,3021,역산 추정,181,1,0,0,,1,1,Y,,,2,풀타임 최소 2코인,직전 시즌까지의 성적으로 추정
2012,홍성흔,10256,롯데,4.9,FA 2009 4년 보장 30.0억,40000,실제 연봉,12,5,0,1,5,5,5,,,,5,계약 하한 대상(변경 없음),시즌 전 확정
2012,홍재호,10027,KIA,0.2,,2833,역산 추정,234,1,0,0,,1,1,,,,1,,직전 시즌까지의 성적으로 추정
2012,황동채,10267,롯데,-0.6,,2622,역산 추정,269,1,0,0,,1,1,,,,1,,직전 시즌까지의 성적으로 추정
2012,황재균,10407,롯데,1.7,,8066,역산 추정,101,2,0,0,,2,2,,,,2,,직전 시즌까지의 성적으로 추정
2012,황정립,10819,KIA,-0.0,,3021,역산 추정,181,1,0,0,,1,1,,,,1,,직전 시즌까지의 성적으로 추정
2013,강동우,10564,한화,-0.3,,14716,역산 추정,87,2,0,0,,2,2,,,,2,,직전 시즌까지의 성적으로 추정
2013,강명구,10319,삼성,-0.0,,2458,역산 추정,310,1,0,0,,1,1,,,,1,,직전 시즌까지의 성적으로 추정
2013,강민호,10232,롯데,4.0,,55000,실제 연봉,8,5,0,1,,5,5,,,2013 WBC,5,,시즌 전 확정
2013,강봉규,10332,삼성,-0.3,FA 2012 2년 보장 4.5억,22500,FA 연봉 부분,52,3,0,0,3,3,3,,,,3,계약 하한 대상(변경 없음),시즌 전 확정
2013,강영식,10269,롯데,0.6,,30000,실제 연봉,38,4,0,0,,4,4,,,,4,,시즌 전 확정
2013,강윤구,10423,넥센,3.1,,5677,역산 추정,129,2,0,0,,2,3,,2013,,3,신인 하한,직전 시즌까지의 성적으로 추정
2013,강정호,10394,넥센,6.0,,30000,실제 연봉,38,4,1,1,,5,5,,,2013 WBC,5,,시즌 전 확정
2013,고동진,10666,한화,0.0,,5970,역산 추정,125,2,0,0,,2,2,,,,2,,직전 시즌까지의 성적으로 추정
2013,고원준,10424,롯데,0.3,,9093,역산 추정,103,2,0,0,,2,2,,,,2,,직전 시즌까지의 성적으로 추정
2013,고창성,10196,NC,-0.1,,13248,역산 추정,91,2,0,0,,2,2,,,,2,,직전 시즌까지의 성적으로 추정
2013,권용관,10465,LG,1.4,,2379,역산 추정,314,1,0,0,,1,1,,,,1,,직전 시즌까지의 성적으로 추정
2013,권혁,10351,삼성,0.5,,22000,실제 연봉,54,3,0,0,,3,3,,2007,,3,,시즌 전 확정
2013,권희동,11172,NC,1.1,,3045,역산 추정,192,1,0,0,,1,1,Y,,,2,풀타임 최소 2코인,직전 시즌까지의 성적으로 추정
2013,김강률,10690,두산,0.3,,3294,역산 추정,178,1,0,0,,1,1,,,,1,,직전 시즌까지의 성적으로 추정
2013,김강민,10108,SK,3.3,,20000,실제 연봉,58,3,0,0,,3,3,,2009,,3,,시즌 전 확정
2013,김건한,10045,삼성,-0.3,,5823,역산 추정,127,2,0,0,,2,2,,,,2,,직전 시즌까지의 성적으로 추정
2013,김경언,10028,한화,1.1,,5525,역산 추정,132,2,0,0,,2,2,,,,2,,직전 시즌까지의 성적으로 추정
2013,김경태,10583,한화,-0.2,,3045,역산 추정,192,1,0,0,,1,1,,,,1,,직전 시즌까지의 성적으로 추정
2013,김광수,10502,한화,-0.3,,5486,역산 추정,133,2,0,0,,2,2,,,,2,,직전 시즌까지의 성적으로 추정
2013,김광현,10126,SK,2.0,,24000,실제 연봉,51,3,0,0,,3,3,,2011,,3,,시즌 전 확정
2013,김동주,10173,두산,0.4,FA 2012 3년 보장 32.0억,70000,실제 연봉,3,5,0,1,5,5,5,,2002,,5,계약 하한 대상(변경 없음),시즌 전 확정
2013,김명성,10680,두산,0.2,,2880,역산 추정,279,1,0,0,,1,1,,,,1,,직전 시즌까지의 성적으로 추정
2013,김문호,10648,롯데,0.4,,2681,역산 추정,298,1,0,0,,1,1,,2011,,1,,직전 시즌까지의 성적으로 추정
2013,김민성,10238,넥센,2.5,,5781,역산 추정,128,2,0,0,,2,3,,2013,,3,신인 하한,직전 시즌까지의 성적으로 추정
2013,김민우,10397,넥센,0.2,,4385,역산 추정,152,1,0,0,,1,1,,2006,,1,,직전 시즌까지의 성적으로 추정
2013,김병현,10843,넥센,1.2,,60000,실제 연봉,5,5,0,0,,5,5,,2016,,5,,시즌 전 확정
2013,김사율,10272,롯데,1.7,,15801,역산 추정,85,2,0,0,,2,2,,,,2,,직전 시즌까지의 성적으로 추정
2013,김사훈,10834,롯데,-0.1,,3045,역산 추정,192,1,0,0,,1,1,,,,1,,직전 시즌까지의 성적으로 추정
2013,김상수,10427,넥센,0.3,,2796,역산 추정,288,1,0,0,,1,1,,2012,,1,,직전 시즌까지의 성적으로 추정
2013,김상수,10320,삼성,3.4,,10010,역산 추정,102,2,0,0,,2,4,,2013,2013 WBC,4,신인 하한 / 국가대표 +1 / 국가대표 +1은 4코인까지,직전 시즌까지의 성적으로 추정
2013,김상현,10007,KIA,-0.8,,18875,역산 추정,79,2,0,0,,2,3,,,,3,MVP 다음 해/지정,직전 시즌까지의 성적으로 추정
2013,김상현,10007,SK,-0.8,,18875,역산 추정,79,2,0,0,,2,3,,,,3,MVP 다음 해/지정,직전 시즌까지의 성적으로 추정
2013,김상호,10837,롯데,-0.1,,3045,역산 추정,192,1,0,0,,1,1,,,,1,,직전 시즌까지의 성적으로 추정
2013,김상훈,10001,KIA,0.1,,19600,역산 추정,60,3,0,0,,3,3,,,,3,,직전 시즌까지의 성적으로 추정
2013,김선규,10128,LG,0.5,,4424,역산 추정,151,1,0,0,,1,1,,,,1,,직전 시즌까지의 성적으로 추정
2013,김선빈,10008,KIA,1.0,,19600,역산 추정,60,3,1,0,,4,4,,,,4,,직전 시즌까지의 성적으로 추정
2013,김선우,10200,두산,0.0,,50000,실제 연봉,12,5,0,0,,5,4,,2012,,4,커리어 로우·지정 하향,시즌 전 확정
2013,김성배,10201,롯데,2.3,,6675,역산 추정,118,2,0,0,,2,2,,,,2,,직전 시즌까지의 성적으로 추정
2013,김성현,10636,SK,0.3,,3374,역산 추정,175,1,0,0,,1,1,,,,1,,직전 시즌까지의 성적으로 추정
2013,김세현,10431,넥센,1.7,,3638,역산 추정,164,1,0,0,,1,1,Y,2011,,2,풀타임 최소 2코인,직전 시즌까지의 성적으로 추정
2013,김수완,10647,롯데,0.3,,3313,역산 추정,176,1,0,0,,1,1,,,,1,,직전 시즌까지의 성적으로 추정
2013,김승회,10202,롯데,-0.5,,7328,역산 추정,112,2,0,0,,2,2,,,,2,,직전 시즌까지의 성적으로 추정
2013,김용의,10466,LG,2.0,,2757,역산 추정,295,1,0,0,,1,1,Y,,,2,풀타임 최소 2코인,직전 시즌까지의 성적으로 추정
2013,김용주,10585,한화,0.1,,3045,역산 추정,192,1,0,0,,1,1,,,,1,,직전 시즌까지의 성적으로 추정
2013,김원섭,10029,KIA,1.0,FA 2013 3년 보장 14.0억,25000,실제 연봉,48,5,0,0,5,5,5,,,,5,계약 하한 대상(변경 없음),시즌 전 확정
2013,김일엽,10276,한화,-0.2,,3050,역산 추정,191,1,0,0,,1,1,,,,1,,직전 시즌까지의 성적으로 추정
2013,김재현,10111,SK,0.1,,2885,역산 추정,278,1,0,0,,1,1,,,,1,,직전 시즌까지의 성적으로 추정
2013,김재호,10174,두산,3.9,,2917,역산 추정,272,1,0,0,,1,1,,2009,,1,,직전 시즌까지의 성적으로 추정
2013,김종호,10333,NC,3.5,,3045,역산 추정,192,1,0,0,,1,1,Y,,,2,풀타임 최소 2코인,직전 시즌까지의 성적으로 추정
2013,김주찬,10239,KIA,1.8,FA 2013 4년 보장 50.0억,50000,실제 연봉,12,5,0,0,5,5,5,,,,5,계약 하한 대상(변경 없음),시즌 전 확정
2013,김주형,10650,KIA,-0.5,,2379,역산 추정,314,1,0,0,,1,1,,,,1,,직전 시즌까지의 성적으로 추정
2013,김준,10132,SK,0.2,,3045,역산 추정,192,1,0,0,,1,1,,,,1,,직전 시즌까지의 성적으로 추정
2013,김지수,10399,넥센,0.4,,3045,역산 추정,192,1,0,0,,1,1,,,,1,,직전 시즌까지의 성적으로 추정
2013,김진성,11166,NC,-0.3,,3045,역산 추정,192,1,0,0,,1,1,,,,1,,직전 시즌까지의 성적으로 추정
2013,김진우,10695,KIA,2.6,,19600,역산 추정,60,3,0,1,,4,4,,2006,,4,,직전 시즌까지의 성적으로 추정
2013,김태군,10459,NC,1.1,,2615,역산 추정,302,1,0,0,,1,1,,,,1,,직전 시즌까지의 성적으로 추정
2013,김태균,10552,한화,3.7,,150000,실제 연봉,1,5,1,1,,5,5,,2005,2013 WBC,5,,시즌 전 확정
2013,김태영,10198,두산,-0.4,,8968,역산 추정,105,2,0,0,,2,2,,,,2,,직전 시즌까지의 성적으로 추정
2013,김태완,10467,삼성,2.0,,2935,역산 추정,265,1,0,0,,1,1,,,,1,,직전 시즌까지의 성적으로 추정
2013,김태완,10553,한화,-1.1,,11104,역산 추정,99,2,0,0,,2,2,,,,2,,직전 시즌까지의 성적으로 추정
2013,김혁민,10587,한화,1.0,,7528,역산 추정,110,2,0,0,,2,2,,,,2,,직전 시즌까지의 성적으로 추정
2013,김현수,10187,두산,4.8,,31000,실제 연봉,36,4,0,1,,5,5,,,2013 WBC,5,,시즌 전 확정
2013,김현우,10358,삼성,0.3,,3045,역산 추정,192,1,0,0,,1,1,,,,1,,직전 시즌까지의 성적으로 추정
2013,나성범,11162,NC,3.4,,3045,역산 추정,192,1,0,0,,1,3,,2017,,3,신인 하한,직전 시즌까지의 성적으로 추정
2013,나지완,10030,KIA,3.7,,12370,역산 추정,93,2,0,0,,2,2,,,,2,,직전 시즌까지의 성적으로 추정
2013,노건우,11144,NC,-0.4,,3045,역산 추정,192,1,0,0,,1,3,,2017,,3,신인 하한,직전 시즌까지의 성적으로 추정
2013,노경은,10203,두산,3.8,,4550,역산 추정,148,2,0,0,,2,2,,2007,2013 WBC,3,국가대표 +1,직전 시즌까지의 성적으로 추정
2013,노진혁,11165,NC,-0.5,,3045,역산 추정,192,1,0,0,,1,1,Y,,,2,풀타임 최소 2코인,직전 시즌까지의 성적으로 추정
2013,류제국,11090,LG,3.4,,3045,역산 추정,192,1,0,0,,1,4,,2017,,4,신인 하한,직전 시즌까지의 성적으로 추정
2013,류택현,10507,LG,0.5,,13867,역산 추정,90,2,0,0,,2,2,,,,2,,직전 시즌까지의 성적으로 추정
2013,마낙길,11138,NC,-0.1,,3045,역산 추정,192,1,0,0,,1,1,,,,1,,직전 시즌까지의 성적으로 추정
2013,마일영,10592,한화,-0.1,FA 2013 3년 보장 8.0억,26667,FA 연봉 부분,46,3,-1,0,3,2,3,,,,3,계약 하한(가격 변경),시즌 전 확정
2013,마정길,10436,넥센,0.3,,18724,역산 추정,80,2,0,0,,2,2,,,,2,,직전 시즌까지의 성적으로 추정
2013,모창민,10093,NC,4.3,,2416,역산 추정,312,1,0,0,,1,1,Y,,,2,풀타임 최소 2코인,직전 시즌까지의 성적으로 추정
2013,문규현,10240,롯데,-0.4,,3155,역산 추정,184,1,0,0,,1,1,,,,1,,직전 시즌까지의 성적으로 추정
2013,문선재,10468,LG,0.7,,3045,역산 추정,192,1,0,0,,1,1,,,,1,,직전 시즌까지의 성적으로 추정
2013,문성현,10437,넥센,1.5,,5565,역산 추정,131,2,0,0,,2,2,,,,2,,직전 시즌까지의 성적으로 추정
2013,문수호,10049,NC,-0.2,,3518,역산 추정,169,1,0,0,,1,1,,,,1,,직전 시즌까지의 성적으로 추정
2013,문승원,10783,SK,-0.2,,3045,역산 추정,192,1,0,0,,1,1,,,,1,,직전 시즌까지의 성적으로 추정
2013,문우람,10860,넥센,1.7,,3068,역산 추정,189,1,0,0,,1,1,,,,1,,직전 시즌까지의 성적으로 추정
2013,민병헌,10188,두산,5.2,,3179,역산 추정,183,1,0,0,,1,1,Y,2010,,2,풀타임 최소 2코인,직전 시즌까지의 성적으로 추정
2013,박건우,10189,두산,0.3,,3045,역산 추정,192,1,0,0,,1,1,,,,1,,직전 시즌까지의 성적으로 추정
2013,박경태,10050,KIA,0.6,,3751,역산 추정,163,1,0,0,,1,1,,,,1,,직전 시즌까지의 성적으로 추정
2013,박근홍,11112,삼성,0.0,,3996,역산 추정,159,1,0,0,,1,1,,,,1,,직전 시즌까지의 성적으로 추정
2013,박기남,10011,KIA,0.6,,3828,역산 추정,161,1,0,0,,1,1,,,,1,,직전 시즌까지의 성적으로 추정
2013,박기혁,10241,롯데,-0.6,,11199,역산 추정,98,2,0,0,,2,2,,,,2,,직전 시즌까지의 성적으로 추정
2013,박노민,10541,한화,0.0,,2919,역산 추정,271,1,0,0,,1,1,,,,1,,직전 시즌까지의 성적으로 추정
2013,박동원,10387,넥센,-0.8,,3045,역산 추정,192,1,0,0,,1,1,,,,1,,직전 시즌까지의 성적으로 추정
2013,박민우,11137,NC,-0.2,,3045,역산 추정,192,1,0,0,,1,1,,,,1,,직전 시즌까지의 성적으로 추정
2013,박병호,10470,넥센,7.6,,22000,실제 연봉,54,3,1,1,,5,5,,2009,,5,,시즌 전 확정
2013,박석민,10322,삼성,6.9,,28000,실제 연봉,44,3,1,1,,5,5,,,,5,,시즌 전 확정
2013,박성훈,10438,넥센,0.1,,4557,역산 추정,147,2,0,0,,2,2,,,,2,,직전 시즌까지의 성적으로 추정
2013,박세혁,10891,두산,-0.1,,3045,역산 추정,192,1,0,0,,1,1,,,,1,,직전 시즌까지의 성적으로 추정
2013,박용택,10485,LG,2.4,FA 2011 4년 보장 34.0억,35000,실제 연봉,29,5,1,1,5,5,5,,2006,,5,계약 하한 대상(변경 없음),시즌 전 확정
2013,박으뜸,11175,NC,0.0,,3045,역산 추정,192,1,0,0,,1,1,,,,1,,직전 시즌까지의 성적으로 추정
2013,박재상,10112,SK,1.4,,18553,역산 추정,81,2,0,0,,2,2,,,,2,,직전 시즌까지의 성적으로 추정
2013,박정권,10096,SK,3.8,,20500,실제 연봉,57,3,0,0,,3,3,,,,3,,시즌 전 확정
2013,박정배,10206,SK,1.5,,3807,역산 추정,162,1,0,0,,1,1,,,,1,,직전 시즌까지의 성적으로 추정
2013,박정준,10259,NC,1.6,,2493,역산 추정,309,1,0,0,,1,1,,,,1,,직전 시즌까지의 성적으로 추정
2013,박정진,10596,한화,0.1,,5984,역산 추정,124,2,-1,0,,1,1,,,,1,,직전 시즌까지의 성적으로 추정
2013,박종윤,10243,롯데,0.4,,2915,역산 추정,273,1,-1,0,,1,1,Y,,,2,풀타임 최소 2코인,직전 시즌까지의 성적으로 추정
2013,박준서,10242,롯데,1.0,,2533,역산 추정,306,1,0,0,,1,1,,,,1,,직전 시즌까지의 성적으로 추정
2013,박준표,11070,KIA,0.2,,3045,역산 추정,192,1,0,0,,1,1,,,,1,,직전 시즌까지의 성적으로 추정
2013,박지훈,10789,KIA,-1.1,,4739,역산 추정,141,2,0,0,,2,2,,,,2,,직전 시즌까지의 성적으로 추정
2013,박진만,10323,SK,2.8,,20000,실제 연봉,58,3,0,0,,3,3,,,,3,,시즌 전 확정
2013,박한이,10336,삼성,4.2,,35000,실제 연봉,29,4,0,1,,5,5,,,,5,,시즌 전 확정
2013,박희수,10135,SK,2.2,,7350,역산 추정,111,2,0,0,,2,2,,,2013 WBC,3,국가대표 +1,직전 시즌까지의 성적으로 추정
2013,배영섭,10337,삼성,3.3,,5960,역산 추정,126,2,0,0,,2,2,,,,2,,직전 시즌까지의 성적으로 추정
2013,배영수,10362,삼성,2.2,,45000,실제 연봉,17,5,0,1,,5,5,,,,5,,시즌 전 확정
2013,백용환,10003,KIA,-0.5,,3045,역산 추정,192,1,0,0,,1,1,,,,1,,직전 시즌까지의 성적으로 추정
2013,백정현,10363,삼성,-0.1,,3012,역산 추정,256,1,0,0,,1,3,,2013,,3,신인 하한,직전 시즌까지의 성적으로 추정
2013,백청훈,10136,SK,2.6,,3045,역산 추정,192,1,0,0,,1,1,Y,,,2,풀타임 최소 2코인,직전 시즌까지의 성적으로 추정
2013,변시원,10882,두산,0.1,,3412,역산 추정,172,1,0,0,,1,1,,,,1,,직전 시즌까지의 성적으로 추정
2013,봉중근,10514,LG,3.3,,19600,역산 추정,60,3,0,0,,3,3,,2011,,3,,직전 시즌까지의 성적으로 추정
2013,서건창,10855,넥센,2.2,,5605,역산 추정,130,2,1,1,,4,4,,,,4,명성: 2012 골든글러브,직전 시즌까지의 성적으로 추정
2013,서동욱,10486,넥센,1.0,,3401,역산 추정,173,1,0,0,,1,1,,,,1,,직전 시즌까지의 성적으로 추정
2013,서동환,10207,두산,0.1,,2584,역산 추정,303,1,0,0,,1,1,,,,1,,직전 시즌까지의 성적으로 추정
2013,서재응,10053,KIA,0.2,,35000,실제 연봉,29,4,1,0,,5,5,,2012,2013 WBC,5,,시즌 전 확정
2013,손동욱,11069,KIA,-0.2,,3045,역산 추정,192,1,0,0,,1,1,,,,1,,직전 시즌까지의 성적으로 추정
2013,손민한,10284,NC,1.6,,19600,역산 추정,60,3,0,0,,3,3,,2001,,3,,직전 시즌까지의 성적으로 추정
2013,손승락,10442,넥센,3.0,,26000,실제 연봉,47,3,0,0,,3,3,,,2013 WBC,4,국가대표 +1,시즌 전 확정
2013,손시헌,10177,두산,2.8,,19417,역산 추정,76,2,0,0,,2,2,,,2013 WBC,3,국가대표 +1,직전 시즌까지의 성적으로 추정
2013,손아섭,10261,롯데,5.0,,21000,실제 연봉,56,3,0,1,,4,4,,,2013 WBC,4,국가대표 +1 / 국가대표 +1은 4코인까지,시즌 전 확정
2013,손정욱,11142,NC,0.7,,3045,역산 추정,192,1,0,0,,1,1,,,,1,,직전 시즌까지의 성적으로 추정
2013,손주인,10325,LG,1.4,,2764,역산 추정,293,1,0,0,,1,1,Y,,,2,풀타임 최소 2코인,직전 시즌까지의 성적으로 추정
2013,송광민,10555,한화,2.0,,3879,역산 추정,160,1,0,0,,1,3,,2011,,3,신인 하한,직전 시즌까지의 성적으로 추정
2013,송승준,10285,롯데,5.4,,31000,실제 연봉,36,4,0,0,,4,4,,2011,2013 WBC,4,국가대표 +1 / 국가대표 +1은 4코인까지,시즌 전 확정
2013,송신영,10443,NC,1.3,FA 2012 3년 보장 13.0억,30000,실제 연봉,38,5,0,0,5,5,4,,,,4,계약 하한 대상(변경 없음)/커리어 로우·지정 하향,시즌 전 확정
2013,송신영,10443,넥센,1.3,FA 2012 3년 보장 13.0억,30000,실제 연봉,38,5,0,0,5,5,4,,,,3,계약 하한 대상(변경 없음)/커리어 로우·지정 하향,시즌 전 확정
2013,송은범,10137,KIA,-0.4,,48000,실제 연봉,16,5,0,0,,5,5,,2007,,5,,시즌 전 확정
2013,송주호,10326,한화,-0.1,,3045,역산 추정,192,1,0,0,,1,1,,,,1,,직전 시즌까지의 성적으로 추정
2013,송지만,10412,넥센,0.7,,17688,역산 추정,84,2,0,1,,3,3,,,,3,,직전 시즌까지의 성적으로 추정
2013,송창식,10598,한화,1.0,,6545,역산 추정,120,2,0,0,,2,2,,2008,,2,,직전 시즌까지의 성적으로 추정
2013,송창현,11118,한화,2.1,,3045,역산 추정,192,1,0,0,,1,1,Y,,,2,풀타임 최소 2코인,직전 시즌까지의 성적으로 추정
2013,신명철,10327,삼성,-0.8,FA 2012 2년 보장 4.5억,22500,FA 연봉 부분,52,3,0,0,3,3,3,,2005,,3,계약 하한 대상(변경 없음),시즌 전 확정
2013,신본기,10840,롯데,1.5,,2860,역산 추정,281,1,0,0,,1,1,,,,1,,직전 시즌까지의 성적으로 추정
2013,신승현,10138,KIA,0.2,,7166,역산 추정,114,2,0,0,,2,2,,,,2,,직전 시즌까지의 성적으로 추정
2013,신용운,10055,삼성,1.0,,12106,역산 추정,94,2,0,0,,2,2,,,,2,,직전 시즌까지의 성적으로 추정
2013,신재웅,10921,LG,2.4,,2955,역산 추정,264,1,0,0,,1,1,,,,1,,직전 시즌까지의 성적으로 추정
2013,신정락,10516,LG,2.4,,3012,역산 추정,257,1,0,0,,1,4,,2014,,4,신인 하한,직전 시즌까지의 성적으로 추정
2013,신종길,10031,KIA,1.5,,2809,역산 추정,286,1,0,0,,1,1,Y,,,2,풀타임 최소 2코인,직전 시즌까지의 성적으로 추정
2013,신창호,10793,KIA,0.0,,2986,역산 추정,261,1,0,0,,1,1,,,,1,,직전 시즌까지의 성적으로 추정
2013,심동섭,10056,KIA,0.2,,4538,역산 추정,149,2,0,0,,2,3,,2015,,3,신인 하한,직전 시즌까지의 성적으로 추정
2013,심창민,10720,삼성,1.2,,3524,역산 추정,168,1,0,0,,1,4,,2016,,4,신인 하한,직전 시즌까지의 성적으로 추정
2013,안규영,10729,두산,-0.3,,2850,역산 추정,283,1,0,0,,1,1,,,,1,,직전 시즌까지의 성적으로 추정
2013,안승민,10629,한화,-0.7,,4994,역산 추정,137,2,-1,0,,1,1,,,,1,,직전 시즌까지의 성적으로 추정
2013,안지만,10364,삼성,1.4,,30000,실제 연봉,38,4,0,0,,4,4,,,,4,,시즌 전 확정
2013,안치용,10488,SK,-0.2,,4561,역산 추정,146,2,0,0,,2,2,,,,2,,직전 시즌까지의 성적으로 추정
2013,안치홍,10014,KIA,1.9,,17791,역산 추정,82,2,0,0,,2,4,,2013,,4,신인 하한,직전 시즌까지의 성적으로 추정
2013,안태영,11132,넥센,0.4,,3045,역산 추정,192,1,0,0,,1,1,,,,1,,직전 시즌까지의 성적으로 추정
2013,양영동,10656,LG,0.1,,2860,역산 추정,280,1,0,0,,1,1,,,,1,,직전 시즌까지의 성적으로 추정
2013,양의지,10165,두산,2.8,,11448,역산 추정,96,2,0,0,,2,2,,,,2,,직전 시즌까지의 성적으로 추정
2013,양현종,10058,KIA,4.9,,14458,역산 추정,89,2,0,0,,2,2,,2011,,2,,직전 시즌까지의 성적으로 추정
2013,엄태용,10914,한화,0.4,,3045,역산 추정,192,1,0,0,,1,1,,,,1,,직전 시즌까지의 성적으로 추정
2013,여건욱,10140,SK,-0.3,,3045,역산 추정,192,1,0,0,,1,1,,,,1,,직전 시즌까지의 성적으로 추정
2013,오선진,10557,한화,0.0,,3268,역산 추정,179,1,0,0,,1,1,,,,1,,직전 시즌까지의 성적으로 추정
2013,오승환,10367,삼성,1.9,,55000,실제 연봉,8,5,0,1,,5,4,,2009,2013 WBC,4,커리어 로우·지정 하향 / 국가대표 +1 / 국가대표 +1은 4코인까지,시즌 전 확정
2013,오윤,10413,넥센,0.9,,2626,역산 추정,300,1,0,0,,1,1,,,,1,,직전 시즌까지의 성적으로 추정
2013,오재원,10178,두산,2.7,,6484,역산 추정,121,2,0,0,,2,2,,,,2,,직전 시즌까지의 성적으로 추정
2013,오재일,10400,두산,1.5,,2444,역산 추정,311,1,0,0,,1,1,,,,1,,직전 시즌까지의 성적으로 추정
2013,오주원,10445,넥센,1.7,,19531,역산 추정,75,2,0,0,,2,2,,,,2,,직전 시즌까지의 성적으로 추정
2013,오준형,10059,KIA,0.0,,2642,역산 추정,299,1,0,0,,1,1,,,,1,,직전 시즌까지의 성적으로 추정
2013,오지환,10475,LG,6.5,,7006,역산 추정,115,2,0,0,,2,4,,2014,,4,신인 하한,직전 시즌까지의 성적으로 추정
2013,오현택,10210,두산,1.6,,3004,역산 추정,259,1,0,0,,1,1,Y,,,2,풀타임 최소 2코인,직전 시즌까지의 성적으로 추정
2013,용덕한,10166,롯데,-0.2,,2379,역산 추정,314,1,0,0,,1,1,,,,1,,직전 시즌까지의 성적으로 추정
2013,우규민,10523,LG,3.6,,19600,역산 추정,60,3,0,0,,3,3,,2008,,3,,직전 시즌까지의 성적으로 추정
2013,우동균,10341,삼성,0.9,,3239,역산 추정,181,1,0,0,,1,3,,2012,,1,"신인 하한 / 신인 하한 종료(달력 5시즌, 군 복무 외 공백은 연장 안 함)",직전 시즌까지의 성적으로 추정
2013,유동훈,10060,KIA,1.0,FA 2013 2년 보장 7.5억,37500,FA 연봉 부분,26,4,0,0,4,4,4,,,,4,계약 하한 대상(변경 없음),시즌 전 확정
2013,유원상,10604,LG,-0.3,,10859,역산 추정,100,2,0,0,,2,2,,2011,2013 WBC,3,국가대표 +1,직전 시즌까지의 성적으로 추정
2013,유창식,10678,한화,-0.1,,3554,역산 추정,166,1,0,0,,1,4,,2015,,4,신인 하한,직전 시즌까지의 성적으로 추정
2013,유창준,11185,두산,0.1,,3045,역산 추정,192,1,0,0,,1,1,,,,1,,직전 시즌까지의 성적으로 추정
2013,유한준,10627,넥센,1.0,,6026,역산 추정,123,2,0,0,,2,2,,,,2,,직전 시즌까지의 성적으로 추정
2013,유희관,10213,두산,4.0,,2894,역산 추정,275,1,0,0,,1,1,Y,,,2,풀타임 최소 2코인,직전 시즌까지의 성적으로 추정
2013,윤근영,10607,한화,0.1,,4030,역산 추정,158,1,0,0,,1,1,Y,,,2,풀타임 최소 2코인,직전 시즌까지의 성적으로 추정
2013,윤길현,10142,SK,1.0,,19600,역산 추정,60,3,0,0,,3,3,,,,3,,직전 시즌까지의 성적으로 추정
2013,윤명준,10885,두산,-0.1,,3045,역산 추정,192,1,0,0,,1,1,,,,1,,직전 시즌까지의 성적으로 추정
2013,윤석민,10061,KIA,2.9,,38000,실제 연봉,25,4,0,1,,5,5,,,2013 WBC,5,,시즌 전 확정
2013,윤석민,10644,두산,0.3,,3127,역산 추정,185,1,0,0,,1,1,,,,1,,직전 시즌까지의 성적으로 추정
2013,윤성환,10368,삼성,5.9,,30000,실제 연봉,38,4,0,0,,4,4,,2008,,4,,시즌 전 확정
2013,윤요섭,10081,LG,0.4,,3379,역산 추정,174,1,0,0,,1,1,,,,1,,직전 시즌까지의 성적으로 추정
2013,윤해진,10816,KIA,-0.8,,3116,역산 추정,186,1,0,0,,1,1,,,,1,,직전 시즌까지의 성적으로 추정
2013,윤희상,10145,SK,3.8,,4169,역산 추정,155,1,0,0,,1,1,Y,2008,2013 WBC,3,풀타임 최소 2코인 / 국가대표 +1,직전 시즌까지의 성적으로 추정
2013,이대수,10558,한화,2.2,,19600,역산 추정,60,3,0,0,,3,3,,,,3,,직전 시즌까지의 성적으로 추정
2013,이대형,10490,LG,-0.2,,15376,역산 추정,86,2,0,0,,2,2,,,,2,,직전 시즌까지의 성적으로 추정
2013,이대환,10446,KIA,0.1,,2577,역산 추정,304,1,0,0,,1,1,,,,1,,직전 시즌까지의 성적으로 추정
2013,이동걸,10778,삼성,-0.2,,3045,역산 추정,192,1,0,0,,1,1,,,,1,,직전 시즌까지의 성적으로 추정
2013,이동현,10524,LG,1.9,,19600,역산 추정,60,3,0,0,,3,3,,,,3,,직전 시즌까지의 성적으로 추정
2013,이동훈,11191,KIA,-0.1,,3045,역산 추정,192,1,0,0,,1,1,,,,1,,직전 시즌까지의 성적으로 추정
2013,이명기,10119,SK,1.0,,3045,역산 추정,192,1,0,0,,1,1,,,,1,,직전 시즌까지의 성적으로 추정
2013,이명우,10290,롯데,2.2,,6972,역산 추정,116,2,0,0,,2,2,,,,2,,직전 시즌까지의 성적으로 추정
2013,이민호,11151,NC,0.4,,3045,역산 추정,192,1,0,0,,1,3,,2017,,3,신인 하한,직전 시즌까지의 성적으로 추정
2013,이범호,10559,KIA,2.6,,43500,실제 연봉,19,5,0,0,,5,5,,,,5,,시즌 전 확정
2013,이병규,10491,LG,2.3,,60000,실제 연봉,5,5,0,1,,5,4,,2001,,4,커리어 로우·지정 하향,시즌 전 확정
2013,이병규,10477,LG,1.6,,6067,역산 추정,122,2,0,0,,2,2,,,,2,,직전 시즌까지의 성적으로 추정
2013,이보근,10448,넥센,0.6,,12393,역산 추정,92,2,0,0,,2,2,,,,2,,직전 시즌까지의 성적으로 추정
2013,이상열,10449,LG,0.1,FA 2012 2년 보장 6.0억,30000,FA 연봉 부분,38,4,0,0,4,4,4,,,,4,계약 하한 대상(변경 없음),시즌 전 확정
2013,이상호,11147,NC,-0.6,,3045,역산 추정,192,1,0,0,,1,1,,,,1,,직전 시즌까지의 성적으로 추정
2013,이상화,10831,롯데,0.2,,2919,역산 추정,270,1,0,0,,1,4,,2013,,4,신인 하한,직전 시즌까지의 성적으로 추정
2013,이상훈,10572,삼성,0.3,,2788,역산 추정,290,1,0,0,,1,1,,,,1,,직전 시즌까지의 성적으로 추정
2013,이성민,11154,NC,0.3,,3045,역산 추정,192,1,0,0,,1,1,,,,1,,직전 시즌까지의 성적으로 추정
2013,이성열,10168,넥센,1.4,,4940,역산 추정,138,2,0,0,,2,2,,,,2,,직전 시즌까지의 성적으로 추정
2013,이승엽,10881,삼성,0.0,,80000,실제 연봉,2,5,1,1,,5,5,,1999,2013 WBC,5,,시즌 전 확정
2013,이승호,10147,NC,-0.2,FA 2012 4년 보장 24.0억,35000,실제 연봉,29,3,0,0,3,3,3,,,,3,계약 하한 대상(변경 없음),시즌 전 확정
2013,이시찬,10654,한화,-1.3,,3010,역산 추정,258,1,0,0,,1,1,,,,1,,직전 시즌까지의 성적으로 추정
2013,이양기,10573,한화,0.8,,2786,역산 추정,292,1,0,0,,1,1,,,,1,,직전 시즌까지의 성적으로 추정
2013,이용규,10035,KIA,2.8,,34000,실제 연봉,35,4,0,1,,5,5,,,2013 WBC,5,,시즌 전 확정
2013,이우민,11398,롯데,0.3,,2399,역산 추정,313,1,0,0,,1,1,,,,1,,직전 시즌까지의 성적으로 추정
2013,이우선,10371,삼성,0.2,,4668,역산 추정,143,2,0,0,,2,2,,,,2,,직전 시즌까지의 성적으로 추정
2013,이원석,10180,두산,3.7,,9067,역산 추정,104,2,0,0,,2,2,,2009,,2,,직전 시즌까지의 성적으로 추정
2013,이재곤,10293,롯데,0.1,,4106,역산 추정,156,1,0,0,,1,1,,,,1,,직전 시즌까지의 성적으로 추정
2013,이재영,10529,SK,-0.2,,19600,역산 추정,60,3,0,0,,3,3,,,,3,,직전 시즌까지의 성적으로 추정
2013,이재우,10219,두산,1.0,,18909,역산 추정,78,2,0,0,,2,2,,,,2,,직전 시즌까지의 성적으로 추정
2013,이재원,10082,SK,0.1,,4056,역산 추정,157,1,0,0,,1,1,,2010,,1,,직전 시즌까지의 성적으로 추정
2013,이재학,10220,NC,5.6,,2929,역산 추정,268,1,0,0,,1,1,Y,,,2,풀타임 최소 2코인,직전 시즌까지의 성적으로 추정
2013,이정호,10731,두산,-0.4,,3045,역산 추정,192,1,0,0,,1,1,,,,1,,직전 시즌까지의 성적으로 추정
2013,이정훈,10296,넥센,1.6,FA 2013 2년 보장 5.0억,25000,FA 연봉 부분,48,3,0,0,3,3,3,,,,3,계약 하한 대상(변경 없음),시즌 전 확정
2013,이종욱,10192,두산,4.0,,19600,역산 추정,60,3,0,1,,4,4,,,,4,,직전 시즌까지의 성적으로 추정
2013,이종환,10941,KIA,-1.2,,2791,역산 추정,289,1,0,0,,1,1,,,,1,,직전 시즌까지의 성적으로 추정
2013,이준수,10931,한화,-0.7,,2994,역산 추정,260,1,0,0,,1,1,,,,1,,직전 시즌까지의 성적으로 추정
2013,이준호,10703,KIA,-0.9,,3097,역산 추정,187,1,0,0,,1,1,,,,1,,직전 시즌까지의 성적으로 추정
2013,이지모,10832,롯데,0.1,,3045,역산 추정,192,1,0,0,,1,1,,,,1,,직전 시즌까지의 성적으로 추정
2013,이지영,10312,삼성,0.1,,3259,역산 추정,180,1,0,0,,1,1,,,,1,,직전 시즌까지의 성적으로 추정
2013,이진영,10492,LG,4.2,FA 2013 4년 보장 34.0억,60000,실제 연봉,5,5,0,0,5,5,4,,,2013 WBC,4,계약 하한 대상(변경 없음)/커리어 로우·지정 하향 / 국가대표 +1 / 국가대표 +1은 4코인까지,시즌 전 확정
2013,이태양,10681,NC,0.6,,2930,역산 추정,267,1,0,0,,1,1,Y,,,2,풀타임 최소 2코인,직전 시즌까지의 성적으로 추정
2013,이태양,10609,한화,-0.5,,3045,역산 추정,192,1,0,0,,1,1,,,,1,,직전 시즌까지의 성적으로 추정
2013,이태원,11160,NC,-1.2,,3045,역산 추정,192,1,0,0,,1,1,,,,1,,직전 시즌까지의 성적으로 추정
2013,이택근,10493,넥센,2.5,FA 2012 4년 보장 50.0억,70000,실제 연봉,3,5,0,1,5,5,5,,2007,,5,계약 하한 대상(변경 없음),시즌 전 확정
2013,이현곤,10022,NC,0.4,FA 2013 3년 보장 10.5억,35000,FA 연봉 부분,29,4,0,0,4,4,4,,,,4,계약 하한 대상(변경 없음),시즌 전 확정
2013,이혜천,10642,두산,-0.4,,19600,역산 추정,60,3,-1,0,,2,2,,,,2,,직전 시즌까지의 성적으로 추정
2013,이호준,10101,NC,3.2,FA 2013 3년 보장 20.0억,45000,실제 연봉,17,5,1,0,5,5,5,,,,5,계약 하한 대상(변경 없음),시즌 전 확정
2013,이홍구,11071,KIA,-0.3,,3045,역산 추정,192,1,0,0,,1,1,,,,1,,직전 시즌까지의 성적으로 추정
2013,임경완,10298,SK,-0.2,FA 2012 3년 보장 11.0억,36667,FA 연봉 부분,28,4,0,0,4,4,4,,,,4,계약 하한 대상(변경 없음),시즌 전 확정
2013,임기영,10909,한화,-0.2,,3045,역산 추정,192,1,0,0,,1,1,,,,1,,직전 시즌까지의 성적으로 추정
2013,임익준,10328,한화,-0.3,,2617,역산 추정,301,1,0,0,,1,1,,,,1,,직전 시즌까지의 성적으로 추정
2013,임재철,10193,두산,0.7,FA 2012 2년 보장 5.0억,25000,FA 연봉 부분,48,3,0,0,3,3,3,,,,3,계약 하한 대상(변경 없음),시즌 전 확정
2013,임정우,10713,LG,0.7,,2920,역산 추정,269,1,0,0,,1,1,Y,,,2,풀타임 최소 2코인,직전 시즌까지의 성적으로 추정
2013,임준섭,10795,KIA,1.7,,3045,역산 추정,192,1,0,0,,1,1,Y,,,2,풀타임 최소 2코인,직전 시즌까지의 성적으로 추정
2013,임찬규,10652,LG,0.3,,4594,역산 추정,145,2,0,0,,2,4,,2015,,4,신인 하한,직전 시즌까지의 성적으로 추정
2013,임창민,10452,NC,1.1,,3045,역산 추정,192,1,0,0,,1,1,Y,,,2,풀타임 최소 2코인,직전 시즌까지의 성적으로 추정
2013,임태훈,10222,두산,-0.6,,19600,역산 추정,60,3,0,0,,3,3,,2011,,3,,직전 시즌까지의 성적으로 추정
2013,임훈,10120,SK,0.1,,4222,역산 추정,154,1,-1,0,,1,1,,,,1,,직전 시즌까지의 성적으로 추정
2013,장민석,10416,넥센,-0.2,,6657,역산 추정,119,2,0,0,,2,2,,,,2,,직전 시즌까지의 성적으로 추정
2013,장성호,10032,롯데,0.3,,19600,역산 추정,60,3,0,0,,3,3,,,,3,,직전 시즌까지의 성적으로 추정
2013,장시환,10453,넥센,-0.2,,2745,역산 추정,297,1,0,0,,1,1,,2011,,1,,직전 시즌까지의 성적으로 추정
2013,장원삼,10375,삼성,2.2,,40000,실제 연봉,20,5,0,1,,5,5,,2010,2013 WBC,5,명성: 2012 골든글러브; 2012 다승 1위 / 2012 투수 골든글러브 → 5,시즌 전 확정
2013,전유수,10841,SK,0.3,,2852,역산 추정,282,1,0,0,,1,1,Y,,,2,풀타임 최소 2코인,직전 시즌까지의 성적으로 추정
2013,전준우,10266,롯데,2.5,,7831,역산 추정,107,2,0,0,,2,2,,,2013 WBC,3,국가대표 +1,직전 시즌까지의 성적으로 추정
2013,전현태,10561,한화,-0.0,,2787,역산 추정,291,1,0,0,,1,1,,,,1,,직전 시즌까지의 성적으로 추정
2013,정근우,10103,SK,5.4,,55000,실제 연봉,8,5,0,1,,5,4,,2009,2013 WBC,4,커리어 로우·지정 하향 / 국가대표 +1 / 국가대표 +1은 4코인까지,시즌 전 확정
2013,정대현,10154,롯데,0.4,FA 2012 4년 보장 36.0억,50000,실제 연봉,12,5,0,0,5,5,5,,,2013 WBC,5,계약 하한 대상(변경 없음),시즌 전 확정
2013,정대현,10224,두산,-0.5,,2800,역산 추정,287,1,0,0,,1,1,,,,1,,직전 시즌까지의 성적으로 추정
2013,정대훈,10611,한화,0.2,,3039,역산 추정,253,1,0,0,,1,1,,,,1,,직전 시즌까지의 성적으로 추정
2013,정범모,10772,한화,1.2,,2825,역산 추정,284,1,0,0,,1,1,,,,1,,직전 시즌까지의 성적으로 추정
2013,정병곤,10756,삼성,-0.2,,3045,역산 추정,192,1,0,0,,1,1,,,,1,,직전 시즌까지의 성적으로 추정
2013,정상호,10083,SK,2.4,,4872,역산 추정,139,2,0,0,,2,2,,2005,,2,,직전 시즌까지의 성적으로 추정
2013,정성훈,10479,LG,3.9,FA 2013 4년 보장 34.0억,50000,실제 연봉,12,5,1,0,5,5,4,,,,4,계약 하한 대상(변경 없음)/커리어 로우·지정 하향,시즌 전 확정
2013,정수빈,10195,두산,1.0,,6744,역산 추정,117,2,0,0,,2,2,,,,2,,직전 시즌까지의 성적으로 추정
2013,정의윤,10655,LG,0.9,,3429,역산 추정,171,1,0,0,,1,1,Y,2009,,2,풀타임 최소 2코인,직전 시즌까지의 성적으로 추정
2013,정재원,10614,한화,-0.0,,2379,역산 추정,314,1,0,0,,1,1,,,,1,,직전 시즌까지의 성적으로 추정
2013,정재훈,10225,두산,0.1,FA 2012 4년 보장 28.0억,35000,실제 연봉,29,5,0,0,5,5,5,,,,5,계약 하한 대상(변경 없음),시즌 전 확정
2013,정주현,10480,LG,0.1,,3045,역산 추정,192,1,0,0,,1,1,,,,1,,직전 시즌까지의 성적으로 추정
2013,정진,11133,NC,-0.0,,3045,역산 추정,192,1,0,0,,1,1,,,,1,,직전 시즌까지의 성적으로 추정
2013,정찬헌,10533,LG,0.0,,5147,역산 추정,136,2,0,0,,2,2,,,,2,,직전 시즌까지의 성적으로 추정
2013,정현석,10576,한화,1.7,,2914,역산 추정,274,1,0,0,,1,1,Y,,,2,풀타임 최소 2코인,직전 시즌까지의 성적으로 추정
2013,정현욱,10377,LG,0.5,FA 2013 4년 보장 28.6억,40000,실제 연봉,20,5,0,0,5,5,5,,,,5,계약 하한 대상(변경 없음),시즌 전 확정
2013,정형식,10343,삼성,3.8,,3296,역산 추정,177,1,0,0,,1,1,Y,,,2,풀타임 최소 2코인,직전 시즌까지의 성적으로 추정
2013,정훈,10253,롯데,1.8,,2752,역산 추정,296,1,0,0,,1,1,Y,,,2,풀타임 최소 2코인,직전 시즌까지의 성적으로 추정
2013,조동찬,10329,삼성,1.2,,17746,역산 추정,83,2,0,0,,2,2,,,,2,,직전 시즌까지의 성적으로 추정
2013,조동화,10121,SK,1.8,,7643,역산 추정,108,2,0,0,,2,2,,,,2,,직전 시즌까지의 성적으로 추정
2013,조상우,11126,넥센,0.1,,3045,역산 추정,192,1,0,0,,1,3,,2017,,3,신인 하한,직전 시즌까지의 성적으로 추정
2013,조성우,10122,SK,0.1,,3045,역산 추정,192,1,0,0,,1,1,,,,1,,직전 시즌까지의 성적으로 추정
2013,조성환,10254,롯데,0.5,FA 2012 2년 보장 7.5억,37500,FA 연봉 부분,26,4,0,1,4,5,5,,,,5,계약 하한 대상(변경 없음),시즌 전 확정
2013,조영훈,10330,NC,2.0,,3097,역산 추정,188,1,0,0,,1,1,Y,,,2,풀타임 최소 2코인,직전 시즌까지의 성적으로 추정
2013,조윤준,10854,LG,-0.5,,2963,역산 추정,263,1,0,0,,1,1,,,,1,,직전 시즌까지의 성적으로 추정
2013,조인성,10463,SK,0.5,FA 2012 3년 보장 19.0억,40000,실제 연봉,20,5,0,0,5,5,5,,2002,,5,계약 하한 대상(변경 없음),시즌 전 확정
2013,조정원,11121,한화,-0.1,,3045,역산 추정,192,1,0,0,,1,1,,,,1,,직전 시즌까지의 성적으로 추정
2013,조지훈,11115,한화,0.0,,3045,역산 추정,192,1,0,0,,1,1,,,,1,,직전 시즌까지의 성적으로 추정
2013,조평호,10776,NC,-0.3,,3045,역산 추정,192,1,0,0,,1,1,,,,1,,직전 시즌까지의 성적으로 추정
2013,조현근,10380,삼성,-0.0,,5363,역산 추정,134,2,0,0,,2,2,,,,2,,직전 시즌까지의 성적으로 추정
2013,조홍석,11086,롯데,0.5,,3045,역산 추정,192,1,0,0,,1,1,,,,1,,직전 시즌까지의 성적으로 추정
2013,지석훈,10683,NC,-0.1,,2504,역산 추정,308,1,0,0,,1,1,Y,,,2,풀타임 최소 2코인,직전 시즌까지의 성적으로 추정
2013,진갑용,10314,삼성,0.0,FA 2012 2년 보장 12.0억,40000,실제 연봉,20,5,0,1,5,5,4,,2001,2013 WBC,4,계약 하한 대상(변경 없음)/커리어 로우·지정 하향 / 국가대표 +1 / 국가대표 +1은 4코인까지,시즌 전 확정
2013,진명호,10301,롯데,-0.1,,3230,역산 추정,182,1,0,0,,1,3,,2014,,3,신인 하한,직전 시즌까지의 성적으로 추정
2013,진해수,10075,KIA,-0.0,,3623,역산 추정,165,1,-1,0,,1,1,Y,,,2,풀타임 최소 2코인,직전 시즌까지의 성적으로 추정
2013,진해수,10075,SK,-0.0,,3623,역산 추정,165,1,-1,0,,1,1,Y,,,2,풀타임 최소 2코인,직전 시즌까지의 성적으로 추정
2013,차우찬,10381,삼성,3.3,,12047,역산 추정,95,2,-1,0,,1,1,Y,2010,2013 WBC,3,풀타임 최소 2코인 / 국가대표 +1,직전 시즌까지의 성적으로 추정
2013,차일목,10005,KIA,1.8,,5311,역산 추정,135,2,0,0,,2,2,,,,2,,직전 시즌까지의 성적으로 추정
2013,차화준,10852,NC,0.3,,2760,역산 추정,294,1,0,0,,1,1,,,,1,,직전 시즌까지의 성적으로 추정
2013,채병용,10161,SK,-0.1,,19600,역산 추정,60,3,0,1,,4,4,,,,4,,직전 시즌까지의 성적으로 추정
2013,채태인,10331,삼성,4.7,,7318,역산 추정,113,2,0,0,,2,2,,2011,,2,,직전 시즌까지의 성적으로 추정
2013,최경철,10085,LG,-0.1,,2379,역산 추정,314,1,0,0,,1,1,,,,1,,직전 시즌까지의 성적으로 추정
2013,최금강,11174,NC,0.1,,3045,역산 추정,192,1,0,0,,1,1,,,,1,,직전 시즌까지의 성적으로 추정
2013,최대성,10302,롯데,-0.2,,4625,역산 추정,144,2,0,0,,2,2,,,,2,,직전 시즌까지의 성적으로 추정
2013,최영필,10617,SK,-0.8,,2547,역산 추정,305,1,0,0,,1,1,,,,1,,직전 시즌까지의 성적으로 추정
2013,최윤석,10104,SK,0.1,,3438,역산 추정,170,1,0,0,,1,1,,,,1,,직전 시즌까지의 성적으로 추정
2013,최재원,11141,NC,-0.3,,3045,역산 추정,192,1,0,0,,1,1,,,,1,,직전 시즌까지의 성적으로 추정
2013,최재훈,10170,두산,0.8,,3068,역산 추정,189,1,0,0,,1,1,,,,1,,직전 시즌까지의 성적으로 추정
2013,최정,10106,SK,6.6,,52000,실제 연봉,11,5,1,1,,5,5,,2009,2013 WBC,5,,시즌 전 확정
2013,최주환,10182,두산,0.7,,3548,역산 추정,167,1,0,0,,1,1,,,,1,,직전 시즌까지의 성적으로 추정
2013,최준석,10183,두산,0.3,,14706,역산 추정,88,2,0,0,,2,2,,,,2,,직전 시즌까지의 성적으로 추정
2013,최진행,10578,한화,3.0,,10046,역산 추정,101,2,0,0,,2,2,,2008,,2,,직전 시즌까지의 성적으로 추정
2013,최향남,10743,KIA,0.6,,4770,역산 추정,140,2,0,0,,2,2,,,,2,,직전 시즌까지의 성적으로 추정
2013,최형우,10344,삼성,4.6,,28000,실제 연봉,44,3,0,0,,3,3,,,,4,변동 완충(−1까지),시즌 전 확정
2013,최희섭,10025,KIA,1.2,,19271,역산 추정,77,2,0,0,,2,2,,2011,,3,변동 완충(−1까지),직전 시즌까지의 성적으로 추정
2013,추승우,10579,한화,1.6,,2891,역산 추정,277,1,0,0,,1,1,,,,1,,직전 시즌까지의 성적으로 추정
2013,한상훈,10663,한화,2.8,,7864,역산 추정,106,2,0,0,,2,2,,,,2,,직전 시즌까지의 성적으로 추정
2013,한승택,11119,한화,-0.9,,3045,역산 추정,192,1,0,0,,1,1,,,,1,,직전 시즌까지의 성적으로 추정
2013,한승혁,10812,KIA,0.3,,2979,역산 추정,262,1,0,0,,1,3,,2016,,3,신인 하한,직전 시즌까지의 성적으로 추정
2013,한유섬,10815,SK,0.6,,3045,역산 추정,192,1,0,0,,1,1,Y,,,2,풀타임 최소 2코인,직전 시즌까지의 성적으로 추정
2013,한현희,10863,넥센,1.7,,4245,역산 추정,153,1,0,0,,1,1,Y,,,2,풀타임 최소 2코인,직전 시즌까지의 성적으로 추정
2013,허경민,10184,두산,1.8,,3012,역산 추정,255,1,0,0,,1,3,,2016,,3,신인 하한,직전 시즌까지의 성적으로 추정
2013,허도환,10684,넥센,0.7,,2816,역산 추정,285,1,0,0,,1,1,Y,,,2,풀타임 최소 2코인,직전 시즌까지의 성적으로 추정
2013,허준혁,10306,롯데,0.1,,2935,역산 추정,266,1,0,0,,1,1,,,,1,,직전 시즌까지의 성적으로 추정
2013,현재윤,10317,LG,0.6,,2379,역산 추정,314,1,0,0,,1,1,,,,1,,직전 시즌까지의 성적으로 추정
2013,홍상삼,10230,두산,1.3,,7634,역산 추정,109,2,0,0,,2,2,,,,2,,직전 시즌까지의 성적으로 추정
2013,홍성민,10814,롯데,1.2,,4735,역산 추정,142,2,0,0,,2,2,,,,2,,직전 시즌까지의 성적으로 추정
2013,홍성흔,10256,두산,3.8,FA 2013 4년 보장 31.0억,40000,실제 연봉,20,5,0,1,5,5,5,,,,5,계약 하한 대상(변경 없음),시즌 전 확정
2013,홍재호,10027,KIA,-1.2,,2891,역산 추정,276,1,0,0,,1,1,,,,1,,직전 시즌까지의 성적으로 추정
2013,황동채,10267,롯데,-0.3,,2514,역산 추정,307,1,0,0,,1,1,,,,1,,직전 시즌까지의 성적으로 추정
2013,황재규,10621,한화,0.3,,4513,역산 추정,150,2,0,0,,2,2,,,,2,,직전 시즌까지의 성적으로 추정
2013,황재균,10407,롯데,3.2,,11294,역산 추정,97,2,0,0,,2,2,,,,2,,직전 시즌까지의 성적으로 추정
2013,황정립,10819,KIA,0.4,,3023,역산 추정,254,1,0,0,,1,1,,,,1,,직전 시즌까지의 성적으로 추정
2014,강경학,10676,한화,-0.1,,3404,역산 추정,203,1,0,0,,1,1,,,,1,,직전 시즌까지의 성적으로 추정
2014,강민호,10232,롯데,1.9,FA 2014 4년 보장 75.0억,100000,실제 연봉,2,5,0,1,5,5,5,,,,5,계약 하한 대상(변경 없음),시즌 전 확정
2014,강승현,10268,롯데,-1.0,,3404,역산 추정,203,1,0,0,,1,1,,,,1,,직전 시즌까지의 성적으로 추정
2014,강영식,10269,롯데,1.1,FA 2014 4년 보장 16.0억,30000,실제 연봉,42,4,0,0,4,4,4,,,,4,계약 하한 대상(변경 없음),시즌 전 확정
2014,강윤구,10423,넥센,-0.6,,9397,역산 추정,113,2,0,0,,2,2,,2013,,2,,직전 시즌까지의 성적으로 추정
2014,강정호,10394,넥센,8.0,,42000,실제 연봉,27,4,1,1,,5,5,,,,5,,시즌 전 확정
2014,강한울,11255,KIA,-0.2,,3404,역산 추정,203,1,0,0,,1,1,,,,1,,직전 시즌까지의 성적으로 추정
2014,고동진,10666,한화,-0.8,,6641,역산 추정,124,2,-1,0,,1,1,,,,1,,직전 시즌까지의 성적으로 추정
2014,고영민,10171,두산,0.3,,22566,역산 추정,72,2,0,0,,2,2,,,,2,,직전 시즌까지의 성적으로 추정
2014,고창성,10196,NC,0.7,,13856,역산 추정,94,2,0,0,,2,2,,,,2,,직전 시즌까지의 성적으로 추정
2014,고효준,10124,SK,-1.0,,8270,역산 추정,117,2,0,0,,2,2,,2008,,2,,직전 시즌까지의 성적으로 추정
2014,권혁,10351,삼성,1.0,,26000,실제 연봉,51,3,-1,0,,2,2,,2007,,2,,시즌 전 확정
2014,권희동,11172,NC,0.5,,4307,역산 추정,171,1,0,0,,1,1,,,,1,,직전 시즌까지의 성적으로 추정
2014,금민철,10425,넥센,0.2,,15264,역산 추정,92,2,0,0,,2,2,,,,2,,직전 시즌까지의 성적으로 추정
2014,김강률,10690,두산,-0.3,,3581,역산 추정,196,1,0,0,,1,1,,,,1,,직전 시즌까지의 성적으로 추정
2014,김강민,10108,SK,2.7,,30000,실제 연봉,42,3,0,0,,3,3,,2009,,3,,시즌 전 확정
2014,김건한,10045,삼성,0.4,,5427,역산 추정,139,2,0,0,,2,2,,,,2,,직전 시즌까지의 성적으로 추정
2014,김경언,10028,한화,1.5,,6091,역산 추정,129,2,0,0,,2,2,,,,2,,직전 시즌까지의 성적으로 추정
2014,김광현,10126,SK,6.6,,27000,실제 연봉,49,3,0,1,,4,4,,2011,,4,,시즌 전 확정
2014,김기태,10718,삼성,-0.1,,2864,역산 추정,290,1,0,0,,1,1,,,,1,,직전 시즌까지의 성적으로 추정
2014,김기현,11267,한화,-0.5,,3404,역산 추정,203,1,0,0,,1,1,,,,1,,직전 시즌까지의 성적으로 추정
2014,김다원,10626,KIA,-0.6,,2862,역산 추정,291,1,0,0,,1,1,,,,1,,직전 시즌까지의 성적으로 추정
2014,김대우,10685,넥센,1.1,,3050,역산 추정,276,1,0,0,,1,1,Y,,,2,풀타임 최소 2코인,직전 시즌까지의 성적으로 추정
2014,김대유,10706,SK,-0.1,,3404,역산 추정,203,1,0,0,,1,1,,,,1,,직전 시즌까지의 성적으로 추정
2014,김명성,10680,두산,0.2,,3089,역산 추정,272,1,0,0,,1,1,,,,1,,직전 시즌까지의 성적으로 추정
2014,김문호,10648,롯데,-1.6,,2933,역산 추정,285,1,0,0,,1,1,,2011,,1,,직전 시즌까지의 성적으로 추정
2014,김민성,10238,넥센,2.2,,9141,역산 추정,114,2,0,0,,2,2,,2013,,2,,직전 시즌까지의 성적으로 추정
2014,김민수,11266,한화,-1.1,,3404,역산 추정,203,1,0,0,,1,1,,,,1,,직전 시즌까지의 성적으로 추정
2014,김민우,10397,KIA,1.4,,3858,역산 추정,184,1,0,0,,1,1,,2006,,1,,직전 시즌까지의 성적으로 추정
2014,김민하,10777,롯데,0.2,,3404,역산 추정,203,1,0,0,,1,1,,,,1,,직전 시즌까지의 성적으로 추정
2014,김병현,10843,KIA,0.5,,24500,역산 추정,54,3,0,0,,3,4,,2016,,4,신인 하한,직전 시즌까지의 성적으로 추정
2014,김사율,10272,롯데,0.7,,20046,역산 추정,78,2,0,0,,2,2,,,,2,,직전 시즌까지의 성적으로 추정
2014,김상수,10320,삼성,3.4,,16949,역산 추정,85,2,0,0,,2,2,,2013,,3,변동 완충(−1까지) / 전수 판정: 보정 권고 / 최종 검토: 3,직전 시즌까지의 성적으로 추정
2014,김상현,10007,SK,0.1,,16171,역산 추정,90,2,0,0,,2,2,,,,2,,직전 시즌까지의 성적으로 추정
2014,김선규,10128,LG,-0.5,,4884,역산 추정,149,2,0,0,,2,2,,,,2,,직전 시즌까지의 성적으로 추정
2014,김선빈,10008,KIA,0.1,,24500,역산 추정,54,3,0,0,,3,3,,,,3,,직전 시즌까지의 성적으로 추정
2014,김선우,10200,LG,-0.5,,24500,역산 추정,54,3,0,0,,3,3,,2012,,3,,직전 시즌까지의 성적으로 추정
2014,김성배,10201,롯데,-1.0,,10927,역산 추정,104,2,0,0,,2,2,,,,2,,직전 시즌까지의 성적으로 추정
2014,김성현,10636,SK,2.2,,3662,역산 추정,193,1,0,0,,1,1,Y,,,2,풀타임 최소 2코인,직전 시즌까지의 성적으로 추정
2014,김세현,10431,넥센,-0.2,,5387,역산 추정,141,2,0,0,,2,2,,2011,,2,,직전 시즌까지의 성적으로 추정
2014,김승회,10202,롯데,2.4,,9580,역산 추정,112,2,-1,0,,1,1,Y,,,2,풀타임 최소 2코인,직전 시즌까지의 성적으로 추정
2014,김용의,10466,LG,-0.7,,4194,역산 추정,175,1,0,0,,1,1,,,,1,,직전 시즌까지의 성적으로 추정
2014,김원섭,10029,KIA,-0.1,FA 2013 3년 보장 14.0억,25000,실제 연봉,52,5,0,1,5,5,5,,,,5,계약 하한 대상(변경 없음),시즌 전 확정
2014,김유영,11229,롯데,0.0,,3404,역산 추정,203,1,0,0,,1,1,,,,1,,직전 시즌까지의 성적으로 추정
2014,김재호,10174,두산,0.7,,4215,역산 추정,174,1,0,0,,1,1,Y,2009,,2,풀타임 최소 2코인,직전 시즌까지의 성적으로 추정
2014,김재환,10643,두산,0.5,,2949,역산 추정,284,1,0,0,,1,1,,2015,,1,,직전 시즌까지의 성적으로 추정
2014,김종호,10333,NC,0.1,,5203,역산 추정,143,2,0,0,,2,2,,,,2,,직전 시즌까지의 성적으로 추정
2014,김주찬,10239,KIA,2.9,FA 2013 4년 보장 50.0억,50000,실제 연봉,13,5,0,0,5,5,5,,,,5,계약 하한 대상(변경 없음),시즌 전 확정
2014,김주형,10650,KIA,-0.1,,2660,역산 추정,297,1,0,0,,1,1,,,,1,,직전 시즌까지의 성적으로 추정
2014,김지훈,11257,KIA,0.1,,3404,역산 추정,203,1,0,0,,1,1,,,,1,,직전 시즌까지의 성적으로 추정
2014,김진성,11166,NC,1.2,,3140,역산 추정,265,1,0,0,,1,1,Y,,,2,풀타임 최소 2코인,직전 시즌까지의 성적으로 추정
2014,김진우,10695,KIA,0.7,,24500,역산 추정,54,3,0,1,,4,4,,2006,,4,,직전 시즌까지의 성적으로 추정
2014,김진형,10186,두산,-0.2,,3404,역산 추정,203,1,0,0,,1,1,,,,1,,직전 시즌까지의 성적으로 추정
2014,김태군,10459,NC,-0.4,,3025,역산 추정,278,1,0,0,,1,1,Y,,,2,풀타임 최소 2코인,직전 시즌까지의 성적으로 추정
2014,김태균,10552,한화,4.1,,150000,실제 연봉,1,5,0,1,,5,5,,2005,,5,,시즌 전 확정
2014,김태영,10198,KIA,0.9,,9641,역산 추정,111,2,-1,0,,1,1,Y,,,2,풀타임 최소 2코인,직전 시즌까지의 성적으로 추정
2014,김태완,10467,삼성,0.2,,3290,역산 추정,247,1,0,0,,1,1,,,,1,,직전 시즌까지의 성적으로 추정
2014,김태완,10553,한화,-0.3,,13153,역산 추정,95,2,-1,0,,1,1,,,,1,,직전 시즌까지의 성적으로 추정
2014,김태훈,10871,넥센,0.1,,3404,역산 추정,203,1,0,0,,1,1,,,,1,,직전 시즌까지의 성적으로 추정
2014,김하성,11224,넥센,0.1,,3404,역산 추정,203,1,0,0,,1,1,,,,1,,직전 시즌까지의 성적으로 추정
2014,김헌곤,10640,삼성,1.4,,3404,역산 추정,203,1,0,0,,1,1,,,,1,,직전 시즌까지의 성적으로 추정
2014,김혁민,10587,한화,-1.2,,10494,역산 추정,107,2,0,0,,2,2,,,,2,,직전 시즌까지의 성적으로 추정
2014,김현수,10187,두산,3.6,,45000,실제 연봉,19,5,0,1,,5,5,,,,5,,시즌 전 확정
2014,김현우,10358,삼성,1.1,,3290,역산 추정,246,1,0,0,,1,1,,,,1,,직전 시즌까지의 성적으로 추정
2014,김회성,10554,한화,-0.1,,2811,역산 추정,294,1,0,0,,1,1,,,,1,,직전 시즌까지의 성적으로 추정
2014,나성범,11162,NC,6.4,,5142,역산 추정,146,2,0,0,,2,3,,2017,,3,신인 하한,직전 시즌까지의 성적으로 추정
2014,나주환,10092,SK,0.4,,24500,역산 추정,54,3,0,0,,3,3,,,,3,,직전 시즌까지의 성적으로 추정
2014,나지완,10030,KIA,2.6,,21459,역산 추정,73,2,0,0,,2,2,,,,2,,직전 시즌까지의 성적으로 추정
2014,노건우,11144,NC,1.3,,3112,역산 추정,268,1,0,0,,1,3,,2017,,3,신인 하한,직전 시즌까지의 성적으로 추정
2014,노경은,10203,두산,-1.8,,28000,실제 연봉,47,3,0,0,,3,3,,2007,,3,,시즌 전 확정
2014,류제국,11090,LG,1.6,,5147,역산 추정,145,2,0,0,,2,4,,2017,,4,신인 하한,직전 시즌까지의 성적으로 추정
2014,마일영,10592,한화,-0.3,FA 2013 3년 보장 8.0억,26667,FA 연봉 부분,50,3,0,0,3,3,3,,,,3,계약 하한 대상(변경 없음),시즌 전 확정
2014,마정길,10436,넥센,1.5,,16592,역산 추정,87,2,0,0,,2,2,,,,2,,직전 시즌까지의 성적으로 추정
2014,모창민,10093,NC,0.5,,4409,역산 추정,167,1,0,0,,1,1,Y,,,2,풀타임 최소 2코인,직전 시즌까지의 성적으로 추정
2014,문광은,10130,SK,0.1,,3100,역산 추정,270,1,0,0,,1,3,,2014,,3,신인 하한,직전 시즌까지의 성적으로 추정
2014,문규현,10240,롯데,1.2,,3232,역산 추정,254,1,0,0,,1,1,,,,1,,직전 시즌까지의 성적으로 추정
2014,문성현,10437,넥센,1.5,,6619,역산 추정,125,2,0,0,,2,2,,,,2,,직전 시즌까지의 성적으로 추정
2014,문수호,10049,NC,0.1,,3670,역산 추정,191,1,0,0,,1,1,,,,1,,직전 시즌까지의 성적으로 추정
2014,문우람,10860,넥센,1.3,,3709,역산 추정,188,1,0,0,,1,1,Y,,,2,풀타임 최소 2코인,직전 시즌까지의 성적으로 추정
2014,민병헌,10188,두산,3.7,,6232,역산 추정,127,2,1,0,,3,3,,2010,,3,,직전 시즌까지의 성적으로 추정
2014,박건우,10189,두산,-0.7,,3293,역산 추정,244,1,0,0,,1,1,,,,1,,직전 시즌까지의 성적으로 추정
2014,박경수,10469,LG,0.0,,19307,역산 추정,81,2,0,0,,2,2,,2007,,2,,직전 시즌까지의 성적으로 추정
2014,박경태,10050,KIA,-1.3,,4159,역산 추정,176,1,0,0,,1,1,,,,1,,직전 시즌까지의 성적으로 추정
2014,박계현,10803,SK,0.8,,3404,역산 추정,203,1,0,0,,1,1,,,,1,,직전 시즌까지의 성적으로 추정
2014,박근홍,11112,삼성,0.6,,4232,역산 추정,173,1,0,0,,1,1,,,,1,,직전 시즌까지의 성적으로 추정
2014,박기남,10011,KIA,0.1,,3852,역산 추정,186,1,0,0,,1,1,,,,1,,직전 시즌까지의 성적으로 추정
2014,박기혁,10241,롯데,-0.4,,10196,역산 추정,110,2,0,0,,2,2,,,,2,,직전 시즌까지의 성적으로 추정
2014,박동원,10387,넥센,0.7,,3021,역산 추정,279,1,0,0,,1,1,,,,1,,직전 시즌까지의 성적으로 추정
2014,박명환,10510,NC,-0.1,,24500,역산 추정,54,3,0,0,,3,3,,,,3,,직전 시즌까지의 성적으로 추정
2014,박민우,11137,NC,3.6,,3174,역산 추정,260,1,0,0,,1,1,Y,,,2,풀타임 최소 2코인,직전 시즌까지의 성적으로 추정
2014,박민호,11236,SK,0.2,,3404,역산 추정,203,1,0,0,,1,1,,,,1,,직전 시즌까지의 성적으로 추정
2014,박병호,10470,넥센,6.6,,50000,실제 연봉,13,5,1,1,,5,5,,2009,,5,,시즌 전 확정
2014,박석민,10322,삼성,4.9,,37000,실제 연봉,35,4,1,1,,5,5,,,,5,,시즌 전 확정
2014,박성호,10595,KIA,-0.4,,3025,역산 추정,277,1,0,0,,1,1,,,,1,,직전 시즌까지의 성적으로 추정
2014,박성훈,10438,넥센,-0.0,,6533,역산 추정,126,2,-1,0,,1,1,,,,1,,직전 시즌까지의 성적으로 추정
2014,박용택,10485,LG,4.8,FA 2011 4년 보장 34.0억,35000,실제 연봉,38,5,0,1,5,5,5,,2006,,5,계약 하한 대상(변경 없음),시즌 전 확정
2014,박재상,10112,SK,-0.1,,20861,역산 추정,74,2,0,0,,2,2,,,,2,,직전 시즌까지의 성적으로 추정
2014,박정권,10096,SK,2.5,,24500,역산 추정,54,3,0,0,,3,3,,,,3,,직전 시즌까지의 성적으로 추정
2014,박정배,10206,SK,0.3,,4315,역산 추정,170,1,0,0,,1,1,,,,1,,직전 시즌까지의 성적으로 추정
2014,박정준,10259,NC,-0.2,,2993,역산 추정,282,1,0,0,,1,1,,,,1,,직전 시즌까지의 성적으로 추정
2014,박정진,10596,한화,0.4,FA 2014 2년 보장 7.0억,35000,FA 연봉 부분,38,4,0,0,4,4,4,,,,4,계약 하한 대상(변경 없음),시즌 전 확정
2014,박종윤,10243,롯데,0.5,,3708,역산 추정,189,1,-1,0,,1,1,Y,,,2,풀타임 최소 2코인,직전 시즌까지의 성적으로 추정
2014,박준서,10242,롯데,-0.3,,2660,역산 추정,297,1,0,0,,1,1,,,,1,,직전 시즌까지의 성적으로 추정
2014,박준태,11260,KIA,0.4,,3404,역산 추정,203,1,0,0,,1,1,,,,1,,직전 시즌까지의 성적으로 추정
2014,박준표,11070,KIA,-0.4,,3281,역산 추정,248,1,0,0,,1,1,,,,1,,직전 시즌까지의 성적으로 추정
2014,박진만,10323,SK,0.1,,22833,역산 추정,70,2,0,0,,2,2,,,,2,,직전 시즌까지의 성적으로 추정
2014,박한이,10336,삼성,3.4,FA 2014 4년 보장 28.0억,45000,실제 연봉,19,5,0,1,5,5,5,,,,5,계약 하한 대상(변경 없음),시즌 전 확정
2014,박해민,11190,삼성,2.1,,3404,역산 추정,203,1,0,0,,1,1,Y,,,2,풀타임 최소 2코인,직전 시즌까지의 성적으로 추정
2014,박헌도,10410,넥센,0.4,,3210,역산 추정,256,1,0,0,,1,1,,,,1,,직전 시즌까지의 성적으로 추정
2014,박희수,10135,SK,0.9,,10751,역산 추정,105,2,0,0,,2,2,,,,2,,직전 시즌까지의 성적으로 추정
2014,배영수,10362,삼성,2.2,,55000,실제 연봉,12,5,0,1,,5,5,,,,5,,시즌 전 확정
2014,배장호,10281,롯데,0.3,,5753,역산 추정,135,2,0,0,,2,2,,,,2,,직전 시즌까지의 성적으로 추정
2014,배힘찬,10440,넥센,0.0,,3017,역산 추정,280,1,0,0,,1,1,,,,1,,직전 시즌까지의 성적으로 추정
2014,백용환,10003,KIA,-0.8,,3084,역산 추정,273,1,0,0,,1,1,,,,1,,직전 시즌까지의 성적으로 추정
2014,백정현,10363,삼성,0.7,,3153,역산 추정,264,1,0,0,,1,3,,2013,,1,신인 하한 / 신인 하한 종료(병역 면제 — 2011 공백은 연장 안 함),직전 시즌까지의 성적으로 추정
2014,백진우,10473,LG,-0.1,,3098,역산 추정,271,1,0,0,,1,1,,,,1,,직전 시즌까지의 성적으로 추정
2014,백청훈,10136,SK,-0.7,,4824,역산 추정,153,1,0,0,,1,1,,,,1,,직전 시즌까지의 성적으로 추정
2014,변시원,10882,두산,0.3,,3644,역산 추정,194,1,0,0,,1,1,,,,1,,직전 시즌까지의 성적으로 추정
2014,봉중근,10514,LG,2.2,,45000,실제 연봉,19,5,0,1,,5,5,,2011,,5,,시즌 전 확정
2014,서건창,10855,넥센,7.7,,8650,역산 추정,115,2,0,0,,2,2,,,,4,편집 지정 4,직전 시즌까지의 성적으로 추정
2014,서동욱,10486,넥센,-0.3,,3907,역산 추정,183,1,0,0,,1,1,,,,1,,직전 시즌까지의 성적으로 추정
2014,서재응,10053,KIA,0.1,,24500,역산 추정,54,3,-1,0,,2,2,,2012,,2,,직전 시즌까지의 성적으로 추정
2014,손민한,10284,NC,1.1,,15827,역산 추정,91,2,0,0,,2,2,,2001,,2,,직전 시즌까지의 성적으로 추정
2014,손승락,10442,넥센,1.5,,43000,실제 연봉,26,4,0,1,,5,5,,,,5,명성: 2013 골든글러브; 2013 세이브 1위 / 2013 투수 골든글러브 → 5,시즌 전 확정
2014,손시헌,10177,NC,2.5,FA 2014 4년 보장 28.0억,40000,실제 연봉,29,5,0,0,5,5,5,,,,5,계약 하한 대상(변경 없음),시즌 전 확정
2014,손아섭,10261,롯데,6.4,,40000,실제 연봉,29,4,0,1,,5,5,,,,5,,시즌 전 확정
2014,손정욱,11142,NC,0.9,,3414,역산 추정,202,1,0,0,,1,1,Y,,,2,풀타임 최소 2코인,직전 시즌까지의 성적으로 추정
2014,손주인,10325,LG,1.7,,4002,역산 추정,180,1,0,0,,1,1,Y,,,2,풀타임 최소 2코인,직전 시즌까지의 성적으로 추정
2014,송광민,10555,한화,1.6,,4831,역산 추정,152,1,0,0,,1,1,Y,2011,,2,풀타임 최소 2코인,직전 시즌까지의 성적으로 추정
2014,송승준,10285,롯데,1.8,,36000,실제 연봉,37,4,1,1,,5,5,,2011,,5,,시즌 전 확정
2014,송신영,10443,넥센,0.2,FA 2012 3년 보장 13.0억,30000,실제 연봉,42,4,0,0,4,4,4,,,,4,계약 하한 대상(변경 없음),시즌 전 확정
2014,송은범,10137,KIA,-0.2,,30000,실제 연봉,42,3,0,0,,3,3,,2007,,3,,시즌 전 확정
2014,송창식,10598,한화,-0.2,,10610,역산 추정,106,2,0,0,,2,2,,2008,,2,,직전 시즌까지의 성적으로 추정
2014,송창현,11118,한화,-0.0,,4649,역산 추정,160,1,0,0,,1,1,Y,,,2,풀타임 최소 2코인,직전 시즌까지의 성적으로 추정
2014,신동훈,10849,LG,0.1,,3404,역산 추정,203,1,0,0,,1,1,,,,1,,직전 시즌까지의 성적으로 추정
2014,신본기,10840,롯데,-0.0,,3417,역산 추정,201,1,0,0,,1,1,,,,1,,직전 시즌까지의 성적으로 추정
2014,신승현,10138,LG,-0.4,,10937,역산 추정,103,2,-1,0,,1,1,,,,1,,직전 시즌까지의 성적으로 추정
2014,신재웅,10921,LG,1.5,,3603,역산 추정,195,1,0,0,,1,1,Y,,,2,풀타임 최소 2코인,직전 시즌까지의 성적으로 추정
2014,신정락,10516,LG,0.4,,4715,역산 추정,158,1,0,0,,1,4,,2014,,4,신인 하한,직전 시즌까지의 성적으로 추정
2014,신종길,10031,KIA,0.2,,4074,역산 추정,179,1,0,0,,1,1,Y,,,2,풀타임 최소 2코인,직전 시즌까지의 성적으로 추정
2014,신창호,10793,KIA,-0.1,,3157,역산 추정,263,1,0,0,,1,1,,,,1,,직전 시즌까지의 성적으로 추정
2014,신현철,10763,SK,-0.3,,3404,역산 추정,203,1,0,0,,1,1,,,,1,,직전 시즌까지의 성적으로 추정
2014,심동섭,10056,KIA,0.4,,4872,역산 추정,151,1,0,0,,1,3,,2015,,3,신인 하한,직전 시즌까지의 성적으로 추정
2014,심수창,10518,롯데,-0.0,,8585,역산 추정,116,2,0,0,,2,2,,,,2,,직전 시즌까지의 성적으로 추정
2014,심창민,10720,삼성,-0.3,,5821,역산 추정,133,2,0,0,,2,4,,2016,,4,신인 하한,직전 시즌까지의 성적으로 추정
2014,안영명,10600,한화,1.6,,20833,역산 추정,75,2,0,0,,2,2,,2007,,2,,직전 시즌까지의 성적으로 추정
2014,안정광,10100,SK,0.0,,3404,역산 추정,203,1,0,0,,1,1,,,,1,,직전 시즌까지의 성적으로 추정
2014,안지만,10364,삼성,1.6,,41000,실제 연봉,28,4,0,0,,4,4,,,,4,,시즌 전 확정
2014,안치홍,10014,KIA,4.4,,24500,역산 추정,54,3,0,0,,3,3,,2013,,3,,직전 시즌까지의 성적으로 추정
2014,안태영,11132,넥센,0.8,,3317,역산 추정,243,1,0,0,,1,1,,,,1,,직전 시즌까지의 성적으로 추정
2014,양의지,10165,두산,2.9,,18431,역산 추정,83,2,0,0,,2,2,,,,2,,직전 시즌까지의 성적으로 추정
2014,양현종,10058,KIA,5.6,,24500,역산 추정,54,3,0,0,,3,3,,2011,,3,,직전 시즌까지의 성적으로 추정
2014,여건욱,10140,SK,0.7,,3137,역산 추정,266,1,0,0,,1,1,Y,,,2,풀타임 최소 2코인,직전 시즌까지의 성적으로 추정
2014,오재원,10178,두산,2.9,,10411,역산 추정,108,2,0,0,,2,2,,,,2,,직전 시즌까지의 성적으로 추정
2014,오재일,10400,두산,0.3,,2908,역산 추정,287,1,0,0,,1,1,,,,1,,직전 시즌까지의 성적으로 추정
2014,오정복,10340,NC,-0.2,,3265,역산 추정,250,1,0,0,,1,1,,,,1,,직전 시즌까지의 성적으로 추정
2014,오주원,10445,넥센,0.5,,23634,역산 추정,69,2,0,0,,2,2,,,,2,,직전 시즌까지의 성적으로 추정
2014,오지환,10475,LG,3.3,,15166,역산 추정,93,2,1,0,,3,4,,2014,,4,신인 하한,직전 시즌까지의 성적으로 추정
2014,오태곤,10249,롯데,-0.1,,3404,역산 추정,203,1,0,0,,1,1,,,,1,,직전 시즌까지의 성적으로 추정
2014,오현택,10210,두산,1.2,,5121,역산 추정,147,2,0,0,,2,2,,,,2,,직전 시즌까지의 성적으로 추정
2014,용덕한,10166,롯데,0.4,,2660,역산 추정,297,1,0,0,,1,1,,,,1,,직전 시즌까지의 성적으로 추정
2014,우규민,10523,LG,4.5,,24500,역산 추정,54,3,0,0,,3,3,,2008,,3,,직전 시즌까지의 성적으로 추정
2014,우동균,10341,삼성,-0.3,,3667,역산 추정,192,1,0,0,,1,3,,2012,,1,"신인 하한 / 신인 하한 종료(달력 5시즌, 군 복무 외 공백은 연장 안 함)",직전 시즌까지의 성적으로 추정
2014,원종현,11161,NC,1.5,,3404,역산 추정,203,1,0,0,,1,3,,2018,,3,신인 하한,직전 시즌까지의 성적으로 추정
2014,유원상,10604,LG,1.1,,11165,역산 추정,102,2,0,0,,2,2,,2011,,2,,직전 시즌까지의 성적으로 추정
2014,유창식,10678,한화,2.1,,4536,역산 추정,162,1,-1,0,,1,3,,2015,,3,신인 하한,직전 시즌까지의 성적으로 추정
2014,유한준,10627,넥센,2.8,,7607,역산 추정,120,2,0,0,,2,2,,,,2,,직전 시즌까지의 성적으로 추정
2014,유희관,10213,두산,3.9,,5158,역산 추정,144,2,0,0,,2,2,,,,2,,직전 시즌까지의 성적으로 추정
2014,윤규진,10606,한화,1.5,,11933,역산 추정,100,2,0,0,,2,2,,,,2,,직전 시즌까지의 성적으로 추정
2014,윤근영,10607,한화,-0.6,,6095,역산 추정,128,2,-1,0,,1,1,,,,1,,직전 시즌까지의 성적으로 추정
2014,윤길현,10142,SK,1.0,,24500,역산 추정,54,3,0,0,,3,3,,,,3,,직전 시즌까지의 성적으로 추정
2014,윤명준,10885,두산,0.7,,3202,역산 추정,258,1,0,0,,1,1,Y,,,2,풀타임 최소 2코인,직전 시즌까지의 성적으로 추정
2014,윤석민,10644,넥센,-0.6,,3384,역산 추정,242,1,0,0,,1,1,,,,1,,직전 시즌까지의 성적으로 추정
2014,윤성환,10368,삼성,4.7,,45000,실제 연봉,19,5,1,1,,5,5,,2008,,5,,시즌 전 확정
2014,윤요섭,10081,LG,-0.4,,3507,역산 추정,197,1,0,0,,1,1,,,,1,,직전 시즌까지의 성적으로 추정
2014,윤지웅,10657,LG,0.7,,4516,역산 추정,163,1,-1,0,,1,1,Y,,,2,풀타임 최소 2코인,직전 시즌까지의 성적으로 추정
2014,윤희상,10145,SK,0.7,,7298,역산 추정,121,2,0,0,,2,2,,2008,,2,,직전 시즌까지의 성적으로 추정
2014,이대형,10490,KIA,1.6,FA 2014 4년 보장 22.0억,30000,실제 연봉,42,5,0,0,5,5,5,,,,5,계약 하한 대상(변경 없음),시즌 전 확정
2014,이동걸,10778,한화,0.1,,3174,역산 추정,260,1,0,0,,1,1,,,,1,,직전 시즌까지의 성적으로 추정
2014,이동현,10524,LG,1.8,,24500,역산 추정,54,3,0,0,,3,3,,,,3,,직전 시즌까지의 성적으로 추정
2014,이명기,10119,SK,2.0,,3488,역산 추정,198,1,0,0,,1,1,,,,1,,직전 시즌까지의 성적으로 추정
2014,이명우,10290,롯데,0.0,,11869,역산 추정,101,2,0,0,,2,2,,,,2,,직전 시즌까지의 성적으로 추정
2014,이민호,11151,NC,0.9,,4728,역산 추정,157,1,-1,0,,1,3,,2017,,3,신인 하한,직전 시즌까지의 성적으로 추정
2014,이범호,10559,KIA,1.7,,45000,실제 연봉,19,5,0,0,,5,5,,,,5,,시즌 전 확정
2014,이병규,10491,LG,-0.9,,80000,실제 연봉,4,5,0,1,,5,4,,2001,,4,커리어 로우·지정 하향,시즌 전 확정
2014,이병규,10477,LG,4.0,FA 2014 3년 보장 25.5억,85000,FA 연봉 부분,3,5,0,0,5,5,5,,,,5,계약 하한 대상(변경 없음),시즌 전 확정
2014,이상백,10146,SK,0.1,,3404,역산 추정,203,1,0,0,,1,1,,,,1,,직전 시즌까지의 성적으로 추정
2014,이상열,10449,LG,0.1,,24500,역산 추정,54,3,-1,0,,2,2,,,,2,,직전 시즌까지의 성적으로 추정
2014,이상호,11147,NC,-0.2,,3067,역산 추정,274,1,0,0,,1,1,,,,1,,직전 시즌까지의 성적으로 추정
2014,이상화,10831,롯데,-0.2,,3128,역산 추정,267,1,0,0,,1,4,,2013,,4,신인 하한,직전 시즌까지의 성적으로 추정
2014,이성민,11154,NC,0.2,,3293,역산 추정,244,1,0,0,,1,1,,,,1,,직전 시즌까지의 성적으로 추정
2014,이성열,10168,넥센,0.6,,7158,역산 추정,123,2,0,0,,2,2,,,,2,,직전 시즌까지의 성적으로 추정
2014,이성우,10004,KIA,-0.3,,2660,역산 추정,297,1,0,0,,1,1,,,,1,,직전 시즌까지의 성적으로 추정
2014,이수민,11196,삼성,0.3,,3404,역산 추정,203,1,0,0,,1,1,,,,1,,직전 시즌까지의 성적으로 추정
2014,이승엽,10881,삼성,2.5,,80000,실제 연봉,4,5,-1,1,,5,5,,1999,,5,,시즌 전 확정
2014,이시찬,10654,한화,-0.3,,2869,역산 추정,288,1,0,0,,1,1,,,,1,,직전 시즌까지의 성적으로 추정
2014,이양기,10573,한화,-0.1,,2834,역산 추정,293,1,0,0,,1,1,,,,1,,직전 시즌까지의 성적으로 추정
2014,이영욱,10342,삼성,-0.1,,4817,역산 추정,154,1,0,0,,1,1,,,,1,,직전 시즌까지의 성적으로 추정
2014,이용규,10035,한화,-0.0,FA 2014 4년 보장 60.0억,70000,실제 연봉,7,5,0,1,5,5,5,,,,5,계약 하한 대상(변경 없음),시즌 전 확정
2014,이용찬,10217,두산,0.7,,18231,역산 추정,84,2,0,0,,2,2,,2012,,2,,직전 시즌까지의 성적으로 추정
2014,이우민,11398,롯데,0.0,,2660,역산 추정,297,1,0,0,,1,1,,,,1,,직전 시즌까지의 성적으로 추정
2014,이원석,10180,두산,-0.3,,12855,역산 추정,97,2,0,0,,2,2,,2009,,2,,직전 시즌까지의 성적으로 추정
2014,이재영,10529,SK,0.2,,16633,역산 추정,86,2,0,0,,2,2,,,,2,,직전 시즌까지의 성적으로 추정
2014,이재우,10219,두산,0.9,,22769,역산 추정,71,2,0,0,,2,2,,,,2,,직전 시즌까지의 성적으로 추정
2014,이재원,10082,SK,3.3,,4331,역산 추정,169,1,0,0,,1,1,Y,2010,,2,풀타임 최소 2코인,직전 시즌까지의 성적으로 추정
2014,이재학,10220,NC,4.8,,5916,역산 추정,131,2,1,0,,3,3,,,,3,,직전 시즌까지의 성적으로 추정
2014,이정민,10295,롯데,1.1,,5376,역산 추정,142,2,0,0,,2,2,,,,2,,직전 시즌까지의 성적으로 추정
2014,이정훈,10296,넥센,-0.3,FA 2013 2년 보장 5.0억,25000,FA 연봉 부분,52,3,0,0,3,3,3,,,,3,계약 하한 대상(변경 없음),시즌 전 확정
2014,이종욱,10192,NC,0.0,FA 2014 4년 보장 48.0억,50000,실제 연봉,13,5,0,0,5,5,5,,,,5,계약 하한 대상(변경 없음),시즌 전 확정
2014,이종환,10941,KIA,-0.1,,2687,역산 추정,296,1,0,0,,1,1,,,,1,,직전 시즌까지의 성적으로 추정
2014,이지영,10312,삼성,0.7,,3480,역산 추정,199,1,0,0,,1,1,,,,1,,직전 시즌까지의 성적으로 추정
2014,이진영,10492,LG,1.9,FA 2013 4년 보장 34.0억,60000,실제 연봉,11,5,0,0,5,5,4,,,,4,계약 하한 대상(변경 없음)/커리어 로우·지정 하향,시즌 전 확정
2014,이창욱,10785,SK,-0.1,,3404,역산 추정,203,1,0,0,,1,1,,,,1,,직전 시즌까지의 성적으로 추정
2014,이태양,10681,NC,-0.1,,3972,역산 추정,181,1,0,0,,1,1,,,,1,,직전 시즌까지의 성적으로 추정
2014,이태양,10609,한화,2.8,,3103,역산 추정,269,1,0,0,,1,1,Y,,,2,풀타임 최소 2코인,직전 시즌까지의 성적으로 추정
2014,이태원,11160,NC,-1.0,,2929,역산 추정,286,1,0,0,,1,1,,,,1,,직전 시즌까지의 성적으로 추정
2014,이택근,10493,넥센,2.9,FA 2012 4년 보장 50.0억,70000,실제 연봉,7,5,0,1,5,5,5,,2007,,5,계약 하한 대상(변경 없음),시즌 전 확정
2014,이한진,10150,SK,-0.4,,3054,역산 추정,275,1,0,0,,1,1,,,,1,,직전 시즌까지의 성적으로 추정
2014,이현승,10221,두산,0.4,,24500,역산 추정,54,3,0,0,,3,3,,2010,,3,,직전 시즌까지의 성적으로 추정
2014,이혜천,10642,NC,0.3,,16484,역산 추정,88,2,0,0,,2,2,,,,2,,직전 시즌까지의 성적으로 추정
2014,이호준,10101,NC,0.7,FA 2013 3년 보장 20.0억,45000,실제 연봉,19,5,0,0,5,5,5,,,,5,계약 하한 대상(변경 없음),시즌 전 확정
2014,이흥련,11108,삼성,0.2,,3404,역산 추정,203,1,0,0,,1,1,,,,1,,직전 시즌까지의 성적으로 추정
2014,임경완,10298,SK,-0.3,FA 2012 3년 보장 11.0억,36667,FA 연봉 부분,36,4,0,0,4,4,4,,,,4,계약 하한 대상(변경 없음),시즌 전 확정
2014,임기영,10909,한화,-0.2,,3171,역산 추정,262,1,0,0,,1,1,,,,1,,직전 시즌까지의 성적으로 추정
2014,임재철,10193,LG,-0.6,,19695,역산 추정,79,2,0,0,,2,2,,,,2,,직전 시즌까지의 성적으로 추정
2014,임정우,10713,LG,1.5,,4628,역산 추정,161,1,0,0,,1,1,Y,,,2,풀타임 최소 2코인,직전 시즌까지의 성적으로 추정
2014,임준섭,10795,KIA,2.0,,4501,역산 추정,164,1,0,0,,1,1,Y,,,2,풀타임 최소 2코인,직전 시즌까지의 성적으로 추정
2014,임준혁,10068,KIA,0.2,,3842,역산 추정,187,1,0,0,,1,1,,,,1,,직전 시즌까지의 성적으로 추정
2014,임지섭,11211,LG,-0.0,,3404,역산 추정,203,1,0,0,,1,3,,2018,,3,신인 하한,직전 시즌까지의 성적으로 추정
2014,임창민,10452,NC,1.2,,4986,역산 추정,148,2,0,0,,2,2,,,,2,,직전 시즌까지의 성적으로 추정
2014,임창용,11281,삼성,-0.6,,50000,실제 연봉,13,5,0,1,,5,5,,,,5,,시즌 전 확정
2014,임훈,10120,SK,2.3,,4487,역산 추정,165,1,0,0,,1,1,Y,,,2,풀타임 최소 2코인,직전 시즌까지의 성적으로 추정
2014,장민석,10416,두산,-0.6,,8075,역산 추정,118,2,-1,0,,1,1,,,,1,,직전 시즌까지의 성적으로 추정
2014,장민익,10223,두산,0.2,,3015,역산 추정,281,1,0,0,,1,1,,,,1,,직전 시즌까지의 성적으로 추정
2014,장성우,10235,롯데,0.3,,2992,역산 추정,283,1,0,0,,1,1,,2013,,1,,직전 시즌까지의 성적으로 추정
2014,장시환,10453,넥센,-0.1,,2864,역산 추정,289,1,0,0,,1,1,,2011,,1,,직전 시즌까지의 성적으로 추정
2014,장운호,11122,한화,0.1,,3404,역산 추정,203,1,0,0,,1,1,,,,1,,직전 시즌까지의 성적으로 추정
2014,장원삼,10375,삼성,3.2,FA 2014 4년 보장 60.0억,75000,실제 연봉,6,5,0,0,5,5,5,,2010,,5,계약 하한 대상(변경 없음),시즌 전 확정
2014,장원준,10299,롯데,4.6,,32000,실제 연봉,41,3,1,0,,4,4,,2008,,4,,시즌 전 확정
2014,장진용,10750,LG,0.0,,2703,역산 추정,295,1,0,0,,1,1,,,,1,,직전 시즌까지의 성적으로 추정
2014,전유수,10841,SK,1.0,,4396,역산 추정,168,1,-1,0,,1,1,Y,,,2,풀타임 최소 2코인,직전 시즌까지의 성적으로 추정
2014,전준우,10266,롯데,2.0,,12315,역산 추정,99,2,0,0,,2,2,,,,2,,직전 시즌까지의 성적으로 추정
2014,정근우,10103,한화,4.5,FA 2014 4년 보장 63.0억,70000,실제 연봉,7,5,1,1,5,5,5,,2009,,5,계약 하한 대상(변경 없음),시즌 전 확정
2014,정대현,10154,롯데,1.7,FA 2012 4년 보장 36.0억,50000,실제 연봉,13,5,-1,0,5,4,4,,,,4,계약 하한(가격 변경),시즌 전 확정
2014,정대현,10224,두산,-0.4,,2851,역산 추정,292,1,0,0,,1,1,,,,1,,직전 시즌까지의 성적으로 추정
2014,정대훈,10611,한화,-0.6,,3253,역산 추정,251,1,0,0,,1,1,,,,1,,직전 시즌까지의 성적으로 추정
2014,정범모,10772,한화,-0.1,,3280,역산 추정,249,1,0,0,,1,1,,,,1,,직전 시즌까지의 성적으로 추정
2014,정상호,10083,SK,0.8,,5951,역산 추정,130,2,0,0,,2,2,,2005,,2,,직전 시즌까지의 성적으로 추정
2014,정성훈,10479,LG,4.1,FA 2013 4년 보장 34.0억,50000,실제 연봉,13,5,0,0,5,5,4,,,,4,계약 하한 대상(변경 없음)/커리어 로우·지정 하향,시즌 전 확정
2014,정수빈,10195,두산,3.4,,7732,역산 추정,119,2,0,0,,2,2,,,,2,,직전 시즌까지의 성적으로 추정
2014,정의윤,10655,LG,-0.4,,4746,역산 추정,156,1,0,0,,1,1,,2009,,1,,직전 시즌까지의 성적으로 추정
2014,정재훈,10225,두산,0.5,FA 2012 4년 보장 28.0억,35000,실제 연봉,38,5,-1,0,5,4,4,,,,4,계약 하한(가격 변경),시즌 전 확정
2014,정찬헌,10533,LG,1.4,,5447,역산 추정,138,2,0,0,,2,2,,,,2,,직전 시즌까지의 성적으로 추정
2014,정현석,10576,한화,-0.6,,4303,역산 추정,172,1,0,0,,1,1,,,,1,,직전 시즌까지의 성적으로 추정
2014,정현욱,10377,LG,0.3,FA 2013 4년 보장 28.6억,40000,실제 연봉,29,5,0,0,5,5,4,,,,4,계약 하한 대상(변경 없음)/커리어 로우·지정 하향,시즌 전 확정
2014,정형식,10343,삼성,-0.9,,5760,역산 추정,134,2,0,0,,2,2,,,,2,,직전 시즌까지의 성적으로 추정
2014,정훈,10253,롯데,3.4,,4119,역산 추정,177,1,0,0,,1,1,Y,,,2,풀타임 최소 2코인,직전 시즌까지의 성적으로 추정
2014,조동찬,10329,삼성,-0.2,,20714,역산 추정,76,2,0,0,,2,2,,,,2,,직전 시즌까지의 성적으로 추정
2014,조동화,10121,SK,-0.4,,10332,역산 추정,109,2,0,0,,2,2,,,,2,,직전 시즌까지의 성적으로 추정
2014,조상우,11126,넥센,2.8,,3249,역산 추정,252,1,0,0,,1,3,,2017,,3,신인 하한,직전 시즌까지의 성적으로 추정
2014,조쉬벨,11216,LG,0.5,,3404,역산 추정,203,1,0,0,,1,1,,,,1,,직전 시즌까지의 성적으로 추정
2014,조영훈,10330,NC,0.3,,4477,역산 추정,166,1,0,0,,1,1,,,,1,,직전 시즌까지의 성적으로 추정
2014,조이현,11284,한화,-0.3,,3404,역산 추정,203,1,0,0,,1,1,,,,1,,직전 시즌까지의 성적으로 추정
2014,조인성,10463,SK,0.6,FA 2012 3년 보장 19.0억,40000,실제 연봉,29,5,0,0,5,5,5,,2002,,5,계약 하한 대상(변경 없음),시즌 전 확정
2014,조인성,10463,한화,0.6,FA 2012 3년 보장 19.0억,40000,실제 연봉,29,5,0,0,5,5,5,,2002,,5,계약 하한 대상(변경 없음),시즌 전 확정
2014,조정원,11121,한화,-0.9,,3185,역산 추정,259,1,0,0,,1,1,,,,1,,직전 시즌까지의 성적으로 추정
2014,조현근,10380,삼성,0.2,,5654,역산 추정,136,2,0,0,,2,2,,,,2,,직전 시즌까지의 성적으로 추정
2014,지석훈,10683,NC,1.4,,3205,역산 추정,257,1,-1,0,,1,1,,,,1,,직전 시즌까지의 성적으로 추정
2014,진해수,10075,SK,-0.3,,5421,역산 추정,140,2,-1,0,,1,1,Y,,,2,풀타임 최소 2코인,직전 시즌까지의 성적으로 추정
2014,차우찬,10381,삼성,0.4,,20323,역산 추정,77,2,0,0,,2,2,,2010,,2,,직전 시즌까지의 성적으로 추정
2014,차일목,10005,KIA,-0.3,,5852,역산 추정,132,2,0,0,,2,2,,,,2,,직전 시즌까지의 성적으로 추정
2014,채병용,10161,SK,1.7,,19588,역산 추정,80,2,0,1,,3,3,,,,3,,직전 시즌까지의 성적으로 추정
2014,채은성,11215,LG,0.1,,3404,역산 추정,203,1,0,0,,1,1,,,,1,,직전 시즌까지의 성적으로 추정
2014,채태인,10331,삼성,2.1,,13095,역산 추정,96,2,0,0,,2,2,,2011,,2,,직전 시즌까지의 성적으로 추정
2014,최경철,10085,LG,0.1,,2660,역산 추정,297,1,0,0,,1,1,Y,,,2,풀타임 최소 2코인,직전 시즌까지의 성적으로 추정
2014,최금강,11174,NC,0.0,,3240,역산 추정,253,1,0,0,,1,1,,,,1,,직전 시즌까지의 성적으로 추정
2014,최대성,10302,롯데,1.4,,4816,역산 추정,155,1,0,0,,1,1,,,,1,,직전 시즌까지의 성적으로 추정
2014,최설우,11276,한화,-0.3,,3404,역산 추정,203,1,0,0,,1,1,Y,,,2,풀타임 최소 2코인,직전 시즌까지의 성적으로 추정
2014,최승준,11092,LG,0.4,,3404,역산 추정,203,1,0,0,,1,1,,,,1,,직전 시즌까지의 성적으로 추정
2014,최영필,10617,KIA,1.1,,2660,역산 추정,297,1,0,0,,1,1,,,,1,,직전 시즌까지의 성적으로 추정
2014,최재훈,10170,두산,-0.2,,3470,역산 추정,200,1,0,0,,1,1,,,,1,,직전 시즌까지의 성적으로 추정
2014,최정,10106,SK,2.8,,70000,실제 연봉,7,5,1,1,,5,5,,2009,,5,,시즌 전 확정
2014,최주환,10182,두산,0.4,,3956,역산 추정,182,1,0,0,,1,1,,,,1,,직전 시즌까지의 성적으로 추정
2014,최준석,10183,롯데,2.5,FA 2014 4년 보장 31.0억,40000,실제 연봉,29,5,0,0,5,5,5,,,,5,계약 하한 대상(변경 없음),시즌 전 확정
2014,최진행,10578,한화,-0.7,,16437,역산 추정,89,2,0,0,,2,2,,2008,,2,,직전 시즌까지의 성적으로 추정
2014,최현정,10732,KIA,-0.2,,3404,역산 추정,203,1,0,0,,1,1,,,,1,,직전 시즌까지의 성적으로 추정
2014,최형우,10344,삼성,6.6,,45000,실제 연봉,19,5,0,1,,5,5,,,,5,,시즌 전 확정
2014,하영민,11222,넥센,0.2,,3404,역산 추정,203,1,0,0,,1,1,,,,1,,직전 시즌까지의 성적으로 추정
2014,한상훈,10663,한화,1.2,FA 2014 4년 보장 11.0억,27500,FA 연봉 부분,48,3,0,0,3,3,3,,,,3,계약 하한 대상(변경 없음),시즌 전 확정
2014,한승혁,10812,KIA,0.1,,3224,역산 추정,255,1,0,0,,1,3,,2016,,3,신인 하한,직전 시즌까지의 성적으로 추정
2014,한유섬,10815,SK,0.0,,4117,역산 추정,178,1,0,0,,1,1,,,,1,,직전 시즌까지의 성적으로 추정
2014,한현희,10863,넥센,3.1,,7282,역산 추정,122,2,0,0,,2,2,,,,2,,직전 시즌까지의 성적으로 추정
2014,함덕주,11094,두산,0.4,,3404,역산 추정,203,1,0,0,,1,1,,,,1,,직전 시즌까지의 성적으로 추정
2014,허건엽,10792,SK,0.2,,3404,역산 추정,203,1,0,0,,1,1,,,,1,,직전 시즌까지의 성적으로 추정
2014,허경민,10184,두산,0.7,,3678,역산 추정,190,1,0,0,,1,3,,2016,,3,신인 하한,직전 시즌까지의 성적으로 추정
2014,허도환,10684,넥센,-0.3,,3852,역산 추정,185,1,0,0,,1,1,,,,1,,직전 시즌까지의 성적으로 추정
2014,허준,10393,NC,-0.2,,2660,역산 추정,297,1,0,0,,1,1,,,,1,,직전 시즌까지의 성적으로 추정
2014,허준혁,10305,두산,-0.3,,4698,역산 추정,159,1,0,0,,1,1,,,,1,,직전 시즌까지의 성적으로 추정
2014,홍상삼,10230,두산,-0.2,,12714,역산 추정,98,2,0,0,,2,2,,,,2,,직전 시즌까지의 성적으로 추정
2014,홍성민,10814,롯데,0.7,,5507,역산 추정,137,2,0,0,,2,2,,,,2,,직전 시즌까지의 성적으로 추정
2014,홍성용,11253,NC,0.3,,3404,역산 추정,203,1,0,0,,1,1,,,,1,,직전 시즌까지의 성적으로 추정
2014,홍성흔,10256,두산,3.1,FA 2013 4년 보장 31.0억,40000,실제 연봉,29,5,0,1,5,5,5,,,,5,계약 하한 대상(변경 없음),시즌 전 확정
2014,황목치승,11290,LG,-0.2,,3404,역산 추정,203,1,0,0,,1,1,,,,1,,직전 시즌까지의 성적으로 추정
2014,황재규,10621,한화,-0.6,,4876,역산 추정,150,2,0,0,,2,2,,,,2,,직전 시즌까지의 성적으로 추정
2014,황재균,10407,롯데,2.8,,18831,역산 추정,82,2,0,0,,2,2,,,,2,,직전 시즌까지의 성적으로 추정
2015,강경학,10676,한화,0.8,,3514,역산 추정,292,1,0,0,,1,1,Y,,,2,풀타임 최소 2코인,직전 시즌까지의 성적으로 추정
2015,강민호,10232,롯데,6.4,FA 2014 4년 보장 75.0억,100000,실제 연봉,3,5,0,1,5,5,5,,,2014 인천 AG,5,계약 하한 대상(변경 없음),시즌 전 확정
2015,강영식,10269,롯데,0.3,FA 2014 4년 보장 16.0억,40000,FA 연봉 부분,42,4,0,0,4,4,4,,,,4,계약 하한 대상(변경 없음),시즌 전 확정
2015,강장산,11279,NC,0.0,,3713,역산 추정,196,1,0,0,,1,1,,,,1,,직전 시즌까지의 성적으로 추정
2015,강한울,11255,KIA,-1.6,,3489,역산 추정,298,1,0,0,,1,1,,,,1,,직전 시즌까지의 성적으로 추정
2015,고동진,10666,한화,-0.7,,5346,역산 추정,160,1,0,0,,1,1,,,,1,,직전 시즌까지의 성적으로 추정
2015,고영민,10171,두산,0.3,,24169,역산 추정,78,2,0,0,,2,2,,,,2,,직전 시즌까지의 성적으로 추정
2015,고영표,11308,KT,0.4,,3713,역산 추정,196,1,0,0,,1,1,,,,1,,직전 시즌까지의 성적으로 추정
2015,고장혁,11073,KIA,0.1,,3713,역산 추정,196,1,0,0,,1,1,,,,1,,직전 시즌까지의 성적으로 추정
2015,고종욱,10659,넥센,1.6,,3312,역산 추정,313,1,0,0,,1,1,Y,,,2,풀타임 최소 2코인,직전 시즌까지의 성적으로 추정
2015,고창성,10196,NC,0.2,,15288,역산 추정,100,2,0,0,,2,2,,,,2,,직전 시즌까지의 성적으로 추정
2015,고효준,10124,SK,0.1,,7604,역산 추정,128,2,0,0,,2,2,,2008,,2,,직전 시즌까지의 성적으로 추정
2015,구승민,11291,롯데,-0.3,,3713,역산 추정,196,1,0,0,,1,1,,,,1,,직전 시즌까지의 성적으로 추정
2015,구자욱,10892,삼성,3.9,,3713,역산 추정,196,1,0,0,,1,1,Y,,,2,풀타임 최소 2코인,직전 시즌까지의 성적으로 추정
2015,권오준,10350,삼성,-0.3,,19568,역산 추정,87,2,0,0,,2,2,,,,2,,직전 시즌까지의 성적으로 추정
2015,권용관,10465,한화,-1.1,,2901,역산 추정,353,1,0,0,,1,1,,,,1,,직전 시즌까지의 성적으로 추정
2015,권혁,10351,한화,0.9,FA 2015 4년 보장 28.0억,45000,실제 연봉,35,5,0,0,5,5,4,,2007,,4,계약 하한 대상(변경 없음)/커리어 로우·지정 하향,시즌 전 확정
2015,금민철,10425,넥센,0.7,,16216,역산 추정,97,2,0,0,,2,2,,,,2,,직전 시즌까지의 성적으로 추정
2015,김강률,10690,두산,0.1,,3643,역산 추정,276,1,0,0,,1,1,,,,1,,직전 시즌까지의 성적으로 추정
2015,김강민,10108,SK,0.4,FA 2015 4년 보장 52.0억,60000,실제 연봉,18,5,0,0,5,5,5,,2009,,5,계약 하한 대상(변경 없음),시즌 전 확정
2015,김건태,10432,넥센,-0.1,,3092,역산 추정,344,1,0,0,,1,1,,,,1,,직전 시즌까지의 성적으로 추정
2015,김건한,10045,삼성,0.1,,5021,역산 추정,166,1,0,0,,1,1,,,,1,,직전 시즌까지의 성적으로 추정
2015,김경언,10028,한화,3.5,FA 2015 3년 보장 8.5억,28333,FA 연봉 부분,72,3,0,0,3,3,3,,,,3,계약 하한 대상(변경 없음),시즌 전 확정
2015,김광삼,10501,LG,0.0,,8271,역산 추정,124,2,-1,0,,1,1,,,,1,,직전 시즌까지의 성적으로 추정
2015,김광수,10502,KIA,0.4,,7227,역산 추정,132,2,-1,0,,1,1,,,,1,,직전 시즌까지의 성적으로 추정
2015,김광현,10126,SK,4.5,,60000,실제 연봉,18,5,1,1,,5,5,,2011,2014 인천 AG,5,,시즌 전 확정
2015,김기태,10718,삼성,-0.1,,2977,역산 추정,349,1,0,0,,1,1,,,,1,,직전 시즌까지의 성적으로 추정
2015,김기표,10503,KT,-0.1,,4503,역산 추정,174,1,0,0,,1,3,,2011,,1,"신인 하한 / 신인 하한 종료(달력 5시즌, 군 복무 외 공백은 연장 안 함)",직전 시즌까지의 성적으로 추정
2015,김기현,11267,한화,0.7,,3420,역산 추정,301,1,0,0,,1,1,Y,,,2,풀타임 최소 2코인,직전 시즌까지의 성적으로 추정
2015,김다원,10626,KIA,-0.4,,2901,역산 추정,353,1,0,0,,1,1,,,,1,,직전 시즌까지의 성적으로 추정
2015,김대륙,11390,롯데,0.2,,3713,역산 추정,196,1,0,0,,1,1,,,,1,,직전 시즌까지의 성적으로 추정
2015,김대우,10685,넥센,0.3,,4238,역산 추정,180,1,0,0,,1,1,,,,1,,직전 시즌까지의 성적으로 추정
2015,김동욱,10309,KT,-0.0,,3713,역산 추정,196,1,0,0,,1,1,,,,1,,직전 시즌까지의 성적으로 추정
2015,김동은,11331,KT,0.2,,3713,역산 추정,196,1,0,0,,1,1,,,,1,,직전 시즌까지의 성적으로 추정
2015,김명성,10680,두산,-0.3,,3267,역산 추정,320,1,0,0,,1,1,,,,1,,직전 시즌까지의 성적으로 추정
2015,김문호,10648,롯데,1.0,,2901,역산 추정,353,1,0,0,,1,1,,2011,,1,,직전 시즌까지의 성적으로 추정
2015,김민성,10238,넥센,2.4,,13947,역산 추정,104,2,0,0,,2,2,,2013,2014 인천 AG,3,국가대표 +1,직전 시즌까지의 성적으로 추정
2015,김민수,11317,KT,0.1,,3713,역산 추정,196,1,0,0,,1,1,,,,1,,직전 시즌까지의 성적으로 추정
2015,김민우,10397,KIA,0.9,,3505,역산 추정,293,1,0,0,,1,1,,2006,,1,,직전 시즌까지의 성적으로 추정
2015,김민우,11410,한화,0.9,,3713,역산 추정,196,1,0,0,,1,1,,,,1,,직전 시즌까지의 성적으로 추정
2015,김민하,10777,롯데,0.1,,3623,역산 추정,278,1,0,0,,1,1,,,,1,,직전 시즌까지의 성적으로 추정
2015,김민혁,11339,KT,-0.5,,3713,역산 추정,196,1,0,0,,1,1,,,,1,,직전 시즌까지의 성적으로 추정
2015,김범수,11411,한화,0.1,,3713,역산 추정,196,1,0,0,,1,1,,,,1,,직전 시즌까지의 성적으로 추정
2015,김병현,10843,KIA,-0.1,,25414,역산 추정,75,2,0,0,,2,4,,2016,,4,신인 하한,직전 시즌까지의 성적으로 추정
2015,김사율,10272,KT,-0.6,FA 2015 4년 보장 12.5억,41667,FA 연봉 부분,40,4,0,0,4,4,4,,,,4,계약 하한 대상(변경 없음),시즌 전 확정
2015,김상수,10427,넥센,-0.2,,3172,역산 추정,336,1,0,0,,1,1,,2012,,1,,직전 시즌까지의 성적으로 추정
2015,김상수,10320,삼성,2.7,,28449,역산 추정,71,2,0,0,,2,2,,2013,2014 인천 AG,3,국가대표 +1,직전 시즌까지의 성적으로 추정
2015,김상현,10007,KT,0.6,,13965,역산 추정,103,2,0,0,,2,2,,,,2,,직전 시즌까지의 성적으로 추정
2015,김선규,10128,LG,0.3,,4890,역산 추정,167,1,0,0,,1,1,,,,1,,직전 시즌까지의 성적으로 추정
2015,김성배,10201,롯데,-0.4,,12912,역산 추정,110,2,-1,0,,1,1,,,,1,,직전 시즌까지의 성적으로 추정
2015,김성욱,11153,NC,0.8,,3713,역산 추정,196,1,0,0,,1,1,,,,1,,직전 시즌까지의 성적으로 추정
2015,김성현,10636,SK,1.1,,5562,역산 추정,155,1,0,0,,1,1,Y,,,2,풀타임 최소 2코인,직전 시즌까지의 성적으로 추정
2015,김세현,10431,넥센,1.4,,5546,역산 추정,156,1,0,0,,1,1,Y,2011,,2,풀타임 최소 2코인,직전 시즌까지의 성적으로 추정
2015,김수완,10647,두산,-0.2,,3744,역산 추정,193,1,0,0,,1,1,,,,1,,직전 시즌까지의 성적으로 추정
2015,김승회,10202,롯데,0.6,,14762,역산 추정,101,2,0,0,,2,2,,,,2,,직전 시즌까지의 성적으로 추정
2015,김연훈,10089,SK,-0.1,,2901,역산 추정,353,1,0,0,,1,1,,,,1,,직전 시즌까지의 성적으로 추정
2015,김영환,11332,KT,0.0,,3713,역산 추정,196,1,0,0,,1,1,,,,1,,직전 시즌까지의 성적으로 추정
2015,김용의,10466,LG,-0.7,,4138,역산 추정,182,1,0,0,,1,1,,,,1,,직전 시즌까지의 성적으로 추정
2015,김용주,10585,한화,0.4,,3399,역산 추정,302,1,0,0,,1,1,,,,1,,직전 시즌까지의 성적으로 추정
2015,김원섭,10029,KIA,1.5,FA 2013 3년 보장 14.0억,46667,FA 연봉 부분,34,4,0,1,4,5,5,,,,5,계약 하한 대상(변경 없음),시즌 전 확정
2015,김원중,10825,롯데,-0.1,,3713,역산 추정,196,1,0,0,,1,1,,,,1,,직전 시즌까지의 성적으로 추정
2015,김재윤,11489,KT,0.6,,3713,역산 추정,196,1,0,0,,1,1,,,,1,,직전 시즌까지의 성적으로 추정
2015,김재현,10870,넥센,0.0,,3713,역산 추정,196,1,0,0,,1,1,,,,1,,직전 시즌까지의 성적으로 추정
2015,김재현,11289,삼성,-0.4,,3713,역산 추정,196,1,0,0,,1,1,,,,1,,직전 시즌까지의 성적으로 추정
2015,김재호,10174,두산,3.5,,5705,역산 추정,152,1,0,0,,1,1,Y,2009,,2,풀타임 최소 2코인,직전 시즌까지의 성적으로 추정
2015,김재환,10643,두산,0.5,,3204,역산 추정,330,1,0,0,,1,1,,2015,,1,,직전 시즌까지의 성적으로 추정
2015,김종민,11327,KT,-0.4,,3713,역산 추정,196,1,0,0,,1,1,,,,1,,직전 시즌까지의 성적으로 추정
2015,김종호,10333,NC,1.9,,6685,역산 추정,141,2,-1,0,,1,1,Y,,,2,풀타임 최소 2코인,직전 시즌까지의 성적으로 추정
2015,김주찬,10239,KIA,2.7,FA 2013 4년 보장 50.0억,50000,실제 연봉,26,5,0,0,5,5,5,,,,5,계약 하한 대상(변경 없음),시즌 전 확정
2015,김주현,11285,롯데,-0.2,,3713,역산 추정,196,1,0,0,,1,1,,,,1,,직전 시즌까지의 성적으로 추정
2015,김주형,10650,KIA,-0.3,,2901,역산 추정,353,1,0,0,,1,1,,,,1,,직전 시즌까지의 성적으로 추정
2015,김준완,11182,NC,0.2,,3713,역산 추정,196,1,0,0,,1,1,,,,1,,직전 시즌까지의 성적으로 추정
2015,김준태,10835,롯데,-0.3,,3713,역산 추정,196,1,0,0,,1,1,,,,1,,직전 시즌까지의 성적으로 추정
2015,김지수,10399,넥센,-0.7,,3464,역산 추정,300,1,0,0,,1,1,,,,1,,직전 시즌까지의 성적으로 추정
2015,김지열,10551,KT,-0.8,,3713,역산 추정,196,1,0,0,,1,1,,,,1,,직전 시즌까지의 성적으로 추정
2015,김지용,10747,LG,0.6,,3149,역산 추정,337,1,0,0,,1,1,,,,1,,직전 시즌까지의 성적으로 추정
2015,김진곤,11341,KT,-0.7,,3713,역산 추정,196,1,0,0,,1,1,,,,1,,직전 시즌까지의 성적으로 추정
2015,김진성,11166,NC,0.7,,5142,역산 추정,163,1,0,0,,1,1,Y,,,2,풀타임 최소 2코인,직전 시즌까지의 성적으로 추정
2015,김진우,10695,KIA,0.4,,31406,역산 추정,65,2,0,1,,3,3,,2006,,3,,직전 시즌까지의 성적으로 추정
2015,김태군,10459,NC,1.0,,3733,역산 추정,195,1,-1,0,,1,1,Y,,,2,풀타임 최소 2코인,직전 시즌까지의 성적으로 추정
2015,김태균,10552,한화,4.8,,150000,실제 연봉,1,5,0,1,,5,5,,2005,,5,,시즌 전 확정
2015,김태영,10198,KIA,0.2,,12617,역산 추정,112,2,0,0,,2,2,,,,2,,직전 시즌까지의 성적으로 추정
2015,김태완,10553,한화,-0.1,,13371,역산 추정,108,2,0,0,,2,2,,,,2,,직전 시즌까지의 성적으로 추정
2015,김태훈,10871,넥센,0.1,,3574,역산 추정,285,1,0,0,,1,1,,,,1,,직전 시즌까지의 성적으로 추정
2015,김태훈,11336,KT,-0.4,,3713,역산 추정,196,1,0,0,,1,1,,,,1,,직전 시즌까지의 성적으로 추정
2015,김택형,11373,넥센,-0.6,,3713,역산 추정,196,1,0,0,,1,1,,,,1,,직전 시즌까지의 성적으로 추정
2015,김하성,11224,넥센,5.0,,3597,역산 추정,283,1,0,0,,1,1,Y,,,2,풀타임 최소 2코인,직전 시즌까지의 성적으로 추정
2015,김현수,10187,두산,6.4,,75000,실제 연봉,11,5,0,1,,5,5,,,2014 인천 AG,5,,시즌 전 확정
2015,김현우,10358,삼성,0.0,,3750,역산 추정,192,1,0,0,,1,1,,,,1,,직전 시즌까지의 성적으로 추정
2015,김호령,11298,KIA,-0.0,,3713,역산 추정,196,1,0,0,,1,1,,,,1,,직전 시즌까지의 성적으로 추정
2015,김회성,10554,한화,0.8,,2914,역산 추정,352,1,0,0,,1,1,,,,1,,직전 시즌까지의 성적으로 추정
2015,나성범,11162,NC,4.9,,10927,역산 추정,114,2,1,1,,4,4,,2017,2014 인천 AG,4,국가대표 +1 / 명성: 2014 골든글러브 / 국가대표 +1은 4코인까지,직전 시즌까지의 성적으로 추정
2015,나성용,10662,LG,-0.1,,3281,역산 추정,316,1,0,0,,1,1,,,,1,,직전 시즌까지의 성적으로 추정
2015,나주환,10092,SK,0.1,FA 2015 2년 보장 5.5억,55000,FA 연봉 부분,22,4,-1,0,4,3,4,,,,4,계약 하한(가격 변경),시즌 전 확정
2015,나지완,10030,KIA,0.0,,32340,역산 추정,58,3,0,0,,3,3,,,2014 인천 AG,4,국가대표 +1,직전 시즌까지의 성적으로 추정
2015,남경호,11381,두산,0.0,,3713,역산 추정,196,1,0,0,,1,1,,,,1,,직전 시즌까지의 성적으로 추정
2015,노건우,11144,NC,-0.4,,3598,역산 추정,282,1,0,0,,1,3,,2017,,3,신인 하한,직전 시즌까지의 성적으로 추정
2015,노경은,10203,두산,0.1,,30899,역산 추정,68,2,-1,0,,1,1,,2007,,1,,직전 시즌까지의 성적으로 추정
2015,노진혁,11165,NC,-0.7,,3944,역산 추정,187,1,-1,0,,1,1,,,,1,,직전 시즌까지의 성적으로 추정
2015,류제국,11090,LG,2.2,,7103,역산 추정,134,2,0,0,,2,4,,2017,,4,신인 하한,직전 시즌까지의 성적으로 추정
2015,마정길,10436,넥센,0.5,,21547,역산 추정,81,2,0,0,,2,2,,,,2,,직전 시즌까지의 성적으로 추정
2015,모창민,10093,NC,0.4,,5846,역산 추정,150,2,-1,0,,1,1,,,,1,,직전 시즌까지의 성적으로 추정
2015,문경찬,11299,KIA,-0.5,,3713,역산 추정,196,1,0,0,,1,1,,,,1,,직전 시즌까지의 성적으로 추정
2015,문광은,10130,SK,-1.0,,3269,역산 추정,319,1,0,0,,1,3,,2014,,2,"신인 하한 / 신인 하한 종료(달력 5시즌, 군 복무 외 공백은 연장 안 함)",직전 시즌까지의 성적으로 추정
2015,문규현,10240,롯데,-0.2,,3548,역산 추정,289,1,0,0,,1,1,,,,1,,직전 시즌까지의 성적으로 추정
2015,문상철,11333,KT,-0.5,,3713,역산 추정,196,1,0,0,,1,1,,,,1,,직전 시즌까지의 성적으로 추정
2015,문선재,10468,LG,-0.6,,3546,역산 추정,290,1,0,0,,1,1,,,,1,,직전 시즌까지의 성적으로 추정
2015,문성현,10437,넥센,0.3,,9500,역산 추정,119,2,0,0,,2,2,,,,2,,직전 시즌까지의 성적으로 추정
2015,문우람,10860,넥센,0.1,,5233,역산 추정,161,1,0,0,,1,1,,,,1,,직전 시즌까지의 성적으로 추정
2015,민병헌,10188,두산,2.7,,10718,역산 추정,116,2,0,0,,2,2,,2010,2014 인천 AG,3,국가대표 +1,직전 시즌까지의 성적으로 추정
2015,민태호,10434,NC,0.1,,3216,역산 추정,326,1,0,0,,1,1,,,,1,,직전 시즌까지의 성적으로 추정
2015,박건우,10189,두산,1.9,,3241,역산 추정,321,1,0,0,,1,1,,,,1,,직전 시즌까지의 성적으로 추정
2015,박경수,10469,KT,5.3,FA 2015 4년 보장 16.2억,40500,FA 연봉 부분,41,4,0,0,4,4,4,,2007,,4,계약 하한 대상(변경 없음),시즌 전 확정
2015,박계현,10803,SK,-0.9,,3790,역산 추정,190,1,0,0,,1,1,,,,1,,직전 시즌까지의 성적으로 추정
2015,박근홍,11112,삼성,1.1,,4623,역산 추정,172,1,0,0,,1,1,Y,,,2,풀타임 최소 2코인,직전 시즌까지의 성적으로 추정
2015,박기남,10011,KIA,0.4,,3490,역산 추정,296,1,0,0,,1,1,,,,1,,직전 시즌까지의 성적으로 추정
2015,박기혁,10241,KT,1.0,FA 2015 4년 보장 10.200000000000001억,34000,FA 연봉 부분,55,3,0,0,3,3,3,,,,3,계약 하한 대상(변경 없음),시즌 전 확정
2015,박동원,10387,넥센,2.2,,3339,역산 추정,310,1,0,0,,1,1,Y,,,2,풀타임 최소 2코인,직전 시즌까지의 성적으로 추정
2015,박명환,10510,NC,0.5,,18031,역산 추정,92,2,0,0,,2,2,,,,2,,직전 시즌까지의 성적으로 추정
2015,박민우,11137,NC,5.0,,5400,역산 추정,159,1,0,0,,1,1,Y,,,3,풀타임 최소 2코인 / 편집 지정 3,직전 시즌까지의 성적으로 추정
2015,박민호,11236,SK,0.1,,3604,역산 추정,280,1,0,0,,1,1,,,,1,,직전 시즌까지의 성적으로 추정
2015,박병호,10470,넥센,8.2,,70000,실제 연봉,14,5,1,1,,5,5,,2009,2014 인천 AG,5,,시즌 전 확정
2015,박석민,10322,삼성,6.7,,47000,실제 연봉,33,4,0,1,,5,5,,,,5,,시즌 전 확정
2015,박성호,10595,한화,0.1,,3051,역산 추정,346,1,0,0,,1,1,,,,1,,직전 시즌까지의 성적으로 추정
2015,박세웅,11310,KT,1.3,,3713,역산 추정,196,1,0,0,,1,1,,,,1,,직전 시즌까지의 성적으로 추정
2015,박세웅,11310,롯데,1.3,,3713,역산 추정,196,1,0,0,,1,1,Y,,,2,풀타임 최소 2코인,직전 시즌까지의 성적으로 추정
2015,박용근,10471,KT,-0.1,,3183,역산 추정,334,1,0,0,,1,1,,,,1,,직전 시즌까지의 성적으로 추정
2015,박용택,10485,LG,2.2,FA 2015 4년 보장 50.0억,80000,실제 연봉,8,5,0,1,5,5,5,,2006,,5,계약 하한 대상(변경 없음),시즌 전 확정
2015,박재상,10112,SK,0.4,,19590,역산 추정,86,2,0,0,,2,2,,,,2,,직전 시즌까지의 성적으로 추정
2015,박정권,10096,SK,2.0,,40000,실제 연봉,42,3,0,0,,3,3,,,,3,,시즌 전 확정
2015,박정배,10206,SK,0.4,,4167,역산 추정,181,1,0,0,,1,1,,,,1,,직전 시즌까지의 성적으로 추정
2015,박정수,11300,KIA,0.2,,3713,역산 추정,196,1,0,0,,1,1,,,,1,,직전 시즌까지의 성적으로 추정
2015,박정진,10596,한화,1.9,FA 2014 2년 보장 7.0억,35000,FA 연봉 부분,52,3,-1,0,3,2,3,,,,3,계약 하한(가격 변경),시즌 전 확정
2015,박종윤,10243,롯데,-1.3,,4469,역산 추정,175,1,0,0,,1,1,,,,1,,직전 시즌까지의 성적으로 추정
2015,박종훈,10131,SK,1.6,,3174,역산 추정,335,1,0,0,,1,1,Y,,,2,풀타임 최소 2코인,직전 시즌까지의 성적으로 추정
2015,박준태,11260,KIA,-0.0,,3679,역산 추정,274,1,0,0,,1,1,,,,1,,직전 시즌까지의 성적으로 추정
2015,박준표,11070,KIA,0.2,,3330,역산 추정,311,1,0,0,,1,1,,,,1,,직전 시즌까지의 성적으로 추정
2015,박지규,11346,LG,-0.9,,3713,역산 추정,196,1,0,0,,1,1,,,,1,,직전 시즌까지의 성적으로 추정
2015,박진만,10323,SK,0.4,,16804,역산 추정,95,2,0,0,,2,2,,,,2,,직전 시즌까지의 성적으로 추정
2015,박진우,11358,NC,0.1,,3713,역산 추정,196,1,0,0,,1,1,,,,1,,직전 시즌까지의 성적으로 추정
2015,박찬도,10930,삼성,-0.2,,3713,역산 추정,196,1,0,0,,1,1,,,,1,,직전 시즌까지의 성적으로 추정
2015,박찬호,11261,KIA,-1.2,,3713,역산 추정,196,1,0,0,,1,1,,,,1,,직전 시즌까지의 성적으로 추정
2015,박한길,11503,한화,0.0,,3713,역산 추정,196,1,0,0,,1,1,,,,1,,직전 시즌까지의 성적으로 추정
2015,박한이,10336,삼성,1.7,FA 2014 4년 보장 28.0억,45000,실제 연봉,35,5,0,1,5,5,5,,,,5,계약 하한 대상(변경 없음),시즌 전 확정
2015,박해민,11190,삼성,2.7,,5143,역산 추정,162,1,0,0,,1,1,Y,,,2,풀타임 최소 2코인,직전 시즌까지의 성적으로 추정
2015,박헌도,10410,넥센,0.9,,3469,역산 추정,299,1,0,0,,1,1,,,,1,,직전 시즌까지의 성적으로 추정
2015,박희수,10135,SK,0.2,,13311,역산 추정,109,2,0,0,,2,2,,,,2,,직전 시즌까지의 성적으로 추정
2015,배영수,10362,한화,-0.2,FA 2015 3년 보장 21.5억,55000,실제 연봉,22,5,0,0,5,5,5,,,,5,계약 하한 대상(변경 없음),시즌 전 확정
2015,배우열,10512,KT,0.1,,3097,역산 추정,343,1,0,0,,1,1,,,,1,,직전 시즌까지의 성적으로 추정
2015,배장호,10281,롯데,0.3,,6145,역산 추정,144,2,0,0,,2,2,,,,2,,직전 시즌까지의 성적으로 추정
2015,배정대,11212,KT,-0.9,,3713,역산 추정,196,1,0,0,,1,1,,,,1,,직전 시즌까지의 성적으로 추정
2015,배힘찬,10440,넥센,-0.1,,3008,역산 추정,348,1,0,0,,1,1,,,,1,,직전 시즌까지의 성적으로 추정
2015,백상원,10324,삼성,-0.2,,3713,역산 추정,196,1,0,0,,1,1,,,,1,,직전 시즌까지의 성적으로 추정
2015,백용환,10003,KIA,1.0,,3016,역산 추정,347,1,0,0,,1,1,,,,1,,직전 시즌까지의 성적으로 추정
2015,백정현,10363,삼성,0.2,,3491,역산 추정,295,1,0,0,,1,3,,2013,,1,신인 하한 / 신인 하한 종료(병역 면제),직전 시즌까지의 성적으로 추정
2015,백진우,10473,LG,-0.0,,3218,역산 추정,325,1,0,0,,1,1,,,,1,,직전 시즌까지의 성적으로 추정
2015,백청훈,10136,SK,0.2,,4765,역산 추정,171,1,0,0,,1,1,,,,1,,직전 시즌까지의 성적으로 추정
2015,봉중근,10514,LG,-0.4,,45000,실제 연봉,35,4,0,1,,5,5,,2011,2014 인천 AG,5,,시즌 전 확정
2015,서건창,10855,넥센,1.8,,20476,역산 추정,83,2,1,1,,4,5,,,,5,MVP 다음 해/지정,직전 시즌까지의 성적으로 추정
2015,서동욱,10486,넥센,-0.2,,3993,역산 추정,186,1,0,0,,1,1,,,,1,,직전 시즌까지의 성적으로 추정
2015,서상우,10859,LG,1.0,,3713,역산 추정,196,1,0,0,,1,1,,,,1,,직전 시즌까지의 성적으로 추정
2015,서재응,10053,KIA,0.6,,18112,역산 추정,90,2,0,0,,2,2,,2012,,2,,직전 시즌까지의 성적으로 추정
2015,서진용,10784,SK,0.1,,3713,역산 추정,196,1,0,0,,1,1,,,,1,,직전 시즌까지의 성적으로 추정
2015,손민한,10284,NC,1.7,,16306,역산 추정,96,2,0,0,,2,2,,2001,,2,,직전 시즌까지의 성적으로 추정
2015,손승락,10442,넥센,0.3,,53000,실제 연봉,25,4,0,1,,5,5,,,,5,명성: 2014 세이브 1위,시즌 전 확정
2015,손시헌,10177,NC,1.6,FA 2014 4년 보장 28.0억,40000,실제 연봉,42,5,0,0,5,5,5,,,,5,계약 하한 대상(변경 없음),시즌 전 확정
2015,손아섭,10261,롯데,3.5,,50000,실제 연봉,26,4,1,1,,5,5,,,2014 인천 AG,5,,시즌 전 확정
2015,손용석,10247,롯데,-0.8,,3394,역산 추정,303,1,0,0,,1,3,,2011,,1,"신인 하한 / 신인 하한 종료(달력 5시즌, 군 복무 외 공백은 연장 안 함)",직전 시즌까지의 성적으로 추정
2015,손정욱,11142,NC,-0.1,,5422,역산 추정,158,1,0,0,,1,1,,,,1,,직전 시즌까지의 성적으로 추정
2015,손주인,10325,LG,-0.7,,5572,역산 추정,154,1,0,0,,1,1,,,,1,,직전 시즌까지의 성적으로 추정
2015,송광민,10555,한화,0.0,,6679,역산 추정,142,2,0,0,,2,2,,2011,,2,,직전 시즌까지의 성적으로 추정
2015,송민섭,11342,KT,-0.1,,3713,역산 추정,196,1,0,0,,1,1,,,,1,,직전 시즌까지의 성적으로 추정
2015,송승준,10285,롯데,2.6,,34000,실제 연봉,56,3,0,1,,4,4,,2011,,4,,시즌 전 확정
2015,송신영,10443,넥센,1.3,,22079,역산 추정,80,2,0,0,,2,2,,,,2,,직전 시즌까지의 성적으로 추정
2015,송은범,10137,한화,-0.1,FA 2015 4년 보장 30.0억,45000,실제 연봉,35,5,-1,0,5,4,5,,2007,,5,계약 하한(가격 변경),시즌 전 확정
2015,송주호,10326,한화,-1.2,,3327,역산 추정,312,1,0,0,,1,1,,,,1,,직전 시즌까지의 성적으로 추정
2015,송창식,10598,한화,-0.8,,10863,역산 추정,115,2,0,0,,2,2,,2008,,2,,직전 시즌까지의 성적으로 추정
2015,신명철,10327,KT,-0.4,,17507,역산 추정,93,2,0,0,,2,2,,2005,,2,,직전 시즌까지의 성적으로 추정
2015,신성현,11492,한화,0.5,,3713,역산 추정,196,1,0,0,,1,1,,,,1,,직전 시즌까지의 성적으로 추정
2015,신승현,10138,LG,0.5,,10481,역산 추정,117,2,0,0,,2,2,,,,2,,직전 시즌까지의 성적으로 추정
2015,신용운,10055,삼성,-0.2,,13763,역산 추정,106,2,0,0,,2,2,,,,2,,직전 시즌까지의 성적으로 추정
2015,신재웅,10921,LG,0.4,,5431,역산 추정,157,1,0,0,,1,1,Y,,,2,풀타임 최소 2코인,직전 시즌까지의 성적으로 추정
2015,신재웅,10921,SK,0.4,,5431,역산 추정,157,1,0,0,,1,1,Y,,,2,풀타임 최소 2코인,직전 시즌까지의 성적으로 추정
2015,신종길,10031,KIA,-0.2,,5029,역산 추정,164,1,-1,0,,1,1,,,,1,,직전 시즌까지의 성적으로 추정
2015,신창호,10793,KIA,0.0,,3280,역산 추정,317,1,0,0,,1,1,,,,1,,직전 시즌까지의 성적으로 추정
2015,심규범,11231,롯데,-0.0,,3713,역산 추정,196,1,0,0,,1,1,,,,1,,직전 시즌까지의 성적으로 추정
2015,심동섭,10056,KIA,0.5,,7485,역산 추정,130,2,-1,0,,1,3,,2015,,3,신인 하한,직전 시즌까지의 성적으로 추정
2015,심수창,10518,롯데,-0.1,,7710,역산 추정,127,2,0,0,,2,2,,,,2,,직전 시즌까지의 성적으로 추정
2015,심우준,11334,KT,-1.4,,3713,역산 추정,196,1,0,0,,1,1,,,,1,,직전 시즌까지의 성적으로 추정
2015,심재민,11311,KT,0.1,,3713,역산 추정,196,1,0,0,,1,3,,2019,,3,신인 하한,직전 시즌까지의 성적으로 추정
2015,심창민,10720,삼성,1.3,,8390,역산 추정,122,2,-1,0,,1,4,,2016,,4,신인 하한,직전 시즌까지의 성적으로 추정
2015,안영명,10600,한화,2.2,,32340,역산 추정,58,3,0,0,,3,3,,2007,,3,,직전 시즌까지의 성적으로 추정
2015,안익훈,11347,LG,0.6,,3713,역산 추정,196,1,0,0,,1,1,,,,1,,직전 시즌까지의 성적으로 추정
2015,안중열,11329,롯데,-0.1,,3713,역산 추정,196,1,0,0,,1,1,,,,1,,직전 시즌까지의 성적으로 추정
2015,안지만,10364,삼성,2.2,FA 2015 4년 보장 65.0억,75000,실제 연봉,11,5,0,0,5,5,4,,,2014 인천 AG,4,계약 하한 대상(변경 없음)/커리어 로우·지정 하향 / 국가대표 +1 / 국가대표 +1은 4코인까지,시즌 전 확정
2015,안현준,11312,KT,0.1,,3713,역산 추정,196,1,0,0,,1,1,,,,1,,직전 시즌까지의 성적으로 추정
2015,양석환,11213,LG,-1.1,,3713,역산 추정,196,1,0,0,,1,1,Y,,,2,풀타임 최소 2코인,직전 시즌까지의 성적으로 추정
2015,양의지,10165,두산,6.4,,29549,역산 추정,70,2,0,1,,3,3,,,,3,명성: 2014 골든글러브,직전 시즌까지의 성적으로 추정
2015,양현,10730,두산,-0.2,,3221,역산 추정,324,1,0,0,,1,1,,,,1,,직전 시즌까지의 성적으로 추정
2015,양현종,10058,KIA,8.1,,40000,실제 연봉,42,3,1,0,,4,4,,2011,2014 인천 AG,4,국가대표 +1 / 국가대표 +1은 4코인까지,시즌 전 확정
2015,양훈,10602,넥센,1.7,,19234,역산 추정,88,2,-1,0,,1,1,,,,1,,직전 시즌까지의 성적으로 추정
2015,엄상백,11318,KT,0.5,,3713,역산 추정,196,1,0,0,,1,3,,2019,,3,신인 하한,직전 시즌까지의 성적으로 추정
2015,오윤석,11397,롯데,0.1,,3713,역산 추정,196,1,0,0,,1,1,,,,1,,직전 시즌까지의 성적으로 추정
2015,오재원,10178,두산,2.6,,40000,실제 연봉,42,3,0,0,,3,3,,,2014 인천 AG,4,국가대표 +1,시즌 전 확정
2015,오재일,10400,두산,1.3,,3100,역산 추정,342,1,0,0,,1,1,,,,1,,직전 시즌까지의 성적으로 추정
2015,오정복,10340,KT,0.6,,3361,역산 추정,308,1,0,0,,1,1,,,,1,,직전 시즌까지의 성적으로 추정
2015,오주원,10445,넥센,-0.2,,31422,역산 추정,64,2,0,0,,2,2,,,,2,,직전 시즌까지의 성적으로 추정
2015,오준혁,10672,KIA,-0.4,,3713,역산 추정,196,1,0,0,,1,1,,,,1,,직전 시즌까지의 성적으로 추정
2015,오지환,10475,LG,4.3,,25207,역산 추정,76,2,0,0,,2,2,,2014,,3,변동 완충(−1까지),직전 시즌까지의 성적으로 추정
2015,오태곤,10249,롯데,0.1,,3523,역산 추정,291,1,0,0,,1,1,,,,1,,직전 시즌까지의 성적으로 추정
2015,오현근,10116,롯데,0.4,,3713,역산 추정,196,1,0,0,,1,1,,,,1,,직전 시즌까지의 성적으로 추정
2015,오현택,10210,두산,0.4,,8342,역산 추정,123,2,0,0,,2,2,,,,2,,직전 시즌까지의 성적으로 추정
2015,용덕한,10166,KT,0.4,,2901,역산 추정,353,1,0,0,,1,1,,,,1,,직전 시즌까지의 성적으로 추정
2015,용덕한,10166,NC,0.4,,2901,역산 추정,353,1,0,0,,1,1,,,,1,,직전 시즌까지의 성적으로 추정
2015,우규민,10523,LG,4.6,,32340,역산 추정,58,3,0,0,,3,3,,2008,,3,,직전 시즌까지의 성적으로 추정
2015,우동균,10341,삼성,-0.2,,3734,역산 추정,194,1,0,0,,1,1,,2012,,1,,직전 시즌까지의 성적으로 추정
2015,유강남,10753,LG,1.2,,3713,역산 추정,196,1,0,0,,1,1,,,,1,,직전 시즌까지의 성적으로 추정
2015,유민상,10895,두산,-0.0,,3713,역산 추정,196,1,0,0,,1,1,,,,1,,직전 시즌까지의 성적으로 추정
2015,유원상,10604,LG,-0.5,,18089,역산 추정,91,2,0,0,,2,2,,2011,2014 인천 AG,3,국가대표 +1,직전 시즌까지의 성적으로 추정
2015,유재신,10401,넥센,0.4,,3134,역산 추정,338,1,0,0,,1,1,,,,1,,직전 시즌까지의 성적으로 추정
2015,유창식,10678,한화,-0.8,,6829,역산 추정,139,2,0,0,,2,3,,2015,,3,신인 하한,직전 시즌까지의 성적으로 추정
2015,유창식,10678,KIA,-0.8,,6829,역산 추정,139,2,0,0,,2,3,,2015,,3,신인 하한,직전 시즌까지의 성적으로 추정
2015,유한준,10627,넥센,6.5,,10441,역산 추정,118,2,0,0,,2,2,,,,2,,직전 시즌까지의 성적으로 추정
2015,유희관,10213,두산,5.0,,8999,역산 추정,121,2,0,0,,2,2,,,,2,,직전 시즌까지의 성적으로 추정
2015,윤규진,10606,한화,1.9,,17188,역산 추정,94,2,0,0,,2,2,,,,2,,직전 시즌까지의 성적으로 추정
2015,윤근영,10607,KT,0.2,,6064,역산 추정,146,2,0,0,,2,2,,,,2,,직전 시즌까지의 성적으로 추정
2015,윤길현,10142,SK,1.0,,32340,역산 추정,58,3,0,0,,3,3,,,,3,,직전 시즌까지의 성적으로 추정
2015,윤명준,10885,두산,0.5,,5028,역산 추정,165,1,0,0,,1,1,Y,,,2,풀타임 최소 2코인,직전 시즌까지의 성적으로 추정
2015,윤석민,10061,KIA,2.0,FA 2015 4년 보장 90.0억,125000,실제 연봉,2,5,0,1,5,5,5,,,,5,계약 하한 대상(변경 없음),시즌 전 확정
2015,윤석민,10644,넥센,1.4,,3379,역산 추정,307,1,0,0,,1,1,Y,,,2,풀타임 최소 2코인,직전 시즌까지의 성적으로 추정
2015,윤성환,10368,삼성,5.6,FA 2015 4년 보장 80.0억,80000,실제 연봉,8,5,0,1,5,5,5,,2008,,5,계약 하한 대상(변경 없음),시즌 전 확정
2015,윤요섭,10081,KT,0.0,,3206,역산 추정,329,1,0,0,,1,1,,,,1,,직전 시즌까지의 성적으로 추정
2015,윤지웅,10657,LG,1.7,,7051,역산 추정,136,2,0,0,,2,2,,,,2,,직전 시즌까지의 성적으로 추정
2015,윤해진,10816,KIA,-0.2,,3239,역산 추정,322,1,0,0,,1,1,,,,1,,직전 시즌까지의 성적으로 추정
2015,윤희상,10145,SK,0.9,,8031,역산 추정,125,2,0,0,,2,2,,2008,,2,,직전 시즌까지의 성적으로 추정
2015,이대수,10558,SK,-0.1,FA 2014 4년 보장 18.0억,35000,실제 연봉,52,4,0,0,4,4,4,,,,4,계약 하한 대상(변경 없음),시즌 전 확정
2015,이대형,10490,KT,0.8,FA 2014 4년 보장 22.0억,55000,FA 연봉 부분,22,4,0,0,4,4,4,,,,4,계약 하한 대상(변경 없음),시즌 전 확정
2015,이동걸,10778,한화,-0.0,,3184,역산 추정,333,1,0,0,,1,1,,,,1,,직전 시즌까지의 성적으로 추정
2015,이동현,10524,LG,0.3,,32340,역산 추정,58,3,0,0,,3,3,,,,3,,직전 시즌까지의 성적으로 추정
2015,이명기,10119,SK,1.0,,4268,역산 추정,179,1,0,0,,1,1,Y,,,2,풀타임 최소 2코인,직전 시즌까지의 성적으로 추정
2015,이명우,10290,롯데,0.3,,15960,역산 추정,98,2,-1,0,,1,1,Y,,,2,풀타임 최소 2코인,직전 시즌까지의 성적으로 추정
2015,이민재,10925,LG,-0.3,,3713,역산 추정,196,1,0,0,,1,1,,,,1,,직전 시즌까지의 성적으로 추정
2015,이민호,11151,NC,0.9,,7503,역산 추정,129,2,0,0,,2,3,,2017,,3,신인 하한,직전 시즌까지의 성적으로 추정
2015,이범호,10559,KIA,3.0,,40000,실제 연봉,42,3,0,0,,3,3,,,,4,변동 완충(−1까지),시즌 전 확정
2015,이병규,10491,LG,-0.6,,80000,실제 연봉,8,5,0,1,,5,4,,2001,,4,커리어 로우·지정 하향,시즌 전 확정
2015,이병규,10477,LG,1.1,FA 2014 3년 보장 25.5억,85000,FA 연봉 부분,7,5,0,0,5,5,5,,,,5,계약 하한 대상(변경 없음),시즌 전 확정
2015,이상민,11169,넥센,-0.4,,3713,역산 추정,196,1,0,0,,1,1,,,,1,,직전 시즌까지의 성적으로 추정
2015,이상화,10831,롯데,0.3,,3212,역산 추정,327,1,0,0,,1,3,,2013,,3,신인 하한,직전 시즌까지의 성적으로 추정
2015,이성민,11154,KT,0.5,,3489,역산 추정,297,1,0,0,,1,1,Y,,,2,풀타임 최소 2코인,직전 시즌까지의 성적으로 추정
2015,이성민,11154,롯데,0.5,,3489,역산 추정,297,1,0,0,,1,1,Y,,,2,풀타임 최소 2코인,직전 시즌까지의 성적으로 추정
2015,이성열,10168,한화,0.3,FA 2015 2년 보장 5.0억,25000,FA 연봉 부분,77,3,0,0,3,3,3,,,,3,계약 하한 대상(변경 없음),시즌 전 확정
2015,이성우,10004,KIA,-0.2,,2901,역산 추정,353,1,0,0,,1,1,,,,1,,직전 시즌까지의 성적으로 추정
2015,이승엽,10881,삼성,3.5,,90000,실제 연봉,6,5,0,1,,5,4,,1999,,4,커리어 로우·지정 하향,시즌 전 확정
2015,이승현,10527,LG,-0.0,,3713,역산 추정,196,1,0,0,,1,1,,,,1,,직전 시즌까지의 성적으로 추정
2015,이시찬,10654,한화,-0.3,,2930,역산 추정,351,1,0,0,,1,1,,,,1,,직전 시즌까지의 성적으로 추정
2015,이용규,10035,한화,4.1,FA 2014 4년 보장 60.0억,70000,실제 연봉,14,5,-1,1,5,5,5,,,,5,계약 하한 대상(변경 없음),시즌 전 확정
2015,이우민,11398,롯데,0.4,,2901,역산 추정,353,1,0,0,,1,1,,,,1,,직전 시즌까지의 성적으로 추정
2015,이원재,10218,두산,-0.5,,3103,역산 추정,341,1,0,0,,1,1,,,,1,,직전 시즌까지의 성적으로 추정
2015,이은총,11482,KIA,-0.3,,3713,역산 추정,196,1,0,0,,1,1,,,,1,,직전 시즌까지의 성적으로 추정
2015,이인복,11232,롯데,-0.6,,3713,역산 추정,196,1,0,0,,1,1,,,,1,,직전 시즌까지의 성적으로 추정
2015,이인행,10018,KIA,-0.6,,3713,역산 추정,196,1,0,0,,1,1,,,,1,,직전 시즌까지의 성적으로 추정
2015,이재곤,10293,롯데,0.2,,4587,역산 추정,173,1,0,0,,1,1,,,,1,,직전 시즌까지의 성적으로 추정
2015,이재영,10529,SK,0.5,FA 2015 2년 보장 4.5억,22500,FA 연봉 부분,79,3,0,0,3,3,3,,,,3,계약 하한 대상(변경 없음),시즌 전 확정
2015,이재우,10219,두산,-0.1,,20847,역산 추정,82,2,0,0,,2,2,,,,2,,직전 시즌까지의 성적으로 추정
2015,이재원,10082,SK,2.1,,7205,역산 추정,133,2,0,0,,2,2,,2010,2014 인천 AG,3,국가대표 +1,직전 시즌까지의 성적으로 추정
2015,이재학,10220,NC,3.3,,11083,역산 추정,113,2,0,0,,2,2,,,2014 인천 AG,3,국가대표 +1,직전 시즌까지의 성적으로 추정
2015,이정민,10295,롯데,-0.3,,4793,역산 추정,168,1,0,0,,1,1,,,,1,,직전 시즌까지의 성적으로 추정
2015,이종욱,10192,NC,1.4,FA 2014 4년 보장 48.0억,50000,실제 연봉,26,5,-1,0,5,4,4,,,,4,계약 하한(가격 변경),시즌 전 확정
2015,이종환,10941,한화,-0.1,,2901,역산 추정,353,1,0,0,,1,1,,,,1,,직전 시즌까지의 성적으로 추정
2015,이지영,10312,삼성,0.8,,3836,역산 추정,189,1,0,0,,1,1,Y,,,2,풀타임 최소 2코인,직전 시즌까지의 성적으로 추정
2015,이지찬,11335,KT,-0.2,,3713,역산 추정,196,1,0,0,,1,1,,,,1,,직전 시즌까지의 성적으로 추정
2015,이진영,10492,LG,0.7,FA 2013 4년 보장 34.0억,60000,실제 연봉,18,5,0,0,5,5,4,,,,4,계약 하한 대상(변경 없음)/커리어 로우·지정 하향,시즌 전 확정
2015,이창재,11320,KT,-0.6,,3713,역산 추정,196,1,0,0,,1,1,,,,1,,직전 시즌까지의 성적으로 추정
2015,이태양,10681,NC,4.1,,4108,역산 추정,183,1,0,0,,1,1,Y,,2014 인천 AG,3,풀타임 최소 2코인 / 국가대표 +1,직전 시즌까지의 성적으로 추정
2015,이택근,10493,넥센,2.0,FA 2012 4년 보장 50.0억,70000,실제 연봉,14,5,0,1,5,5,5,,2007,,5,계약 하한 대상(변경 없음),시즌 전 확정
2015,이현승,10221,두산,0.8,,32340,역산 추정,58,3,-1,0,,2,2,,2010,,2,,직전 시즌까지의 성적으로 추정
2015,이현호,10677,두산,1.7,,3713,역산 추정,196,1,0,0,,1,3,,2019,,3,신인 하한,직전 시즌까지의 성적으로 추정
2015,이혜천,10642,NC,0.1,,13738,역산 추정,107,2,0,0,,2,2,,,,2,,직전 시즌까지의 성적으로 추정
2015,이호신,10038,KIA,-0.4,,3187,역산 추정,332,1,0,0,,1,1,,,,1,,직전 시즌까지의 성적으로 추정
2015,이호준,10101,NC,2.1,FA 2013 3년 보장 20.0억,45000,실제 연봉,35,5,0,0,5,5,5,,,,5,계약 하한 대상(변경 없음),시즌 전 확정
2015,이홍구,11071,KIA,0.4,,3291,역산 추정,315,1,0,0,,1,1,,,,1,,직전 시즌까지의 성적으로 추정
2015,이흥련,11108,삼성,-0.0,,3600,역산 추정,281,1,0,0,,1,1,,,,1,,직전 시즌까지의 성적으로 추정
2015,임기준,10066,KIA,-0.5,,3713,역산 추정,196,1,0,0,,1,1,,,,1,,직전 시즌까지의 성적으로 추정
2015,임병욱,11226,넥센,0.0,,3713,역산 추정,196,1,0,0,,1,1,,,,1,,직전 시즌까지의 성적으로 추정
2015,임재철,10193,롯데,-0.1,,14495,역산 추정,102,2,0,0,,2,2,,,,2,,직전 시즌까지의 성적으로 추정
2015,임정우,10713,LG,1.1,,6672,역산 추정,143,2,0,0,,2,2,,,,2,,직전 시즌까지의 성적으로 추정
2015,임정호,11168,NC,1.2,,3713,역산 추정,196,1,0,0,,1,1,Y,,,2,풀타임 최소 2코인,직전 시즌까지의 성적으로 추정
2015,임준섭,10795,KIA,0.0,,6745,역산 추정,140,2,0,0,,2,2,,,,2,,직전 시즌까지의 성적으로 추정
2015,임준섭,10795,한화,0.0,,6745,역산 추정,140,2,0,0,,2,2,,,,2,,직전 시즌까지의 성적으로 추정
2015,임준혁,10068,KIA,2.9,,4074,역산 추정,184,1,0,0,,1,1,Y,,,2,풀타임 최소 2코인,직전 시즌까지의 성적으로 추정
2015,임지섭,11211,LG,0.2,,3552,역산 추정,288,1,0,0,,1,3,,2018,,3,신인 하한,직전 시즌까지의 성적으로 추정
2015,임창민,10452,NC,1.8,,5754,역산 추정,151,1,0,0,,1,1,Y,,,2,풀타임 최소 2코인,직전 시즌까지의 성적으로 추정
2015,임창용,11281,삼성,2.2,,50000,실제 연봉,26,4,-1,1,,4,4,,,2014 인천 AG,4,국가대표 +1 / 국가대표 +1은 4코인까지,시즌 전 확정
2015,임현준,10637,삼성,-0.3,,3309,역산 추정,314,1,0,0,,1,1,,,,1,,직전 시즌까지의 성적으로 추정
2015,임훈,10120,SK,0.3,,6865,역산 추정,138,2,0,0,,2,2,,,,2,,직전 시즌까지의 성적으로 추정
2015,임훈,10120,LG,0.3,,6865,역산 추정,138,2,0,0,,2,2,,,,2,,직전 시즌까지의 성적으로 추정
2015,장민석,10416,두산,-0.3,,7262,역산 추정,131,2,0,0,,2,2,,,,2,,직전 시즌까지의 성적으로 추정
2015,장성우,10235,롯데,2.1,,3195,역산 추정,331,1,0,0,,1,1,,2013,,1,,직전 시즌까지의 성적으로 추정
2015,장성우,10235,KT,2.1,,3195,역산 추정,331,1,0,0,,1,1,Y,2013,,2,풀타임 최소 2코인,직전 시즌까지의 성적으로 추정
2015,장성호,10032,KT,0.3,,15598,역산 추정,99,2,0,0,,2,2,,,,2,,직전 시즌까지의 성적으로 추정
2015,장시윤,11227,넥센,-0.1,,3713,역산 추정,196,1,0,0,,1,1,,,,1,,직전 시즌까지의 성적으로 추정
2015,장시환,10453,KT,1.8,,2969,역산 추정,350,1,0,0,,1,1,Y,2011,,2,풀타임 최소 2코인,직전 시즌까지의 성적으로 추정
2015,장운호,11122,한화,0.1,,3571,역산 추정,287,1,0,0,,1,1,,,,1,,직전 시즌까지의 성적으로 추정
2015,장원삼,10375,삼성,0.9,FA 2014 4년 보장 60.0억,75000,실제 연봉,11,5,0,0,5,5,5,,2010,,5,계약 하한 대상(변경 없음),시즌 전 확정
2015,장원준,10299,두산,3.4,FA 2015 4년 보장 80.0억,100000,실제 연봉,3,5,0,0,5,5,5,,2008,,5,계약 하한 대상(변경 없음),시즌 전 확정
2015,장진용,10750,LG,0.2,,2901,역산 추정,353,1,0,0,,1,1,,,,1,,직전 시즌까지의 성적으로 추정
2015,전유수,10841,SK,1.5,,7078,역산 추정,135,2,0,0,,2,2,,,,2,,직전 시즌까지의 성적으로 추정
2015,정근우,10103,한화,4.6,FA 2014 4년 보장 63.0억,70000,실제 연봉,14,5,0,0,5,5,5,,2009,,5,계약 하한 대상(변경 없음),시즌 전 확정
2015,정대현,10154,롯데,0.5,FA 2012 4년 보장 36.0억,50000,실제 연봉,26,5,0,0,5,5,4,,,,4,계약 하한 대상(변경 없음)/커리어 로우·지정 하향,시즌 전 확정
2015,정대현,10224,KT,1.2,,2901,역산 추정,353,1,0,0,,1,1,Y,,,2,풀타임 최소 2코인,직전 시즌까지의 성적으로 추정
2015,정대훈,10611,한화,0.2,,3234,역산 추정,323,1,0,0,,1,1,Y,,,2,풀타임 최소 2코인,직전 시즌까지의 성적으로 추정
2015,정범모,10772,한화,-1.4,,3386,역산 추정,306,1,0,0,,1,1,,,,1,,직전 시즌까지의 성적으로 추정
2015,정상호,10083,SK,1.3,,5974,역산 추정,149,2,0,0,,2,2,,2005,,2,,직전 시즌까지의 성적으로 추정
2015,정성곤,11321,KT,-0.2,,3713,역산 추정,196,1,0,0,,1,1,,,,1,,직전 시즌까지의 성적으로 추정
2015,정성훈,10479,LG,1.9,FA 2013 4년 보장 34.0억,50000,실제 연봉,26,5,0,0,5,5,4,,,,4,계약 하한 대상(변경 없음)/커리어 로우·지정 하향,시즌 전 확정
2015,정수빈,10195,두산,2.1,,12897,역산 추정,111,2,0,0,,2,2,,,,2,,직전 시즌까지의 성적으로 추정
2015,정우람,10156,SK,1.9,,40000,실제 연봉,42,3,0,0,,3,3,,,,3,,시즌 전 확정
2015,정의윤,10655,LG,1.6,,4790,역산 추정,169,1,0,0,,1,1,,2009,,1,,직전 시즌까지의 성적으로 추정
2015,정의윤,10655,SK,1.6,,4790,역산 추정,169,1,0,0,,1,1,,2009,,1,,직전 시즌까지의 성적으로 추정
2015,정인욱,10376,삼성,-0.1,,5659,역산 추정,153,1,0,0,,1,1,,,,1,,직전 시즌까지의 성적으로 추정
2015,정재훈,10225,롯데,-0.1,FA 2012 4년 보장 28.0억,35000,실제 연봉,52,5,-1,0,5,4,4,,,,4,계약 하한(가격 변경),시즌 전 확정
2015,정진호,10645,두산,-0.2,,3077,역산 추정,345,1,0,0,,1,1,,,,1,,직전 시즌까지의 성적으로 추정
2015,정찬헌,10533,LG,0.5,,9034,역산 추정,120,2,0,0,,2,2,,,,2,,직전 시즌까지의 성적으로 추정
2015,정현석,10576,한화,0.4,,4296,역산 추정,177,1,0,0,,1,1,,,,1,,직전 시즌까지의 성적으로 추정
2015,정훈,10253,롯데,2.8,,6908,역산 추정,137,2,0,0,,2,2,,,,2,,직전 시즌까지의 성적으로 추정
2015,조동화,10121,SK,0.5,FA 2015 4년 보장 20.0억,50000,FA 연봉 부분,26,4,-1,0,4,3,4,,,,4,계약 하한(가격 변경),시즌 전 확정
2015,조무근,11322,KT,2.0,,3713,역산 추정,196,1,0,0,,1,1,,,,1,,직전 시즌까지의 성적으로 추정
2015,조상우,11126,넥센,2.9,,6003,역산 추정,147,2,0,0,,2,3,,2017,,3,신인 하한,직전 시즌까지의 성적으로 추정
2015,조영훈,10330,NC,0.8,,4331,역산 추정,176,1,0,0,,1,1,,,,1,,직전 시즌까지의 성적으로 추정
2015,조인성,10463,한화,0.5,,40000,실제 연봉,42,3,0,0,,3,3,,2002,,3,,시즌 전 확정
2015,조중근,10406,KT,-0.3,,2901,역산 추정,353,1,0,0,,1,1,,,,1,,직전 시즌까지의 성적으로 추정
2015,조현근,10380,삼성,0.3,,6002,역산 추정,148,2,0,0,,2,2,,,,2,,직전 시즌까지의 성적으로 추정
2015,주권,11323,KT,-0.2,,3713,역산 추정,196,1,0,0,,1,4,,2019,,4,신인 하한,직전 시즌까지의 성적으로 추정
2015,지석훈,10683,NC,0.1,,3752,역산 추정,191,1,0,0,,1,1,Y,,,2,풀타임 최소 2코인,직전 시즌까지의 성적으로 추정
2015,진갑용,10314,삼성,0.2,,31124,역산 추정,67,2,0,1,,3,3,,2001,,3,,직전 시즌까지의 성적으로 추정
2015,진야곱,10229,두산,-0.9,,3358,역산 추정,309,1,0,0,,1,4,,2012,,2,"신인 하한 / 신인 하한 종료(달력 5시즌, 군 복무 외 공백은 연장 안 함)",직전 시즌까지의 성적으로 추정
2015,진해수,10075,SK,0.2,,7813,역산 추정,126,2,-1,0,,1,1,,,,1,,직전 시즌까지의 성적으로 추정
2015,진해수,10075,LG,0.2,,7813,역산 추정,126,2,-1,0,,1,1,,,,1,,직전 시즌까지의 성적으로 추정
2015,차우찬,10381,삼성,3.0,,31196,역산 추정,66,2,-1,0,,1,1,Y,2010,2014 인천 AG,3,풀타임 최소 2코인 / 국가대표 +1,직전 시즌까지의 성적으로 추정
2015,채병용,10161,SK,0.1,,25830,역산 추정,74,2,0,1,,3,3,,,,3,,직전 시즌까지의 성적으로 추정
2015,채은성,11215,LG,0.2,,3594,역산 추정,284,1,0,0,,1,1,,,,1,,직전 시즌까지의 성적으로 추정
2015,채태인,10331,삼성,2.0,,33000,실제 연봉,57,3,0,0,,3,3,,2011,,3,,시즌 전 확정
2015,최경철,10085,LG,0.4,,2901,역산 추정,353,1,-1,0,,1,1,,,,1,,직전 시즌까지의 성적으로 추정
2015,최금강,11174,NC,1.4,,3390,역산 추정,305,1,0,0,,1,1,Y,,,2,풀타임 최소 2코인,직전 시즌까지의 성적으로 추정
2015,최동환,10535,LG,-0.3,,3114,역산 추정,340,1,0,0,,1,3,,2013,,1,"신인 하한 / 신인 하한 종료(달력 5시즌, 군 복무 외 공백은 연장 안 함)",직전 시즌까지의 성적으로 추정
2015,최선호,11406,삼성,-0.5,,3713,역산 추정,196,1,0,0,,1,1,,,,1,,직전 시즌까지의 성적으로 추정
2015,최승준,11092,LG,-0.5,,3662,역산 추정,275,1,0,0,,1,1,,,,1,,직전 시즌까지의 성적으로 추정
2015,최영필,10617,KIA,1.6,,2901,역산 추정,353,1,0,0,,1,1,Y,,,2,풀타임 최소 2코인,직전 시즌까지의 성적으로 추정
2015,최용규,10024,KIA,-0.7,,3131,역산 추정,339,1,0,0,,1,1,,,,1,,직전 시즌까지의 성적으로 추정
2015,최원재,10162,KT,0.6,,3713,역산 추정,196,1,0,0,,1,1,,,,1,,직전 시즌까지의 성적으로 추정
2015,최재원,11141,NC,0.8,,3270,역산 추정,318,1,0,0,,1,1,,,,1,,직전 시즌까지의 성적으로 추정
2015,최재훈,10170,두산,-0.9,,3572,역산 추정,286,1,0,0,,1,1,,,,1,,직전 시즌까지의 성적으로 추정
2015,최정,10106,SK,3.8,FA 2015 4년 보장 82.0억,100000,실제 연봉,3,5,0,1,5,5,5,,2009,,5,계약 하한 대상(변경 없음),시즌 전 확정
2015,최주환,10182,두산,1.3,,4283,역산 추정,178,1,0,0,,1,1,,,,1,,직전 시즌까지의 성적으로 추정
2015,최준석,10183,롯데,4.5,FA 2014 4년 보장 31.0억,40000,실제 연봉,42,5,0,0,5,5,5,,,,5,계약 하한 대상(변경 없음),시즌 전 확정
2015,최진행,10578,한화,3.3,,19883,역산 추정,84,2,-1,0,,1,1,Y,2008,,2,풀타임 최소 2코인,직전 시즌까지의 성적으로 추정
2015,최형우,10344,삼성,4.4,,60000,실제 연봉,18,5,1,1,,5,5,,,,5,,시즌 전 확정
2015,최희섭,10025,KIA,0.4,,18198,역산 추정,89,2,0,0,,2,2,,2011,,2,,직전 시즌까지의 성적으로 추정
2015,하영민,11222,넥센,-0.0,,3623,역산 추정,278,1,0,0,,1,1,,,,1,,직전 시즌까지의 성적으로 추정
2015,한기주,10077,KIA,0.0,,19628,역산 추정,85,2,0,0,,2,2,,2010,,2,,직전 시즌까지의 성적으로 추정
2015,한나한,11352,LG,0.6,,3713,역산 추정,196,1,0,0,,1,1,,,,1,,직전 시즌까지의 성적으로 추정
2015,한상훈,10663,한화,0.1,FA 2014 4년 보장 11.0억,27500,FA 연봉 부분,73,3,0,0,3,3,3,,,,3,계약 하한 대상(변경 없음),시즌 전 확정
2015,한승혁,10812,KIA,0.3,,3391,역산 추정,304,1,0,0,,1,3,,2016,,3,신인 하한,직전 시즌까지의 성적으로 추정
2015,한현희,10863,넥센,2.8,,13823,역산 추정,105,2,0,0,,2,2,,,2014 인천 AG,3,국가대표 +1,직전 시즌까지의 성적으로 추정
2015,함덕주,11094,두산,1.8,,3686,역산 추정,273,1,0,0,,1,1,Y,,,2,풀타임 최소 2코인,직전 시즌까지의 성적으로 추정
2015,허경민,10184,두산,1.9,,4047,역산 추정,185,1,0,0,,1,3,,2016,,3,신인 하한,직전 시즌까지의 성적으로 추정
2015,허도환,10684,한화,0.0,,3930,역산 추정,188,1,0,0,,1,1,,,,1,,직전 시즌까지의 성적으로 추정
2015,허준혁,10305,두산,1.0,,4789,역산 추정,170,1,0,0,,1,1,,,,1,,직전 시즌까지의 성적으로 추정
2015,홍건희,10696,KIA,0.0,,3208,역산 추정,328,1,0,0,,1,3,,2015,,3,신인 하한,직전 시즌까지의 성적으로 추정
2015,홍성무,11324,KT,0.3,,3713,역산 추정,196,1,0,0,,1,4,,2019,,4,신인 하한,직전 시즌까지의 성적으로 추정
2015,홍성민,10814,롯데,1.8,,6092,역산 추정,145,2,0,0,,2,2,,,,2,,직전 시즌까지의 성적으로 추정
2015,홍성용,11253,KT,1.1,,3630,역산 추정,277,1,0,0,,1,1,,,,1,,직전 시즌까지의 성적으로 추정
2015,홍성흔,10256,두산,0.5,FA 2013 4년 보장 31.0억,40000,실제 연봉,42,5,0,1,5,5,5,,,,5,계약 하한 대상(변경 없음),시즌 전 확정
2015,황대인,11306,KIA,-0.1,,3713,역산 추정,196,1,0,0,,1,1,,,,1,,직전 시즌까지의 성적으로 추정
2015,황목치승,11290,LG,-0.1,,3495,역산 추정,294,1,0,0,,1,1,,,,1,,직전 시즌까지의 성적으로 추정
2015,황재균,10407,롯데,2.7,,30001,역산 추정,69,2,0,0,,2,2,,,2014 인천 AG,3,국가대표 +1,직전 시즌까지의 성적으로 추정
2016,강경학,10676,한화,-1.3,,4782,역산 추정,176,1,0,0,,1,1,,,,1,,직전 시즌까지의 성적으로 추정
2016,강동연,10883,두산,0.0,,4050,역산 추정,199,1,0,0,,1,1,,,,1,,직전 시즌까지의 성적으로 추정
2016,강민호,10232,롯데,5.5,FA 2014 4년 보장 75.0억,100000,실제 연봉,4,5,1,1,5,5,5,,,2015 프리미어12,5,계약 하한 대상(변경 없음),시즌 전 확정
2016,강승현,10268,롯데,-0.1,,3440,역산 추정,341,1,0,0,,1,1,,,,1,,직전 시즌까지의 성적으로 추정
2016,강승호,11087,LG,-0.5,,4050,역산 추정,199,1,0,0,,1,1,,,,1,,직전 시즌까지의 성적으로 추정
2016,강영식,10269,롯데,0.1,FA 2014 4년 보장 16.0억,40000,FA 연봉 부분,48,3,-1,0,3,2,3,,,,3,계약 하한(가격 변경),시즌 전 확정
2016,강한울,11255,KIA,0.7,,3213,역산 추정,360,1,0,0,,1,1,,,,1,,직전 시즌까지의 성적으로 추정
2016,고봉재,12605,두산,0.2,,4050,역산 추정,199,1,0,0,,1,1,,,,1,,직전 시즌까지의 성적으로 추정
2016,고영표,11308,KT,0.4,,4017,역산 추정,260,1,0,0,,1,1,Y,,,2,풀타임 최소 2코인,직전 시즌까지의 성적으로 추정
2016,고원준,10424,롯데,0.4,,10724,역산 추정,118,2,0,0,,2,2,,,,2,,직전 시즌까지의 성적으로 추정
2016,고원준,10424,두산,0.4,,10724,역산 추정,118,2,0,0,,2,2,,,,2,,직전 시즌까지의 성적으로 추정
2016,고장혁,11073,KIA,-0.3,,3915,역산 추정,271,1,0,0,,1,1,,,,1,,직전 시즌까지의 성적으로 추정
2016,고종욱,10659,넥센,2.0,,4794,역산 추정,175,1,0,0,,1,1,Y,,,2,풀타임 최소 2코인,직전 시즌까지의 성적으로 추정
2016,고효준,10124,SK,-0.0,,7238,역산 추정,135,2,0,0,,2,2,,2008,,2,,직전 시즌까지의 성적으로 추정
2016,고효준,10124,KIA,-0.0,,7238,역산 추정,135,2,0,0,,2,2,,2008,,2,,직전 시즌까지의 성적으로 추정
2016,곽정철,10043,KIA,-0.2,,7096,역산 추정,137,2,0,0,,2,2,,,,2,,직전 시즌까지의 성적으로 추정
2016,구자욱,10892,삼성,4.2,,6445,역산 추정,140,2,0,0,,2,2,,,,4,데뷔 시즌 신인왕 하한 4,직전 시즌까지의 성적으로 추정
2016,구창모,11353,NC,1.6,,4050,역산 추정,199,1,0,0,,1,1,,,,1,,직전 시즌까지의 성적으로 추정
2016,국해성,10172,두산,0.5,,4050,역산 추정,199,1,0,0,,1,1,,,,1,,직전 시즌까지의 성적으로 추정
2016,권오준,10350,삼성,1.1,,15526,역산 추정,100,2,0,0,,2,2,,,,2,,직전 시즌까지의 성적으로 추정
2016,권용관,10465,한화,-0.1,,3164,역산 추정,366,1,0,0,,1,1,,,,1,,직전 시즌까지의 성적으로 추정
2016,권혁,10351,한화,2.0,FA 2015 4년 보장 28.0억,45000,실제 연봉,40,5,0,0,5,5,4,,2007,,4,계약 하한 대상(변경 없음)/커리어 로우·지정 하향,시즌 전 확정
2016,권희동,11172,NC,-0.1,,4887,역산 추정,172,1,0,0,,1,1,,,,1,,직전 시즌까지의 성적으로 추정
2016,금민철,10425,넥센,0.1,,17868,역산 추정,95,2,0,0,,2,2,,,,2,,직전 시즌까지의 성적으로 추정
2016,김강률,10690,두산,0.2,,3848,역산 추정,285,1,0,0,,1,1,,,,1,,직전 시즌까지의 성적으로 추정
2016,김강민,10108,SK,2.4,FA 2015 4년 보장 52.0억,60000,실제 연봉,24,5,0,0,5,5,5,,2009,,5,계약 하한 대상(변경 없음),시즌 전 확정
2016,김건태,10432,넥센,0.7,,3211,역산 추정,361,1,0,0,,1,1,,,,1,,직전 시즌까지의 성적으로 추정
2016,김건한,10045,삼성,0.3,,4321,역산 추정,184,1,0,0,,1,1,,,,1,,직전 시즌까지의 성적으로 추정
2016,김경언,10028,한화,0.3,FA 2015 3년 보장 8.5억,39200,FA 연봉 부분,59,3,0,0,3,3,3,,,,3,계약 하한 대상(변경 없음),시즌 전 확정
2016,김경태,10583,한화,-0.1,,3446,역산 추정,339,1,0,0,,1,1,,,,1,,직전 시즌까지의 성적으로 추정
2016,김광수,10502,KIA,0.8,,6370,역산 추정,142,2,0,0,,2,2,,,,2,,직전 시즌까지의 성적으로 추정
2016,김광현,10126,SK,3.6,,85000,실제 연봉,8,5,0,1,,5,5,,2011,2015 프리미어12,5,,시즌 전 확정
2016,김기태,10718,삼성,0.3,,3164,역산 추정,366,1,0,0,,1,1,Y,,,2,풀타임 최소 2코인,직전 시즌까지의 성적으로 추정
2016,김다원,10626,KIA,0.3,,3164,역산 추정,366,1,0,0,,1,1,,,,1,,직전 시즌까지의 성적으로 추정
2016,김대륙,11390,롯데,-0.2,,3944,역산 추정,266,1,0,0,,1,1,,,,1,,직전 시즌까지의 성적으로 추정
2016,김대우,10685,삼성,0.8,,4544,역산 추정,181,1,0,0,,1,1,Y,,,2,풀타임 최소 2코인,직전 시즌까지의 성적으로 추정
2016,김동엽,12548,SK,0.3,,4050,역산 추정,199,1,0,0,,1,1,,,,1,,직전 시즌까지의 성적으로 추정
2016,김동욱,10309,KT,-0.4,,3869,역산 추정,281,1,0,0,,1,1,,,,1,,직전 시즌까지의 성적으로 추정
2016,김동은,11331,KT,-0.3,,3947,역산 추정,264,1,0,0,,1,1,,,,1,,직전 시즌까지의 성적으로 추정
2016,김동한,10734,롯데,-0.4,,4050,역산 추정,199,1,0,0,,1,1,,,,1,,직전 시즌까지의 성적으로 추정
2016,김동호,11401,삼성,0.1,,4050,역산 추정,199,1,0,0,,1,1,,,,1,,직전 시즌까지의 성적으로 추정
2016,김명찬,11297,KIA,0.2,,4050,역산 추정,199,1,0,0,,1,1,,,,1,,직전 시즌까지의 성적으로 추정
2016,김문호,10648,롯데,1.1,,3274,역산 추정,356,1,0,0,,1,1,Y,2011,,2,풀타임 최소 2코인,직전 시즌까지의 성적으로 추정
2016,김민성,10238,넥센,3.3,,21487,역산 추정,86,2,0,0,,2,2,,2013,,2,,직전 시즌까지의 성적으로 추정
2016,김민수,11317,KT,0.1,,3903,역산 추정,274,1,0,0,,1,1,,,,1,,직전 시즌까지의 성적으로 추정
2016,김민식,10707,SK,0.9,,4050,역산 추정,199,1,0,0,,1,1,,,,1,,직전 시즌까지의 성적으로 추정
2016,김민우,10397,KIA,-0.2,,3164,역산 추정,366,1,0,0,,1,1,,2006,,1,,직전 시즌까지의 성적으로 추정
2016,김민우,11410,한화,-0.8,,4164,역산 추정,189,1,0,0,,1,1,,,,1,,직전 시즌까지의 성적으로 추정
2016,김민하,10777,롯데,-0.3,,3808,역산 추정,292,1,0,0,,1,1,,,,1,,직전 시즌까지의 성적으로 추정
2016,김민혁,11339,KT,-0.3,,3717,역산 추정,307,1,0,0,,1,1,,,,1,,직전 시즌까지의 성적으로 추정
2016,김범수,11411,한화,-0.1,,3918,역산 추정,270,1,0,0,,1,1,,,,1,,직전 시즌까지의 성적으로 추정
2016,김사율,10272,KT,0.1,FA 2015 4년 보장 12.5억,41667,FA 연봉 부분,45,4,0,0,4,4,4,,,,4,계약 하한 대상(변경 없음),시즌 전 확정
2016,김사훈,10834,롯데,0.1,,3484,역산 추정,333,1,0,0,,1,1,,,,1,,직전 시즌까지의 성적으로 추정
2016,김상수,10427,넥센,1.4,,3260,역산 추정,357,1,0,0,,1,1,Y,2012,,2,풀타임 최소 2코인,직전 시즌까지의 성적으로 추정
2016,김상수,10320,삼성,0.1,,39200,역산 추정,59,3,0,0,,3,3,,2013,2015 프리미어12,4,국가대표 +1,직전 시즌까지의 성적으로 추정
2016,김상현,10007,KT,-0.6,FA 2016 4년 보장 17.0억,42500,FA 연봉 부분,43,4,0,0,4,4,4,,,,4,계약 하한 대상(변경 없음),시즌 전 확정
2016,김상호,10837,롯데,-0.1,,3480,역산 추정,334,1,0,0,,1,1,Y,,,2,풀타임 최소 2코인,직전 시즌까지의 성적으로 추정
2016,김선규,10128,NC,0.3,,5227,역산 추정,162,1,0,0,,1,1,,,,1,,직전 시즌까지의 성적으로 추정
2016,김성배,10201,롯데,-0.1,,10727,역산 추정,117,2,0,0,,2,2,,,,2,,직전 시즌까지의 성적으로 추정
2016,김성배,10201,두산,-0.1,,10727,역산 추정,117,2,0,0,,2,2,,,,2,,직전 시즌까지의 성적으로 추정
2016,김성욱,11153,NC,1.5,,4134,역산 추정,192,1,0,0,,1,1,,,,1,,직전 시즌까지의 성적으로 추정
2016,김성현,10636,SK,2.1,,7742,역산 추정,131,2,0,0,,2,2,,,,2,,직전 시즌까지의 성적으로 추정
2016,김세현,10431,넥센,2.1,,9157,역산 추정,126,2,0,0,,2,2,,2011,,2,,직전 시즌까지의 성적으로 추정
2016,김승회,10202,SK,-0.1,,16162,역산 추정,99,2,0,0,,2,2,,,,2,,직전 시즌까지의 성적으로 추정
2016,김연훈,10089,KT,-1.4,,3164,역산 추정,366,1,0,0,,1,1,,,,1,,직전 시즌까지의 성적으로 추정
2016,김용의,10466,LG,1.5,,4103,역산 추정,193,1,0,0,,1,1,,,,1,,직전 시즌까지의 성적으로 추정
2016,김용주,10585,한화,-0.2,,3671,역산 추정,314,1,0,0,,1,1,,,,1,,직전 시즌까지의 성적으로 추정
2016,김원섭,10029,KIA,0.1,,38786,역산 추정,67,2,0,1,,3,3,,,,3,,직전 시즌까지의 성적으로 추정
2016,김원중,10825,롯데,-0.1,,3847,역산 추정,286,1,0,0,,1,1,,,,1,,직전 시즌까지의 성적으로 추정
2016,김유영,11229,롯데,0.2,,3720,역산 추정,306,1,0,0,,1,1,,,,1,,직전 시즌까지의 성적으로 추정
2016,김윤동,10821,KIA,0.4,,4050,역산 추정,199,1,0,0,,1,1,,,,1,,직전 시즌까지의 성적으로 추정
2016,김재영,12547,한화,-0.1,,4050,역산 추정,199,1,0,0,,1,1,,,,1,,직전 시즌까지의 성적으로 추정
2016,김재유,11483,롯데,-0.3,,4050,역산 추정,199,1,0,0,,1,1,,,,1,,직전 시즌까지의 성적으로 추정
2016,김재윤,11489,KT,0.4,,4082,역산 추정,195,1,0,0,,1,1,Y,,,2,풀타임 최소 2코인,직전 시즌까지의 성적으로 추정
2016,김재현,10111,SK,1.4,,3363,역산 추정,350,1,0,0,,1,1,,,,1,,직전 시즌까지의 성적으로 추정
2016,김재현,10870,넥센,-0.4,,3887,역산 추정,278,1,0,0,,1,1,,,,1,,직전 시즌까지의 성적으로 추정
2016,김재현,11289,삼성,-0.9,,3753,역산 추정,300,1,0,0,,1,1,,,,1,,직전 시즌까지의 성적으로 추정
2016,김재호,10174,두산,4.4,,41000,실제 연봉,46,3,0,1,,4,4,,2009,2015 프리미어12,4,국가대표 +1 / 명성: 2015 골든글러브 / 국가대표 +1은 4코인까지,시즌 전 확정
2016,김재환,10643,두산,5.9,,3488,역산 추정,332,1,0,0,,1,1,Y,2015,,2,풀타임 최소 2코인,직전 시즌까지의 성적으로 추정
2016,김정혁,10726,삼성,-0.6,,4050,역산 추정,199,1,0,0,,1,1,,,,1,,직전 시즌까지의 성적으로 추정
2016,김종민,11327,KT,-0.2,,3762,역산 추정,298,1,0,0,,1,1,,,,1,,직전 시즌까지의 성적으로 추정
2016,김종호,10333,NC,-0.0,,9405,역산 추정,125,2,0,0,,2,2,,,,2,,직전 시즌까지의 성적으로 추정
2016,김주찬,10239,KIA,4.7,FA 2013 4년 보장 50.0억,50000,실제 연봉,32,5,0,0,5,5,5,,,,5,계약 하한 대상(변경 없음),시즌 전 확정
2016,김주한,12531,SK,1.3,,4050,역산 추정,199,1,0,0,,1,1,,,,1,,직전 시즌까지의 성적으로 추정
2016,김주현,11285,롯데,-0.1,,3813,역산 추정,289,1,0,0,,1,1,,,,1,,직전 시즌까지의 성적으로 추정
2016,김주형,10650,KIA,1.0,,3164,역산 추정,366,1,0,0,,1,1,Y,,,2,풀타임 최소 2코인,직전 시즌까지의 성적으로 추정
2016,김준완,11182,NC,1.3,,3947,역산 추정,264,1,0,0,,1,1,,,,1,,직전 시즌까지의 성적으로 추정
2016,김준태,10835,롯데,0.7,,3783,역산 추정,295,1,0,0,,1,1,,,,1,,직전 시즌까지의 성적으로 추정
2016,김지수,10399,넥센,0.6,,3429,역산 추정,343,1,0,0,,1,1,,,,1,,직전 시즌까지의 성적으로 추정
2016,김지열,10551,KT,0.0,,3632,역산 추정,317,1,0,0,,1,1,,,,1,,직전 시즌까지의 성적으로 추정
2016,김지용,10747,LG,2.1,,3439,역산 추정,342,1,0,0,,1,1,Y,,,2,풀타임 최소 2코인,직전 시즌까지의 성적으로 추정
2016,김진성,11166,NC,1.6,,8047,역산 추정,129,2,0,0,,2,2,,,,2,,직전 시즌까지의 성적으로 추정
2016,김진우,10695,KIA,0.3,,30717,역산 추정,77,2,0,1,,3,3,,2006,,3,,직전 시즌까지의 성적으로 추정
2016,김태군,10459,NC,-0.5,,5174,역산 추정,165,1,0,0,,1,1,Y,,,2,풀타임 최소 2코인,직전 시즌까지의 성적으로 추정
2016,김태균,10552,한화,6.9,FA 2016 4년 보장 84.0억,160000,실제 연봉,1,5,0,1,5,5,5,,2005,,5,계약 하한 대상(변경 없음),시즌 전 확정
2016,김태완,10467,삼성,-0.4,,3164,역산 추정,366,1,0,0,,1,1,,,,1,,직전 시즌까지의 성적으로 추정
2016,김태훈,10133,SK,0.3,,3367,역산 추정,349,1,0,0,,1,1,,,,1,,직전 시즌까지의 성적으로 추정
2016,김택형,11373,넥센,-0.0,,3690,역산 추정,311,1,0,0,,1,1,,,,1,,직전 시즌까지의 성적으로 추정
2016,김하성,11224,넥센,3.8,,6851,역산 추정,138,2,1,0,,3,3,,,,3,,직전 시즌까지의 성적으로 추정
2016,김현우,10358,삼성,0.2,,3919,역산 추정,269,1,0,0,,1,1,,,,1,,직전 시즌까지의 성적으로 추정
2016,김호령,11298,KIA,0.7,,3872,역산 추정,280,1,0,0,,1,1,Y,,,2,풀타임 최소 2코인,직전 시즌까지의 성적으로 추정
2016,김회성,10554,한화,0.0,,3242,역산 추정,359,1,0,0,,1,1,,,,1,,직전 시즌까지의 성적으로 추정
2016,나경민,12592,롯데,-0.0,,4050,역산 추정,199,1,0,0,,1,1,,,,1,,직전 시즌까지의 성적으로 추정
2016,나성범,11162,NC,4.3,,20694,역산 추정,88,2,0,1,,3,3,,2017,2015 프리미어12,4,국가대표 +1,직전 시즌까지의 성적으로 추정
2016,나주환,10092,SK,0.5,FA 2015 2년 보장 5.5억,55000,FA 연봉 부분,29,4,0,0,4,4,4,,,,4,계약 하한 대상(변경 없음),시즌 전 확정
2016,나지완,10030,KIA,4.2,,39200,역산 추정,59,3,-1,0,,2,2,,,,2,,직전 시즌까지의 성적으로 추정
2016,남태혁,12521,KT,-0.4,,4050,역산 추정,199,1,0,0,,1,1,,,,1,,직전 시즌까지의 성적으로 추정
2016,노경은,10203,두산,0.4,,31042,역산 추정,75,2,0,0,,2,2,,2007,,2,,직전 시즌까지의 성적으로 추정
2016,노경은,10203,롯데,0.4,,31042,역산 추정,75,2,0,0,,2,2,,2007,,2,,직전 시즌까지의 성적으로 추정
2016,노수광,11268,KIA,1.5,,4050,역산 추정,199,1,0,0,,1,1,,,,1,,직전 시즌까지의 성적으로 추정
2016,류제국,11090,LG,3.7,,9784,역산 추정,124,2,0,0,,2,4,,2017,,4,신인 하한,직전 시즌까지의 성적으로 추정
2016,류지혁,10894,두산,1.7,,4050,역산 추정,199,1,0,0,,1,1,,,,1,,직전 시즌까지의 성적으로 추정
2016,류희운,12655,KT,-0.1,,4050,역산 추정,199,1,0,0,,1,4,,2020,,4,신인 하한,직전 시즌까지의 성적으로 추정
2016,마정길,10436,넥센,1.2,FA 2016 2년 보장 6.2억,31000,FA 연봉 부분,76,3,0,0,3,3,3,,,,3,계약 하한 대상(변경 없음),시즌 전 확정
2016,모창민,10093,NC,1.3,,6314,역산 추정,144,2,0,0,,2,2,,,,2,,직전 시즌까지의 성적으로 추정
2016,문광은,10130,SK,-0.5,,4484,역산 추정,182,1,-1,0,,1,3,,2014,,1,"신인 하한 / 신인 하한 종료(달력 5시즌, 군 복무 외 공백은 연장 안 함)",직전 시즌까지의 성적으로 추정
2016,문규현,10240,롯데,1.6,,3300,역산 추정,353,1,0,0,,1,1,Y,,,2,풀타임 최소 2코인,직전 시즌까지의 성적으로 추정
2016,문상철,11333,KT,-0.6,,3729,역산 추정,303,1,0,0,,1,1,,,,1,,직전 시즌까지의 성적으로 추정
2016,문선재,10468,LG,1.5,,3541,역산 추정,327,1,0,0,,1,1,,,,1,,직전 시즌까지의 성적으로 추정
2016,문승원,10783,SK,0.2,,3462,역산 추정,337,1,0,0,,1,1,,,,1,,직전 시즌까지의 성적으로 추정
2016,민병헌,10188,두산,3.4,,16955,역산 추정,96,2,0,0,,2,2,,2010,2015 프리미어12,3,국가대표 +1,직전 시즌까지의 성적으로 추정
2016,민태호,10434,NC,0.2,,3386,역산 추정,346,1,0,0,,1,1,,,,1,,직전 시즌까지의 성적으로 추정
2016,박건우,10189,두산,4.2,,3934,역산 추정,267,1,0,0,,1,1,Y,,,2,풀타임 최소 2코인,직전 시즌까지의 성적으로 추정
2016,박경수,10469,KT,4.4,FA 2015 4년 보장 16.2억,40500,FA 연봉 부분,47,3,1,0,3,4,4,,2007,,4,계약 하한 대상(변경 없음),시즌 전 확정
2016,박근홍,11112,삼성,0.4,,7512,역산 추정,132,2,0,0,,2,2,,,,2,,직전 시즌까지의 성적으로 추정
2016,박기혁,10241,KT,-0.3,FA 2015 4년 보장 10.200000000000001억,34000,FA 연봉 부분,71,3,0,0,3,3,3,,,,3,계약 하한 대상(변경 없음),시즌 전 확정
2016,박동원,10387,넥센,0.9,,5095,역산 추정,168,1,0,0,,1,1,Y,,,2,풀타임 최소 2코인,직전 시즌까지의 성적으로 추정
2016,박민규,10361,삼성,0.1,,3471,역산 추정,336,1,0,0,,1,1,,,,1,,직전 시즌까지의 성적으로 추정
2016,박민석,10205,NC,0.9,,3579,역산 추정,323,1,0,0,,1,1,,,,1,,직전 시즌까지의 성적으로 추정
2016,박민우,11137,NC,4.0,,10300,역산 추정,120,2,1,0,,3,3,,,,3,,직전 시즌까지의 성적으로 추정
2016,박민호,11236,SK,0.5,,3809,역산 추정,291,1,0,0,,1,1,,,,1,,직전 시즌까지의 성적으로 추정
2016,박석민,10322,NC,3.2,FA 2016 4년 보장 96.0억,75000,실제 연봉,14,5,1,1,5,5,5,,,,5,계약 하한 대상(변경 없음),시즌 전 확정
2016,박세웅,11310,롯데,1.9,,5272,역산 추정,161,1,0,0,,1,1,Y,,,2,풀타임 최소 2코인,직전 시즌까지의 성적으로 추정
2016,박세진,12572,KT,0.2,,4050,역산 추정,199,1,0,0,,1,3,,2020,,3,신인 하한,직전 시즌까지의 성적으로 추정
2016,박세혁,10891,두산,0.3,,3490,역산 추정,330,1,0,0,,1,1,,,,1,,직전 시즌까지의 성적으로 추정
2016,박승욱,10804,SK,0.6,,4050,역산 추정,199,1,0,0,,1,1,,,,1,,직전 시즌까지의 성적으로 추정
2016,박시영,10737,롯데,0.8,,4050,역산 추정,199,1,0,0,,1,1,,,,1,,직전 시즌까지의 성적으로 추정
2016,박용근,10471,KT,-0.4,,3164,역산 추정,366,1,0,0,,1,1,,,,1,,직전 시즌까지의 성적으로 추정
2016,박용택,10485,LG,3.3,FA 2015 4년 보장 50.0억,80000,실제 연봉,10,5,0,1,5,5,5,,2006,,5,계약 하한 대상(변경 없음),시즌 전 확정
2016,박재상,10112,SK,0.8,FA 2016 2년 보장 5.5억,27500,FA 연봉 부분,81,3,0,0,3,3,3,,,,3,계약 하한 대상(변경 없음),시즌 전 확정
2016,박재욱,12512,LG,-0.5,,4050,역산 추정,199,1,0,0,,1,1,,,,1,,직전 시즌까지의 성적으로 추정
2016,박정권,10096,SK,1.1,FA 2016 4년 보장 30.0억,40000,실제 연봉,48,5,0,0,5,5,5,,,,5,계약 하한 대상(변경 없음),시즌 전 확정
2016,박정배,10206,SK,-0.2,,3861,역산 추정,284,1,0,0,,1,1,,,,1,,직전 시즌까지의 성적으로 추정
2016,박정음,10866,넥센,1.5,,4050,역산 추정,199,1,0,0,,1,1,,,,1,,직전 시즌까지의 성적으로 추정
2016,박정진,10596,한화,0.2,,38504,역산 추정,68,2,0,0,,2,2,,,,2,,직전 시즌까지의 성적으로 추정
2016,박종윤,10243,롯데,-0.2,,3620,역산 추정,320,1,0,0,,1,1,,,,1,,직전 시즌까지의 성적으로 추정
2016,박종훈,10131,SK,1.8,,4584,역산 추정,178,1,0,0,,1,1,Y,,,2,풀타임 최소 2코인,직전 시즌까지의 성적으로 추정
2016,박주현,11375,넥센,0.9,,4050,역산 추정,199,1,0,0,,1,1,Y,,,2,풀타임 최소 2코인,직전 시즌까지의 성적으로 추정
2016,박준표,11070,KIA,0.1,,3528,역산 추정,329,1,0,0,,1,1,,,,1,,직전 시즌까지의 성적으로 추정
2016,박진형,11425,롯데,1.3,,4050,역산 추정,199,1,0,0,,1,1,Y,,,2,풀타임 최소 2코인,직전 시즌까지의 성적으로 추정
2016,박찬호,11261,KIA,-0.4,,3534,역산 추정,328,1,0,0,,1,1,,,,1,,직전 시즌까지의 성적으로 추정
2016,박한길,11503,롯데,0.0,,3878,역산 추정,279,1,0,0,,1,1,,,,1,,직전 시즌까지의 성적으로 추정
2016,박한이,10336,삼성,1.3,FA 2014 4년 보장 28.0억,45000,실제 연봉,40,5,0,1,5,5,4,,,,4,계약 하한 대상(변경 없음)/커리어 로우·지정 하향,시즌 전 확정
2016,박해민,11190,삼성,2.8,,8129,역산 추정,128,2,0,0,,2,2,,,,2,,직전 시즌까지의 성적으로 추정
2016,박헌도,10410,롯데,0.1,,3890,역산 추정,277,1,0,0,,1,1,,,,1,,직전 시즌까지의 성적으로 추정
2016,박희수,10135,SK,1.8,,12772,역산 추정,107,2,0,0,,2,2,,,,2,,직전 시즌까지의 성적으로 추정
2016,배민관,10923,LG,0.0,,4050,역산 추정,199,1,0,0,,1,1,,,,1,,직전 시즌까지의 성적으로 추정
2016,배영섭,10337,삼성,1.1,,10889,역산 추정,115,2,0,0,,2,2,,,,2,,직전 시즌까지의 성적으로 추정
2016,배우열,10512,KT,0.2,,3248,역산 추정,358,1,0,0,,1,1,,,,1,,직전 시즌까지의 성적으로 추정
2016,배장호,10281,롯데,0.9,,6573,역산 추정,139,2,0,0,,2,2,,,,2,,직전 시즌까지의 성적으로 추정
2016,배재환,11248,NC,0.2,,4050,역산 추정,199,1,0,0,,1,1,,,,1,,직전 시즌까지의 성적으로 추정
2016,배정대,11212,KT,-0.5,,3606,역산 추정,321,1,0,0,,1,1,,,,1,,직전 시즌까지의 성적으로 추정
2016,배힘찬,10440,KIA,-0.2,,3164,역산 추정,366,1,0,0,,1,1,,,,1,,직전 시즌까지의 성적으로 추정
2016,백상원,10324,삼성,1.7,,3810,역산 추정,290,1,0,0,,1,1,Y,,,2,풀타임 최소 2코인,직전 시즌까지의 성적으로 추정
2016,백용환,10003,KIA,-0.1,,3406,역산 추정,344,1,0,0,,1,1,,,,1,,직전 시즌까지의 성적으로 추정
2016,백정현,10363,삼성,1.0,,3702,역산 추정,308,1,0,0,,1,1,Y,2013,,2,풀타임 최소 2코인,직전 시즌까지의 성적으로 추정
2016,봉중근,10514,LG,0.5,,39200,역산 추정,59,3,0,1,,4,4,,2011,,4,,직전 시즌까지의 성적으로 추정
2016,서건창,10855,넥센,4.6,,30045,역산 추정,78,2,0,1,,3,3,,,,4,변동 완충(−1까지),직전 시즌까지의 성적으로 추정
2016,서동욱,10486,KIA,3.4,,3901,역산 추정,275,1,0,0,,1,1,Y,,,2,풀타임 최소 2코인,직전 시즌까지의 성적으로 추정
2016,서상우,10859,LG,0.5,,4214,역산 추정,188,1,0,0,,1,1,,,,1,,직전 시즌까지의 성적으로 추정
2016,서진용,10784,SK,0.2,,3909,역산 추정,272,1,0,0,,1,1,,,,1,,직전 시즌까지의 성적으로 추정
2016,손승락,10442,롯데,1.2,FA 2016 4년 보장 60.0억,70000,실제 연봉,19,5,-1,0,5,4,4,,,,4,계약 하한(가격 변경),시즌 전 확정
2016,손시헌,10177,NC,3.5,FA 2014 4년 보장 28.0억,40000,실제 연봉,48,5,0,0,5,5,5,,,,5,계약 하한 대상(변경 없음),시즌 전 확정
2016,손아섭,10261,롯데,5.1,,60000,실제 연봉,24,4,0,1,,5,5,,,2015 프리미어12,5,,시즌 전 확정
2016,손용석,10247,롯데,-0.3,,3320,역산 추정,352,1,0,0,,1,3,,2011,,1,"신인 하한 / 신인 하한 종료(달력 5시즌, 군 복무 외 공백은 연장 안 함)",직전 시즌까지의 성적으로 추정
2016,손주인,10325,LG,2.5,,4963,역산 추정,170,1,0,0,,1,1,Y,,,2,풀타임 최소 2코인,직전 시즌까지의 성적으로 추정
2016,송광민,10555,한화,2.7,,6312,역산 추정,145,2,0,0,,2,2,,2011,,2,,직전 시즌까지의 성적으로 추정
2016,송승준,10285,롯데,-0.1,FA 2016 4년 보장 40.0억,40000,실제 연봉,48,5,0,1,5,5,4,,2011,,4,계약 하한 대상(변경 없음)/커리어 로우·지정 하향,시즌 전 확정
2016,송신영,10443,한화,0.2,,16275,역산 추정,98,2,0,0,,2,2,,,,2,,직전 시즌까지의 성적으로 추정
2016,송은범,10137,한화,0.9,FA 2015 4년 보장 30.0억,45000,실제 연봉,40,5,0,0,5,5,5,,2007,,5,계약 하한 대상(변경 없음),시즌 전 확정
2016,송주호,10326,한화,-0.9,,3166,역산 추정,365,1,0,0,,1,1,,,,1,,직전 시즌까지의 성적으로 추정
2016,송창식,10598,한화,1.4,,15150,역산 추정,101,2,-1,0,,1,1,Y,2008,,2,풀타임 최소 2코인,직전 시즌까지의 성적으로 추정
2016,송창현,11118,한화,0.2,,6188,역산 추정,148,2,-1,0,,1,1,,,,1,,직전 시즌까지의 성적으로 추정
2016,신본기,10840,롯데,0.8,,3724,역산 추정,305,1,0,0,,1,1,,,,1,,직전 시즌까지의 성적으로 추정
2016,신성현,11492,한화,0.1,,4036,역산 추정,259,1,0,0,,1,1,,,,1,,직전 시즌까지의 성적으로 추정
2016,신승현,10138,LG,0.0,,10276,역산 추정,121,2,0,0,,2,2,,,,2,,직전 시즌까지의 성적으로 추정
2016,신용운,10055,삼성,-0.1,,12820,역산 추정,105,2,0,0,,2,2,,,,2,,직전 시즌까지의 성적으로 추정
2016,신재영,11149,넥센,5.4,,4050,역산 추정,199,1,0,0,,1,1,Y,,,2,풀타임 최소 2코인,직전 시즌까지의 성적으로 추정
2016,신재웅,10921,SK,-0.2,,7142,역산 추정,136,2,-1,0,,1,1,,,,1,,직전 시즌까지의 성적으로 추정
2016,신종길,10031,KIA,0.4,,4688,역산 추정,177,1,0,0,,1,1,,,,1,,직전 시즌까지의 성적으로 추정
2016,심동섭,10056,KIA,0.0,,11500,역산 추정,111,2,-1,0,,1,1,Y,2015,,2,풀타임 최소 2코인,직전 시즌까지의 성적으로 추정
2016,심수창,10518,한화,0.1,FA 2016 4년 보장 13.0억,32500,FA 연봉 부분,73,3,-1,0,3,2,3,,,,3,계약 하한(가격 변경),시즌 전 확정
2016,심우준,11334,KT,-0.2,,3472,역산 추정,335,1,0,0,,1,1,,,,1,,직전 시즌까지의 성적으로 추정
2016,심재민,11311,KT,0.5,,5534,역산 추정,156,1,-1,0,,1,3,,2019,,3,신인 하한,직전 시즌까지의 성적으로 추정
2016,심창민,10720,삼성,2.2,,13819,역산 추정,103,2,0,0,,2,4,,2016,2015 프리미어12,4,신인 하한 / 국가대표 +1 / 국가대표 +1은 4코인까지,직전 시즌까지의 성적으로 추정
2016,안규영,10729,두산,0.1,,3277,역산 추정,355,1,0,0,,1,1,,,,1,,직전 시즌까지의 성적으로 추정
2016,안익훈,11347,LG,0.2,,4055,역산 추정,198,1,0,0,,1,1,,,,1,,직전 시즌까지의 성적으로 추정
2016,안지만,10364,삼성,-0.1,FA 2015 4년 보장 65.0억,75000,실제 연봉,14,5,0,1,5,5,4,,,,4,계약 하한 대상(변경 없음)/커리어 로우·지정 하향,시즌 전 확정
2016,안치홍,10014,KIA,0.1,,39200,역산 추정,59,3,0,0,,3,3,,2013,,3,,직전 시즌까지의 성적으로 추정
2016,안현준,11312,KT,0.2,,3921,역산 추정,268,1,0,0,,1,1,,,,1,,직전 시즌까지의 성적으로 추정
2016,양석환,11213,LG,0.6,,4320,역산 추정,185,1,-1,0,,1,1,,,,1,,직전 시즌까지의 성적으로 추정
2016,양성우,10916,한화,0.1,,3562,역산 추정,324,1,0,0,,1,1,Y,,,2,풀타임 최소 2코인,직전 시즌까지의 성적으로 추정
2016,양의지,10165,두산,5.0,,42000,실제 연봉,44,3,1,1,,5,5,,,2015 프리미어12,5,,시즌 전 확정
2016,양현종,10058,KIA,5.5,,75000,실제 연봉,14,5,1,1,,5,5,,2011,,5,,시즌 전 확정
2016,양훈,10602,넥센,-0.5,,22940,역산 추정,84,2,0,0,,2,2,,,,2,,직전 시즌까지의 성적으로 추정
2016,엄상백,11318,KT,-0.2,,4934,역산 추정,171,1,0,0,,1,3,,2019,,3,신인 하한,직전 시즌까지의 성적으로 추정
2016,오선진,10557,한화,0.0,,3782,역산 추정,296,1,0,0,,1,1,,,,1,,직전 시즌까지의 성적으로 추정
2016,오재원,10178,두산,1.1,FA 2016 4년 보장 38.0억,55000,실제 연봉,29,5,0,0,5,5,5,,,2015 프리미어12,5,계약 하한 대상(변경 없음),시즌 전 확정
2016,오재일,10400,두산,4.5,,3604,역산 추정,322,1,0,0,,1,1,Y,,,2,풀타임 최소 2코인,직전 시즌까지의 성적으로 추정
2016,오정복,10340,KT,0.0,,3680,역산 추정,313,1,0,0,,1,1,,,,1,,직전 시즌까지의 성적으로 추정
2016,오주원,10445,넥센,1.4,,32399,역산 추정,74,2,0,0,,2,2,,,,2,,직전 시즌까지의 성적으로 추정
2016,오준혁,10672,KIA,0.1,,3753,역산 추정,300,1,0,0,,1,1,,,,1,,직전 시즌까지의 성적으로 추정
2016,오지환,10475,LG,4.9,,39200,역산 추정,59,3,0,0,,3,3,,2014,,3,,직전 시즌까지의 성적으로 추정
2016,오태곤,10249,롯데,-0.2,,3695,역산 추정,310,1,0,0,,1,1,,,,1,,직전 시즌까지의 성적으로 추정
2016,오현택,10210,두산,-0.1,,12775,역산 추정,106,2,-1,0,,1,1,,,,1,,직전 시즌까지의 성적으로 추정
2016,용덕한,10166,NC,-0.1,,3164,역산 추정,366,1,0,0,,1,1,,,,1,,직전 시즌까지의 성적으로 추정
2016,우규민,10523,LG,1.8,,40000,실제 연봉,48,3,0,1,,4,4,,2008,2015 프리미어12,4,국가대표 +1 / 국가대표 +1은 4코인까지,시즌 전 확정
2016,우동균,10341,삼성,0.1,,3826,역산 추정,287,1,0,0,,1,1,,2012,,1,,직전 시즌까지의 성적으로 추정
2016,원종현,11161,NC,2.4,,5950,역산 추정,151,1,0,0,,1,3,,2018,,3,신인 하한,직전 시즌까지의 성적으로 추정
2016,유강남,10753,LG,1.0,,4269,역산 추정,186,1,0,0,,1,1,,,,1,,직전 시즌까지의 성적으로 추정
2016,유경국,10522,LG,0.0,,4050,역산 추정,199,1,0,0,,1,1,,,,1,,직전 시즌까지의 성적으로 추정
2016,유민상,10895,KT,-0.3,,3865,역산 추정,283,1,0,0,,1,1,,,,1,,직전 시즌까지의 성적으로 추정
2016,유원상,10604,LG,-0.7,,18136,역산 추정,94,2,0,0,,2,2,,2011,,2,,직전 시즌까지의 성적으로 추정
2016,유재신,10401,넥센,0.1,,3388,역산 추정,345,1,0,0,,1,1,,,,1,,직전 시즌까지의 성적으로 추정
2016,유재유,12544,LG,-0.3,,4050,역산 추정,199,1,0,0,,1,1,,,,1,,직전 시즌까지의 성적으로 추정
2016,유한준,10627,KT,2.0,FA 2016 4년 보장 60.0억,60000,실제 연봉,24,5,1,1,5,5,5,,,,5,계약 하한 대상(변경 없음) / 명성: 2015 골든글러브,시즌 전 확정
2016,유희관,10213,두산,4.5,,40000,실제 연봉,48,3,0,0,,3,3,,,,3,,시즌 전 확정
2016,윤규진,10606,한화,0.8,,23188,역산 추정,83,2,0,0,,2,2,,,,2,,직전 시즌까지의 성적으로 추정
2016,윤길현,10142,롯데,0.1,FA 2016 4년 보장 38.0억,50000,실제 연봉,32,5,0,0,5,5,4,,,,4,계약 하한 대상(변경 없음)/커리어 로우·지정 하향,시즌 전 확정
2016,윤명준,10885,두산,1.4,,7761,역산 추정,130,2,0,0,,2,2,,,,2,,직전 시즌까지의 성적으로 추정
2016,윤석민,10061,KIA,1.0,FA 2015 4년 보장 90.0억,125000,실제 연봉,2,5,0,1,5,5,5,,,,5,계약 하한 대상(변경 없음),시즌 전 확정
2016,윤석민,10644,넥센,3.0,,4817,역산 추정,174,1,0,0,,1,1,Y,,,2,풀타임 최소 2코인,직전 시즌까지의 성적으로 추정
2016,윤성환,10368,삼성,4.5,FA 2015 4년 보장 80.0억,80000,실제 연봉,10,5,1,1,5,5,5,,2008,,5,계약 하한 대상(변경 없음),시즌 전 확정
2016,윤요섭,10081,KT,0.1,,3164,역산 추정,366,1,0,0,,1,1,,,,1,,직전 시즌까지의 성적으로 추정
2016,윤정우,10651,KIA,0.4,,4050,역산 추정,199,1,0,0,,1,1,,,,1,,직전 시즌까지의 성적으로 추정
2016,윤지웅,10657,LG,-0.2,,11992,역산 추정,109,2,0,0,,2,2,,,,2,,직전 시즌까지의 성적으로 추정
2016,윤해진,10816,KIA,-0.2,,3332,역산 추정,351,1,0,0,,1,1,,,,1,,직전 시즌까지의 성적으로 추정
2016,윤희상,10145,SK,2.8,,11000,역산 추정,113,2,0,0,,2,2,,2008,,2,,직전 시즌까지의 성적으로 추정
2016,이대형,10490,KT,-0.6,FA 2014 4년 보장 22.0억,55000,FA 연봉 부분,29,4,0,0,4,4,4,,,,4,계약 하한 대상(변경 없음),시즌 전 확정
2016,이동걸,10778,한화,0.1,,3164,역산 추정,366,1,0,0,,1,1,,,,1,,직전 시즌까지의 성적으로 추정
2016,이동현,10524,LG,-0.1,FA 2016 3년 보장 30.0억,60000,실제 연봉,24,5,-1,0,5,4,4,,,,4,계약 하한(가격 변경),시즌 전 확정
2016,이명기,10119,SK,0.0,,5879,역산 추정,152,1,0,0,,1,1,,,,1,,직전 시즌까지의 성적으로 추정
2016,이명우,10290,롯데,-0.3,,20786,역산 추정,87,2,-1,0,,1,1,,,,1,,직전 시즌까지의 성적으로 추정
2016,이민호,11151,NC,1.2,,11998,역산 추정,108,2,0,0,,2,3,,2017,,3,신인 하한,직전 시즌까지의 성적으로 추정
2016,이범호,10559,KIA,4.2,FA 2016 4년 보장 36.0억,65000,실제 연봉,23,5,0,0,5,5,4,,,,4,계약 하한 대상(변경 없음)/커리어 로우·지정 하향,시즌 전 확정
2016,이병규,10477,LG,1.2,FA 2014 3년 보장 25.5억,85000,FA 연봉 부분,8,5,0,0,5,5,5,,,,5,계약 하한 대상(변경 없음),시즌 전 확정
2016,이보근,10448,넥센,0.9,,14976,역산 추정,102,2,0,0,,2,2,,,,2,,직전 시즌까지의 성적으로 추정
2016,이상화,10831,KT,-0.4,,3444,역산 추정,340,1,0,0,,1,3,,2013,,1,"신인 하한 / 신인 하한 종료(달력 5시즌, 군 복무 외 공백은 연장 안 함)",직전 시즌까지의 성적으로 추정
2016,이성민,11154,롯데,-0.0,,5369,역산 추정,160,1,-1,0,,1,1,,,,1,,직전 시즌까지의 성적으로 추정
2016,이성열,10168,한화,1.1,FA 2015 2년 보장 5.0억,25480,FA 연봉 부분,82,3,0,0,3,3,3,,,,3,계약 하한 대상(변경 없음),시즌 전 확정
2016,이성우,10004,KIA,-0.2,,3164,역산 추정,366,1,0,0,,1,1,,,,1,,직전 시즌까지의 성적으로 추정
2016,이승엽,10881,삼성,2.7,FA 2016 2년 보장 36.0억,100000,실제 연봉,4,5,0,1,5,5,4,,1999,,4,계약 하한 대상(변경 없음)/커리어 로우·지정 하향,시즌 전 확정
2016,이승현,10527,LG,0.4,,3869,역산 추정,281,1,0,0,,1,1,,,,1,,직전 시즌까지의 성적으로 추정
2016,이양기,10573,한화,-0.3,,3164,역산 추정,366,1,0,0,,1,1,,,,1,,직전 시즌까지의 성적으로 추정
2016,이여상,10560,롯데,-0.4,,3999,역산 추정,261,1,0,0,,1,1,,,,1,,직전 시즌까지의 성적으로 추정
2016,이영욱,10342,삼성,-0.2,,5211,역산 추정,163,1,0,0,,1,1,,,,1,,직전 시즌까지의 성적으로 추정
2016,이용규,10035,한화,4.5,FA 2014 4년 보장 60.0억,70000,실제 연봉,19,5,0,1,5,5,5,,,2015 프리미어12,5,계약 하한 대상(변경 없음),시즌 전 확정
2016,이용찬,10217,두산,0.2,,29865,역산 추정,79,2,0,0,,2,2,,2012,,2,,직전 시즌까지의 성적으로 추정
2016,이우민,11398,롯데,-0.3,,3164,역산 추정,366,1,0,0,,1,1,,,,1,,직전 시즌까지의 성적으로 추정
2016,이재우,10219,한화,-0.1,,16835,역산 추정,97,2,0,0,,2,2,,,,2,,직전 시즌까지의 성적으로 추정
2016,이재원,10082,SK,1.5,,10899,역산 추정,114,2,0,0,,2,2,,2010,,2,,직전 시즌까지의 성적으로 추정
2016,이재학,10220,NC,2.4,,18410,역산 추정,93,2,0,0,,2,2,,,,2,,직전 시즌까지의 성적으로 추정
2016,이정담,10741,SK,0.1,,4050,역산 추정,199,1,0,0,,1,1,,,,1,,직전 시즌까지의 성적으로 추정
2016,이정민,10295,롯데,2.0,,3623,역산 추정,319,1,0,0,,1,1,Y,,,2,풀타임 최소 2코인,직전 시즌까지의 성적으로 추정
2016,이정훈,10296,넥센,-0.1,,19216,역산 추정,92,2,0,0,,2,2,,,,2,,직전 시즌까지의 성적으로 추정
2016,이종욱,10192,NC,1.9,FA 2014 4년 보장 48.0억,50000,실제 연봉,32,5,0,0,5,5,4,,,,4,계약 하한 대상(변경 없음)/커리어 로우·지정 하향,시즌 전 확정
2016,이종환,10941,한화,-0.1,,3164,역산 추정,366,1,0,0,,1,1,,,,1,,직전 시즌까지의 성적으로 추정
2016,이준영,11303,KIA,-0.2,,4050,역산 추정,199,1,0,0,,1,1,,,,1,,직전 시즌까지의 성적으로 추정
2016,이준형,10903,LG,0.4,,4050,역산 추정,199,1,0,0,,1,1,,,,1,,직전 시즌까지의 성적으로 추정
2016,이지영,10312,삼성,1.2,,5196,역산 추정,164,1,0,0,,1,1,Y,,,2,풀타임 최소 2코인,직전 시즌까지의 성적으로 추정
2016,이진석,11371,SK,-0.2,,4050,역산 추정,199,1,0,0,,1,1,,,,1,,직전 시즌까지의 성적으로 추정
2016,이진영,10492,KT,1.4,FA 2013 4년 보장 34.0억,60000,실제 연봉,24,5,0,0,5,5,4,,,,4,계약 하한 대상(변경 없음)/커리어 로우·지정 하향,시즌 전 확정
2016,이진영,12539,KIA,-0.5,,4050,역산 추정,199,1,0,0,,1,1,,,,1,,직전 시즌까지의 성적으로 추정
2016,이창재,11320,KT,0.3,,3696,역산 추정,309,1,0,0,,1,1,,,,1,,직전 시즌까지의 성적으로 추정
2016,이천웅,10935,LG,1.0,,4050,역산 추정,199,1,0,0,,1,1,,,,1,,직전 시즌까지의 성적으로 추정
2016,이태양,10681,NC,1.3,,7256,역산 추정,134,2,0,0,,2,2,,,2015 프리미어12,3,국가대표 +1,직전 시즌까지의 성적으로 추정
2016,이태양,10609,한화,2.3,,5159,역산 추정,166,1,0,0,,1,1,Y,,,2,풀타임 최소 2코인,직전 시즌까지의 성적으로 추정
2016,이택근,10493,넥센,1.1,FA 2016 4년 보장 30.0억,50000,실제 연봉,32,5,0,1,5,5,5,,2007,,5,계약 하한 대상(변경 없음),시즌 전 확정
2016,이해창,10391,KT,-0.8,,4050,역산 추정,199,1,0,0,,1,1,,,,1,,직전 시즌까지의 성적으로 추정
2016,이현승,10221,두산,-0.1,,40000,실제 연봉,48,3,0,0,,3,3,,2010,2015 프리미어12,4,국가대표 +1,시즌 전 확정
2016,이현호,10677,두산,-0.4,,5413,역산 추정,159,1,0,0,,1,3,,2019,,3,신인 하한,직전 시즌까지의 성적으로 추정
2016,이형종,12516,LG,0.5,,4050,역산 추정,199,1,0,0,,1,4,,2020,,4,신인 하한,직전 시즌까지의 성적으로 추정
2016,이호신,10038,KIA,-0.4,,3164,역산 추정,366,1,0,0,,1,1,,,,1,,직전 시즌까지의 성적으로 추정
2016,이호준,10101,NC,2.0,,75000,실제 연봉,14,5,0,0,,5,5,,,,5,,시즌 전 확정
2016,이홍구,11071,KIA,0.4,,3557,역산 추정,325,1,0,0,,1,1,,,,1,,직전 시즌까지의 성적으로 추정
2016,이흥련,11108,삼성,-0.0,,3748,역산 추정,302,1,0,0,,1,1,,,,1,,직전 시즌까지의 성적으로 추정
2016,임기준,10066,KIA,0.4,,3729,역산 추정,303,1,0,0,,1,1,,,,1,,직전 시즌까지의 성적으로 추정
2016,임대한,12558,삼성,0.2,,4050,역산 추정,199,1,0,0,,1,1,,,,1,,직전 시즌까지의 성적으로 추정
2016,임병욱,11226,넥센,1.1,,3890,역산 추정,276,1,0,0,,1,1,,,,1,,직전 시즌까지의 성적으로 추정
2016,임서준,12624,NC,-0.0,,4050,역산 추정,199,1,0,0,,1,1,,,,1,,직전 시즌까지의 성적으로 추정
2016,임정우,10713,LG,1.5,,10816,역산 추정,116,2,0,0,,2,2,,,,2,,직전 시즌까지의 성적으로 추정
2016,임정호,11168,NC,-0.4,,6062,역산 추정,149,2,0,0,,2,2,,,,2,,직전 시즌까지의 성적으로 추정
2016,임준혁,10068,KIA,-0.6,,6225,역산 추정,147,2,0,0,,2,2,,,,2,,직전 시즌까지의 성적으로 추정
2016,임준혁,10068,SK,-0.6,,6225,역산 추정,147,2,0,0,,2,2,,,,2,,직전 시즌까지의 성적으로 추정
2016,임찬규,10652,LG,0.3,,5423,역산 추정,158,1,0,0,,1,3,,2015,,3,신인 하한,직전 시즌까지의 성적으로 추정
2016,임창민,10452,NC,2.4,,9865,역산 추정,122,2,0,0,,2,2,,,2015 프리미어12,3,국가대표 +1,직전 시즌까지의 성적으로 추정
2016,임창용,11281,KIA,0.5,,39200,역산 추정,59,3,0,1,,4,4,,,,4,명성: 2015 세이브 1위,직전 시즌까지의 성적으로 추정
2016,임훈,10120,LG,-0.1,,7332,역산 추정,133,2,0,0,,2,2,,,,2,,직전 시즌까지의 성적으로 추정
2016,장민석,10416,한화,-1.4,,6368,역산 추정,143,2,0,0,,2,2,,,,2,,직전 시즌까지의 성적으로 추정
2016,장민재,10610,한화,2.3,,4217,역산 추정,187,1,0,0,,1,1,Y,,,2,풀타임 최소 2코인,직전 시즌까지의 성적으로 추정
2016,장시환,10453,KT,-0.3,,5098,역산 추정,167,1,0,0,,1,1,Y,2011,,2,풀타임 최소 2코인,직전 시즌까지의 성적으로 추정
2016,장영석,10404,넥센,-0.2,,3370,역산 추정,348,1,0,0,,1,1,,,,1,,직전 시즌까지의 성적으로 추정
2016,장운호,11122,한화,-0.3,,3754,역산 추정,299,1,0,0,,1,1,,,,1,,직전 시즌까지의 성적으로 추정
2016,장원삼,10375,삼성,-0.1,FA 2014 4년 보장 60.0억,75000,실제 연봉,14,5,0,0,5,5,4,,2010,,4,계약 하한 대상(변경 없음)/커리어 로우·지정 하향,시즌 전 확정
2016,장원준,10299,두산,5.4,FA 2015 4년 보장 80.0억,100000,실제 연봉,4,5,0,0,5,5,5,,2008,2015 프리미어12,5,계약 하한 대상(변경 없음),시즌 전 확정
2016,장진용,10750,LG,-0.3,,3164,역산 추정,366,1,0,0,,1,1,,,,1,,직전 시즌까지의 성적으로 추정
2016,장필준,11404,삼성,1.4,,4050,역산 추정,199,1,0,0,,1,1,Y,,,2,풀타임 최소 2코인,직전 시즌까지의 성적으로 추정
2016,장현식,11164,NC,1.9,,4050,역산 추정,199,1,0,0,,1,1,Y,,,2,풀타임 최소 2코인,직전 시즌까지의 성적으로 추정
2016,전민수,10417,KT,0.9,,4050,역산 추정,199,1,0,0,,1,1,,,,1,,직전 시즌까지의 성적으로 추정
2016,전상현,12537,KIA,-0.2,,4050,역산 추정,199,1,0,0,,1,1,,,,1,,직전 시즌까지의 성적으로 추정
2016,전유수,10841,SK,0.3,,11808,역산 추정,110,2,0,0,,2,2,,,,2,,직전 시즌까지의 성적으로 추정
2016,전인환,10928,LG,0.2,,4050,역산 추정,199,1,0,0,,1,1,,,,1,,직전 시즌까지의 성적으로 추정
2016,전준우,10266,롯데,-0.2,,19223,역산 추정,91,2,0,0,,2,2,,,,2,,직전 시즌까지의 성적으로 추정
2016,정근우,10103,한화,4.2,FA 2014 4년 보장 63.0억,70000,실제 연봉,19,5,0,0,5,5,5,,2009,2015 프리미어12,5,계약 하한 대상(변경 없음),시즌 전 확정
2016,정대현,10154,롯데,0.0,,38423,역산 추정,69,2,0,0,,2,2,,,2015 프리미어12,3,국가대표 +1,직전 시즌까지의 성적으로 추정
2016,정대현,10224,KT,0.1,,4073,역산 추정,196,1,0,0,,1,1,Y,,,2,풀타임 최소 2코인,직전 시즌까지의 성적으로 추정
2016,정대훈,10611,한화,0.3,,4873,역산 추정,173,1,-1,0,,1,1,,,,1,,직전 시즌까지의 성적으로 추정
2016,정동현,12536,KIA,0.2,,4050,역산 추정,199,1,0,0,,1,1,,,,1,,직전 시즌까지의 성적으로 추정
2016,정상호,10083,LG,-0.1,FA 2016 4년 보장 30.0억,50000,실제 연봉,32,5,0,0,5,5,5,,2005,,4,계약 하한 대상(변경 없음) / 편집 지정 4,시즌 전 확정
2016,정성곤,11321,KT,0.3,,3804,역산 추정,293,1,0,0,,1,1,,,,1,,직전 시즌까지의 성적으로 추정
2016,정성훈,10479,LG,0.9,FA 2013 4년 보장 34.0억,50000,실제 연봉,32,5,0,1,5,5,4,,,,4,계약 하한 대상(변경 없음)/커리어 로우·지정 하향,시즌 전 확정
2016,정수민,12561,NC,0.5,,4050,역산 추정,199,1,0,0,,1,1,,,,1,,직전 시즌까지의 성적으로 추정
2016,정수빈,10195,두산,0.2,,19431,역산 추정,90,2,0,0,,2,2,,,,2,,직전 시즌까지의 성적으로 추정
2016,정영일,12527,SK,0.4,,4050,역산 추정,199,1,0,0,,1,1,,,,1,,직전 시즌까지의 성적으로 추정
2016,정용운,10072,KIA,-0.1,,3490,역산 추정,331,1,0,0,,1,3,,2014,,1,"신인 하한 / 신인 하한 종료(달력 5시즌, 군 복무 외 공백은 연장 안 함)",직전 시즌까지의 성적으로 추정
2016,정용준,11378,넥센,0.1,,4050,역산 추정,199,1,0,0,,1,1,,,,1,,직전 시즌까지의 성적으로 추정
2016,정우람,10156,한화,2.4,FA 2016 4년 보장 84.0억,120000,실제 연봉,3,5,0,0,5,5,5,,,2015 프리미어12,5,계약 하한 대상(변경 없음),시즌 전 확정
2016,정의윤,10655,SK,1.5,,5682,역산 추정,154,1,0,0,,1,1,Y,2009,,2,풀타임 최소 2코인,직전 시즌까지의 성적으로 추정
2016,정인욱,10376,삼성,0.4,,5868,역산 추정,153,1,0,0,,1,1,Y,,,2,풀타임 최소 2코인,직전 시즌까지의 성적으로 추정
2016,정재원,10614,한화,-0.1,,3171,역산 추정,364,1,0,0,,1,1,,,,1,,직전 시즌까지의 성적으로 추정
2016,정재훈,10225,두산,1.6,,28128,역산 추정,80,2,0,0,,2,2,,,,2,,직전 시즌까지의 성적으로 추정
2016,정주현,10480,LG,-0.7,,3550,역산 추정,326,1,0,0,,1,1,,,,1,,직전 시즌까지의 성적으로 추정
2016,정진호,10645,두산,0.4,,3173,역산 추정,363,1,0,0,,1,1,,,,1,,직전 시즌까지의 성적으로 추정
2016,정찬헌,10533,LG,0.2,,9797,역산 추정,123,2,0,0,,2,2,,,,2,,직전 시즌까지의 성적으로 추정
2016,정현욱,10377,LG,-0.2,FA 2013 4년 보장 28.6억,40000,실제 연봉,48,5,0,0,5,5,4,,,,4,계약 하한 대상(변경 없음)/커리어 로우·지정 하향,시즌 전 확정
2016,정회찬,10451,넥센,0.1,,4050,역산 추정,199,1,0,0,,1,1,,,,1,,직전 시즌까지의 성적으로 추정
2016,정훈,10253,롯데,0.7,,11016,역산 추정,112,2,0,0,,2,2,,,,2,,직전 시즌까지의 성적으로 추정
2016,조동찬,10329,삼성,0.5,FA 2015 4년 보장 28.0억,40000,실제 연봉,48,5,0,0,5,5,5,,,,4,계약 하한 대상(변경 없음) / 편집 지정 4,시즌 전 확정
2016,조동화,10121,SK,-1.1,FA 2015 4년 보장 20.0억,50000,FA 연봉 부분,32,4,0,0,4,4,4,,,,4,계약 하한 대상(변경 없음),시즌 전 확정
2016,조무근,11322,KT,-0.1,,4554,역산 추정,180,1,0,0,,1,1,,,2015 프리미어12,2,국가대표 +1,직전 시즌까지의 성적으로 추정
2016,조승수,10227,두산,-0.2,,3456,역산 추정,338,1,0,0,,1,1,,,,1,,직전 시즌까지의 성적으로 추정
2016,조영훈,10330,NC,1.5,,4160,역산 추정,190,1,0,0,,1,1,,,,1,,직전 시즌까지의 성적으로 추정
2016,조인성,10463,한화,-1.5,FA 2016 2년 보장 10.0억,40000,실제 연봉,48,4,0,0,4,4,4,,2002,,4,계약 하한 대상(변경 없음),시즌 전 확정
2016,조현근,10380,삼성,-0.4,,6420,역산 추정,141,2,0,0,,2,2,,,,2,,직전 시즌까지의 성적으로 추정
2016,주권,11323,KT,2.6,,3804,역산 추정,293,1,0,0,,1,4,,2019,,4,신인 하한,직전 시즌까지의 성적으로 추정
2016,지석훈,10683,NC,-1.7,,4571,역산 추정,179,1,-1,0,,1,1,Y,,,2,풀타임 최소 2코인,직전 시즌까지의 성적으로 추정
2016,진야곱,10229,두산,0.5,,3980,역산 추정,262,1,-1,0,,1,3,,2012,,2,"신인 하한 / 신인 하한 종료(달력 5시즌, 군 복무 외 공백은 연장 안 함)",직전 시즌까지의 성적으로 추정
2016,진해수,10075,LG,0.1,,8292,역산 추정,127,2,0,0,,2,2,,,,2,,직전 시즌까지의 성적으로 추정
2016,차우찬,10381,삼성,3.3,,40000,실제 연봉,48,3,0,1,,4,4,,2010,2015 프리미어12,4,국가대표 +1 / 명성: 2015 탈삼진 1위 / 국가대표 +1은 4코인까지,시즌 전 확정
2016,차일목,10005,한화,-0.3,FA 2015 2년 보장 4.5억,22500,FA 연봉 부분,85,3,0,0,3,3,3,,,,3,계약 하한 대상(변경 없음),시즌 전 확정
2016,채병용,10161,SK,2.2,FA 2016 3년 보장 10.5억,35000,FA 연봉 부분,70,3,-1,1,3,3,3,,,,3,계약 하한 대상(변경 없음),시즌 전 확정
2016,채은성,11215,LG,1.8,,3814,역산 추정,288,1,0,0,,1,1,Y,,,2,풀타임 최소 2코인,직전 시즌까지의 성적으로 추정
2016,채태인,10331,넥센,-0.2,,39200,역산 추정,59,3,0,0,,3,3,,2011,,3,,직전 시즌까지의 성적으로 추정
2016,최경철,10085,LG,-0.3,,3164,역산 추정,366,1,0,0,,1,1,,,,1,,직전 시즌까지의 성적으로 추정
2016,최금강,11174,NC,1.7,,5638,역산 추정,155,1,0,0,,1,1,Y,,,2,풀타임 최소 2코인,직전 시즌까지의 성적으로 추정
2016,최동환,10535,LG,0.2,,3175,역산 추정,362,1,0,0,,1,1,,2013,,1,,직전 시즌까지의 성적으로 추정
2016,최성훈,10851,LG,-0.3,,4450,역산 추정,183,1,0,0,,1,1,,,,1,,직전 시즌까지의 성적으로 추정
2016,최승준,11092,SK,1.0,,3684,역산 추정,312,1,0,0,,1,1,,,,1,,직전 시즌까지의 성적으로 추정
2016,최영필,10617,KIA,1.2,,3164,역산 추정,366,1,0,0,,1,1,Y,,,2,풀타임 최소 2코인,직전 시즌까지의 성적으로 추정
2016,최원재,10162,KT,-0.1,,4072,역산 추정,197,1,0,0,,1,1,,,,1,,직전 시즌까지의 성적으로 추정
2016,최원태,11379,넥센,-0.1,,4050,역산 추정,199,1,0,0,,1,4,,2020,,4,신인 하한,직전 시즌까지의 성적으로 추정
2016,최재원,11141,삼성,1.0,,3650,역산 추정,315,1,0,0,,1,1,,,,1,,직전 시즌까지의 성적으로 추정
2016,최정,10106,SK,5.9,FA 2015 4년 보장 82.0억,100000,실제 연봉,4,5,0,1,5,5,5,,2009,,5,계약 하한 대상(변경 없음),시즌 전 확정
2016,최정민,10808,SK,0.5,,4050,역산 추정,199,1,0,0,,1,1,,,,1,,직전 시즌까지의 성적으로 추정
2016,최정용,11407,SK,0.1,,4050,역산 추정,199,1,0,0,,1,1,,,,1,,직전 시즌까지의 성적으로 추정
2016,최주환,10182,두산,-0.2,,4967,역산 추정,169,1,0,0,,1,1,,,,1,,직전 시즌까지의 성적으로 추정
2016,최준석,10183,롯데,1.0,FA 2014 4년 보장 31.0억,77500,FA 연봉 부분,12,5,0,0,5,5,5,,,,5,계약 하한 대상(변경 없음),시즌 전 확정
2016,최진행,10578,한화,0.3,,33000,역산 추정,72,2,0,0,,2,2,,2008,,2,,직전 시즌까지의 성적으로 추정
2016,최충연,12530,삼성,-0.3,,4050,역산 추정,199,1,0,0,,1,4,,2020,,4,신인 하한,직전 시즌까지의 성적으로 추정
2016,최형우,10344,삼성,7.5,,70000,실제 연봉,19,5,0,1,,5,5,,,,5,,시즌 전 확정
2016,하영민,11222,넥센,0.6,,3778,역산 추정,297,1,0,0,,1,1,,,,1,,직전 시즌까지의 성적으로 추정
2016,하주석,10913,한화,0.7,,3370,역산 추정,347,1,0,0,,1,3,,2016,,3,신인 하한,직전 시즌까지의 성적으로 추정
2016,한기주,10077,KIA,-0.4,,20532,역산 추정,89,2,0,0,,2,2,,2010,,2,,직전 시즌까지의 성적으로 추정
2016,한승택,11119,KIA,-0.4,,3280,역산 추정,354,1,0,0,,1,1,,,,1,,직전 시즌까지의 성적으로 추정
2016,한승혁,10812,KIA,-0.3,,3642,역산 추정,316,1,0,0,,1,3,,2016,,3,신인 하한,직전 시즌까지의 성적으로 추정
2016,함덕주,11094,두산,-0.0,,6288,역산 추정,146,2,0,0,,2,2,,,,2,,직전 시즌까지의 성적으로 추정
2016,허경민,10184,두산,0.6,,5986,역산 추정,150,2,0,0,,2,3,,2016,2015 프리미어12,4,신인 하한 / 국가대표 +1,직전 시즌까지의 성적으로 추정
2016,허도환,10684,한화,0.3,,3907,역산 추정,273,1,0,0,,1,1,,,,1,,직전 시즌까지의 성적으로 추정
2016,허준혁,10305,두산,0.6,,5435,역산 추정,157,1,0,0,,1,1,Y,,,2,풀타임 최소 2코인,직전 시즌까지의 성적으로 추정
2016,홍건희,10696,KIA,1.5,,4098,역산 추정,194,1,-1,0,,1,3,,2015,,2,"신인 하한 / 신인 하한 종료(달력 5시즌, 군 복무 외 공백은 연장 안 함)",직전 시즌까지의 성적으로 추정
2016,홍상삼,10230,두산,0.2,,13608,역산 추정,104,2,0,0,,2,2,,,,2,,직전 시즌까지의 성적으로 추정
2016,홍성갑,11294,넥센,-0.1,,4050,역산 추정,199,1,0,0,,1,1,,,,1,,직전 시즌까지의 성적으로 추정
2016,홍성무,11324,KT,0.1,,3966,역산 추정,263,1,0,0,,1,4,,2019,,4,신인 하한,직전 시즌까지의 성적으로 추정
2016,홍성민,10814,롯데,0.3,,10427,역산 추정,119,2,0,0,,2,2,,,,2,,직전 시즌까지의 성적으로 추정
2016,홍성용,11253,KT,-0.2,,4146,역산 추정,191,1,0,0,,1,1,Y,,,2,풀타임 최소 2코인,직전 시즌까지의 성적으로 추정
2016,홍성흔,10256,두산,-0.2,FA 2013 4년 보장 31.0억,77500,FA 연봉 부분,12,5,0,1,5,5,5,,,,5,계약 하한 대상(변경 없음),시즌 전 확정
2016,홍영현,12665,두산,0.0,,4050,역산 추정,199,1,0,0,,1,1,,,,1,,직전 시즌까지의 성적으로 추정
2016,황덕균,11139,넥센,0.5,,4050,역산 추정,199,1,0,0,,1,1,,,,1,,직전 시즌까지의 성적으로 추정
2016,황목치승,11290,LG,0.0,,3624,역산 추정,318,1,0,0,,1,1,,,,1,,직전 시즌까지의 성적으로 추정
2016,황재균,10407,롯데,5.0,,50000,실제 연봉,32,4,0,0,,4,4,,,2015 프리미어12,4,국가대표 +1 / 국가대표 +1은 4코인까지,시즌 전 확정
2017,강경학,10676,한화,-0.2,,4518,역산 추정,214,1,0,0,,1,1,,,,1,,직전 시즌까지의 성적으로 추정
2017,강동호,12927,롯데,0.5,,4443,역산 추정,218,1,0,0,,1,1,,,,1,,직전 시즌까지의 성적으로 추정
2017,강민호,10232,롯데,3.7,FA 2014 4년 보장 75.0억,100000,실제 연봉,15,5,1,1,5,5,5,,,,5,계약 하한 대상(변경 없음),시즌 전 확정
2017,강승현,10268,한화,0.2,,3471,역산 추정,363,1,0,0,,1,1,,,,1,,직전 시즌까지의 성적으로 추정
2017,강승호,11087,LG,-0.1,,4088,역산 추정,313,1,0,0,,1,1,,,,1,,직전 시즌까지의 성적으로 추정
2017,강윤구,10423,NC,0.4,,10226,역산 추정,131,2,0,0,,2,2,,2013,,2,,직전 시즌까지의 성적으로 추정
2017,강장산,11279,NC,0.1,,4065,역산 추정,317,1,0,0,,1,1,,,,1,,직전 시즌까지의 성적으로 추정
2017,강장산,11279,KT,0.1,,4065,역산 추정,317,1,0,0,,1,1,,,,1,,직전 시즌까지의 성적으로 추정
2017,강진성,11148,NC,0.2,,4443,역산 추정,218,1,0,0,,1,1,,,,1,,직전 시즌까지의 성적으로 추정
2017,강한울,11255,삼성,1.5,,3568,역산 추정,355,1,0,0,,1,1,Y,,,2,풀타임 최소 2코인,직전 시즌까지의 성적으로 추정
2017,고영표,11308,KT,2.6,,6159,역산 추정,169,1,-1,0,,1,1,Y,,,2,풀타임 최소 2코인,직전 시즌까지의 성적으로 추정
2017,고우석,12907,LG,0.2,,4443,역산 추정,218,1,0,0,,1,3,,2021,,3,신인 하한,직전 시즌까지의 성적으로 추정
2017,고원준,10424,두산,-0.1,,11634,역산 추정,126,2,0,0,,2,2,,,,2,,직전 시즌까지의 성적으로 추정
2017,고장혁,11073,KIA,-0.2,,3997,역산 추정,321,1,0,0,,1,1,,,,1,,직전 시즌까지의 성적으로 추정
2017,고종욱,10659,넥센,1.0,,7191,역산 추정,149,2,0,0,,2,2,,,,2,,직전 시즌까지의 성적으로 추정
2017,고효준,10124,KIA,0.9,,6504,역산 추정,162,1,0,0,,1,1,,2008,,1,,직전 시즌까지의 성적으로 추정
2017,구자욱,10892,삼성,4.1,,11564,역산 추정,127,2,0,0,,2,2,,,,4,데뷔 시즌 신인왕 하한 4,직전 시즌까지의 성적으로 추정
2017,구창모,11353,NC,1.1,,4836,역산 추정,195,1,0,0,,1,1,Y,,,2,풀타임 최소 2코인,직전 시즌까지의 성적으로 추정
2017,국해성,10172,두산,-0.3,,4397,역산 추정,277,1,0,0,,1,1,,,,1,,직전 시즌까지의 성적으로 추정
2017,권오준,10350,삼성,0.5,,13155,역산 추정,115,2,0,0,,2,2,,,,2,,직전 시즌까지의 성적으로 추정
2017,권정웅,12529,삼성,-0.1,,4443,역산 추정,218,1,0,0,,1,1,,,,1,,직전 시즌까지의 성적으로 추정
2017,권혁,10351,한화,-0.4,FA 2015 4년 보장 28.0억,45000,실제 연봉,52,4,0,0,4,4,4,,2007,,4,계약 하한 대상(변경 없음),시즌 전 확정
2017,권희동,11172,NC,3.0,,5090,역산 추정,190,1,0,0,,1,1,Y,,,2,풀타임 최소 2코인,직전 시즌까지의 성적으로 추정
2017,금민철,10425,넥센,0.3,,18835,역산 추정,98,2,0,0,,2,2,,,,2,,직전 시즌까지의 성적으로 추정
2017,김강률,10690,두산,1.9,,4098,역산 추정,310,1,0,0,,1,1,Y,,,2,풀타임 최소 2코인,직전 시즌까지의 성적으로 추정
2017,김강민,10108,SK,0.0,FA 2015 4년 보장 52.0억,60000,실제 연봉,36,5,0,1,5,5,5,,2009,,5,계약 하한 대상(변경 없음),시즌 전 확정
2017,김건태,10432,넥센,-0.3,,3554,역산 추정,356,1,0,0,,1,1,,,,1,,직전 시즌까지의 성적으로 추정
2017,김경언,10028,한화,0.4,FA 2015 3년 보장 8.5억,34458,FA 연봉 부분,80,2,0,0,2,2,2,,,,2,계약 하한 대상(변경 없음),시즌 전 확정
2017,김경태,10583,한화,0.5,,3569,역산 추정,354,1,0,0,,1,1,,,,1,,직전 시즌까지의 성적으로 추정
2017,김광수,10502,KIA,-0.8,,7893,역산 추정,140,2,0,0,,2,2,,,,2,,직전 시즌까지의 성적으로 추정
2017,김대륙,11390,롯데,-0.8,,4074,역산 추정,314,1,0,0,,1,1,,,,1,,직전 시즌까지의 성적으로 추정
2017,김대우,10685,삼성,-1.2,,7178,역산 추정,150,2,0,0,,2,2,,,,2,,직전 시즌까지의 성적으로 추정
2017,김대현,12532,LG,1.1,,4443,역산 추정,218,1,0,0,,1,4,,2021,,4,신인 하한,직전 시즌까지의 성적으로 추정
2017,김동엽,12548,SK,1.0,,4338,역산 추정,283,1,0,0,,1,1,Y,,,2,풀타임 최소 2코인,직전 시즌까지의 성적으로 추정
2017,김동욱,10309,KT,-0.8,,3921,역산 추정,328,1,0,0,,1,1,,,,1,,직전 시즌까지의 성적으로 추정
2017,김동한,10734,롯데,-0.3,,4118,역산 추정,308,1,0,0,,1,1,,,,1,,직전 시즌까지의 성적으로 추정
2017,김동호,11401,삼성,0.1,,4057,역산 추정,318,1,0,0,,1,1,,,,1,,직전 시즌까지의 성적으로 추정
2017,김명신,12847,두산,0.8,,4443,역산 추정,218,1,0,0,,1,1,,,,1,,직전 시즌까지의 성적으로 추정
2017,김명찬,11297,KIA,0.1,,4320,역산 추정,287,1,0,0,,1,1,,,,1,,직전 시즌까지의 성적으로 추정
2017,김문호,10648,롯데,1.2,,4555,역산 추정,210,1,0,0,,1,1,Y,2011,,2,풀타임 최소 2코인,직전 시즌까지의 성적으로 추정
2017,김민성,10238,넥센,2.4,,35878,역산 추정,77,2,0,0,,2,2,,2013,,2,,직전 시즌까지의 성적으로 추정
2017,김민식,10707,KIA,-0.7,,4577,역산 추정,208,1,0,0,,1,1,Y,,,2,풀타임 최소 2코인,직전 시즌까지의 성적으로 추정
2017,김민우,11410,한화,-0.6,,4091,역산 추정,312,1,0,0,,1,1,,,,1,,직전 시즌까지의 성적으로 추정
2017,김범수,11411,한화,-0.5,,4068,역산 추정,316,1,0,0,,1,1,,,,1,,직전 시즌까지의 성적으로 추정
2017,김사율,10272,KT,0.0,FA 2015 4년 보장 12.5억,41667,FA 연봉 부분,56,3,0,0,3,3,3,,,,3,계약 하한 대상(변경 없음),시즌 전 확정
2017,김사훈,10834,롯데,-0.6,,3672,역산 추정,345,1,0,0,,1,1,,,,1,,직전 시즌까지의 성적으로 추정
2017,김상수,10427,넥센,1.4,,5411,역산 추정,184,1,0,0,,1,1,Y,2012,,2,풀타임 최소 2코인,직전 시즌까지의 성적으로 추정
2017,김상수,10320,삼성,-0.1,,39200,역산 추정,65,2,-1,0,,1,1,,2013,,2,전수 판정: 추가 확인(직전 시즌 1군 역할),직전 시즌까지의 성적으로 추정
2017,김상호,10837,롯데,-0.6,,4413,역산 추정,276,1,-1,0,,1,1,,,,1,,직전 시즌까지의 성적으로 추정
2017,김선빈,10008,KIA,5.5,,28140,역산 추정,87,2,0,0,,2,2,,,,2,,직전 시즌까지의 성적으로 추정
2017,김성민,12918,SK,1.4,,4443,역산 추정,218,1,0,0,,1,1,,,,1,,직전 시즌까지의 성적으로 추정
2017,김성민,12918,넥센,1.4,,4443,역산 추정,218,1,0,0,,1,1,Y,,,2,풀타임 최소 2코인,직전 시즌까지의 성적으로 추정
2017,김성배,10201,두산,0.0,,8659,역산 추정,133,2,0,0,,2,2,,,,2,,직전 시즌까지의 성적으로 추정
2017,김성욱,11153,NC,0.4,,4886,역산 추정,193,1,0,0,,1,1,,,,1,,직전 시즌까지의 성적으로 추정
2017,김성현,10636,SK,1.4,,11762,역산 추정,124,2,0,0,,2,2,,,,2,,직전 시즌까지의 성적으로 추정
2017,김성훈,12639,삼성,1.0,,4443,역산 추정,218,1,0,0,,1,1,,,,1,,직전 시즌까지의 성적으로 추정
2017,김세현,10431,넥센,0.1,,16060,역산 추정,109,2,0,1,,3,3,,2011,,4,명성: 2016 세이브 1위,직전 시즌까지의 성적으로 추정
2017,김세현,10431,KIA,0.1,,16060,역산 추정,109,2,0,1,,3,3,,2011,,4,명성: 2016 세이브 1위,직전 시즌까지의 성적으로 추정
2017,김승현,12637,삼성,0.1,,4443,역산 추정,218,1,0,0,,1,1,,,,1,,직전 시즌까지의 성적으로 추정
2017,김승회,10202,두산,0.7,,13099,역산 추정,116,2,0,0,,2,2,,,,2,,직전 시즌까지의 성적으로 추정
2017,김시현,12932,삼성,-0.1,,4443,역산 추정,218,1,0,0,,1,1,,,,1,,직전 시즌까지의 성적으로 추정
2017,김용의,10466,LG,-0.0,,4609,역산 추정,204,1,0,0,,1,1,,,,1,,직전 시즌까지의 성적으로 추정
2017,김웅빈,12503,넥센,-0.9,,4443,역산 추정,218,1,0,0,,1,1,,,,1,,직전 시즌까지의 성적으로 추정
2017,김원석,10911,한화,1.1,,4443,역산 추정,218,1,0,0,,1,1,,,,1,,직전 시즌까지의 성적으로 추정
2017,김원중,10825,롯데,1.7,,4013,역산 추정,320,1,0,0,,1,1,Y,,,2,풀타임 최소 2코인,직전 시즌까지의 성적으로 추정
2017,김유영,11229,롯데,0.8,,3946,역산 추정,325,1,0,0,,1,1,,,,1,,직전 시즌까지의 성적으로 추정
2017,김윤동,10821,KIA,1.4,,4394,역산 추정,279,1,0,0,,1,1,Y,,,2,풀타임 최소 2코인,직전 시즌까지의 성적으로 추정
2017,김인태,11098,두산,-0.1,,4443,역산 추정,218,1,0,0,,1,1,,,,1,,직전 시즌까지의 성적으로 추정
2017,김재영,12547,한화,1.0,,4198,역산 추정,293,1,0,0,,1,1,Y,,,2,풀타임 최소 2코인,직전 시즌까지의 성적으로 추정
2017,김재윤,11489,KT,0.5,,6279,역산 추정,166,1,-1,0,,1,1,,,,1,,직전 시즌까지의 성적으로 추정
2017,김재율,10929,LG,0.3,,3671,역산 추정,346,1,0,0,,1,1,,,,1,,직전 시즌까지의 성적으로 추정
2017,김재현,10870,넥센,-0.5,,3940,역산 추정,327,1,0,0,,1,1,,,,1,,직전 시즌까지의 성적으로 추정
2017,김재호,10174,두산,3.0,FA 2017 4년 보장 46.0억,65000,실제 연봉,33,5,0,1,5,5,5,,2009,2017 WBC,5,계약 하한 대상(변경 없음),시즌 전 확정
2017,김재환,10643,두산,7.2,,7154,역산 추정,151,1,1,1,,3,3,,2015,,4,명성: 2016 골든글러브 / 편집 지정 4,직전 시즌까지의 성적으로 추정
2017,김정인,11531,넥센,0.2,,4443,역산 추정,218,1,0,0,,1,1,,,,1,,직전 시즌까지의 성적으로 추정
2017,김정혁,10726,삼성,-0.0,,3858,역산 추정,330,1,0,0,,1,1,,,,1,,직전 시즌까지의 성적으로 추정
2017,김주찬,10239,KIA,2.6,,60000,실제 연봉,36,4,0,1,,5,5,,,,5,명성: 2016 골든글러브,시즌 전 확정
2017,김주한,12531,SK,0.1,,4703,역산 추정,202,1,0,0,,1,1,Y,,,2,풀타임 최소 2코인,직전 시즌까지의 성적으로 추정
2017,김주현,12570,한화,0.3,,4443,역산 추정,218,1,0,0,,1,1,,,,1,,직전 시즌까지의 성적으로 추정
2017,김주형,10650,KIA,-0.9,,4161,역산 추정,301,1,0,0,,1,1,,,,1,,직전 시즌까지의 성적으로 추정
2017,김준완,11182,NC,-0.2,,4601,역산 추정,206,1,0,0,,1,1,,,,1,,직전 시즌까지의 성적으로 추정
2017,김지성,10940,KIA,-0.1,,4443,역산 추정,218,1,0,0,,1,1,,,,1,,직전 시즌까지의 성적으로 추정
2017,김지수,10399,넥센,-0.5,,3771,역산 추정,339,1,0,0,,1,1,,,,1,,직전 시즌까지의 성적으로 추정
2017,김지열,10551,KT,-0.4,,3816,역산 추정,335,1,0,0,,1,1,,,,1,,직전 시즌까지의 성적으로 추정
2017,김지용,10747,LG,0.0,,6056,역산 추정,171,1,0,0,,1,1,Y,,,2,풀타임 최소 2코인,직전 시즌까지의 성적으로 추정
2017,김진곤,11341,KT,0.4,,3837,역산 추정,333,1,0,0,,1,1,,,,1,,직전 시즌까지의 성적으로 추정
2017,김진성,11166,NC,2.2,,12909,역산 추정,119,2,0,0,,2,2,,,,2,,직전 시즌까지의 성적으로 추정
2017,김진우,10695,KIA,-0.3,,28318,역산 추정,86,2,0,1,,3,3,,2006,,3,,직전 시즌까지의 성적으로 추정
2017,김찬호,12614,SK,-0.1,,4443,역산 추정,218,1,0,0,,1,1,,,,1,,직전 시즌까지의 성적으로 추정
2017,김태군,10459,NC,2.0,,6370,역산 추정,164,1,-1,0,,1,1,Y,,2017 WBC,3,풀타임 최소 2코인 / 국가대표 +1,직전 시즌까지의 성적으로 추정
2017,김태균,10552,한화,2.5,FA 2016 4년 보장 84.0억,160000,실제 연봉,6,5,1,1,5,5,5,,2005,2017 WBC,5,계약 하한 대상(변경 없음),시즌 전 확정
2017,김태완,10553,넥센,0.6,,13076,역산 추정,117,2,0,0,,2,2,,,,2,,직전 시즌까지의 성적으로 추정
2017,김태훈,10133,SK,-0.1,,3627,역산 추정,347,1,0,0,,1,1,,,,1,,직전 시즌까지의 성적으로 추정
2017,김하성,11224,넥센,6.0,,11868,역산 추정,123,2,0,0,,2,2,,,2017 WBC,3,국가대표 +1,직전 시즌까지의 성적으로 추정
2017,김헌곤,10640,삼성,0.2,,4340,역산 추정,282,1,0,0,,1,1,Y,,,2,풀타임 최소 2코인,직전 시즌까지의 성적으로 추정
2017,김현우,10358,삼성,-0.2,,4184,역산 추정,296,1,0,0,,1,1,,,,1,,직전 시즌까지의 성적으로 추정
2017,김호령,11298,KIA,0.8,,5238,역산 추정,187,1,0,0,,1,1,,,,1,,직전 시즌까지의 성적으로 추정
2017,김홍빈,12974,넥센,-0.0,,4443,역산 추정,218,1,0,0,,1,1,,,,1,,직전 시즌까지의 성적으로 추정
2017,김회성,10554,한화,-0.1,,3471,역산 추정,363,1,0,0,,1,1,,,,1,,직전 시즌까지의 성적으로 추정
2017,나경민,12592,롯데,0.4,,4235,역산 추정,290,1,0,0,,1,1,,,,1,,직전 시즌까지의 성적으로 추정
2017,나성범,11162,NC,5.9,,37462,역산 추정,75,2,0,1,,3,3,,2017,,3,,직전 시즌까지의 성적으로 추정
2017,나주환,10092,SK,1.4,,39200,역산 추정,65,2,0,0,,2,2,,,,2,,직전 시즌까지의 성적으로 추정
2017,나지완,10030,KIA,3.3,FA 2017 4년 보장 40.0억,60000,실제 연봉,36,5,0,1,5,5,5,,,,5,계약 하한 대상(변경 없음),시즌 전 확정
2017,남태혁,12521,KT,0.0,,4108,역산 추정,309,1,0,0,,1,1,,,,1,,직전 시즌까지의 성적으로 추정
2017,남하준,12535,KIA,-0.2,,4443,역산 추정,218,1,0,0,,1,1,,,,1,,직전 시즌까지의 성적으로 추정
2017,노경은,10203,롯데,-0.6,,37219,역산 추정,76,2,-1,0,,1,1,,2007,,1,,직전 시즌까지의 성적으로 추정
2017,노수광,11268,SK,1.0,,4775,역산 추정,198,1,0,0,,1,1,Y,,,2,풀타임 최소 2코인,직전 시즌까지의 성적으로 추정
2017,도태훈,12560,NC,-0.3,,4443,역산 추정,218,1,0,0,,1,1,,,,1,,직전 시즌까지의 성적으로 추정
2017,류제국,11090,LG,1.3,,14519,역산 추정,113,2,0,0,,2,4,,2017,,4,신인 하한,직전 시즌까지의 성적으로 추정
2017,류지혁,10894,두산,1.0,,4860,역산 추정,194,1,0,0,,1,1,,,,1,,직전 시즌까지의 성적으로 추정
2017,류희운,12655,KT,-0.4,,4221,역산 추정,292,1,0,0,,1,4,,2020,,4,신인 하한,직전 시즌까지의 성적으로 추정
2017,마정길,10436,넥센,-0.2,FA 2016 2년 보장 6.2억,35625,FA 연봉 부분,78,2,0,0,2,2,2,,,,2,계약 하한 대상(변경 없음),시즌 전 확정
2017,모창민,10093,NC,2.1,,6980,역산 추정,154,1,0,0,,1,1,Y,,,2,풀타임 최소 2코인,직전 시즌까지의 성적으로 추정
2017,문광은,10130,SK,-0.2,,4505,역산 추정,215,1,0,0,,1,1,,2014,,1,,직전 시즌까지의 성적으로 추정
2017,문규현,10240,롯데,0.2,,4119,역산 추정,307,1,0,0,,1,1,,,,1,,직전 시즌까지의 성적으로 추정
2017,문선재,10468,LG,-0.1,,4195,역산 추정,295,1,0,0,,1,1,,,,1,,직전 시즌까지의 성적으로 추정
2017,문승원,10783,SK,1.9,,3699,역산 추정,343,1,0,0,,1,1,Y,,,2,풀타임 최소 2코인,직전 시즌까지의 성적으로 추정
2017,민병헌,10188,두산,2.1,,55000,실제 연봉,41,3,0,0,,3,3,,2010,2017 WBC,4,국가대표 +1,시즌 전 확정
2017,민태호,10434,NC,0.0,,3600,역산 추정,351,1,0,0,,1,1,,,,1,,직전 시즌까지의 성적으로 추정
2017,박건우,10189,두산,6.1,,7025,역산 추정,152,1,0,0,,1,1,Y,,2017 WBC,3,풀타임 최소 2코인 / 국가대표 +1,직전 시즌까지의 성적으로 추정
2017,박경수,10469,KT,1.9,FA 2015 4년 보장 16.2억,40500,FA 연봉 부분,57,3,0,0,3,3,3,,2007,,3,계약 하한 대상(변경 없음),시즌 전 확정
2017,박근홍,11112,삼성,-0.3,,10975,역산 추정,128,2,-1,0,,1,1,,,,1,,직전 시즌까지의 성적으로 추정
2017,박기혁,10241,KT,-0.5,FA 2015 4년 보장 10.200000000000001억,34000,FA 연봉 부분,81,2,0,0,2,2,2,,,,2,계약 하한 대상(변경 없음),시즌 전 확정
2017,박대온,11246,NC,-0.7,,4443,역산 추정,218,1,0,0,,1,1,,,,1,,직전 시즌까지의 성적으로 추정
2017,박동원,10387,넥센,1.4,,7009,역산 추정,153,1,0,0,,1,1,,,,1,,직전 시즌까지의 성적으로 추정
2017,박민우,11137,NC,4.9,,18146,역산 추정,99,2,0,0,,2,2,,,,2,,직전 시즌까지의 성적으로 추정
2017,박상원,12871,한화,0.4,,4443,역산 추정,218,1,0,0,,1,1,,,,1,,직전 시즌까지의 성적으로 추정
2017,박석민,10322,NC,0.6,FA 2016 4년 보장 96.0억,75000,실제 연봉,25,5,0,1,5,5,4,,,2017 WBC,4,계약 하한 대상(변경 없음)/커리어 로우·지정 하향 / 국가대표 +1 / 국가대표 +1은 4코인까지,시즌 전 확정
2017,박세웅,11310,롯데,5.7,,7877,역산 추정,141,2,0,0,,2,2,,,,2,,직전 시즌까지의 성적으로 추정
2017,박세진,12572,KT,-0.1,,4327,역산 추정,284,1,0,0,,1,3,,2020,,3,신인 하한,직전 시즌까지의 성적으로 추정
2017,박세혁,10891,두산,1.3,,3750,역산 추정,340,1,0,0,,1,1,,,,1,,직전 시즌까지의 성적으로 추정
2017,박승욱,10804,SK,-0.8,,4465,역산 추정,217,1,0,0,,1,1,,,,1,,직전 시즌까지의 성적으로 추정
2017,박시영,10737,롯데,-0.3,,4540,역산 추정,213,1,0,0,,1,1,,,,1,,직전 시즌까지의 성적으로 추정
2017,박용택,10485,LG,3.9,FA 2015 4년 보장 50.0억,80000,실제 연봉,22,5,0,1,5,5,5,,2006,,5,계약 하한 대상(변경 없음),시즌 전 확정
2017,박정권,10096,SK,0.7,FA 2016 4년 보장 30.0억,40000,실제 연봉,58,4,0,0,4,4,4,,,,4,계약 하한 대상(변경 없음),시즌 전 확정
2017,박정배,10206,SK,1.3,,3471,역산 추정,363,1,0,0,,1,1,Y,,,2,풀타임 최소 2코인,직전 시즌까지의 성적으로 추정
2017,박정음,10866,넥센,-0.0,,4786,역산 추정,197,1,0,0,,1,1,,,,1,,직전 시즌까지의 성적으로 추정
2017,박정진,10596,한화,0.6,,35412,역산 추정,79,2,-1,0,,1,1,Y,,,2,풀타임 최소 2코인,직전 시즌까지의 성적으로 추정
2017,박종훈,10131,SK,3.7,,6750,역산 추정,157,1,0,0,,1,1,Y,,,2,풀타임 최소 2코인,직전 시즌까지의 성적으로 추정
2017,박지훈,10789,KIA,-0.2,,5221,역산 추정,188,1,0,0,,1,1,,,,1,,직전 시즌까지의 성적으로 추정
2017,박진태,12913,KIA,-0.1,,4443,역산 추정,218,1,0,0,,1,1,,,,1,,직전 시즌까지의 성적으로 추정
2017,박진형,11425,롯데,1.7,,5730,역산 추정,178,1,0,0,,1,1,Y,,,2,풀타임 최소 2코인,직전 시즌까지의 성적으로 추정
2017,박치국,12850,두산,-0.2,,4443,역산 추정,218,1,0,0,,1,1,,,,1,,직전 시즌까지의 성적으로 추정
2017,박한이,10336,삼성,-0.1,FA 2014 4년 보장 28.0억,45000,실제 연봉,52,4,0,1,4,5,4,,,,4,계약 하한 대상(변경 없음)/커리어 로우·지정 하향,시즌 전 확정
2017,박해민,11190,삼성,1.9,,13031,역산 추정,118,2,0,0,,2,2,,,,2,,직전 시즌까지의 성적으로 추정
2017,박헌도,10410,롯데,0.3,,4097,역산 추정,311,1,0,0,,1,1,,,,1,,직전 시즌까지의 성적으로 추정
2017,박희수,10135,SK,-0.6,,18883,역산 추정,97,2,0,0,,2,2,,,2017 WBC,3,국가대표 +1,직전 시즌까지의 성적으로 추정
2017,배영섭,10337,삼성,0.1,,15248,역산 추정,111,2,0,0,,2,2,,,,2,,직전 시즌까지의 성적으로 추정
2017,배영수,10362,한화,2.0,FA 2015 3년 보장 21.5억,55000,실제 연봉,41,4,-1,0,4,3,4,,,,4,계약 하한(가격 변경),시즌 전 확정
2017,배우열,10512,KT,-0.4,,3471,역산 추정,363,1,0,0,,1,1,,,,1,,직전 시즌까지의 성적으로 추정
2017,배장호,10281,롯데,1.0,,7387,역산 추정,145,2,0,0,,2,2,,,,2,,직전 시즌까지의 성적으로 추정
2017,배재환,11248,NC,-0.1,,4327,역산 추정,284,1,0,0,,1,1,,,,1,,직전 시즌까지의 성적으로 추정
2017,배제성,11394,KT,-0.2,,4443,역산 추정,218,1,0,0,,1,1,,,,1,,직전 시즌까지의 성적으로 추정
2017,백상원,10324,삼성,-0.7,,5593,역산 추정,181,1,0,0,,1,1,,,,1,,직전 시즌까지의 성적으로 추정
2017,백정현,10363,삼성,2.5,,5974,역산 추정,175,1,0,0,,1,1,Y,2013,,2,풀타임 최소 2코인,직전 시즌까지의 성적으로 추정
2017,백진우,10473,LG,0.8,,3509,역산 추정,360,1,0,0,,1,1,,,,1,,직전 시즌까지의 성적으로 추정
2017,백청훈,10136,SK,0.7,,5292,역산 추정,185,1,0,0,,1,1,,,,1,,직전 시즌까지의 성적으로 추정
2017,서건창,10855,넥센,4.1,,40000,실제 연봉,58,3,0,1,,4,4,,,2017 WBC,4,국가대표 +1 / 국가대표 +1은 4코인까지,시즌 전 확정
2017,서균,11271,한화,0.3,,4443,역산 추정,218,1,0,0,,1,1,,,,1,,직전 시즌까지의 성적으로 추정
2017,서동욱,10486,KIA,0.7,,5931,역산 추정,176,1,0,0,,1,1,Y,,,2,풀타임 최소 2코인,직전 시즌까지의 성적으로 추정
2017,서진용,10784,SK,1.0,,4153,역산 추정,303,1,0,0,,1,1,,,,1,,직전 시즌까지의 성적으로 추정
2017,손승락,10442,롯데,2.5,FA 2016 4년 보장 60.0억,70000,실제 연봉,28,5,0,0,5,5,4,,,,4,계약 하한 대상(변경 없음)/커리어 로우·지정 하향,시즌 전 확정
2017,손시헌,10177,NC,3.5,FA 2014 4년 보장 28.0억,40000,실제 연봉,58,4,0,0,4,4,4,,,,4,계약 하한 대상(변경 없음),시즌 전 확정
2017,손아섭,10261,롯데,5.8,,65000,실제 연봉,33,4,1,1,,5,5,,,2017 WBC,5,,시즌 전 확정
2017,손영민,10054,KIA,-0.7,,23239,역산 추정,92,2,0,0,,2,2,,,,2,,직전 시즌까지의 성적으로 추정
2017,손주영,12908,LG,0.2,,4443,역산 추정,218,1,0,0,,1,1,,,,1,,직전 시즌까지의 성적으로 추정
2017,손주인,10325,LG,1.2,,6664,역산 추정,159,1,0,0,,1,1,,,,1,,직전 시즌까지의 성적으로 추정
2017,송광민,10555,한화,3.3,,8618,역산 추정,134,2,0,0,,2,2,,2011,,2,,직전 시즌까지의 성적으로 추정
2017,송성문,11376,넥센,-0.1,,4443,역산 추정,218,1,0,0,,1,1,,,,1,,직전 시즌까지의 성적으로 추정
2017,송승준,10285,롯데,3.5,FA 2016 4년 보장 40.0억,40000,실제 연봉,58,5,0,1,5,5,4,,2011,,4,계약 하한 대상(변경 없음)/커리어 로우·지정 하향,시즌 전 확정
2017,송신영,10443,한화,-0.1,,12012,역산 추정,122,2,0,0,,2,2,,,,2,,직전 시즌까지의 성적으로 추정
2017,송은범,10137,한화,0.0,FA 2015 4년 보장 30.0억,45000,실제 연봉,52,4,0,0,4,4,4,,2007,,4,계약 하한 대상(변경 없음),시즌 전 확정
2017,송창식,10598,한화,-0.2,,23900,역산 추정,91,2,0,0,,2,2,,2008,,2,,직전 시즌까지의 성적으로 추정
2017,신본기,10840,롯데,0.6,,4158,역산 추정,302,1,0,0,,1,1,Y,,,2,풀타임 최소 2코인,직전 시즌까지의 성적으로 추정
2017,신성현,11492,한화,-0.7,,4244,역산 추정,289,1,0,0,,1,1,,,,1,,직전 시즌까지의 성적으로 추정
2017,신성현,11492,두산,-0.7,,4244,역산 추정,289,1,0,0,,1,1,,,,1,,직전 시즌까지의 성적으로 추정
2017,신재영,11149,넥센,2.4,,7999,역산 추정,138,2,1,0,,3,3,,,,3,,직전 시즌까지의 성적으로 추정
2017,신재웅,10921,SK,0.8,,6046,역산 추정,172,1,0,0,,1,1,,,,1,,직전 시즌까지의 성적으로 추정
2017,신정락,10516,LG,-0.1,,5544,역산 추정,182,1,0,0,,1,4,,2014,,2,"신인 하한 / 신인 하한 종료(달력 5시즌, 군 복무 외 공백은 연장 안 함)",직전 시즌까지의 성적으로 추정
2017,신종길,10031,KIA,-0.2,,4367,역산 추정,280,1,0,0,,1,1,,,,1,,직전 시즌까지의 성적으로 추정
2017,심동섭,10056,KIA,0.5,,17106,역산 추정,105,2,-1,0,,1,1,Y,2015,,2,풀타임 최소 2코인,직전 시즌까지의 성적으로 추정
2017,심수창,10518,한화,0.2,FA 2016 4년 보장 13.0억,37921,FA 연봉 부분,74,2,-1,0,2,1,2,,,,2,계약 하한(가격 변경),시즌 전 확정
2017,심우준,11334,KT,0.4,,3571,역산 추정,352,1,0,0,,1,1,,,,1,,직전 시즌까지의 성적으로 추정
2017,심재민,11311,KT,0.1,,8581,역산 추정,135,2,0,0,,2,3,,2019,,3,신인 하한,직전 시즌까지의 성적으로 추정
2017,심창민,10720,삼성,1.7,,24451,역산 추정,89,2,0,0,,2,2,,2016,2017 WBC,3,국가대표 +1,직전 시즌까지의 성적으로 추정
2017,안규영,10729,두산,-0.1,,3471,역산 추정,363,1,0,0,,1,1,,,,1,,직전 시즌까지의 성적으로 추정
2017,안성무,12644,삼성,-0.0,,4443,역산 추정,218,1,0,0,,1,1,,,,1,,직전 시즌까지의 성적으로 추정
2017,안영명,10600,한화,0.5,,39200,역산 추정,65,2,0,0,,2,2,,2007,,2,,직전 시즌까지의 성적으로 추정
2017,안익훈,11347,LG,0.9,,4319,역산 추정,288,1,0,0,,1,1,,,,1,,직전 시즌까지의 성적으로 추정
2017,안치홍,10014,KIA,4.3,,39200,역산 추정,65,2,0,0,,2,2,,2013,,2,,직전 시즌까지의 성적으로 추정
2017,양석환,11213,LG,1.1,,4762,역산 추정,199,1,0,0,,1,1,Y,,,2,풀타임 최소 2코인,직전 시즌까지의 성적으로 추정
2017,양성우,10916,한화,0.8,,4612,역산 추정,203,1,-1,0,,1,1,Y,,,2,풀타임 최소 2코인,직전 시즌까지의 성적으로 추정
2017,양의지,10165,두산,2.9,,48000,실제 연봉,51,3,1,1,,5,5,,,2017 WBC,5,,시즌 전 확정
2017,양현종,10058,KIA,5.5,FA 2017 1년 보장 22.5억,150000,실제 연봉,7,5,1,1,5,5,5,,2011,2017 WBC,5,계약 하한 대상(변경 없음),시즌 전 확정
2017,양훈,10602,넥센,0.2,,23177,역산 추정,93,2,0,0,,2,2,,,,2,,직전 시즌까지의 성적으로 추정
2017,엄상백,11318,KT,1.1,,7199,역산 추정,148,2,-1,0,,1,3,,2019,,3,신인 하한,직전 시즌까지의 성적으로 추정
2017,오선진,10557,한화,0.2,,3967,역산 추정,323,1,0,0,,1,1,,,,1,,직전 시즌까지의 성적으로 추정
2017,오윤성,12856,넥센,-0.2,,4443,역산 추정,218,1,0,0,,1,1,,,,1,,직전 시즌까지의 성적으로 추정
2017,오재원,10178,두산,0.3,FA 2016 4년 보장 38.0억,55000,실제 연봉,41,4,0,0,4,4,4,,,2017 WBC,4,계약 하한 대상(변경 없음) / 국가대표 +1 / 국가대표 +1은 4코인까지,시즌 전 확정
2017,오재일,10400,두산,4.1,,6598,역산 추정,160,1,0,0,,1,1,Y,,,2,풀타임 최소 2코인,직전 시즌까지의 성적으로 추정
2017,오정복,10340,KT,0.8,,3854,역산 추정,332,1,0,0,,1,1,,,,1,,직전 시즌까지의 성적으로 추정
2017,오주원,10445,넥센,1.1,,39200,역산 추정,65,2,0,0,,2,2,,,,2,,직전 시즌까지의 성적으로 추정
2017,오지환,10475,LG,1.9,,39200,역산 추정,65,2,0,1,,3,3,,2014,,3,,직전 시즌까지의 성적으로 추정
2017,오태곤,10249,KT,-0.2,,3820,역산 추정,334,1,0,0,,1,1,Y,,,2,풀타임 최소 2코인,직전 시즌까지의 성적으로 추정
2017,우규민,10523,삼성,1.0,FA 2017 4년 보장 65.0억,70000,실제 연봉,28,5,0,0,5,5,5,,2008,2017 WBC,5,계약 하한 대상(변경 없음),시즌 전 확정
2017,원종현,11161,NC,1.5,,10689,역산 추정,129,2,0,0,,2,3,,2018,2017 WBC,4,신인 하한 / 국가대표 +1,직전 시즌까지의 성적으로 추정
2017,유강남,10753,LG,2.7,,4835,역산 추정,196,1,0,0,,1,1,Y,,,2,풀타임 최소 2코인,직전 시즌까지의 성적으로 추정
2017,유민상,10895,KT,-0.0,,3959,역산 추정,324,1,0,0,,1,1,,,,1,,직전 시즌까지의 성적으로 추정
2017,유원상,10604,LG,0.0,,17903,역산 추정,102,2,0,0,,2,2,,2011,,2,,직전 시즌까지의 성적으로 추정
2017,유재유,12544,LG,0.1,,4151,역산 추정,304,1,0,0,,1,1,,,,1,,직전 시즌까지의 성적으로 추정
2017,유한준,10627,KT,1.5,FA 2016 4년 보장 60.0억,60000,실제 연봉,36,5,0,0,5,5,5,,,,5,계약 하한 대상(변경 없음),시즌 전 확정
2017,유희관,10213,두산,3.3,,50000,실제 연봉,45,3,0,0,,3,3,,,,3,,시즌 전 확정
2017,윤규진,10606,한화,1.9,,28500,역산 추정,85,2,0,0,,2,2,,,,2,,직전 시즌까지의 성적으로 추정
2017,윤근영,10607,KT,0.3,,6756,역산 추정,156,1,0,0,,1,1,,,,1,,직전 시즌까지의 성적으로 추정
2017,윤길현,10142,롯데,0.1,FA 2016 4년 보장 38.0억,50000,실제 연봉,45,4,-1,0,4,3,4,,,,4,계약 하한(가격 변경),시즌 전 확정
2017,윤병호,11359,NC,-0.3,,4443,역산 추정,218,1,0,0,,1,1,,,,1,,직전 시즌까지의 성적으로 추정
2017,윤석민,10644,넥센,1.3,,7476,역산 추정,144,2,0,0,,2,2,,,,2,,직전 시즌까지의 성적으로 추정
2017,윤석민,10644,KT,1.3,,7476,역산 추정,144,2,0,0,,2,2,,,,2,,직전 시즌까지의 성적으로 추정
2017,윤성환,10368,삼성,4.8,FA 2015 4년 보장 80.0억,80000,실제 연봉,22,5,0,1,5,5,5,,2008,,5,계약 하한 대상(변경 없음),시즌 전 확정
2017,윤수호,11319,NC,0.1,,4443,역산 추정,218,1,0,0,,1,1,,,,1,,직전 시즌까지의 성적으로 추정
2017,윤영삼,10722,넥센,0.1,,4443,역산 추정,218,1,0,0,,1,3,,2021,,3,신인 하한,직전 시즌까지의 성적으로 추정
2017,윤요섭,10081,KT,-0.1,,3471,역산 추정,363,1,0,0,,1,1,,,,1,,직전 시즌까지의 성적으로 추정
2017,윤지웅,10657,LG,0.4,,17554,역산 추정,103,2,-1,0,,1,1,,,,1,,직전 시즌까지의 성적으로 추정
2017,윤희상,10145,SK,1.1,,16680,역산 추정,108,2,0,0,,2,2,,2008,,2,,직전 시즌까지의 성적으로 추정
2017,이대수,10558,SK,0.9,FA 2014 4년 보장 18.0억,45000,FA 연봉 부분,52,3,0,0,3,3,3,,,,3,계약 하한 대상(변경 없음),시즌 전 확정
2017,이대형,10490,KT,-1.1,FA 2014 4년 보장 22.0억,55000,FA 연봉 부분,41,4,-1,0,4,3,4,,,,4,계약 하한(가격 변경),시즌 전 확정
2017,이대호,10251,롯데,3.3,FA 2017 4년 보장 150.0억,250000,실제 연봉,1,5,0,1,5,5,5,,,2017 WBC,5,계약 하한 대상(변경 없음),시즌 전 확정
2017,이동걸,10778,한화,0.7,,3471,역산 추정,363,1,0,0,,1,1,,,,1,,직전 시즌까지의 성적으로 추정
2017,이동현,10524,LG,0.4,FA 2016 3년 보장 30.0억,60000,실제 연봉,36,5,0,0,5,5,4,,,,4,계약 하한 대상(변경 없음)/커리어 로우·지정 하향,시즌 전 확정
2017,이명기,10119,KIA,2.8,,6168,역산 추정,167,1,0,0,,1,1,Y,,,2,풀타임 최소 2코인,직전 시즌까지의 성적으로 추정
2017,이명우,10290,롯데,0.1,,17346,역산 추정,104,2,0,0,,2,2,,,,2,,직전 시즌까지의 성적으로 추정
2017,이민우,13003,KIA,0.5,,4443,역산 추정,218,1,0,0,,1,3,,2021,,3,신인 하한,직전 시즌까지의 성적으로 추정
2017,이민호,11151,NC,1.2,,16855,역산 추정,106,2,0,0,,2,3,,2017,,3,신인 하한,직전 시즌까지의 성적으로 추정
2017,이범호,10559,KIA,2.1,FA 2016 4년 보장 36.0억,65000,실제 연봉,33,5,0,0,5,5,4,,,,4,계약 하한 대상(변경 없음)/커리어 로우·지정 하향,시즌 전 확정
2017,이병규,10477,LG,-0.1,,39200,역산 추정,65,2,0,0,,2,2,,,,2,,직전 시즌까지의 성적으로 추정
2017,이보근,10448,넥센,0.4,,23920,역산 추정,90,2,0,0,,2,2,,,,2,,직전 시즌까지의 성적으로 추정
2017,이상호,11147,NC,0.1,,3553,역산 추정,357,1,0,0,,1,1,,,,1,,직전 시즌까지의 성적으로 추정
2017,이상화,10831,KT,1.2,,3502,역산 추정,361,1,0,0,,1,1,Y,2013,,2,풀타임 최소 2코인,직전 시즌까지의 성적으로 추정
2017,이성열,10168,한화,2.0,,26474,역산 추정,88,2,0,0,,2,2,,,,2,,직전 시즌까지의 성적으로 추정
2017,이성우,10004,SK,0.1,,3471,역산 추정,363,1,0,0,,1,1,,,,1,,직전 시즌까지의 성적으로 추정
2017,이승엽,10881,삼성,1.4,FA 2016 2년 보장 36.0억,100000,실제 연봉,15,5,0,1,5,5,4,,1999,,4,계약 하한 대상(변경 없음)/커리어 로우·지정 하향,시즌 전 확정
2017,이승현,10527,삼성,0.1,,4197,역산 추정,294,1,0,0,,1,1,,,,1,,직전 시즌까지의 성적으로 추정
2017,이시원,12526,한화,-0.3,,4443,역산 추정,218,1,0,0,,1,1,,,,1,,직전 시즌까지의 성적으로 추정
2017,이양기,10573,한화,-0.5,,3471,역산 추정,363,1,0,0,,1,1,,,,1,,직전 시즌까지의 성적으로 추정
2017,이영준,12997,넥센,0.1,,4443,역산 추정,218,1,0,0,,1,1,,,,1,,직전 시즌까지의 성적으로 추정
2017,이영하,12568,두산,0.3,,4443,역산 추정,218,1,0,0,,1,4,,2021,,4,신인 하한,직전 시즌까지의 성적으로 추정
2017,이용규,10035,한화,0.3,FA 2014 4년 보장 60.0억,90000,실제 연봉,21,5,0,0,5,5,5,,,2017 WBC,5,계약 하한 대상(변경 없음),시즌 전 확정
2017,이용찬,10217,두산,1.1,,31886,역산 추정,83,2,0,0,,2,2,,2012,,2,,직전 시즌까지의 성적으로 추정
2017,이우민,11398,롯데,-0.0,,3471,역산 추정,363,1,0,0,,1,1,,,,1,,직전 시즌까지의 성적으로 추정
2017,이원석,10180,삼성,0.9,FA 2017 4년 보장 27.0억,67500,FA 연봉 부분,32,4,0,0,4,4,4,,2009,,4,계약 하한 대상(변경 없음),시즌 전 확정
2017,이재원,10082,SK,0.2,,15707,역산 추정,110,2,0,0,,2,2,,2010,,2,,직전 시즌까지의 성적으로 추정
2017,이재학,10220,NC,0.7,,28627,역산 추정,84,2,0,0,,2,2,,,,2,,직전 시즌까지의 성적으로 추정
2017,이정민,10295,롯데,0.2,,4471,역산 추정,216,1,0,0,,1,1,,,,1,,직전 시즌까지의 성적으로 추정
2017,이정후,12906,넥센,2.7,,4443,역산 추정,218,1,0,0,,1,3,,2021,,4,신인 하한/지정 유지(원태인·이정후·안우진),직전 시즌까지의 성적으로 추정
2017,이종욱,10192,NC,1.6,FA 2014 4년 보장 48.0억,50000,실제 연봉,45,5,0,0,5,5,4,,,,4,계약 하한 대상(변경 없음)/커리어 로우·지정 하향,시즌 전 확정
2017,이종혁,12938,KT,-0.2,,4443,역산 추정,218,1,0,0,,1,1,,,,1,,직전 시즌까지의 성적으로 추정
2017,이지영,10312,삼성,-0.3,,7329,역산 추정,146,2,0,0,,2,2,,,,2,,직전 시즌까지의 성적으로 추정
2017,이진영,10492,KT,0.0,FA 2017 2년 보장 15.0억,40000,실제 연봉,58,4,0,0,4,4,4,,,,4,계약 하한 대상(변경 없음),시즌 전 확정
2017,이천웅,10935,LG,0.7,,4599,역산 추정,207,1,0,0,,1,1,,,,1,,직전 시즌까지의 성적으로 추정
2017,이충호,11116,한화,-0.6,,4443,역산 추정,218,1,0,0,,1,1,,,,1,,직전 시즌까지의 성적으로 추정
2017,이태양,10609,한화,0.1,,7951,역산 추정,139,2,0,0,,2,2,,,,2,,직전 시즌까지의 성적으로 추정
2017,이택근,10493,넥센,-0.1,FA 2016 4년 보장 30.0억,50000,실제 연봉,45,4,0,1,4,5,4,,2007,,4,계약 하한 대상(변경 없음)/커리어 로우·지정 하향,시즌 전 확정
2017,이해창,10391,KT,1.1,,3979,역산 추정,322,1,0,0,,1,1,,,,1,,직전 시즌까지의 성적으로 추정
2017,이현승,10221,두산,0.6,FA 2017 3년 보장 24.0억,40000,실제 연봉,58,4,-1,0,4,3,4,,2010,2017 WBC,4,계약 하한(가격 변경) / 국가대표 +1 / 국가대표 +1은 4코인까지,시즌 전 확정
2017,이현호,10677,두산,-0.4,,5504,역산 추정,183,1,0,0,,1,3,,2019,,3,신인 하한,직전 시즌까지의 성적으로 추정
2017,이형범,11159,NC,0.4,,4443,역산 추정,218,1,0,0,,1,1,,,,1,,직전 시즌까지의 성적으로 추정
2017,이형종,12516,LG,1.4,,4422,역산 추정,275,1,0,0,,1,4,,2020,,4,신인 하한,직전 시즌까지의 성적으로 추정
2017,이호준,10101,NC,0.7,,75000,실제 연봉,25,4,0,0,,4,4,,,,4,,시즌 전 확정
2017,이홍구,11071,SK,0.2,,3856,역산 추정,331,1,0,0,,1,1,,,,1,,직전 시즌까지의 성적으로 추정
2017,임기영,10909,KIA,3.2,,3571,역산 추정,353,1,0,0,,1,1,Y,,,2,풀타임 최소 2코인,직전 시즌까지의 성적으로 추정
2017,임기준,10066,KIA,0.7,,4036,역산 추정,319,1,0,0,,1,1,,,,1,,직전 시즌까지의 성적으로 추정
2017,임대한,12558,삼성,-0.4,,4327,역산 추정,284,1,0,0,,1,1,,,,1,,직전 시즌까지의 성적으로 추정
2017,임병욱,11226,넥센,0.0,,4432,역산 추정,274,1,0,0,,1,1,,,,1,,직전 시즌까지의 성적으로 추정
2017,임익준,10328,한화,-0.1,,3726,역산 추정,341,1,0,0,,1,1,,,,1,,직전 시즌까지의 성적으로 추정
2017,임정우,10713,LG,0.5,,18067,역산 추정,100,2,0,0,,2,2,,,2017 WBC,3,국가대표 +1,직전 시즌까지의 성적으로 추정
2017,임정호,11168,NC,0.4,,6164,역산 추정,168,1,0,0,,1,1,Y,,,2,풀타임 최소 2코인,직전 시즌까지의 성적으로 추정
2017,임준혁,10068,SK,0.3,,5618,역산 추정,180,1,0,0,,1,1,,,,1,,직전 시즌까지의 성적으로 추정
2017,임찬규,10652,LG,2.5,,5822,역산 추정,177,1,0,0,,1,3,,2015,,3,신인 하한,직전 시즌까지의 성적으로 추정
2017,임창민,10452,NC,1.9,,16831,역산 추정,107,2,0,0,,2,2,,,,2,,직전 시즌까지의 성적으로 추정
2017,임창용,11281,KIA,1.1,,50000,실제 연봉,45,3,0,0,,3,3,,,2017 WBC,4,국가대표 +1,시즌 전 확정
2017,임현준,10637,삼성,0.1,,3545,역산 추정,358,1,0,0,,1,1,,,,1,,직전 시즌까지의 성적으로 추정
2017,임훈,10120,LG,-0.3,,7270,역산 추정,147,2,0,0,,2,2,,,,2,,직전 시즌까지의 성적으로 추정
2017,장민석,10416,한화,0.0,,4894,역산 추정,192,1,0,0,,1,1,,,,1,,직전 시즌까지의 성적으로 추정
2017,장민재,10610,한화,-1.0,,6474,역산 추정,163,1,0,0,,1,1,,,,1,,직전 시즌까지의 성적으로 추정
2017,장성우,10235,KT,-0.0,,5058,역산 추정,191,1,0,0,,1,1,,2013,,1,,직전 시즌까지의 성적으로 추정
2017,장시환,10453,KT,0.9,,6367,역산 추정,165,1,-1,0,,1,1,Y,2011,2017 WBC,3,풀타임 최소 2코인 / 국가대표 +1,직전 시즌까지의 성적으로 추정
2017,장시환,10453,롯데,0.9,,6367,역산 추정,165,1,-1,0,,1,1,Y,2011,2017 WBC,3,풀타임 최소 2코인 / 국가대표 +1,직전 시즌까지의 성적으로 추정
2017,장영석,10404,넥센,0.7,,3482,역산 추정,362,1,0,0,,1,1,,,,1,,직전 시즌까지의 성적으로 추정
2017,장원삼,10375,삼성,0.5,FA 2014 4년 보장 60.0억,75000,실제 연봉,25,5,-1,0,5,4,4,,2010,,4,계약 하한(가격 변경),시즌 전 확정
2017,장원준,10299,두산,5.7,FA 2015 4년 보장 80.0억,100000,실제 연봉,15,5,1,0,5,5,5,,2008,2017 WBC,5,계약 하한 대상(변경 없음),시즌 전 확정
2017,장필준,11404,삼성,1.0,,6716,역산 추정,158,1,0,0,,1,1,Y,,,2,풀타임 최소 2코인,직전 시즌까지의 성적으로 추정
2017,장현식,11164,NC,1.6,,6017,역산 추정,173,1,0,0,,1,1,Y,,,2,풀타임 최소 2코인,직전 시즌까지의 성적으로 추정
2017,전민수,10417,KT,0.4,,4562,역산 추정,209,1,0,0,,1,1,,,,1,,직전 시즌까지의 성적으로 추정
2017,전용훈,11205,두산,-0.0,,4443,역산 추정,218,1,0,0,,1,1,,,,1,,직전 시즌까지의 성적으로 추정
2017,전유수,10841,SK,-0.2,,12677,역산 추정,120,2,0,0,,2,2,,,,2,,직전 시즌까지의 성적으로 추정
2017,전준우,10266,롯데,3.2,,19798,역산 추정,96,2,0,0,,2,2,,,,2,,직전 시즌까지의 성적으로 추정
2017,정경운,12996,한화,-0.1,,4443,역산 추정,218,1,0,0,,1,1,,,,1,,직전 시즌까지의 성적으로 추정
2017,정근우,10103,한화,3.2,FA 2014 4년 보장 63.0억,70000,실제 연봉,28,5,0,0,5,5,5,,2009,,5,계약 하한 대상(변경 없음),시즌 전 확정
2017,정대현,10224,KT,-0.1,,5252,역산 추정,186,1,-1,0,,1,1,,,,1,,직전 시즌까지의 성적으로 추정
2017,정대현,10224,넥센,-0.1,,5252,역산 추정,186,1,-1,0,,1,1,,,,1,,직전 시즌까지의 성적으로 추정
2017,정범모,10772,한화,0.1,,3471,역산 추정,363,1,0,0,,1,1,,,,1,,직전 시즌까지의 성적으로 추정
2017,정병곤,10756,삼성,0.5,,3774,역산 추정,338,1,0,0,,1,1,,,,1,,직전 시즌까지의 성적으로 추정
2017,정상호,10083,LG,0.4,FA 2016 4년 보장 30.0억,50000,실제 연봉,45,4,0,0,4,4,4,,2005,,4,계약 하한 대상(변경 없음),시즌 전 확정
2017,정성곤,11321,KT,-0.6,,4068,역산 추정,315,1,0,0,,1,1,Y,,,2,풀타임 최소 2코인,직전 시즌까지의 성적으로 추정
2017,정성훈,10479,LG,1.4,FA 2017 1년 보장 7.0억,70000,FA 연봉 부분,28,4,0,1,4,5,4,,,,4,계약 하한 대상(변경 없음)/커리어 로우·지정 하향,시즌 전 확정
2017,정수민,12561,NC,-0.1,,4397,역산 추정,277,1,0,0,,1,1,,,,1,,직전 시즌까지의 성적으로 추정
2017,정영일,12527,SK,-0.6,,4366,역산 추정,281,1,0,0,,1,1,,,,1,,직전 시즌까지의 성적으로 추정
2017,정용운,10072,KIA,0.3,,3612,역산 추정,350,1,0,0,,1,1,,2014,,1,,직전 시즌까지의 성적으로 추정
2017,정우람,10156,한화,1.9,FA 2016 4년 보장 84.0억,120000,실제 연봉,11,5,0,0,5,5,5,,,,5,계약 하한 대상(변경 없음),시즌 전 확정
2017,정의윤,10655,SK,1.3,,8214,역산 추정,136,2,0,0,,2,2,,2009,,2,,직전 시즌까지의 성적으로 추정
2017,정인욱,10376,삼성,-0.2,,7776,역산 추정,143,2,-1,0,,1,1,,,,1,,직전 시즌까지의 성적으로 추정
2017,정재원,10614,한화,0.4,,3471,역산 추정,363,1,0,0,,1,1,,,,1,,직전 시즌까지의 성적으로 추정
2017,정진기,10717,SK,-0.3,,4443,역산 추정,218,1,0,0,,1,1,,,,1,,직전 시즌까지의 성적으로 추정
2017,정진호,10645,두산,0.4,,3471,역산 추정,363,1,0,0,,1,1,,,,1,,직전 시즌까지의 성적으로 추정
2017,정찬헌,10533,LG,-0.7,,10451,역산 추정,130,2,0,0,,2,2,,,,2,,직전 시즌까지의 성적으로 추정
2017,정현,11111,KT,1.7,,4443,역산 추정,218,1,0,0,,1,1,Y,,,2,풀타임 최소 2코인,직전 시즌까지의 성적으로 추정
2017,정훈,10253,롯데,0.3,,14879,역산 추정,112,2,0,0,,2,2,,,,2,,직전 시즌까지의 성적으로 추정
2017,조동찬,10329,삼성,1.2,FA 2015 4년 보장 28.0억,40000,실제 연봉,58,4,0,0,4,4,4,,,,4,계약 하한 대상(변경 없음),시즌 전 확정
2017,조무근,11322,KT,-0.3,,4728,역산 추정,200,1,0,0,,1,1,,,,1,,직전 시즌까지의 성적으로 추정
2017,조상우,11126,넥센,0.8,,11723,역산 추정,125,2,0,0,,2,3,,2017,,3,신인 하한,직전 시즌까지의 성적으로 추정
2017,조수행,12524,두산,0.8,,4443,역산 추정,218,1,0,0,,1,1,,,,1,,직전 시즌까지의 성적으로 추정
2017,조영훈,10330,NC,-0.3,FA 2017 2년 보장 4.5억,22500,FA 연봉 부분,95,2,0,0,2,2,2,,,,2,계약 하한 대상(변경 없음),시즌 전 확정
2017,조용호,12943,SK,0.2,,4443,역산 추정,218,1,0,0,,1,1,,,,1,,직전 시즌까지의 성적으로 추정
2017,조윤준,10854,LG,-0.3,,3683,역산 추정,344,1,0,0,,1,1,,,,1,,직전 시즌까지의 성적으로 추정
2017,조정훈,10300,롯데,0.6,,7831,역산 추정,142,2,0,0,,2,2,,,,2,,직전 시즌까지의 성적으로 추정
2017,조평호,10776,NC,-0.1,,3545,역산 추정,359,1,0,0,,1,1,,,,1,,직전 시즌까지의 성적으로 추정
2017,주권,11323,KT,-0.1,,5996,역산 추정,174,1,0,0,,1,4,,2019,,4,신인 하한,직전 시즌까지의 성적으로 추정
2017,주효상,12567,넥센,-0.8,,4443,역산 추정,218,1,0,0,,1,3,,2021,,3,신인 하한,직전 시즌까지의 성적으로 추정
2017,지석훈,10683,NC,0.4,,4603,역산 추정,205,1,-1,0,,1,1,,,,1,,직전 시즌까지의 성적으로 추정
2017,진명호,10301,롯데,0.2,,3874,역산 추정,329,1,0,0,,1,3,,2014,,1,"신인 하한 / 신인 하한 종료(달력 5시즌, 군 복무 외 공백은 연장 안 함)",직전 시즌까지의 성적으로 추정
2017,진해수,10075,LG,0.9,,12393,역산 추정,121,2,-1,0,,1,1,Y,,,2,풀타임 최소 2코인,직전 시즌까지의 성적으로 추정
2017,차우찬,10381,LG,5.1,FA 2017 4년 보장 80.0억,100000,실제 연봉,15,5,0,0,5,5,5,,2010,,5,계약 하한 대상(변경 없음),시즌 전 확정
2017,차일목,10005,한화,0.4,,17946,역산 추정,101,2,0,0,,2,2,,,,2,,직전 시즌까지의 성적으로 추정
2017,채병용,10161,SK,-0.4,FA 2016 3년 보장 10.5억,39200,FA 연봉 부분,65,2,0,1,2,3,3,,,,3,계약 하한 대상(변경 없음),시즌 전 확정
2017,채은성,11215,LG,-0.2,,5630,역산 추정,179,1,0,0,,1,1,Y,,,2,풀타임 최소 2코인,직전 시즌까지의 성적으로 추정
2017,채태인,10331,넥센,1.6,,39200,역산 추정,65,2,-1,0,,1,1,Y,2011,,2,풀타임 최소 2코인,직전 시즌까지의 성적으로 추정
2017,최경철,10085,삼성,0.4,,3471,역산 추정,363,1,0,0,,1,1,,,,1,,직전 시즌까지의 성적으로 추정
2017,최금강,11174,NC,-0.2,,9600,역산 추정,132,2,0,0,,2,2,,,,2,,직전 시즌까지의 성적으로 추정
2017,최동환,10535,LG,-0.1,,3471,역산 추정,363,1,0,0,,1,1,,2013,,1,,직전 시즌까지의 성적으로 추정
2017,최민창,11351,LG,0.0,,4443,역산 추정,218,1,0,0,,1,1,,,,1,,직전 시즌까지의 성적으로 추정
2017,최성영,12565,NC,-0.3,,4443,역산 추정,218,1,0,0,,1,1,,,,1,,직전 시즌까지의 성적으로 추정
2017,최성훈,10851,LG,0.1,,4546,역산 추정,212,1,0,0,,1,1,,,,1,,직전 시즌까지의 성적으로 추정
2017,최승준,11092,SK,-0.0,,4170,역산 추정,299,1,0,0,,1,1,,,,1,,직전 시즌까지의 성적으로 추정
2017,최원준,12534,KIA,0.7,,4443,역산 추정,218,1,0,0,,1,1,,,,1,,직전 시즌까지의 성적으로 추정
2017,최원태,11379,넥센,3.6,,4225,역산 추정,291,1,0,0,,1,4,,2020,,4,신인 하한,직전 시즌까지의 성적으로 추정
2017,최윤석,10104,한화,-0.4,,4183,역산 추정,298,1,0,0,,1,1,,,,1,,직전 시즌까지의 성적으로 추정
2017,최재원,11141,LG,-0.6,,4138,역산 추정,306,1,0,0,,1,1,,,,1,,직전 시즌까지의 성적으로 추정
2017,최재훈,10170,한화,0.4,,3621,역산 추정,349,1,0,0,,1,1,,,,1,,직전 시즌까지의 성적으로 추정
2017,최정,10106,SK,6.6,FA 2015 4년 보장 82.0억,120000,실제 연봉,11,5,1,1,5,5,5,,2009,,5,계약 하한 대상(변경 없음),시즌 전 확정
2017,최주환,10182,두산,1.9,,5120,역산 추정,189,1,0,0,,1,1,Y,,,2,풀타임 최소 2코인,직전 시즌까지의 성적으로 추정
2017,최준석,10183,롯데,0.2,FA 2014 4년 보장 31.0억,77500,FA 연봉 부분,24,4,0,0,4,4,4,,,,4,계약 하한 대상(변경 없음),시즌 전 확정
2017,최지광,12934,삼성,0.1,,4443,역산 추정,218,1,0,0,,1,1,,,,1,,직전 시즌까지의 성적으로 추정
2017,최진행,10578,한화,1.9,,33621,역산 추정,82,2,0,0,,2,2,,2008,,2,,직전 시즌까지의 성적으로 추정
2017,최충연,12530,삼성,-0.2,,4144,역산 추정,305,1,0,0,,1,4,,2020,,4,신인 하한,직전 시즌까지의 성적으로 추정
2017,최항,10810,SK,0.5,,4443,역산 추정,218,1,0,0,,1,1,,,,1,,직전 시즌까지의 성적으로 추정
2017,최형우,10344,KIA,6.1,FA 2017 4년 보장 100.0억,150000,실제 연봉,7,5,1,1,5,5,5,,,2017 WBC,5,계약 하한 대상(변경 없음),시즌 전 확정
2017,하영민,11222,넥센,0.7,,4165,역산 추정,300,1,0,0,,1,1,,,,1,,직전 시즌까지의 성적으로 추정
2017,하주석,10913,한화,2.3,,4548,역산 추정,211,1,0,0,,1,3,,2016,,3,신인 하한,직전 시즌까지의 성적으로 추정
2017,한승택,11119,KIA,0.1,,3471,역산 추정,363,1,0,0,,1,1,,,,1,,직전 시즌까지의 성적으로 추정
2017,한승혁,10812,KIA,-0.7,,3712,역산 추정,342,1,0,0,,1,1,,2016,,2,최종 검토: 2,직전 시즌까지의 성적으로 추정
2017,한유섬,10815,SK,3.4,,4712,역산 추정,201,1,0,0,,1,1,Y,,,2,풀타임 최소 2코인,직전 시즌까지의 성적으로 추정
2017,한현희,10863,넥센,1.6,,23123,역산 추정,94,2,0,0,,2,2,,,,2,,직전 시즌까지의 성적으로 추정
2017,함덕주,11094,두산,3.5,,6570,역산 추정,161,1,0,0,,1,1,Y,,,2,풀타임 최소 2코인,직전 시즌까지의 성적으로 추정
2017,허건엽,10792,SK,-0.1,,3942,역산 추정,326,1,0,0,,1,1,,,,1,,직전 시즌까지의 성적으로 추정
2017,허경민,10184,두산,0.2,,8060,역산 추정,137,2,0,0,,2,2,,2016,2017 WBC,3,국가대표 +1,직전 시즌까지의 성적으로 추정
2017,허도환,10684,한화,0.2,,3799,역산 추정,336,1,0,0,,1,1,,,,1,,직전 시즌까지의 성적으로 추정
2017,허정협,11498,넥센,0.2,,4443,역산 추정,218,1,0,0,,1,1,,,,1,,직전 시즌까지의 성적으로 추정
2017,홍건희,10696,KIA,-0.1,,6851,역산 추정,155,1,0,0,,1,3,,2015,,1,"신인 하한 / 신인 하한 종료(달력 5시즌, 군 복무 외 공백은 연장 안 함)",직전 시즌까지의 성적으로 추정
2017,홍상삼,10230,두산,-0.2,,14506,역산 추정,114,2,0,0,,2,2,,,,2,,직전 시즌까지의 성적으로 추정
2017,홍성무,11324,KT,-0.3,,4183,역산 추정,297,1,0,0,,1,4,,2019,,4,신인 하한,직전 시즌까지의 성적으로 추정
2017,홍성용,11253,KT,0.1,,6074,역산 추정,170,1,-1,0,,1,1,,,,1,,직전 시즌까지의 성적으로 추정
2017,황덕균,11139,넥센,-0.3,,3791,역산 추정,337,1,0,0,,1,1,,,,1,,직전 시즌까지의 성적으로 추정
2017,황목치승,11290,LG,-0.3,,3622,역산 추정,348,1,0,0,,1,1,,,,1,,직전 시즌까지의 성적으로 추정
2017,황수범,10877,삼성,-0.3,,4443,역산 추정,218,1,0,0,,1,1,,,,1,,직전 시즌까지의 성적으로 추정
2017,황진수,10257,롯데,0.4,,4443,역산 추정,218,1,0,0,,1,1,,,,1,,직전 시즌까지의 성적으로 추정
2018,강경학,10676,한화,2.1,,4481,역산 추정,292,1,0,0,,1,1,,,,1,,직전 시즌까지의 성적으로 추정
2018,강동연,10883,두산,-0.1,,4285,역산 추정,319,1,0,0,,1,1,,,,1,,직전 시즌까지의 성적으로 추정
2018,강민호,10232,삼성,1.5,FA 2018 4년 보장 70.0억,100000,실제 연봉,19,5,0,1,5,5,5,,,,5,계약 하한 대상(변경 없음),시즌 전 확정
2018,강백호,13168,KT,2.1,,4527,역산 추정,233,1,0,0,,1,4,,2022,,4,신인 하한,직전 시즌까지의 성적으로 추정
2018,강승호,11087,LG,-0.2,,4085,역산 추정,337,1,0,0,,1,1,,,,1,,직전 시즌까지의 성적으로 추정
2018,강승호,11087,SK,-0.2,,4085,역산 추정,337,1,0,0,,1,1,,,,1,,직전 시즌까지의 성적으로 추정
2018,강윤구,10423,NC,-0.2,,10693,역산 추정,136,2,0,0,,2,2,,2013,,2,,직전 시즌까지의 성적으로 추정
2018,강진성,11148,NC,-0.3,,4557,역산 추정,228,1,0,0,,1,1,,,,1,,직전 시즌까지의 성적으로 추정
2018,강한울,11255,삼성,-0.3,,4952,역산 추정,209,1,0,0,,1,1,,,,1,,직전 시즌까지의 성적으로 추정
2018,고영표,11308,KT,2.3,,9335,역산 추정,144,2,0,0,,2,2,,,,2,,직전 시즌까지의 성적으로 추정
2018,고우석,12907,LG,0.2,,4572,역산 추정,227,1,0,0,,1,3,,2021,,3,신인 하한,직전 시즌까지의 성적으로 추정
2018,고종욱,10659,넥센,-0.7,,9597,역산 추정,142,2,0,0,,2,2,,,,2,,직전 시즌까지의 성적으로 추정
2018,고창성,10196,KT,0.0,,14729,역산 추정,120,2,0,0,,2,2,,,,2,,직전 시즌까지의 성적으로 추정
2018,고효준,10124,롯데,-0.0,,5795,역산 추정,189,1,0,0,,1,1,,2008,,1,,직전 시즌까지의 성적으로 추정
2018,곽빈,13061,두산,-0.3,,4527,역산 추정,233,1,0,0,,1,3,,2022,,3,신인 하한,직전 시즌까지의 성적으로 추정
2018,구승민,11291,롯데,1.3,,3996,역산 추정,344,1,0,0,,1,1,Y,,,2,풀타임 최소 2코인,직전 시즌까지의 성적으로 추정
2018,구자욱,10892,삼성,3.1,,19858,역산 추정,105,2,0,0,,2,2,,,2017 APBC,3,국가대표 +1,직전 시즌까지의 성적으로 추정
2018,구창모,11353,NC,1.7,,6491,역산 추정,176,1,0,0,,1,1,Y,,2017 APBC,3,풀타임 최소 2코인 / 국가대표 +1,직전 시즌까지의 성적으로 추정
2018,권오준,10350,삼성,0.7,FA 2018 2년 보장 6.0억,30000,FA 연봉 부분,94,2,0,0,2,2,2,,,,2,계약 하한 대상(변경 없음),시즌 전 확정
2018,권혁,10351,한화,0.1,FA 2015 4년 보장 28.0억,45000,실제 연봉,53,4,0,0,4,4,4,,2007,,4,계약 하한 대상(변경 없음),시즌 전 확정
2018,권희동,11172,NC,1.1,,7985,역산 추정,153,1,0,0,,1,1,Y,,,2,풀타임 최소 2코인,직전 시즌까지의 성적으로 추정
2018,금민철,10425,KT,2.1,,18540,역산 추정,108,2,0,0,,2,2,,,,2,,직전 시즌까지의 성적으로 추정
2018,김강률,10690,두산,1.5,,6857,역산 추정,168,1,0,0,,1,1,Y,,,2,풀타임 최소 2코인,직전 시즌까지의 성적으로 추정
2018,김강민,10108,SK,1.3,FA 2015 4년 보장 52.0억,60000,실제 연봉,36,5,0,1,5,5,5,,2009,,5,계약 하한 대상(변경 없음),시즌 전 확정
2018,김건국,12944,롯데,0.4,,4527,역산 추정,233,1,0,0,,1,3,,2022,,3,신인 하한,직전 시즌까지의 성적으로 추정
2018,김건태,10432,NC,0.3,,3537,역산 추정,375,1,0,0,,1,1,,,,1,,직전 시즌까지의 성적으로 추정
2018,김광현,10126,SK,5.4,FA 2017 4년 보장 85.0억,140000,실제 연봉,9,5,0,1,5,5,5,,2011,,5,계약 하한 대상(변경 없음),시즌 전 확정
2018,김규민,10868,넥센,0.1,,4527,역산 추정,233,1,0,0,,1,1,,,,1,,직전 시즌까지의 성적으로 추정
2018,김대우,10685,삼성,0.0,,6598,역산 추정,175,1,0,0,,1,1,,,,1,,직전 시즌까지의 성적으로 추정
2018,김대현,12532,LG,-0.6,,5996,역산 추정,187,1,0,0,,1,4,,2021,2017 APBC,4,신인 하한 / 국가대표 +1 / 국가대표 +1은 4코인까지,직전 시즌까지의 성적으로 추정
2018,김동엽,12548,SK,-0.1,,5775,역산 추정,190,1,0,0,,1,1,Y,,,2,풀타임 최소 2코인,직전 시즌까지의 성적으로 추정
2018,김동한,10734,롯데,-0.6,,4072,역산 추정,338,1,0,0,,1,1,,,,1,,직전 시즌까지의 성적으로 추정
2018,김문호,10648,롯데,0.2,,6163,역산 추정,181,1,0,0,,1,1,,2011,,1,,직전 시즌까지의 성적으로 추정
2018,김민,13167,KT,0.5,,4527,역산 추정,233,1,0,0,,1,3,,2022,,3,신인 하한,직전 시즌까지의 성적으로 추정
2018,김민성,10238,넥센,1.9,,36260,역산 추정,69,2,0,0,,2,2,,2013,,2,,직전 시즌까지의 성적으로 추정
2018,김민식,10707,KIA,0.8,,5357,역산 추정,200,1,-1,0,,1,1,Y,,,2,풀타임 최소 2코인,직전 시즌까지의 성적으로 추정
2018,김민우,11410,한화,0.4,,3939,역산 추정,352,1,0,0,,1,1,Y,,,2,풀타임 최소 2코인,직전 시즌까지의 성적으로 추정
2018,김민하,10777,한화,-0.2,,3943,역산 추정,351,1,0,0,,1,1,,,,1,,직전 시즌까지의 성적으로 추정
2018,김민혁,12970,두산,-0.0,,4527,역산 추정,233,1,0,0,,1,1,,,,1,,직전 시즌까지의 성적으로 추정
2018,김범수,11411,한화,0.2,,3958,역산 추정,349,1,0,0,,1,1,Y,,,2,풀타임 최소 2코인,직전 시즌까지의 성적으로 추정
2018,김사율,10272,KT,0.4,FA 2015 4년 보장 12.5억,41667,FA 연봉 부분,57,3,0,0,3,3,3,,,,3,계약 하한 대상(변경 없음),시즌 전 확정
2018,김사훈,10834,롯데,-0.3,,3537,역산 추정,375,1,0,0,,1,1,,,,1,,직전 시즌까지의 성적으로 추정
2018,김상수,10427,넥센,0.4,,8664,역산 추정,149,2,0,0,,2,2,,2012,,2,,직전 시즌까지의 성적으로 추정
2018,김상수,10320,삼성,0.0,,36260,역산 추정,69,2,0,0,,2,2,,2013,,2,,직전 시즌까지의 성적으로 추정
2018,김선기,13092,넥센,-0.6,,4527,역산 추정,233,1,0,0,,1,1,,,,1,,직전 시즌까지의 성적으로 추정
2018,김선빈,10008,KIA,1.8,,36260,역산 추정,69,2,1,1,,4,4,,,,4,,직전 시즌까지의 성적으로 추정
2018,김성민,12918,넥센,0.1,,6127,역산 추정,182,1,0,0,,1,1,,,,1,,직전 시즌까지의 성적으로 추정
2018,김성욱,11153,NC,1.1,,5089,역산 추정,204,1,0,0,,1,1,,,2017 APBC,2,국가대표 +1,직전 시즌까지의 성적으로 추정
2018,김성현,10636,SK,0.6,,16182,역산 추정,113,2,0,0,,2,2,,,,2,,직전 시즌까지의 성적으로 추정
2018,김성훈,12639,삼성,0.7,,4854,역산 추정,212,1,0,0,,1,1,,,,1,,직전 시즌까지의 성적으로 추정
2018,김성훈,12924,한화,0.8,,4527,역산 추정,233,1,0,0,,1,1,,,,1,,직전 시즌까지의 성적으로 추정
2018,김세현,10431,KIA,-0.1,,18912,역산 추정,106,2,0,0,,2,2,,2011,,2,,직전 시즌까지의 성적으로 추정
2018,김승현,12637,삼성,0.3,,4514,역산 추정,290,1,0,0,,1,1,,,,1,,직전 시즌까지의 성적으로 추정
2018,김승회,10202,두산,1.0,FA 2018 2년 보장 3.0억,15000,FA 연봉 부분,117,2,0,0,2,2,2,,,,2,계약 하한 대상(변경 없음),시즌 전 확정
2018,김시현,12932,삼성,-0.1,,4456,역산 추정,297,1,0,0,,1,1,,,,1,,직전 시즌까지의 성적으로 추정
2018,김영준,13102,LG,0.2,,4527,역산 추정,233,1,0,0,,1,3,,2022,,3,신인 하한,직전 시즌까지의 성적으로 추정
2018,김용의,10466,LG,-0.7,,4196,역산 추정,329,1,0,0,,1,1,,,,1,,직전 시즌까지의 성적으로 추정
2018,김원중,10825,롯데,0.8,,5678,역산 추정,192,1,0,0,,1,1,Y,,,2,풀타임 최소 2코인,직전 시즌까지의 성적으로 추정
2018,김유신,13114,KIA,-0.1,,4527,역산 추정,233,1,0,0,,1,1,,,,1,,직전 시즌까지의 성적으로 추정
2018,김윤동,10821,KIA,1.8,,7057,역산 추정,164,1,0,0,,1,1,Y,,2017 APBC,3,풀타임 최소 2코인 / 국가대표 +1,직전 시즌까지의 성적으로 추정
2018,김인태,11098,두산,0.1,,4463,역산 추정,295,1,0,0,,1,1,,,,1,,직전 시즌까지의 성적으로 추정
2018,김재균,13084,NC,0.1,,4527,역산 추정,233,1,0,0,,1,1,,,,1,,직전 시즌까지의 성적으로 추정
2018,김재영,12547,한화,1.8,,5611,역산 추정,195,1,0,0,,1,1,Y,,,2,풀타임 최소 2코인,직전 시즌까지의 성적으로 추정
2018,김재윤,11489,KT,0.9,,7677,역산 추정,157,1,0,0,,1,1,Y,,,2,풀타임 최소 2코인,직전 시즌까지의 성적으로 추정
2018,김재율,10929,LG,-0.2,,3805,역산 추정,358,1,0,0,,1,1,,,,1,,직전 시즌까지의 성적으로 추정
2018,김재현,10111,SK,0.6,,4114,역산 추정,336,1,0,0,,1,1,,,,1,,직전 시즌까지의 성적으로 추정
2018,김재현,10870,넥센,-0.4,,3827,역산 추정,356,1,0,0,,1,1,,,,1,,직전 시즌까지의 성적으로 추정
2018,김재호,10174,두산,4.2,FA 2017 4년 보장 46.0억,65000,실제 연봉,34,5,0,1,5,5,5,,2009,,5,계약 하한 대상(변경 없음),시즌 전 확정
2018,김재환,10643,두산,6.7,,47000,실제 연봉,52,3,1,0,,4,4,,2015,,4,,시즌 전 확정
2018,김정인,11531,넥센,-0.0,,4543,역산 추정,230,1,0,0,,1,1,,,,1,,직전 시즌까지의 성적으로 추정
2018,김정후,13184,두산,0.3,,4527,역산 추정,233,1,0,0,,1,1,,,,1,,직전 시즌까지의 성적으로 추정
2018,김종수,11117,한화,0.1,,4527,역산 추정,233,1,0,0,,1,1,,,,1,,직전 시즌까지의 성적으로 추정
2018,김주찬,10239,KIA,1.9,FA 2018 3년 보장 27.0억,40000,실제 연봉,59,5,0,0,5,5,5,,,,5,계약 하한 대상(변경 없음),시즌 전 확정
2018,김주한,12531,SK,-0.4,,6780,역산 추정,171,1,-1,0,,1,1,,,,1,,직전 시즌까지의 성적으로 추정
2018,김지수,10399,넥센,-0.3,,3537,역산 추정,375,1,0,0,,1,1,,,,1,,직전 시즌까지의 성적으로 추정
2018,김지열,10551,KT,-0.3,,3740,역산 추정,362,1,0,0,,1,1,,,,1,,직전 시즌까지의 성적으로 추정
2018,김지용,10747,LG,-0.4,,8690,역산 추정,148,2,-1,0,,1,1,,,,1,,직전 시즌까지의 성적으로 추정
2018,김진성,11166,NC,-0.4,,19921,역산 추정,104,2,0,0,,2,2,,,,2,,직전 시즌까지의 성적으로 추정
2018,김진영,12926,한화,0.1,,4527,역산 추정,233,1,0,0,,1,1,,,,1,,직전 시즌까지의 성적으로 추정
2018,김진욱,13144,한화,0.1,,4527,역산 추정,233,1,0,0,,1,1,,,,1,,직전 시즌까지의 성적으로 추정
2018,김찬형,12622,NC,0.2,,4527,역산 추정,233,1,0,0,,1,1,,,,1,,직전 시즌까지의 성적으로 추정
2018,김태균,10552,한화,0.5,FA 2016 4년 보장 84.0억,140000,실제 연봉,9,5,0,1,5,5,5,,2005,,5,계약 하한 대상(변경 없음),시즌 전 확정
2018,김태연,12585,한화,-0.2,,4527,역산 추정,233,1,0,0,,1,1,,,,1,,직전 시즌까지의 성적으로 추정
2018,김태오,12577,KT,0.0,,4527,역산 추정,233,1,0,0,,1,1,,,,1,,직전 시즌까지의 성적으로 추정
2018,김태완,10553,넥센,-0.4,,11929,역산 추정,129,2,0,0,,2,2,,,,2,,직전 시즌까지의 성적으로 추정
2018,김태진,11244,NC,0.1,,4527,역산 추정,233,1,0,0,,1,1,,,,1,,직전 시즌까지의 성적으로 추정
2018,김태훈,10133,SK,2.5,,3626,역산 추정,369,1,0,0,,1,1,Y,,,2,풀타임 최소 2코인,직전 시즌까지의 성적으로 추정
2018,김태훈,10871,넥센,0.3,,3963,역산 추정,348,1,0,0,,1,1,,,,1,,직전 시즌까지의 성적으로 추정
2018,김택형,11373,SK,0.1,,3898,역산 추정,353,1,0,0,,1,1,,,,1,,직전 시즌까지의 성적으로 추정
2018,김하성,11224,넥센,4.3,,23572,역산 추정,100,2,1,0,,3,3,,,2017 APBC,4,국가대표 +1,직전 시즌까지의 성적으로 추정
2018,김헌곤,10640,삼성,1.2,,5455,역산 추정,197,1,-1,0,,1,1,Y,,,2,풀타임 최소 2코인,직전 시즌까지의 성적으로 추정
2018,김현수,10187,LG,5.0,FA 2018 4년 보장 115.0억,140000,실제 연봉,9,5,1,0,5,5,5,,,,5,계약 하한 대상(변경 없음),시즌 전 확정
2018,김형준,13081,NC,-0.9,,4527,역산 추정,233,1,0,0,,1,1,,,,1,,직전 시즌까지의 성적으로 추정
2018,김혜성,12905,넥센,1.1,,4527,역산 추정,233,1,0,0,,1,1,Y,,,2,풀타임 최소 2코인,직전 시즌까지의 성적으로 추정
2018,김회성,10554,한화,0.5,,3537,역산 추정,375,1,0,0,,1,1,,,,1,,직전 시즌까지의 성적으로 추정
2018,나경민,12592,롯데,0.3,,4400,역산 추정,303,1,0,0,,1,1,,,2017 APBC,2,국가대표 +1,직전 시즌까지의 성적으로 추정
2018,나성범,11162,NC,4.3,,43000,실제 연봉,55,3,1,1,,5,5,,2017,,5,,시즌 전 확정
2018,나주환,10092,SK,1.0,,36260,역산 추정,69,2,0,0,,2,2,,,,2,,직전 시즌까지의 성적으로 추정
2018,나지완,10030,KIA,2.6,FA 2017 4년 보장 40.0억,60000,실제 연봉,36,5,0,1,5,5,5,,,,5,계약 하한 대상(변경 없음),시즌 전 확정
2018,남윤성,12919,SK,0.1,,4527,역산 추정,233,1,0,0,,1,1,,,,1,,직전 시즌까지의 성적으로 추정
2018,노건우,11144,NC,-0.2,,3847,역산 추정,354,1,0,0,,1,3,,2017,,1,"신인 하한 / 신인 하한 종료(달력 5시즌, 군 복무 외 공백은 연장 안 함)",직전 시즌까지의 성적으로 추정
2018,노경은,10203,롯데,3.7,,30922,역산 추정,91,2,0,0,,2,2,,2007,,2,,직전 시즌까지의 성적으로 추정
2018,노수광,11268,SK,2.9,,6368,역산 추정,179,1,0,0,,1,1,Y,,,2,풀타임 최소 2코인,직전 시즌까지의 성적으로 추정
2018,노진혁,11165,NC,1.1,,4125,역산 추정,335,1,0,0,,1,1,Y,,,2,풀타임 최소 2코인,직전 시즌까지의 성적으로 추정
2018,도태훈,12560,NC,0.1,,4392,역산 추정,306,1,0,0,,1,1,,,,1,,직전 시즌까지의 성적으로 추정
2018,류승현,12543,KIA,0.0,,4527,역산 추정,233,1,0,0,,1,1,,,,1,,직전 시즌까지의 성적으로 추정
2018,류지혁,10894,두산,1.9,,5327,역산 추정,202,1,0,0,,1,1,,,2017 APBC,2,국가대표 +1,직전 시즌까지의 성적으로 추정
2018,류희운,12655,KT,0.5,,5041,역산 추정,207,1,-1,0,,1,1,,2020,,1,,직전 시즌까지의 성적으로 추정
2018,모창민,10093,NC,0.6,,9226,역산 추정,145,2,0,0,,2,2,,,,2,,직전 시즌까지의 성적으로 추정
2018,문경찬,11299,KIA,0.8,,3955,역산 추정,350,1,0,0,,1,1,,,,1,,직전 시즌까지의 성적으로 추정
2018,문광은,10130,LG,-0.5,,4490,역산 추정,291,1,0,0,,1,1,,2014,,1,,직전 시즌까지의 성적으로 추정
2018,문규현,10240,롯데,0.3,FA 2018 3년 보장 10.0억,50000,FA 연봉 부분,43,3,0,0,3,3,3,,,,3,계약 하한 대상(변경 없음),시즌 전 확정
2018,문승원,10783,SK,2.9,,5331,역산 추정,201,1,0,0,,1,1,Y,,,2,풀타임 최소 2코인,직전 시즌까지의 성적으로 추정
2018,민병헌,10188,롯데,3.4,FA 2018 4년 보장 80.0억,100000,실제 연봉,19,5,0,0,5,5,5,,2010,,5,계약 하한 대상(변경 없음),시즌 전 확정
2018,민태호,10434,NC,-0.0,,3638,역산 추정,367,1,0,0,,1,1,,,,1,,직전 시즌까지의 성적으로 추정
2018,박건우,10189,두산,2.9,,37000,실제 연봉,68,2,1,0,,3,3,,,,3,,시즌 전 확정
2018,박경수,10469,KT,2.6,FA 2015 4년 보장 16.2억,40500,FA 연봉 부분,58,3,0,0,3,3,3,,2007,,3,계약 하한 대상(변경 없음),시즌 전 확정
2018,박경태,10050,KIA,-0.0,,4337,역산 추정,313,1,0,0,,1,1,,,,1,,직전 시즌까지의 성적으로 추정
2018,박근홍,11112,삼성,-0.2,,9810,역산 추정,141,2,0,0,,2,2,,,,2,,직전 시즌까지의 성적으로 추정
2018,박기혁,10241,KT,-0.7,FA 2015 4년 보장 10.200000000000001억,34000,FA 연봉 부분,85,2,0,0,2,2,2,,,,2,계약 하한 대상(변경 없음),시즌 전 확정
2018,박대온,11246,NC,-0.2,,4254,역산 추정,322,1,0,0,,1,1,,,,1,,직전 시즌까지의 성적으로 추정
2018,박동원,10387,넥센,0.5,,7933,역산 추정,154,1,0,0,,1,1,,,,1,,직전 시즌까지의 성적으로 추정
2018,박민우,11137,NC,2.7,,33085,역산 추정,87,2,0,0,,2,2,,,2017 APBC,3,국가대표 +1,직전 시즌까지의 성적으로 추정
2018,박병호,10470,넥센,7.2,,150000,실제 연봉,5,5,1,1,,5,5,,2009,,5,,시즌 전 확정
2018,박상원,12871,한화,2.1,,4619,역산 추정,223,1,0,0,,1,1,Y,,,2,풀타임 최소 2코인,직전 시즌까지의 성적으로 추정
2018,박석민,10322,NC,0.8,FA 2016 4년 보장 96.0억,75000,실제 연봉,29,5,0,1,5,5,4,,,,4,계약 하한 대상(변경 없음)/커리어 로우·지정 하향,시즌 전 확정
2018,박성웅,13136,한화,-0.1,,4527,역산 추정,233,1,0,0,,1,1,,,,1,,직전 시즌까지의 성적으로 추정
2018,박성한,12922,SK,-0.6,,4527,역산 추정,233,1,0,0,,1,1,,,,1,,직전 시즌까지의 성적으로 추정
2018,박세웅,11310,롯데,-0.4,,15348,역산 추정,115,2,1,0,,3,3,,,2017 APBC,4,국가대표 +1,직전 시즌까지의 성적으로 추정
2018,박세진,12572,KT,-0.6,,4323,역산 추정,315,1,0,0,,1,3,,2020,,3,신인 하한,직전 시즌까지의 성적으로 추정
2018,박세혁,10891,두산,1.2,,4194,역산 추정,331,1,0,0,,1,1,,,,1,,직전 시즌까지의 성적으로 추정
2018,박승욱,10804,SK,0.2,,4234,역산 추정,324,1,0,0,,1,1,,,,1,,직전 시즌까지의 성적으로 추정
2018,박시영,10737,롯데,-0.3,,4475,역산 추정,294,1,0,0,,1,1,,,,1,,직전 시즌까지의 성적으로 추정
2018,박신지,13070,두산,0.4,,4527,역산 추정,233,1,0,0,,1,1,,,,1,,직전 시즌까지의 성적으로 추정
2018,박용택,10485,LG,1.6,FA 2015 4년 보장 50.0억,80000,실제 연봉,27,5,0,1,5,5,5,,2006,,5,계약 하한 대상(변경 없음),시즌 전 확정
2018,박정권,10096,SK,-0.1,FA 2016 4년 보장 30.0억,40000,실제 연봉,59,4,0,0,4,4,4,,,,4,계약 하한 대상(변경 없음),시즌 전 확정
2018,박정배,10206,SK,-0.1,,4297,역산 추정,317,1,0,0,,1,1,,,,1,,직전 시즌까지의 성적으로 추정
2018,박정수,11300,KIA,-0.3,,4176,역산 추정,333,1,0,0,,1,1,,,,1,,직전 시즌까지의 성적으로 추정
2018,박종훈,10131,SK,4.3,,11208,역산 추정,134,2,0,0,,2,2,,,,2,,직전 시즌까지의 성적으로 추정
2018,박준태,11260,KIA,0.4,,4056,역산 추정,341,1,0,0,,1,1,,,,1,,직전 시즌까지의 성적으로 추정
2018,박지규,11346,LG,-0.7,,3824,역산 추정,357,1,0,0,,1,1,,,,1,,직전 시즌까지의 성적으로 추정
2018,박진우,11358,NC,0.4,,4130,역산 추정,334,1,0,0,,1,1,,,,1,,직전 시즌까지의 성적으로 추정
2018,박진형,11425,롯데,-0.3,,8108,역산 추정,152,1,0,0,,1,1,,,2017 APBC,2,국가대표 +1,직전 시즌까지의 성적으로 추정
2018,박찬도,10930,삼성,-0.3,,4025,역산 추정,342,1,0,0,,1,1,,,,1,,직전 시즌까지의 성적으로 추정
2018,박치국,12850,두산,1.7,,4396,역산 추정,305,1,0,0,,1,1,Y,,,2,풀타임 최소 2코인,직전 시즌까지의 성적으로 추정
2018,박한이,10336,삼성,0.3,,32012,역산 추정,90,2,0,1,,3,3,,,,3,,직전 시즌까지의 성적으로 추정
2018,박해민,11190,삼성,3.0,,18675,역산 추정,107,2,0,0,,2,2,,,,2,,직전 시즌까지의 성적으로 추정
2018,박헌도,10410,롯데,-0.3,,4243,역산 추정,323,1,0,0,,1,1,,,,1,,직전 시즌까지의 성적으로 추정
2018,박희수,10135,SK,0.8,,14864,역산 추정,118,2,0,0,,2,2,,,,2,,직전 시즌까지의 성적으로 추정
2018,배민관,10923,LG,0.2,,4285,역산 추정,319,1,0,0,,1,1,,,,1,,직전 시즌까지의 성적으로 추정
2018,배영섭,10337,삼성,-0.7,,14760,역산 추정,119,2,0,0,,2,2,,,,2,,직전 시즌까지의 성적으로 추정
2018,배영수,10362,한화,0.4,,50000,실제 연봉,43,3,0,0,,3,3,,,,3,,시즌 전 확정
2018,배우열,10512,KT,0.1,,3537,역산 추정,375,1,0,0,,1,1,,,,1,,직전 시즌까지의 성적으로 추정
2018,배장호,10281,롯데,0.1,,11436,역산 추정,131,2,0,0,,2,2,,,,2,,직전 시즌까지의 성적으로 추정
2018,배재준,12697,LG,0.3,,4527,역산 추정,233,1,0,0,,1,1,,,,1,,직전 시즌까지의 성적으로 추정
2018,배재환,11248,NC,0.5,,4334,역산 추정,314,1,0,0,,1,1,,,,1,,직전 시즌까지의 성적으로 추정
2018,백동훈,11084,두산,0.1,,4527,역산 추정,233,1,0,0,,1,1,,,,1,,직전 시즌까지의 성적으로 추정
2018,백승민,13241,삼성,-0.3,,4527,역산 추정,233,1,0,0,,1,1,,,,1,,직전 시즌까지의 성적으로 추정
2018,백용환,10003,KIA,0.1,,3635,역산 추정,368,1,0,0,,1,1,,,,1,,직전 시즌까지의 성적으로 추정
2018,백정현,10363,삼성,2.9,,8997,역산 추정,146,2,0,0,,2,2,,2013,,2,,직전 시즌까지의 성적으로 추정
2018,백진우,10473,한화,-0.2,,3782,역산 추정,359,1,0,0,,1,1,,,,1,,직전 시즌까지의 성적으로 추정
2018,백청훈,10136,SK,-0.3,,5636,역산 추정,193,1,0,0,,1,1,,,,1,,직전 시즌까지의 성적으로 추정
2018,변시원,10882,두산,-0.2,,4294,역산 추정,318,1,0,0,,1,1,,,,1,,직전 시즌까지의 성적으로 추정
2018,서건창,10855,넥센,0.5,,38000,실제 연봉,67,2,0,1,,3,3,,,,3,,시즌 전 확정
2018,서균,11271,한화,-0.1,,4583,역산 추정,226,1,0,0,,1,1,Y,,,2,풀타임 최소 2코인,직전 시즌까지의 성적으로 추정
2018,서동욱,10486,KIA,0.0,,6673,역산 추정,173,1,0,0,,1,1,,,,1,,직전 시즌까지의 성적으로 추정
2018,서상우,10859,LG,0.2,,4641,역산 추정,220,1,0,0,,1,1,,,,1,,직전 시즌까지의 성적으로 추정
2018,서진용,10784,SK,0.3,,4538,역산 추정,232,1,0,0,,1,1,,,,1,,직전 시즌까지의 성적으로 추정
2018,손승락,10442,롯데,2.2,FA 2016 4년 보장 60.0억,70000,실제 연봉,30,5,0,1,5,5,4,,,,4,계약 하한 대상(변경 없음)/커리어 로우·지정 하향 / 명성: 2017 세이브 1위,시즌 전 확정
2018,손시헌,10177,NC,-0.3,FA 2018 2년 보장 15.0억,50000,실제 연봉,43,4,0,0,4,4,4,,,,4,계약 하한 대상(변경 없음),시즌 전 확정
2018,손아섭,10261,롯데,5.6,FA 2018 4년 보장 98.0억,150000,실제 연봉,5,5,1,1,5,5,5,,,,5,계약 하한 대상(변경 없음),시즌 전 확정
2018,손주영,12908,LG,0.0,,4550,역산 추정,229,1,0,0,,1,1,,,,1,,직전 시즌까지의 성적으로 추정
2018,손주인,10325,삼성,-1.0,,6087,역산 추정,184,1,0,0,,1,1,,,,1,,직전 시즌까지의 성적으로 추정
2018,송광민,10555,한화,1.4,,11365,역산 추정,132,2,0,0,,2,2,,2011,,2,,직전 시즌까지의 성적으로 추정
2018,송성문,11376,넥센,2.2,,4460,역산 추정,296,1,0,0,,1,1,,,,1,,직전 시즌까지의 성적으로 추정
2018,송승준,10285,롯데,0.7,FA 2016 4년 보장 40.0억,40000,실제 연봉,59,5,0,1,5,5,4,,2011,,4,계약 하한 대상(변경 없음)/커리어 로우·지정 하향,시즌 전 확정
2018,송은범,10137,한화,2.5,FA 2015 4년 보장 30.0억,45000,실제 연봉,53,4,0,0,4,4,4,,2007,,4,계약 하한 대상(변경 없음),시즌 전 확정
2018,송창식,10598,한화,0.2,,30367,역산 추정,92,2,-1,0,,1,1,,2008,,1,,직전 시즌까지의 성적으로 추정
2018,신병률,13173,KT,-0.2,,4527,역산 추정,233,1,0,0,,1,1,,,,1,,직전 시즌까지의 성적으로 추정
2018,신본기,10840,롯데,1.4,,5392,역산 추정,199,1,0,0,,1,1,Y,,,2,풀타임 최소 2코인,직전 시즌까지의 성적으로 추정
2018,신재영,11149,넥센,0.6,,11989,역산 추정,127,2,0,0,,2,2,,,,2,,직전 시즌까지의 성적으로 추정
2018,신재웅,10921,SK,1.5,,5052,역산 추정,205,1,0,0,,1,1,Y,,,2,풀타임 최소 2코인,직전 시즌까지의 성적으로 추정
2018,신정락,10516,LG,0.4,,7859,역산 추정,155,1,-1,0,,1,1,,2014,,2,전수 판정: 보정 권고,직전 시즌까지의 성적으로 추정
2018,심동섭,10056,KIA,-0.1,,25424,역산 추정,99,2,-1,0,,1,1,,2015,,1,,직전 시즌까지의 성적으로 추정
2018,심우준,11334,KT,0.9,,3734,역산 추정,363,1,0,0,,1,1,Y,,,2,풀타임 최소 2코인,직전 시즌까지의 성적으로 추정
2018,심재민,11311,KT,0.4,,12352,역산 추정,125,2,-1,0,,1,3,,2019,2017 APBC,4,신인 하한 / 국가대표 +1,직전 시즌까지의 성적으로 추정
2018,심창민,10720,삼성,1.7,,36260,역산 추정,69,2,0,0,,2,2,,2016,,2,,직전 시즌까지의 성적으로 추정
2018,안영명,10600,한화,0.7,FA 2018 2년 보장 12.0억,60000,FA 연봉 부분,36,4,-1,0,4,3,4,,2007,,4,계약 하한(가격 변경),시즌 전 확정
2018,안우진,13091,넥센,-0.3,,4527,역산 추정,233,1,0,0,,1,4,,2022,,4,신인 하한/지정 유지(원태인·이정후·안우진),직전 시즌까지의 성적으로 추정
2018,안익훈,11347,LG,-1.1,,4675,역산 추정,217,1,0,0,,1,1,,,2017 APBC,2,국가대표 +1,직전 시즌까지의 성적으로 추정
2018,안중열,11329,롯데,0.3,,4067,역산 추정,340,1,0,0,,1,1,,,,1,,직전 시즌까지의 성적으로 추정
2018,안치홍,10014,KIA,4.8,,36260,역산 추정,69,2,0,1,,3,3,,2013,,4,편집 지정 4,직전 시즌까지의 성적으로 추정
2018,양석환,11213,LG,0.6,,6407,역산 추정,178,1,0,0,,1,1,Y,,,2,풀타임 최소 2코인,직전 시즌까지의 성적으로 추정
2018,양성우,10916,한화,0.0,,6057,역산 추정,185,1,0,0,,1,1,,,,1,,직전 시즌까지의 성적으로 추정
2018,양의지,10165,두산,7.0,,60000,실제 연봉,36,4,0,1,,5,5,,,,5,,시즌 전 확정
2018,양창섭,13157,삼성,1.8,,4527,역산 추정,233,1,0,0,,1,3,,2022,,3,신인 하한,직전 시즌까지의 성적으로 추정
2018,양현,10730,넥센,0.6,,3769,역산 추정,361,1,0,0,,1,1,,,,1,,직전 시즌까지의 성적으로 추정
2018,양현종,10058,KIA,5.1,,230000,실제 연봉,2,5,1,1,,5,5,,2011,,5,2017 투수 골든글러브 → 5,시즌 전 확정
2018,엄상백,11318,KT,0.1,,11261,역산 추정,133,2,0,0,,2,3,,2019,,3,신인 하한,직전 시즌까지의 성적으로 추정
2018,여건욱,10140,LG,0.1,,4913,역산 추정,211,1,0,0,,1,1,,,,1,,직전 시즌까지의 성적으로 추정
2018,오선진,10557,한화,-0.5,,4069,역산 추정,339,1,0,0,,1,1,,,,1,,직전 시즌까지의 성적으로 추정
2018,오재원,10178,두산,3.7,FA 2016 4년 보장 38.0억,55000,실제 연봉,42,4,-1,0,4,3,4,,,,4,계약 하한(가격 변경),시즌 전 확정
2018,오재일,10400,두산,3.6,,10742,역산 추정,135,2,0,0,,2,2,,,,2,,직전 시즌까지의 성적으로 추정
2018,오주원,10445,넥센,0.4,,36260,역산 추정,69,2,0,0,,2,2,,,,2,,직전 시즌까지의 성적으로 추정
2018,오준혁,10672,KT,-0.3,,4012,역산 추정,343,1,0,0,,1,1,,,,1,,직전 시즌까지의 성적으로 추정
2018,오지환,10475,LG,3.8,,36260,역산 추정,69,2,0,1,,3,3,,2014,,3,,직전 시즌까지의 성적으로 추정
2018,오태곤,10249,KT,0.0,,4621,역산 추정,222,1,-1,0,,1,1,Y,,,2,풀타임 최소 2코인,직전 시즌까지의 성적으로 추정
2018,오현택,10210,롯데,1.3,,12173,역산 추정,126,2,0,0,,2,2,,,,2,,직전 시즌까지의 성적으로 추정
2018,우규민,10523,삼성,1.6,FA 2017 4년 보장 65.0억,70000,실제 연봉,30,5,0,0,5,5,5,,2008,,5,계약 하한 대상(변경 없음),시즌 전 확정
2018,원종현,11161,NC,0.4,,17210,역산 추정,111,2,0,0,,2,3,,2018,,3,신인 하한,직전 시즌까지의 성적으로 추정
2018,유강남,10753,LG,3.4,,7376,역산 추정,161,1,0,0,,1,1,Y,,,2,풀타임 최소 2코인,직전 시즌까지의 성적으로 추정
2018,유민상,10895,KIA,0.1,,3990,역산 추정,345,1,0,0,,1,1,,,,1,,직전 시즌까지의 성적으로 추정
2018,유승철,12914,KIA,0.6,,4527,역산 추정,233,1,0,0,,1,1,,,,1,,직전 시즌까지의 성적으로 추정
2018,유원상,10604,NC,-0.3,,17206,역산 추정,112,2,0,0,,2,2,,2011,,2,,직전 시즌까지의 성적으로 추정
2018,유재신,10401,KIA,0.6,,3684,역산 추정,366,1,0,0,,1,1,,,,1,,직전 시즌까지의 성적으로 추정
2018,유재유,12544,두산,0.1,,4214,역산 추정,326,1,0,0,,1,1,,,,1,,직전 시즌까지의 성적으로 추정
2018,유한준,10627,KT,3.1,FA 2016 4년 보장 60.0억,60000,실제 연봉,36,5,0,0,5,5,5,,,,5,계약 하한 대상(변경 없음),시즌 전 확정
2018,유희관,10213,두산,0.6,,50000,실제 연봉,43,3,0,0,,3,3,,,,3,,시즌 전 확정
2018,윤강민,11155,NC,-0.3,,4527,역산 추정,233,1,0,0,,1,1,,,,1,,직전 시즌까지의 성적으로 추정
2018,윤규진,10606,한화,0.7,,35295,역산 추정,83,2,0,0,,2,2,,,,2,,직전 시즌까지의 성적으로 추정
2018,윤근영,10607,KT,-0.5,,6672,역산 추정,174,1,0,0,,1,1,,,,1,,직전 시즌까지의 성적으로 추정
2018,윤길현,10142,롯데,0.7,FA 2016 4년 보장 38.0억,50000,실제 연봉,43,4,0,0,4,4,4,,,,4,계약 하한 대상(변경 없음),시즌 전 확정
2018,윤병호,11359,NC,-0.2,,4378,역산 추정,309,1,0,0,,1,1,,,,1,,직전 시즌까지의 성적으로 추정
2018,윤석민,10061,KIA,-0.2,FA 2015 4년 보장 90.0억,125000,실제 연봉,14,5,0,1,5,5,5,,,,5,계약 하한 대상(변경 없음),시즌 전 확정
2018,윤석민,10644,KT,-0.2,,7589,역산 추정,159,1,0,0,,1,1,Y,,,2,풀타임 최소 2코인,직전 시즌까지의 성적으로 추정
2018,윤성빈,12928,롯데,0.6,,4527,역산 추정,233,1,0,0,,1,4,,2022,,4,신인 하한,직전 시즌까지의 성적으로 추정
2018,윤성환,10368,삼성,0.5,FA 2015 4년 보장 80.0억,80000,실제 연봉,27,5,0,1,5,5,5,,2008,,5,계약 하한 대상(변경 없음),시즌 전 확정
2018,윤수강,10836,NC,-0.4,,4527,역산 추정,233,1,0,0,,1,1,,,,1,,직전 시즌까지의 성적으로 추정
2018,윤수호,11319,NC,-0.6,,4539,역산 추정,231,1,0,0,,1,1,,,,1,,직전 시즌까지의 성적으로 추정
2018,윤수호,11319,두산,-0.6,,4539,역산 추정,231,1,0,0,,1,1,,,,1,,직전 시즌까지의 성적으로 추정
2018,윤영삼,10722,넥센,0.3,,4521,역산 추정,288,1,0,0,,1,3,,2021,,3,신인 하한,직전 시즌까지의 성적으로 추정
2018,윤정우,10651,SK,-0.1,,4425,역산 추정,300,1,0,0,,1,1,,,,1,,직전 시즌까지의 성적으로 추정
2018,윤지웅,10657,LG,-0.1,,18253,역산 추정,109,2,0,0,,2,2,,,,2,,직전 시즌까지의 성적으로 추정
2018,윤진호,10476,LG,-0.3,,3979,역산 추정,346,1,0,0,,1,1,,,,1,,직전 시즌까지의 성적으로 추정
2018,윤희상,10145,SK,0.9,,20353,역산 추정,103,2,0,0,,2,2,,2008,,2,,직전 시즌까지의 성적으로 추정
2018,이대호,10251,롯데,3.9,FA 2017 4년 보장 150.0억,250000,실제 연봉,1,5,0,1,5,5,5,,,,5,계약 하한 대상(변경 없음),시즌 전 확정
2018,이동현,10524,LG,-0.5,FA 2016 3년 보장 30.0억,60000,실제 연봉,36,5,0,0,5,5,4,,,,4,계약 하한 대상(변경 없음)/커리어 로우·지정 하향,시즌 전 확정
2018,이명기,10119,KIA,1.8,,9537,역산 추정,143,2,0,0,,2,2,,,,2,,직전 시즌까지의 성적으로 추정
2018,이명우,10290,롯데,0.3,,13703,역산 추정,123,2,0,0,,2,2,,,,2,,직전 시즌까지의 성적으로 추정
2018,이민우,13003,KIA,-0.2,,4664,역산 추정,218,1,0,0,,1,3,,2021,,3,신인 하한,직전 시즌까지의 성적으로 추정
2018,이민호,11151,NC,-0.3,,26685,역산 추정,97,2,0,0,,2,2,,2017,2017 APBC,3,국가대표 +1,직전 시즌까지의 성적으로 추정
2018,이범호,10559,KIA,1.7,FA 2016 4년 보장 36.0억,65000,실제 연봉,34,5,0,1,5,5,4,,,,4,계약 하한 대상(변경 없음)/커리어 로우·지정 하향,시즌 전 확정
2018,이병규,10477,롯데,1.6,,32089,역산 추정,89,2,0,0,,2,2,,,,2,,직전 시즌까지의 성적으로 추정
2018,이보근,10448,넥센,0.8,,33601,역산 추정,86,2,-1,0,,1,1,Y,,,2,풀타임 최소 2코인,직전 시즌까지의 성적으로 추정
2018,이상호,11147,NC,-1.0,,3601,역산 추정,371,1,0,0,,1,1,,,,1,,직전 시즌까지의 성적으로 추정
2018,이상화,10831,KT,0.1,,5513,역산 추정,196,1,0,0,,1,1,,2013,,1,,직전 시즌까지의 성적으로 추정
2018,이성열,10168,한화,2.1,,27037,역산 추정,96,2,0,0,,2,2,,,,2,,직전 시즌까지의 성적으로 추정
2018,이성우,10004,SK,0.3,,3537,역산 추정,375,1,0,0,,1,1,,,,1,,직전 시즌까지의 성적으로 추정
2018,이승진,12678,SK,0.5,,4527,역산 추정,233,1,0,0,,1,1,,,,1,,직전 시즌까지의 성적으로 추정
2018,이승현,10527,삼성,-0.2,,4257,역산 추정,321,1,0,0,,1,1,,,,1,,직전 시즌까지의 성적으로 추정
2018,이승호,12865,넥센,0.6,,4527,역산 추정,233,1,0,0,,1,1,,,,1,,직전 시즌까지의 성적으로 추정
2018,이시원,12526,한화,-0.1,,4371,역산 추정,311,1,0,0,,1,1,,,,1,,직전 시즌까지의 성적으로 추정
2018,이영하,12568,두산,1.6,,4590,역산 추정,225,1,0,0,,1,4,,2021,,4,신인 하한,직전 시즌까지의 성적으로 추정
2018,이용규,10035,한화,1.8,,40000,실제 연봉,59,3,0,0,,3,3,,,,3,,시즌 전 확정
2018,이용찬,10217,두산,4.7,,36260,역산 추정,69,2,0,0,,2,2,,2012,,2,,직전 시즌까지의 성적으로 추정
2018,이우성,11099,두산,-0.3,,4527,역산 추정,233,1,0,0,,1,1,,,,1,,직전 시즌까지의 성적으로 추정
2018,이우성,11099,NC,-0.3,,4527,역산 추정,233,1,0,0,,1,1,,,,1,,직전 시즌까지의 성적으로 추정
2018,이원석,10180,삼성,2.3,FA 2017 4년 보장 27.0억,67500,FA 연봉 부분,33,4,0,0,4,4,4,,2009,,4,계약 하한 대상(변경 없음),시즌 전 확정
2018,이원재,12999,NC,-0.0,,4527,역산 추정,233,1,0,0,,1,1,,,,1,,직전 시즌까지의 성적으로 추정
2018,이재원,10082,SK,3.7,,16176,역산 추정,114,2,0,0,,2,2,,2010,,2,,직전 시즌까지의 성적으로 추정
2018,이재율,12525,NC,-0.5,,4527,역산 추정,233,1,0,0,,1,1,,,,1,,직전 시즌까지의 성적으로 추정
2018,이재학,10220,NC,3.3,,36260,역산 추정,69,2,0,0,,2,2,,,,2,,직전 시즌까지의 성적으로 추정
2018,이정후,12906,넥센,3.9,,6793,역산 추정,170,1,0,0,,1,4,,2021,2017 APBC,4,신인 하한/지정 유지(원태인·이정후·안우진) / 국가대표 +1 / 국가대표 +1은 4코인까지,직전 시즌까지의 성적으로 추정
2018,이종욱,10192,NC,-0.3,FA 2018 1년 보장 5.0억,50000,FA 연봉 부분,43,3,0,0,3,3,3,,,,3,계약 하한 대상(변경 없음),시즌 전 확정
2018,이종혁,12938,KT,0.1,,4421,역산 추정,301,1,0,0,,1,1,,,,1,,직전 시즌까지의 성적으로 추정
2018,이지영,10312,삼성,1.6,,6893,역산 추정,166,1,0,0,,1,1,,,,1,,직전 시즌까지의 성적으로 추정
2018,이진영,10492,KT,0.4,FA 2017 2년 보장 15.0억,40000,실제 연봉,59,4,0,0,4,4,4,,,,4,계약 하한 대상(변경 없음),시즌 전 확정
2018,이천웅,10935,LG,1.8,,4922,역산 추정,210,1,0,0,,1,1,Y,,,2,풀타임 최소 2코인,직전 시즌까지의 성적으로 추정
2018,이태양,10609,한화,2.3,,8111,역산 추정,151,1,0,0,,1,1,Y,,,2,풀타임 최소 2코인,직전 시즌까지의 성적으로 추정
2018,이택근,10493,넥센,0.8,FA 2016 4년 보장 30.0억,50000,실제 연봉,43,4,0,1,4,5,4,,2007,,4,계약 하한 대상(변경 없음)/커리어 로우·지정 하향,시즌 전 확정
2018,이해창,10391,KT,0.0,,4400,역산 추정,303,1,0,0,,1,1,,,,1,,직전 시즌까지의 성적으로 추정
2018,이현승,10221,두산,0.4,FA 2017 3년 보장 24.0억,40000,실제 연봉,59,4,0,0,4,4,4,,2010,,4,계약 하한 대상(변경 없음),시즌 전 확정
2018,이현호,10677,두산,0.3,,5395,역산 추정,198,1,0,0,,1,1,,2019,,1,,직전 시즌까지의 성적으로 추정
2018,이형범,11159,NC,0.3,,4638,역산 추정,221,1,0,0,,1,1,,,,1,,직전 시즌까지의 성적으로 추정
2018,이형종,12516,LG,2.7,,6113,역산 추정,183,1,0,0,,1,4,,2020,,4,신인 하한,직전 시즌까지의 성적으로 추정
2018,임기영,10909,KIA,0.9,,5710,역산 추정,191,1,0,0,,1,1,Y,,2017 APBC,3,풀타임 최소 2코인 / 국가대표 +1,직전 시즌까지의 성적으로 추정
2018,임기준,10066,KIA,1.1,,4302,역산 추정,316,1,0,0,,1,1,Y,,,2,풀타임 최소 2코인,직전 시즌까지의 성적으로 추정
2018,임병욱,11226,넥센,1.4,,4477,역산 추정,293,1,0,0,,1,1,Y,,,2,풀타임 최소 2코인,직전 시즌까지의 성적으로 추정
2018,임준섭,10795,한화,0.1,,7454,역산 추정,160,1,0,0,,1,1,,,,1,,직전 시즌까지의 성적으로 추정
2018,임준혁,10068,SK,-0.0,,5012,역산 추정,208,1,0,0,,1,1,,,,1,,직전 시즌까지의 성적으로 추정
2018,임찬규,10652,LG,1.1,,8789,역산 추정,147,2,0,0,,2,2,,2015,,2,,직전 시즌까지의 성적으로 추정
2018,임창민,10452,NC,-0.2,,25439,역산 추정,98,2,0,0,,2,2,,,,2,,직전 시즌까지의 성적으로 추정
2018,임창용,11281,KIA,1.1,,50000,실제 연봉,43,3,0,0,,3,3,,,,3,,시즌 전 확정
2018,임현준,10637,삼성,0.7,,3599,역산 추정,372,1,0,0,,1,1,,,,1,,직전 시즌까지의 성적으로 추정
2018,임훈,10120,LG,-0.4,,6478,역산 추정,177,1,0,0,,1,1,,,,1,,직전 시즌까지의 성적으로 추정
2018,장민재,10610,한화,0.8,,6048,역산 추정,186,1,0,0,,1,1,,,,1,,직전 시즌까지의 성적으로 추정
2018,장성우,10235,KT,1.0,,5094,역산 추정,203,1,0,0,,1,1,Y,2013,,2,풀타임 최소 2코인,직전 시즌까지의 성적으로 추정
2018,장시환,10453,롯데,0.2,,9810,역산 추정,140,2,0,0,,2,2,,2011,,2,,직전 시즌까지의 성적으로 추정
2018,장영석,10404,넥센,-0.2,,3714,역산 추정,365,1,0,0,,1,1,,,,1,,직전 시즌까지의 성적으로 추정
2018,장원삼,10375,삼성,0.5,,36260,역산 추정,69,2,0,0,,2,2,,2010,,2,,직전 시즌까지의 성적으로 추정
2018,장원준,10299,두산,-1.1,FA 2015 4년 보장 80.0억,100000,실제 연봉,19,5,1,0,5,5,5,,2008,,5,계약 하한 대상(변경 없음),시즌 전 확정
2018,장진혁,12583,한화,-0.2,,4527,역산 추정,233,1,0,0,,1,1,,,,1,,직전 시즌까지의 성적으로 추정
2018,장필준,11404,삼성,1.8,,10440,역산 추정,138,2,0,0,,2,2,,,2017 APBC,3,국가대표 +1,직전 시즌까지의 성적으로 추정
2018,장현식,11164,NC,-0.3,,8439,역산 추정,150,2,0,0,,2,2,,,2017 APBC,3,국가대표 +1,직전 시즌까지의 성적으로 추정
2018,전민수,10417,KT,-0.0,,4770,역산 추정,214,1,0,0,,1,1,,,,1,,직전 시즌까지의 성적으로 추정
2018,전병우,11422,롯데,1.4,,4527,역산 추정,233,1,0,0,,1,1,,,,1,,직전 시즌까지의 성적으로 추정
2018,전상현,12537,KIA,0.1,,4221,역산 추정,325,1,0,0,,1,1,,,,1,,직전 시즌까지의 성적으로 추정
2018,전유수,10841,SK,0.2,,11952,역산 추정,128,2,0,0,,2,2,,,,2,,직전 시즌까지의 성적으로 추정
2018,전인환,10928,LG,0.1,,4368,역산 추정,312,1,0,0,,1,1,,,,1,,직전 시즌까지의 성적으로 추정
2018,전준우,10266,롯데,5.4,,30018,역산 추정,93,2,0,0,,2,2,,,,2,,직전 시즌까지의 성적으로 추정
2018,정근우,10103,한화,1.3,FA 2018 3년 보장 33.0억,70000,실제 연봉,30,5,0,0,5,5,4,,2009,,4,계약 하한 대상(변경 없음)/커리어 로우·지정 하향,시즌 전 확정
2018,정범모,10772,NC,-0.1,,3537,역산 추정,375,1,0,0,,1,1,,,,1,,직전 시즌까지의 성적으로 추정
2018,정상호,10083,LG,0.1,FA 2016 4년 보장 30.0억,50000,실제 연봉,43,4,0,0,4,4,4,,2005,,4,계약 하한 대상(변경 없음),시즌 전 확정
2018,정성곤,11321,KT,0.8,,4788,역산 추정,213,1,-1,0,,1,1,,,,1,,직전 시즌까지의 성적으로 추정
2018,정성종,13147,롯데,0.1,,4527,역산 추정,233,1,0,0,,1,1,,,,1,,직전 시즌까지의 성적으로 추정
2018,정성훈,10479,KIA,0.4,,36260,역산 추정,69,2,0,0,,2,2,,,,2,,직전 시즌까지의 성적으로 추정
2018,정수민,12561,NC,0.4,,4389,역산 추정,307,1,0,0,,1,1,,,,1,,직전 시즌까지의 성적으로 추정
2018,정수빈,10195,두산,1.2,,20909,역산 추정,102,2,0,0,,2,2,,,,2,,직전 시즌까지의 성적으로 추정
2018,정영일,12527,SK,0.1,,4204,역산 추정,328,1,0,0,,1,1,Y,,,2,풀타임 최소 2코인,직전 시즌까지의 성적으로 추정
2018,정용운,10072,KIA,0.1,,3725,역산 추정,364,1,0,0,,1,1,,2014,,1,,직전 시즌까지의 성적으로 추정
2018,정우람,10156,한화,1.4,FA 2016 4년 보장 84.0억,120000,실제 연봉,16,5,0,0,5,5,5,,,,5,계약 하한 대상(변경 없음),시즌 전 확정
2018,정은원,13137,한화,0.3,,4527,역산 추정,233,1,0,0,,1,1,,,,1,,직전 시즌까지의 성적으로 추정
2018,정의윤,10655,SK,-0.1,FA 2018 4년 보장 17.0억,42500,FA 연봉 부분,56,3,0,0,3,3,3,,2009,,3,계약 하한 대상(변경 없음),시즌 전 확정
2018,정인욱,10376,삼성,0.5,,7737,역산 추정,156,1,0,0,,1,1,,,,1,,직전 시즌까지의 성적으로 추정
2018,정주현,10480,LG,1.0,,3555,역산 추정,374,1,0,0,,1,1,,,,1,,직전 시즌까지의 성적으로 추정
2018,정진기,10717,SK,-0.7,,4385,역산 추정,308,1,0,0,,1,1,,,,1,,직전 시즌까지의 성적으로 추정
2018,정진호,10645,두산,0.4,,3626,역산 추정,370,1,0,0,,1,1,,,,1,,직전 시즌까지의 성적으로 추정
2018,정찬헌,10533,LG,-0.3,,14201,역산 추정,122,2,-1,0,,1,1,Y,,,2,풀타임 최소 2코인,직전 시즌까지의 성적으로 추정
2018,정현,11111,KT,-0.2,,6286,역산 추정,180,1,0,0,,1,1,,,2017 APBC,2,국가대표 +1,직전 시즌까지의 성적으로 추정
2018,정훈,10253,롯데,0.7,,15336,역산 추정,116,2,0,0,,2,2,,,,2,,직전 시즌까지의 성적으로 추정
2018,조동찬,10329,삼성,-0.1,FA 2015 4년 보장 28.0억,40000,실제 연봉,59,4,0,0,4,4,4,,,,4,계약 하한 대상(변경 없음),시즌 전 확정
2018,조상우,11126,넥센,-0.1,,12606,역산 추정,124,2,0,0,,2,3,,2017,,2,"신인 하한 / 신인 하한 종료(달력 5시즌, 군 복무 외 공백은 연장 안 함)",직전 시즌까지의 성적으로 추정
2018,조성운,11130,넥센,-0.1,,4527,역산 추정,233,1,0,0,,1,1,,,,1,,직전 시즌까지의 성적으로 추정
2018,조수행,12524,두산,0.1,,4766,역산 추정,215,1,0,0,,1,1,,,,1,,직전 시즌까지의 성적으로 추정
2018,조홍석,11086,롯데,-0.1,,4407,역산 추정,302,1,0,0,,1,1,,,,1,,직전 시즌까지의 성적으로 추정
2018,주권,11323,KT,-0.8,,7317,역산 추정,163,1,-1,0,,1,4,,2019,,4,신인 하한,직전 시즌까지의 성적으로 추정
2018,주효상,12567,넥센,-0.4,,4210,역산 추정,327,1,0,0,,1,3,,2021,,3,신인 하한,직전 시즌까지의 성적으로 추정
2018,지석훈,10683,NC,-0.7,FA 2018 2년 보장 6.0억,30000,FA 연봉 부분,94,2,0,0,2,2,2,,,,2,계약 하한 대상(변경 없음),시즌 전 확정
2018,지시완,11413,한화,0.5,,4527,역산 추정,233,1,0,0,,1,1,,,,1,,직전 시즌까지의 성적으로 추정
2018,진명호,10301,롯데,1.0,,3967,역산 추정,347,1,0,0,,1,1,Y,2014,,2,풀타임 최소 2코인,직전 시즌까지의 성적으로 추정
2018,진해수,10075,LG,-0.4,,18148,역산 추정,110,2,0,0,,2,2,,,,2,,직전 시즌까지의 성적으로 추정
2018,차우찬,10381,LG,1.1,FA 2017 4년 보장 80.0억,100000,실제 연봉,19,5,1,0,5,5,5,,2010,,5,계약 하한 대상(변경 없음),시즌 전 확정
2018,채병용,10161,SK,0.3,FA 2016 3년 보장 10.5억,35000,FA 연봉 부분,84,2,0,1,2,3,3,,,,3,계약 하한 대상(변경 없음),시즌 전 확정
2018,채은성,11215,LG,3.6,,6837,역산 추정,169,1,-1,0,,1,1,Y,,,2,풀타임 최소 2코인,직전 시즌까지의 성적으로 추정
2018,채태인,10331,롯데,0.3,FA 2018 2년 보장 8.0억,40000,FA 연봉 부분,59,3,0,0,3,3,3,,2011,,3,계약 하한 대상(변경 없음),시즌 전 확정
2018,최금강,11174,NC,-0.3,,11686,역산 추정,130,2,-1,0,,1,1,,,,1,,직전 시즌까지의 성적으로 추정
2018,최대성,10302,두산,-0.3,,5614,역산 추정,194,1,0,0,,1,1,,,,1,,직전 시즌까지의 성적으로 추정
2018,최동환,10535,LG,0.5,,3537,역산 추정,375,1,0,0,,1,1,,2013,,1,,직전 시즌까지의 성적으로 추정
2018,최민준,13126,SK,-0.2,,4527,역산 추정,233,1,0,0,,1,1,,,,1,,직전 시즌까지의 성적으로 추정
2018,최성영,12565,NC,0.7,,4378,역산 추정,309,1,0,0,,1,1,,,,1,,직전 시즌까지의 성적으로 추정
2018,최성훈,10851,LG,0.2,,4615,역산 추정,224,1,0,0,,1,1,,,,1,,직전 시즌까지의 성적으로 추정
2018,최승준,11092,SK,-0.0,,4196,역산 추정,330,1,0,0,,1,1,,,,1,,직전 시즌까지의 성적으로 추정
2018,최영진,10934,삼성,0.1,,4183,역산 추정,332,1,0,0,,1,1,,,,1,,직전 시즌까지의 성적으로 추정
2018,최원준,12534,KIA,0.2,,4735,역산 추정,216,1,0,0,,1,1,,,2017 APBC,2,국가대표 +1,직전 시즌까지의 성적으로 추정
2018,최원준,12852,두산,-0.6,,4527,역산 추정,233,1,0,0,,1,1,,,,1,,직전 시즌까지의 성적으로 추정
2018,최원태,11379,넥센,4.2,,6976,역산 추정,165,1,0,0,,1,4,,2020,,4,신인 하한,직전 시즌까지의 성적으로 추정
2018,최재훈,10170,한화,1.1,,3780,역산 추정,360,1,0,0,,1,1,,,,1,,직전 시즌까지의 성적으로 추정
2018,최정,10106,SK,3.4,FA 2015 4년 보장 82.0억,120000,실제 연봉,16,5,1,1,5,5,5,,2009,,5,계약 하한 대상(변경 없음),시즌 전 확정
2018,최정민,10808,KIA,-0.2,,4453,역산 추정,298,1,0,0,,1,1,,,,1,,직전 시즌까지의 성적으로 추정
2018,최주환,10182,두산,5.9,,7337,역산 추정,162,1,0,0,,1,1,Y,,,2,풀타임 최소 2코인,직전 시즌까지의 성적으로 추정
2018,최준석,10183,NC,-0.1,FA 2018 1년 보장 0.55억,36260,FA 연봉 부분,69,2,-1,0,2,1,2,,,,2,계약 하한(가격 변경),시즌 전 확정
2018,최지광,12934,삼성,-0.1,,4521,역산 추정,288,1,0,0,,1,1,,,,1,,직전 시즌까지의 성적으로 추정
2018,최진행,10578,한화,-0.0,,35752,역산 추정,82,2,0,0,,2,2,,2008,,2,,직전 시즌까지의 성적으로 추정
2018,최채흥,13156,삼성,0.9,,4527,역산 추정,233,1,0,0,,1,3,,2022,,3,신인 하한,직전 시즌까지의 성적으로 추정
2018,최충연,12530,삼성,3.1,,5045,역산 추정,206,1,-1,0,,1,1,Y,2020,,2,풀타임 최소 2코인,직전 시즌까지의 성적으로 추정
2018,최항,10810,SK,1.7,,4660,역산 추정,219,1,0,0,,1,1,,,,1,,직전 시즌까지의 성적으로 추정
2018,최형우,10344,KIA,4.3,FA 2017 4년 보장 100.0억,150000,실제 연봉,5,5,1,1,5,5,5,,,,5,계약 하한 대상(변경 없음),시즌 전 확정
2018,하영민,11222,넥센,-0.2,,4429,역산 추정,299,1,0,0,,1,1,,,,1,,직전 시즌까지의 성적으로 추정
2018,하주석,10913,한화,0.6,,6741,역산 추정,172,1,0,0,,1,3,,2016,2017 APBC,4,신인 하한 / 국가대표 +1,직전 시즌까지의 성적으로 추정
2018,하준영,13115,KIA,-0.3,,4527,역산 추정,233,1,0,0,,1,1,,,,1,,직전 시즌까지의 성적으로 추정
2018,한기주,10077,삼성,0.1,,20958,역산 추정,101,2,0,0,,2,2,,2010,,2,,직전 시즌까지의 성적으로 추정
2018,한동희,13145,롯데,-0.9,,4527,역산 추정,233,1,0,0,,1,1,,,,1,,직전 시즌까지의 성적으로 추정
2018,한승택,11119,KIA,0.8,,3537,역산 추정,375,1,0,0,,1,1,,,2017 APBC,2,국가대표 +1,직전 시즌까지의 성적으로 추정
2018,한승혁,10812,KIA,1.1,,3558,역산 추정,373,1,0,0,,1,1,Y,2016,,2,풀타임 최소 2코인,직전 시즌까지의 성적으로 추정
2018,한유섬,10815,SK,3.7,,7645,역산 추정,158,1,0,0,,1,1,Y,,,2,풀타임 최소 2코인,직전 시즌까지의 성적으로 추정
2018,한현희,10863,넥센,3.3,,32429,역산 추정,88,2,0,0,,2,2,,,,2,,직전 시즌까지의 성적으로 추정
2018,함덕주,11094,두산,2.4,,10684,역산 추정,137,2,0,0,,2,2,,,2017 APBC,3,국가대표 +1,직전 시즌까지의 성적으로 추정
2018,허경민,10184,두산,3.6,,10114,역산 추정,139,2,-1,0,,1,1,Y,2016,,2,풀타임 최소 2코인,직전 시즌까지의 성적으로 추정
2018,현도훈,13271,두산,-0.1,,4527,역산 추정,233,1,0,0,,1,1,,,,1,,직전 시즌까지의 성적으로 추정
2018,홍건희,10696,KIA,-0.4,,6883,역산 추정,167,1,0,0,,1,3,,2015,,1,"신인 하한 / 신인 하한 종료(달력 5시즌, 군 복무 외 공백은 연장 안 함)",직전 시즌까지의 성적으로 추정
2018,홍상삼,10230,두산,0.2,,14457,역산 추정,121,2,0,0,,2,2,,,,2,,직전 시즌까지의 성적으로 추정
2018,홍성용,11253,KT,0.2,,5894,역산 추정,188,1,0,0,,1,1,Y,,,2,풀타임 최소 2코인,직전 시즌까지의 성적으로 추정
2018,홍재호,10027,KIA,-0.3,,3833,역산 추정,355,1,0,0,,1,1,,,,1,,직전 시즌까지의 성적으로 추정
2018,황윤호,11363,KIA,-0.6,,4527,역산 추정,233,1,0,0,,1,1,,,,1,,직전 시즌까지의 성적으로 추정
2018,황인준,13180,KIA,0.6,,4527,역산 추정,233,1,0,0,,1,1,,,,1,,직전 시즌까지의 성적으로 추정
2018,황재균,10407,KT,3.6,FA 2018 4년 보장 88.0억,120000,실제 연봉,16,5,1,0,5,5,5,,,,5,계약 하한 대상(변경 없음),시즌 전 확정
2019,강경학,10676,한화,0.1,,5368,역산 추정,188,1,0,0,,1,1,,,,1,,직전 시즌까지의 성적으로 추정
2019,강동연,10883,두산,-0.1,,4302,역산 추정,319,1,0,0,,1,1,,,,1,,직전 시즌까지의 성적으로 추정
2019,강로한,11389,롯데,0.0,,4614,역산 추정,223,1,0,0,,1,1,,,,1,,직전 시즌까지의 성적으로 추정
2019,강민국,11243,KT,-0.3,,4614,역산 추정,223,1,0,0,,1,1,,,,1,,직전 시즌까지의 성적으로 추정
2019,강민호,10232,삼성,2.1,FA 2018 4년 보장 70.0억,125000,실제 연봉,14,5,0,0,5,5,4,,,,4,계약 하한 대상(변경 없음)/커리어 로우·지정 하향,시즌 전 확정
2019,강백호,13168,KT,4.5,,6582,역산 추정,166,1,0,0,,1,4,,2022,,4,신인 하한,직전 시즌까지의 성적으로 추정
2019,강승호,11087,SK,0.1,,4068,역산 추정,348,1,0,0,,1,1,,,,1,,직전 시즌까지의 성적으로 추정
2019,강윤구,10423,NC,0.9,,15099,역산 추정,110,2,-1,0,,1,1,Y,2013,,2,풀타임 최소 2코인,직전 시즌까지의 성적으로 추정
2019,강이준,12866,KIA,-0.3,,4614,역산 추정,223,1,0,0,,1,1,,,,1,,직전 시즌까지의 성적으로 추정
2019,강정현,14138,LG,0.1,,4614,역산 추정,223,1,0,0,,1,1,,,,1,,직전 시즌까지의 성적으로 추정
2019,강지광,10495,SK,0.5,,4614,역산 추정,223,1,0,0,,1,1,,,,1,,직전 시즌까지의 성적으로 추정
2019,강진성,11148,NC,-0.1,,4498,역산 추정,300,1,0,0,,1,1,,,,1,,직전 시즌까지의 성적으로 추정
2019,고승민,14160,롯데,-0.1,,4614,역산 추정,223,1,0,0,,1,1,,,,1,,직전 시즌까지의 성적으로 추정
2019,고영창,11068,KIA,0.2,,4614,역산 추정,223,1,0,0,,1,1,Y,,,2,풀타임 최소 2코인,직전 시즌까지의 성적으로 추정
2019,고우석,12907,LG,3.5,,6655,역산 추정,164,1,-1,0,,1,3,,2021,,3,신인 하한,직전 시즌까지의 성적으로 추정
2019,고장혁,11073,KIA,-0.3,,4018,역산 추정,351,1,0,0,,1,1,,,,1,,직전 시즌까지의 성적으로 추정
2019,고종욱,10659,SK,2.3,,9146,역산 추정,136,2,0,0,,2,2,,,,2,,직전 시즌까지의 성적으로 추정
2019,고효준,10124,롯데,0.3,,4552,역산 추정,292,1,0,0,,1,1,Y,2008,,2,풀타임 최소 2코인,직전 시즌까지의 성적으로 추정
2019,공민규,13164,삼성,0.1,,4614,역산 추정,223,1,0,0,,1,1,,,,1,,직전 시즌까지의 성적으로 추정
2019,구본혁,14140,LG,-0.4,,4614,역산 추정,223,1,0,0,,1,1,,,,1,,직전 시즌까지의 성적으로 추정
2019,구승민,11291,롯데,-0.9,,6373,역산 추정,169,1,0,0,,1,1,,,,1,,직전 시즌까지의 성적으로 추정
2019,구자욱,10892,삼성,2.5,,31376,역산 추정,82,2,0,0,,2,2,,,,2,,직전 시즌까지의 성적으로 추정
2019,구창모,11353,NC,3.2,,9155,역산 추정,135,2,0,0,,2,2,,,,2,,직전 시즌까지의 성적으로 추정
2019,국해성,10172,두산,-0.2,,4385,역산 추정,314,1,0,0,,1,1,,,,1,,직전 시즌까지의 성적으로 추정
2019,권오준,10350,삼성,0.1,FA 2018 2년 보장 6.0억,30000,FA 연봉 부분,83,2,0,0,2,2,2,,,,2,계약 하한 대상(변경 없음),시즌 전 확정
2019,권혁,10351,두산,0.4,,35549,역산 추정,79,2,0,0,,2,2,,2007,,2,,직전 시즌까지의 성적으로 추정
2019,권희동,11172,NC,1.4,,10743,역산 추정,130,2,0,0,,2,2,,,,2,,직전 시즌까지의 성적으로 추정
2019,금민철,10425,KT,0.3,FA 2019 2년 보장 4.0억,24391,FA 연봉 부분,88,2,0,0,2,2,2,,,,2,계약 하한 대상(변경 없음),시즌 전 확정
2019,김강민,10108,SK,1.6,,40000,실제 연봉,50,3,0,1,,4,4,,2009,,4,,시즌 전 확정
2019,김건국,12944,롯데,0.7,,4704,역산 추정,207,1,0,0,,1,3,,2022,,3,신인 하한,직전 시즌까지의 성적으로 추정
2019,김건태,10432,NC,1.0,,3666,역산 추정,377,1,0,0,,1,1,,,,1,,직전 시즌까지의 성적으로 추정
2019,김경태,10583,한화,-0.2,,3783,역산 추정,369,1,0,0,,1,1,,,,1,,직전 시즌까지의 성적으로 추정
2019,김광현,10126,SK,6.3,FA 2017 4년 보장 85.0억,150000,실제 연봉,6,5,1,1,5,5,5,,2011,,5,계약 하한 대상(변경 없음),시즌 전 확정
2019,김규민,10868,키움,0.1,,4614,역산 추정,221,1,0,0,,1,1,,,,1,,직전 시즌까지의 성적으로 추정
2019,김기훈,14176,KIA,0.5,,4614,역산 추정,223,1,0,0,,1,3,,2023,,3,신인 하한,직전 시즌까지의 성적으로 추정
2019,김대우,10685,삼성,0.2,,6682,역산 추정,163,1,0,0,,1,1,,,,1,,직전 시즌까지의 성적으로 추정
2019,김대유,10706,KT,0.7,,4073,역산 추정,346,1,0,0,,1,1,,,,1,,직전 시즌까지의 성적으로 추정
2019,김대현,12532,LG,1.2,,7041,역산 추정,157,1,-1,0,,1,4,,2021,,4,신인 하한,직전 시즌까지의 성적으로 추정
2019,김도현,14128,한화,0.7,,4614,역산 추정,223,1,0,0,,1,1,,,,1,,직전 시즌까지의 성적으로 추정
2019,김도환,14115,삼성,-0.3,,4614,역산 추정,223,1,0,0,,1,1,,,,1,,직전 시즌까지의 성적으로 추정
2019,김동엽,12548,삼성,-0.6,,7059,역산 추정,155,1,-1,0,,1,1,,,,1,,직전 시즌까지의 성적으로 추정
2019,김동한,10734,롯데,0.2,,3908,역산 추정,360,1,0,0,,1,1,,,,1,,직전 시즌까지의 성적으로 추정
2019,김무신,13162,삼성,0.2,,4614,역산 추정,223,1,0,0,,1,1,,,,1,,직전 시즌까지의 성적으로 추정
2019,김문호,10648,롯데,-0.6,,6033,역산 추정,180,1,0,0,,1,1,,2011,,1,,직전 시즌까지의 성적으로 추정
2019,김민,13167,KT,1.7,,4761,역산 추정,204,1,0,0,,1,3,,2022,,3,신인 하한,직전 시즌까지의 성적으로 추정
2019,김민성,10238,LG,1.6,FA 2019 3년 보장 15.0억,50000,FA 연봉 부분,42,3,0,0,3,3,3,,2013,,3,계약 하한 대상(변경 없음),시즌 전 확정
2019,김민수,11266,삼성,-0.1,,3757,역산 추정,370,1,0,0,,1,1,,,,1,,직전 시즌까지의 성적으로 추정
2019,김민수,11317,KT,1.1,,4189,역산 추정,334,1,0,0,,1,1,Y,,,2,풀타임 최소 2코인,직전 시즌까지의 성적으로 추정
2019,김민수,12931,롯데,-0.2,,4614,역산 추정,223,1,0,0,,1,1,,,,1,,직전 시즌까지의 성적으로 추정
2019,김민식,10707,KIA,-0.4,,7053,역산 추정,156,1,0,0,,1,1,,,,1,,직전 시즌까지의 성적으로 추정
2019,김민우,11410,한화,-0.6,,5023,역산 추정,193,1,-1,0,,1,1,,,,1,,직전 시즌까지의 성적으로 추정
2019,김민하,10777,한화,0.7,,3927,역산 추정,359,1,0,0,,1,1,,,,1,,직전 시즌까지의 성적으로 추정
2019,김민혁,11339,KT,1.1,,3858,역산 추정,362,1,0,0,,1,1,Y,,,2,풀타임 최소 2코인,직전 시즌까지의 성적으로 추정
2019,김범수,11411,한화,0.1,,5776,역산 추정,181,1,-1,0,,1,1,Y,,,2,풀타임 최소 2코인,직전 시즌까지의 성적으로 추정
2019,김상수,10427,키움,1.5,,12856,역산 추정,117,2,-1,0,,1,1,Y,2012,,2,풀타임 최소 2코인,직전 시즌까지의 성적으로 추정
2019,김상수,10320,삼성,2.7,FA 2019 3년 보장 13.5억,45000,FA 연봉 부분,48,3,-1,0,3,2,3,,2013,,3,계약 하한(가격 변경),시즌 전 확정
2019,김선기,13092,키움,0.5,,4367,역산 추정,315,1,0,0,,1,1,,,,1,,직전 시즌까지의 성적으로 추정
2019,김선빈,10008,KIA,2.9,,37240,역산 추정,66,2,0,1,,3,3,,,,3,,직전 시즌까지의 성적으로 추정
2019,김성민,12918,키움,1.1,,6230,역산 추정,172,1,0,0,,1,1,Y,,,2,풀타임 최소 2코인,직전 시즌까지의 성적으로 추정
2019,김성욱,11153,NC,0.9,,5618,역산 추정,184,1,0,0,,1,1,,,,1,,직전 시즌까지의 성적으로 추정
2019,김성현,10636,SK,0.0,,19977,역산 추정,94,2,0,0,,2,2,,,,2,,직전 시즌까지의 성적으로 추정
2019,김성훈,12639,삼성,-0.2,,5183,역산 추정,190,1,0,0,,1,1,,,,1,,직전 시즌까지의 성적으로 추정
2019,김성훈,12924,한화,0.0,,4853,역산 추정,198,1,0,0,,1,1,,,,1,,직전 시즌까지의 성적으로 추정
2019,김세현,10431,KIA,-0.5,,18016,역산 추정,99,2,0,0,,2,2,,2011,,2,,직전 시즌까지의 성적으로 추정
2019,김승현,12637,삼성,-0.1,,4660,역산 추정,213,1,0,0,,1,1,,,,1,,직전 시즌까지의 성적으로 추정
2019,김승회,10202,두산,0.8,FA 2018 2년 보장 3.0억,16404,FA 연봉 부분,102,2,0,0,2,2,2,,,,2,계약 하한 대상(변경 없음),시즌 전 확정
2019,김시현,12932,삼성,0.2,,4459,역산 추정,306,1,0,0,,1,1,,,,1,,직전 시즌까지의 성적으로 추정
2019,김영규,13088,NC,0.4,,4614,역산 추정,223,1,0,0,,1,1,,,,1,,직전 시즌까지의 성적으로 추정
2019,김용의,10466,LG,0.2,,3604,역산 추정,380,1,0,0,,1,1,,,,1,,직전 시즌까지의 성적으로 추정
2019,김원중,10825,롯데,0.0,,7470,역산 추정,150,2,0,0,,2,2,,,,2,,직전 시즌까지의 성적으로 추정
2019,김윤동,10821,KIA,0.0,,11685,역산 추정,126,2,0,0,,2,2,,,,2,,직전 시즌까지의 성적으로 추정
2019,김인태,11098,두산,0.6,,4560,역산 추정,291,1,0,0,,1,1,,,,1,,직전 시즌까지의 성적으로 추정
2019,김인환,12589,한화,-0.2,,4614,역산 추정,223,1,0,0,,1,1,,,,1,,직전 시즌까지의 성적으로 추정
2019,김재영,12547,한화,-0.4,,7978,역산 추정,143,2,0,0,,2,2,,,,2,,직전 시즌까지의 성적으로 추정
2019,김재윤,11489,KT,2.0,,11818,역산 추정,125,2,0,0,,2,2,,,,2,,직전 시즌까지의 성적으로 추정
2019,김재현,10111,SK,0.4,,4155,역산 추정,338,1,0,0,,1,1,,,,1,,직전 시즌까지의 성적으로 추정
2019,김재호,10174,두산,3.9,FA 2017 4년 보장 46.0억,65000,실제 연봉,34,5,0,1,5,5,5,,2009,,5,계약 하한 대상(변경 없음),시즌 전 확정
2019,김재환,10643,두산,3.1,,73000,실제 연봉,29,4,1,1,,5,5,,2015,2018 자카르타 AG,5,,시즌 전 확정
2019,김종수,11117,한화,0.0,,4618,역산 추정,219,1,0,0,,1,1,,,,1,,직전 시즌까지의 성적으로 추정
2019,김주찬,10239,KIA,0.2,FA 2018 3년 보장 27.0억,40000,실제 연봉,50,5,0,0,5,5,5,,,,5,계약 하한 대상(변경 없음),시즌 전 확정
2019,김주한,12531,SK,0.1,,6645,역산 추정,165,1,0,0,,1,1,,,,1,,직전 시즌까지의 성적으로 추정
2019,김준태,10835,롯데,-0.5,,4253,역산 추정,327,1,0,0,,1,1,,,,1,,직전 시즌까지의 성적으로 추정
2019,김지수,10399,키움,-0.1,,3604,역산 추정,380,1,0,0,,1,1,,,,1,,직전 시즌까지의 성적으로 추정
2019,김진곤,11341,KT,0.1,,3831,역산 추정,363,1,0,0,,1,1,,,,1,,직전 시즌까지의 성적으로 추정
2019,김진성,11166,NC,0.1,,23789,역산 추정,90,2,-1,0,,1,1,,,,1,,직전 시즌까지의 성적으로 추정
2019,김진영,12926,한화,0.6,,4614,역산 추정,221,1,0,0,,1,1,,,,1,,직전 시즌까지의 성적으로 추정
2019,김찬형,12622,NC,0.4,,4640,역산 추정,216,1,0,0,,1,1,,,,1,,직전 시즌까지의 성적으로 추정
2019,김창평,14146,SK,-0.3,,4614,역산 추정,223,1,0,0,,1,1,,,,1,,직전 시즌까지의 성적으로 추정
2019,김태균,10552,한화,1.4,FA 2016 4년 보장 84.0억,100000,실제 연봉,22,5,0,1,5,5,5,,2005,,5,계약 하한 대상(변경 없음),시즌 전 확정
2019,김태진,11244,NC,1.4,,4611,역산 추정,283,1,0,0,,1,1,Y,,,2,풀타임 최소 2코인,직전 시즌까지의 성적으로 추정
2019,김태훈,10133,SK,1.3,,6371,역산 추정,170,1,0,0,,1,1,Y,,,2,풀타임 최소 2코인,직전 시즌까지의 성적으로 추정
2019,김태훈,10871,키움,0.6,,4085,역산 추정,345,1,0,0,,1,1,,,,1,,직전 시즌까지의 성적으로 추정
2019,김택형,11373,SK,-0.1,,3964,역산 추정,355,1,0,0,,1,1,,,,1,,직전 시즌까지의 성적으로 추정
2019,김하성,11224,키움,7.3,,37240,역산 추정,66,2,0,1,,3,3,,,2018 자카르타 AG,4,국가대표 +1 / 명성: 2018 골든글러브,직전 시즌까지의 성적으로 추정
2019,김헌곤,10640,삼성,1.5,,7416,역산 추정,152,1,0,0,,1,1,Y,,,2,풀타임 최소 2코인,직전 시즌까지의 성적으로 추정
2019,김현수,10187,LG,3.1,FA 2018 4년 보장 115.0억,130000,실제 연봉,12,5,0,1,5,5,5,,,2018 자카르타 AG,5,계약 하한 대상(변경 없음) / 명성: 2018 타율 1위,시즌 전 확정
2019,김현수,14162,롯데,0.2,,4614,역산 추정,223,1,0,0,,1,1,,,,1,,직전 시즌까지의 성적으로 추정
2019,김형준,13081,NC,0.0,,4263,역산 추정,324,1,0,0,,1,1,,,,1,,직전 시즌까지의 성적으로 추정
2019,김혜성,12905,키움,2.5,,6115,역산 추정,177,1,0,0,,1,1,Y,,,2,풀타임 최소 2코인,직전 시즌까지의 성적으로 추정
2019,김호재,13240,삼성,0.0,,4614,역산 추정,223,1,0,0,,1,1,,,,1,,직전 시즌까지의 성적으로 추정
2019,김회성,10554,한화,0.1,,3604,역산 추정,380,1,0,0,,1,1,,,,1,,직전 시즌까지의 성적으로 추정
2019,나경민,12592,롯데,0.2,,4564,역산 추정,290,1,0,0,,1,1,,,,1,,직전 시즌까지의 성적으로 추정
2019,나성범,11162,NC,1.8,,55000,실제 연봉,40,4,0,1,,5,5,,2017,,5,,시즌 전 확정
2019,나주환,10092,SK,0.1,,37240,역산 추정,66,2,0,0,,2,2,,,,2,,직전 시즌까지의 성적으로 추정
2019,나지완,10030,KIA,-0.4,FA 2017 4년 보장 40.0억,60000,실제 연봉,36,4,0,1,4,5,5,,,,5,계약 하한 대상(변경 없음),시즌 전 확정
2019,노수광,11268,SK,1.1,,9909,역산 추정,131,2,0,0,,2,2,,,,2,,직전 시즌까지의 성적으로 추정
2019,노시환,14125,한화,-1.4,,4614,역산 추정,223,1,0,0,,1,3,,2023,,3,신인 하한,직전 시즌까지의 성적으로 추정
2019,노진혁,11165,NC,3.1,,5558,역산 추정,186,1,0,0,,1,1,Y,,,2,풀타임 최소 2코인,직전 시즌까지의 성적으로 추정
2019,류승현,12543,KIA,-0.2,,4581,역산 추정,286,1,0,0,,1,1,,,,1,,직전 시즌까지의 성적으로 추정
2019,류제국,11090,LG,0.7,,15579,역산 추정,107,2,0,0,,2,2,,2017,,2,,직전 시즌까지의 성적으로 추정
2019,류지혁,10894,두산,1.2,,6281,역산 추정,171,1,0,0,,1,1,,,,1,,직전 시즌까지의 성적으로 추정
2019,모창민,10093,NC,1.4,FA 2019 3년 보장 17.0억,56667,FA 연봉 부분,39,4,0,0,4,4,4,,,,4,계약 하한 대상(변경 없음),시즌 전 확정
2019,문경찬,11299,KIA,2.1,,4256,역산 추정,326,1,0,0,,1,1,Y,,,2,풀타임 최소 2코인,직전 시즌까지의 성적으로 추정
2019,문광은,10130,LG,0.4,,4145,역산 추정,339,1,0,0,,1,1,,2014,,1,,직전 시즌까지의 성적으로 추정
2019,문규현,10240,롯데,-0.1,FA 2018 3년 보장 10.0억,50000,FA 연봉 부분,42,3,0,0,3,3,3,,,,3,계약 하한 대상(변경 없음),시즌 전 확정
2019,문동욱,11230,한화,-0.9,,4614,역산 추정,223,1,0,0,,1,1,,,,1,,직전 시즌까지의 성적으로 추정
2019,문상철,11333,KT,-0.1,,3784,역산 추정,368,1,0,0,,1,1,,,,1,,직전 시즌까지의 성적으로 추정
2019,문선재,10468,KIA,-0.1,,4231,역산 추정,329,1,0,0,,1,1,,,,1,,직전 시즌까지의 성적으로 추정
2019,문승원,10783,SK,3.5,,8282,역산 추정,141,2,0,0,,2,2,,,,2,,직전 시즌까지의 성적으로 추정
2019,민병헌,10188,롯데,2.8,FA 2018 4년 보장 80.0억,125000,실제 연봉,14,5,0,0,5,5,5,,2010,,5,계약 하한 대상(변경 없음),시즌 전 확정
2019,민태호,10434,NC,-0.1,,3663,역산 추정,378,1,0,0,,1,1,,,,1,,직전 시즌까지의 성적으로 추정
2019,박건우,10189,두산,5.2,,38500,실제 연봉,62,2,0,0,,2,2,,,,2,,시즌 전 확정
2019,박경수,10469,KT,2.9,FA 2019 3년 보장 20.0억,40000,실제 연봉,50,4,0,0,4,4,4,,2007,,4,계약 하한 대상(변경 없음),시즌 전 확정
2019,박계범,11198,삼성,0.8,,4614,역산 추정,223,1,0,0,,1,1,,,,1,,직전 시즌까지의 성적으로 추정
2019,박근홍,11112,롯데,-0.1,,8402,역산 추정,138,2,0,0,,2,2,,,,2,,직전 시즌까지의 성적으로 추정
2019,박동원,10387,키움,3.5,,8342,역산 추정,139,2,0,0,,2,2,,,,2,,직전 시즌까지의 성적으로 추정
2019,박민우,11137,NC,5.3,,38000,실제 연봉,65,2,0,0,,2,2,,,2018 자카르타 AG,3,국가대표 +1,시즌 전 확정
2019,박민호,11236,SK,0.6,,4231,역산 추정,328,1,0,0,,1,1,,,,1,,직전 시즌까지의 성적으로 추정
2019,박병호,10470,키움,6.5,,150000,실제 연봉,6,5,1,1,,5,5,,2009,2018 자카르타 AG,5,,시즌 전 확정
2019,박상원,12871,한화,0.1,,7841,역산 추정,146,2,0,0,,2,2,,,,2,,직전 시즌까지의 성적으로 추정
2019,박석민,10322,NC,3.1,FA 2016 4년 보장 96.0억,75000,실제 연봉,28,5,0,1,5,5,4,,,,4,계약 하한 대상(변경 없음)/커리어 로우·지정 하향,시즌 전 확정
2019,박성웅,13136,한화,-0.7,,4530,역산 추정,295,1,0,0,,1,1,,,,1,,직전 시즌까지의 성적으로 추정
2019,박세웅,11310,롯데,0.8,,15030,역산 추정,111,2,0,0,,2,2,,,,2,,직전 시즌까지의 성적으로 추정
2019,박세혁,10891,두산,3.8,,4653,역산 추정,215,1,0,0,,1,1,Y,,,2,풀타임 최소 2코인,직전 시즌까지의 성적으로 추정
2019,박승욱,10804,KT,0.3,,4350,역산 추정,318,1,0,0,,1,1,,,,1,,직전 시즌까지의 성적으로 추정
2019,박시영,10737,롯데,1.1,,4417,역산 추정,311,1,0,0,,1,1,,,,1,,직전 시즌까지의 성적으로 추정
2019,박용택,10485,LG,0.3,FA 2019 2년 보장 24.0억,80000,실제 연봉,26,5,0,1,5,5,5,,2006,,5,계약 하한 대상(변경 없음),시즌 전 확정
2019,박윤철,14129,한화,0.1,,4614,역산 추정,223,1,0,0,,1,1,,,,1,,직전 시즌까지의 성적으로 추정
2019,박정권,10096,SK,-0.2,FA 2016 4년 보장 30.0억,40000,실제 연봉,50,4,0,0,4,4,4,,,,4,계약 하한 대상(변경 없음),시즌 전 확정
2019,박정배,10206,SK,-0.5,,3604,역산 추정,380,1,0,0,,1,1,,,,1,,직전 시즌까지의 성적으로 추정
2019,박정수,11300,KIA,-0.4,,4099,역산 추정,344,1,0,0,,1,1,,,,1,,직전 시즌까지의 성적으로 추정
2019,박정음,10866,키움,0.1,,4874,역산 추정,196,1,0,0,,1,1,,,,1,,직전 시즌까지의 성적으로 추정
2019,박종훈,10131,SK,2.9,,19447,역산 추정,96,2,0,0,,2,2,,,2018 자카르타 AG,3,국가대표 +1,직전 시즌까지의 성적으로 추정
2019,박준태,11260,KIA,-0.2,,4217,역산 추정,331,1,0,0,,1,1,,,,1,,직전 시즌까지의 성적으로 추정
2019,박준표,11070,KIA,1.8,,3805,역산 추정,365,1,0,0,,1,1,,,,1,,직전 시즌까지의 성적으로 추정
2019,박진우,11358,NC,4.2,,4294,역산 추정,320,1,0,0,,1,1,Y,,,2,풀타임 최소 2코인,직전 시즌까지의 성적으로 추정
2019,박진태,12913,KIA,0.1,,4495,역산 추정,301,1,0,0,,1,1,,,,1,,직전 시즌까지의 성적으로 추정
2019,박진형,11425,롯데,0.3,,7965,역산 추정,144,2,0,0,,2,2,,,,2,,직전 시즌까지의 성적으로 추정
2019,박찬도,10930,삼성,-0.2,,3954,역산 추정,356,1,0,0,,1,1,,,,1,,직전 시즌까지의 성적으로 추정
2019,박찬호,11261,KIA,1.1,,3662,역산 추정,379,1,0,0,,1,1,Y,,,2,풀타임 최소 2코인,직전 시즌까지의 성적으로 추정
2019,박치국,12850,두산,-0.3,,7226,역산 추정,153,1,0,0,,1,1,Y,,2018 자카르타 AG,3,풀타임 최소 2코인 / 국가대표 +1,직전 시즌까지의 성적으로 추정
2019,박한이,10336,삼성,-0.0,,25758,역산 추정,87,2,-1,1,,2,2,,,,2,,직전 시즌까지의 성적으로 추정
2019,박해민,11190,삼성,2.2,,29271,역산 추정,86,2,0,0,,2,2,,,2018 자카르타 AG,3,국가대표 +1,직전 시즌까지의 성적으로 추정
2019,박희수,10135,SK,0.8,,12448,역산 추정,121,2,0,0,,2,2,,,,2,,직전 시즌까지의 성적으로 추정
2019,배성근,13279,롯데,-0.6,,4614,역산 추정,223,1,0,0,,1,1,,,,1,,직전 시즌까지의 성적으로 추정
2019,배영섭,10337,SK,-0.2,,12707,역산 추정,118,2,0,0,,2,2,,,,2,,직전 시즌까지의 성적으로 추정
2019,배영수,10362,두산,-0.1,,36784,역산 추정,78,2,0,0,,2,2,,,,2,,직전 시즌까지의 성적으로 추정
2019,배재준,12697,LG,0.0,,4666,역산 추정,211,1,0,0,,1,1,,,,1,,직전 시즌까지의 성적으로 추정
2019,배재환,11248,NC,1.4,,4546,역산 추정,294,1,0,0,,1,1,Y,,,2,풀타임 최소 2코인,직전 시즌까지의 성적으로 추정
2019,배정대,11212,KT,0.2,,3686,역산 추정,376,1,0,0,,1,1,,,,1,,직전 시즌까지의 성적으로 추정
2019,배제성,11394,KT,2.7,,4470,역산 추정,303,1,0,0,,1,1,Y,,,2,풀타임 최소 2코인,직전 시즌까지의 성적으로 추정
2019,백동훈,11084,두산,0.3,,4618,역산 추정,219,1,0,0,,1,1,,,,1,,직전 시즌까지의 성적으로 추정
2019,백승건,14145,SK,0.4,,4614,역산 추정,223,1,0,0,,1,1,,,,1,,직전 시즌까지의 성적으로 추정
2019,백승민,13241,삼성,-0.3,,4466,역산 추정,304,1,0,0,,1,1,,,,1,,직전 시즌까지의 성적으로 추정
2019,백용환,10003,KIA,0.3,,3702,역산 추정,373,1,0,0,,1,1,,,,1,,직전 시즌까지의 성적으로 추정
2019,백정현,10363,삼성,2.4,,13340,역산 추정,114,2,0,0,,2,2,,2013,,2,,직전 시즌까지의 성적으로 추정
2019,백진우,10473,한화,-0.3,,3748,역산 추정,371,1,0,0,,1,1,,,,1,,직전 시즌까지의 성적으로 추정
2019,변우혁,14124,한화,-0.2,,4614,역산 추정,223,1,0,0,,1,3,,2023,,3,신인 하한,직전 시즌까지의 성적으로 추정
2019,서건창,10855,키움,2.4,,37240,역산 추정,66,2,0,1,,3,3,,,,3,,직전 시즌까지의 성적으로 추정
2019,서준원,14159,롯데,0.8,,4614,역산 추정,223,1,0,0,,1,3,,2023,,3,신인 하한,직전 시즌까지의 성적으로 추정
2019,서진용,10784,SK,2.2,,4685,역산 추정,210,1,0,0,,1,1,Y,,,2,풀타임 최소 2코인,직전 시즌까지의 성적으로 추정
2019,손동현,14108,KT,0.2,,4614,역산 추정,223,1,0,0,,1,1,,,,1,,직전 시즌까지의 성적으로 추정
2019,손승락,10442,롯데,0.7,FA 2016 4년 보장 60.0억,70000,실제 연봉,30,5,0,0,5,5,4,,,,4,계약 하한 대상(변경 없음)/커리어 로우·지정 하향,시즌 전 확정
2019,손시헌,10177,NC,0.8,FA 2018 2년 보장 15.0억,50000,실제 연봉,42,4,0,0,4,4,4,,,,4,계약 하한 대상(변경 없음),시즌 전 확정
2019,손아섭,10261,롯데,2.7,FA 2018 4년 보장 98.0억,150000,실제 연봉,6,5,1,1,5,5,5,,,2018 자카르타 AG,5,계약 하한 대상(변경 없음),시즌 전 확정
2019,손주인,10325,삼성,-0.6,,4432,역산 추정,310,1,0,0,,1,1,,,,1,,직전 시즌까지의 성적으로 추정
2019,송광민,10555,한화,0.5,FA 2019 2년 보장 8.0억,40000,FA 연봉 부분,50,3,0,0,3,3,3,,2011,,3,계약 하한 대상(변경 없음),시즌 전 확정
2019,송민섭,11342,KT,0.9,,4103,역산 추정,342,1,0,0,,1,1,,,,1,,직전 시즌까지의 성적으로 추정
2019,송성문,11376,키움,-0.5,,5356,역산 추정,189,1,0,0,,1,1,,,,1,,직전 시즌까지의 성적으로 추정
2019,송승준,10285,롯데,0.1,FA 2016 4년 보장 40.0억,40000,실제 연봉,50,4,0,1,4,5,4,,2011,,4,계약 하한 대상(변경 없음)/커리어 로우·지정 하향,시즌 전 확정
2019,송은범,10137,한화,-0.4,,37240,역산 추정,66,2,0,0,,2,2,,2007,,2,,직전 시즌까지의 성적으로 추정
2019,송은범,10137,LG,-0.4,,37240,역산 추정,66,2,0,0,,2,2,,2007,,2,,직전 시즌까지의 성적으로 추정
2019,송준석,11200,삼성,-0.1,,4614,역산 추정,223,1,0,0,,1,1,,,,1,,직전 시즌까지의 성적으로 추정
2019,송창현,11118,한화,-0.1,,6733,역산 추정,160,1,0,0,,1,1,,,,1,,직전 시즌까지의 성적으로 추정
2019,신민재,13056,LG,-0.0,,4614,역산 추정,223,1,0,0,,1,1,,,,1,,직전 시즌까지의 성적으로 추정
2019,신범수,12541,KIA,0.5,,4614,역산 추정,223,1,0,0,,1,1,,,,1,,직전 시즌까지의 성적으로 추정
2019,신본기,10840,롯데,0.3,,7436,역산 추정,151,1,0,0,,1,1,Y,,,2,풀타임 최소 2코인,직전 시즌까지의 성적으로 추정
2019,신성현,11492,두산,0.1,,4103,역산 추정,343,1,0,0,,1,1,,,,1,,직전 시즌까지의 성적으로 추정
2019,신재영,11149,키움,0.6,,15485,역산 추정,108,2,0,0,,2,2,,,,2,,직전 시즌까지의 성적으로 추정
2019,신재웅,10921,SK,0.5,,6045,역산 추정,179,1,0,0,,1,1,,,,1,,직전 시즌까지의 성적으로 추정
2019,신정락,10516,LG,-0.3,,7792,역산 추정,147,2,0,0,,2,2,,2014,,2,,직전 시즌까지의 성적으로 추정
2019,신정락,10516,한화,-0.3,,7792,역산 추정,147,2,0,0,,2,2,,2014,,2,,직전 시즌까지의 성적으로 추정
2019,심수창,10518,LG,-0.2,FA 2016 4년 보장 13.0억,32500,FA 연봉 부분,80,2,0,0,2,2,2,,,,2,계약 하한 대상(변경 없음),시즌 전 확정
2019,심우준,11334,KT,3.0,,4955,역산 추정,194,1,0,0,,1,1,Y,,,2,풀타임 최소 2코인,직전 시즌까지의 성적으로 추정
2019,안상현,12613,SK,-0.2,,4614,역산 추정,223,1,0,0,,1,1,,,,1,,직전 시즌까지의 성적으로 추정
2019,안승한,11328,KT,-0.6,,4614,역산 추정,223,1,0,0,,1,1,,,,1,,직전 시즌까지의 성적으로 추정
2019,안영명,10600,한화,0.4,FA 2018 2년 보장 12.0억,60000,FA 연봉 부분,36,4,0,0,4,4,4,,2007,,4,계약 하한 대상(변경 없음),시즌 전 확정
2019,안우진,13091,키움,0.1,,4458,역산 추정,307,1,0,0,,1,4,,2022,,4,신인 하한/지정 유지(원태인·이정후·안우진),직전 시즌까지의 성적으로 추정
2019,안중열,11329,롯데,-0.4,,4192,역산 추정,333,1,0,0,,1,1,,,,1,,직전 시즌까지의 성적으로 추정
2019,안치홍,10014,KIA,2.2,,50000,실제 연봉,42,3,0,1,,4,4,,2013,2018 자카르타 AG,4,국가대표 +1 / 국가대표 +1은 4코인까지,시즌 전 확정
2019,양성우,10916,한화,-0.9,,6125,역산 추정,176,1,0,0,,1,1,,,,1,,직전 시즌까지의 성적으로 추정
2019,양승철,14180,KIA,-0.7,,4614,역산 추정,223,1,0,0,,1,1,,,,1,,직전 시즌까지의 성적으로 추정
2019,양의지,10165,NC,7.2,FA 2019 4년 보장 125.0억,200000,실제 연봉,3,5,1,1,5,5,5,,,2018 자카르타 AG,5,계약 하한 대상(변경 없음),시즌 전 확정
2019,양종민,10248,LG,-0.7,,4462,역산 추정,305,1,0,0,,1,1,,,,1,,직전 시즌까지의 성적으로 추정
2019,양지율,12854,키움,-0.3,,4614,역산 추정,223,1,0,0,,1,1,,,,1,,직전 시즌까지의 성적으로 추정
2019,양현,10730,키움,1.4,,3998,역산 추정,353,1,0,0,,1,1,,,,1,,직전 시즌까지의 성적으로 추정
2019,양현종,10058,KIA,6.8,,230000,실제 연봉,2,5,1,1,,5,5,,2011,2018 자카르타 AG,5,,시즌 전 확정
2019,엄상백,11318,KT,-0.7,,16314,역산 추정,103,2,-1,0,,1,3,,2019,,3,신인 하한,직전 시즌까지의 성적으로 추정
2019,여건욱,10140,LG,0.2,,4524,역산 추정,296,1,0,0,,1,1,,,,1,,직전 시즌까지의 성적으로 추정
2019,오석주,12860,LG,0.0,,4614,역산 추정,223,1,0,0,,1,1,,,,1,,직전 시즌까지의 성적으로 추정
2019,오선우,14181,KIA,-0.5,,4614,역산 추정,223,1,0,0,,1,1,,,,1,,직전 시즌까지의 성적으로 추정
2019,오선진,10557,한화,0.5,,3941,역산 추정,358,1,0,0,,1,1,Y,,,2,풀타임 최소 2코인,직전 시즌까지의 성적으로 추정
2019,오윤석,11397,롯데,-0.8,,4176,역산 추정,335,1,0,0,,1,1,,,,1,,직전 시즌까지의 성적으로 추정
2019,오재원,10178,두산,-0.9,FA 2016 4년 보장 38.0억,55000,실제 연봉,40,4,0,0,4,4,4,,,,4,계약 하한 대상(변경 없음),시즌 전 확정
2019,오재일,10400,두산,4.2,,15972,역산 추정,105,2,0,0,,2,2,,,,2,,직전 시즌까지의 성적으로 추정
2019,오주원,10445,키움,1.9,,37240,역산 추정,66,2,-1,0,,1,1,Y,,,2,풀타임 최소 2코인,직전 시즌까지의 성적으로 추정
2019,오지환,10475,LG,5.3,,40000,실제 연봉,50,3,0,1,,4,4,,2014,2018 자카르타 AG,4,국가대표 +1 / 국가대표 +1은 4코인까지,시즌 전 확정
2019,오태곤,10249,KT,0.6,,5702,역산 추정,183,1,-1,0,,1,1,Y,,,2,풀타임 최소 2코인,직전 시즌까지의 성적으로 추정
2019,오현택,10210,롯데,-0.2,,16641,역산 추정,101,2,0,0,,2,2,,,,2,,직전 시즌까지의 성적으로 추정
2019,우규민,10523,삼성,1.8,FA 2017 4년 보장 65.0억,70000,실제 연봉,30,5,0,0,5,5,5,,2008,,5,계약 하한 대상(변경 없음),시즌 전 확정
2019,원종현,11161,NC,0.2,,24233,역산 추정,89,2,-1,0,,1,3,,2018,,2,"신인 하한 / 신인 하한 종료(달력 5시즌, 군 복무 외 공백은 연장 안 함)",직전 시즌까지의 성적으로 추정
2019,원태인,14113,삼성,1.2,,4614,역산 추정,223,1,0,0,,1,3,,2023,,4,신인 하한/지정 유지(원태인·이정후·안우진),직전 시즌까지의 성적으로 추정
2019,유강남,10753,LG,3.5,,11908,역산 추정,123,2,0,0,,2,2,,,,2,,직전 시즌까지의 성적으로 추정
2019,유로결,14126,한화,-0.2,,4614,역산 추정,223,1,0,0,,1,1,,,,1,,직전 시즌까지의 성적으로 추정
2019,유민상,10895,KIA,1.2,,4073,역산 추정,347,1,0,0,,1,1,,,,1,,직전 시즌까지의 성적으로 추정
2019,유원상,10604,NC,-0.2,,15393,역산 추정,109,2,0,0,,2,2,,2011,,2,,직전 시즌까지의 성적으로 추정
2019,유재신,10401,KIA,-0.2,,3700,역산 추정,374,1,0,0,,1,1,,,,1,,직전 시즌까지의 성적으로 추정
2019,유한준,10627,KT,3.0,FA 2016 4년 보장 60.0억,60000,실제 연봉,36,5,0,0,5,5,5,,,,5,계약 하한 대상(변경 없음),시즌 전 확정
2019,유희관,10213,두산,3.9,,37240,역산 추정,66,2,0,1,,3,3,,,,3,,직전 시즌까지의 성적으로 추정
2019,윤강민,11155,NC,-0.2,,4448,역산 추정,309,1,0,0,,1,1,,,,1,,직전 시즌까지의 성적으로 추정
2019,윤길현,10142,롯데,-1.0,FA 2016 4년 보장 38.0억,50000,실제 연봉,42,4,0,0,4,4,4,,,,4,계약 하한 대상(변경 없음),시즌 전 확정
2019,윤명준,10885,두산,1.2,,13180,역산 추정,115,2,0,0,,2,2,,,,2,,직전 시즌까지의 성적으로 추정
2019,윤석민,10644,KT,-0.7,,7920,역산 추정,145,2,-1,0,,1,1,,,,1,,직전 시즌까지의 성적으로 추정
2019,윤성환,10368,삼성,1.7,FA 2019 1년 보장 4.0억,40000,실제 연봉,50,3,0,1,3,4,4,,2008,,4,계약 하한 대상(변경 없음),시즌 전 확정
2019,윤영삼,10722,키움,1.3,,4663,역산 추정,212,1,0,0,,1,3,,2021,,3,신인 하한,직전 시즌까지의 성적으로 추정
2019,윤지웅,10657,NC,-0.1,,18339,역산 추정,98,2,0,0,,2,2,,,,2,,직전 시즌까지의 성적으로 추정
2019,윤진호,10476,LG,-0.4,,3604,역산 추정,380,1,0,0,,1,1,,,,1,,직전 시즌까지의 성적으로 추정
2019,이대은,11907,KT,0.9,,4614,역산 추정,223,1,0,0,,1,1,Y,,,2,풀타임 최소 2코인,직전 시즌까지의 성적으로 추정
2019,이대호,10251,롯데,1.5,FA 2017 4년 보장 150.0억,250000,실제 연봉,1,5,0,1,5,5,5,,,,5,계약 하한 대상(변경 없음),시즌 전 확정
2019,이동현,10524,LG,0.2,,37240,역산 추정,66,2,0,0,,2,2,,,,2,,직전 시즌까지의 성적으로 추정
2019,이명기,10119,KIA,2.5,,12960,역산 추정,116,2,0,0,,2,2,,,,2,,직전 시즌까지의 성적으로 추정
2019,이명기,10119,NC,2.5,,12960,역산 추정,116,2,0,0,,2,2,,,,2,,직전 시즌까지의 성적으로 추정
2019,이민우,13003,KIA,-0.2,,4637,역산 추정,217,1,0,0,,1,3,,2021,,3,신인 하한,직전 시즌까지의 성적으로 추정
2019,이민호,11151,NC,-0.1,,37240,역산 추정,66,2,-1,0,,1,1,,2017,,2,전수 판정: 추가 확인(직전 시즌 1군 역할),직전 시즌까지의 성적으로 추정
2019,이범호,10559,KIA,-0.1,FA 2016 4년 보장 36.0억,65000,실제 연봉,34,5,0,1,5,5,4,,,,4,계약 하한 대상(변경 없음)/커리어 로우·지정 하향,시즌 전 확정
2019,이보근,10448,키움,-0.5,FA 2019 4년 보장 11.0억,37240,FA 연봉 부분,66,2,0,0,2,2,2,,,,2,계약 하한 대상(변경 없음),시즌 전 확정
2019,이상동,14109,KT,-0.3,,4614,역산 추정,223,1,0,0,,1,1,,,,1,,직전 시즌까지의 성적으로 추정
2019,이상호,11147,NC,-0.5,,3604,역산 추정,380,1,0,0,,1,1,,,,1,,직전 시즌까지의 성적으로 추정
2019,이성규,12562,삼성,0.1,,4614,역산 추정,223,1,0,0,,1,1,,,,1,,직전 시즌까지의 성적으로 추정
2019,이성열,10168,한화,1.6,,32210,역산 추정,81,2,0,0,,2,2,,,,2,,직전 시즌까지의 성적으로 추정
2019,이성우,10004,LG,-0.1,,3604,역산 추정,380,1,0,0,,1,1,,,,1,,직전 시즌까지의 성적으로 추정
2019,이승진,12678,SK,-0.5,,4749,역산 추정,205,1,0,0,,1,1,,,,1,,직전 시즌까지의 성적으로 추정
2019,이승현,10527,삼성,1.1,,4216,역산 추정,332,1,0,0,,1,1,,,,1,,직전 시즌까지의 성적으로 추정
2019,이승호,12865,키움,1.4,,4784,역산 추정,201,1,0,0,,1,1,Y,,,2,풀타임 최소 2코인,직전 시즌까지의 성적으로 추정
2019,이시원,12526,한화,0.2,,4388,역산 추정,313,1,0,0,,1,1,,,,1,,직전 시즌까지의 성적으로 추정
2019,이영준,12997,키움,0.8,,4567,역산 추정,288,1,0,0,,1,1,,,,1,,직전 시즌까지의 성적으로 추정
2019,이영하,12568,두산,4.0,,6427,역산 추정,168,1,0,0,,1,4,,2021,,4,신인 하한,직전 시즌까지의 성적으로 추정
2019,이용찬,10217,두산,2.3,,39000,실제 연봉,61,2,0,0,,2,2,,2012,2018 자카르타 AG,3,국가대표 +1,시즌 전 확정
2019,이우석,11360,NC,-0.2,,4614,역산 추정,223,1,0,0,,1,1,,,,1,,직전 시즌까지의 성적으로 추정
2019,이우성,11099,NC,-0.2,,4451,역산 추정,308,1,0,0,,1,1,,,,1,,직전 시즌까지의 성적으로 추정
2019,이우성,11099,KIA,-0.2,,4451,역산 추정,308,1,0,0,,1,1,,,,1,,직전 시즌까지의 성적으로 추정
2019,이우찬,10749,LG,0.6,,4614,역산 추정,223,1,0,0,,1,1,Y,,,2,풀타임 최소 2코인,직전 시즌까지의 성적으로 추정
2019,이원석,10180,삼성,1.3,FA 2017 4년 보장 27.0억,67500,FA 연봉 부분,33,4,0,0,4,4,4,,2009,,4,계약 하한 대상(변경 없음),시즌 전 확정
2019,이원재,12999,NC,-0.1,,4567,역산 추정,289,1,0,0,,1,1,,,,1,,직전 시즌까지의 성적으로 추정
2019,이인복,11232,롯데,-1.0,,3954,역산 추정,356,1,0,0,,1,1,,,,1,,직전 시즌까지의 성적으로 추정
2019,이재원,10082,SK,2.6,FA 2019 4년 보장 69.0억,140000,실제 연봉,10,5,0,0,5,5,5,,2010,2018 자카르타 AG,5,계약 하한 대상(변경 없음),시즌 전 확정
2019,이재학,10220,NC,2.8,,37240,역산 추정,66,2,0,0,,2,2,,,,2,,직전 시즌까지의 성적으로 추정
2019,이정현,12937,KT,-0.2,,4614,역산 추정,223,1,0,0,,1,1,,,,1,,직전 시즌까지의 성적으로 추정
2019,이정후,12906,키움,4.6,,11461,역산 추정,127,2,0,1,,3,4,,2021,2018 자카르타 AG,4,신인 하한/지정 유지(원태인·이정후·안우진) / 국가대표 +1 / 명성: 2018 골든글러브 / 국가대표 +1은 4코인까지,직전 시즌까지의 성적으로 추정
2019,이종혁,12938,KT,0.1,,4516,역산 추정,297,1,0,0,,1,1,,,,1,,직전 시즌까지의 성적으로 추정
2019,이준수,10931,KT,-0.0,,4125,역산 추정,340,1,0,0,,1,1,,,,1,,직전 시즌까지의 성적으로 추정
2019,이준영,11303,KIA,-0.8,,4257,역산 추정,325,1,0,0,,1,1,,,,1,,직전 시즌까지의 성적으로 추정
2019,이지영,10312,키움,0.4,,7184,역산 추정,154,1,0,0,,1,1,,,,1,,직전 시즌까지의 성적으로 추정
2019,이창진,11233,KIA,2.2,,4614,역산 추정,223,1,0,0,,1,1,Y,,,2,풀타임 최소 2코인,직전 시즌까지의 성적으로 추정
2019,이천웅,10935,LG,2.5,,7025,역산 추정,158,1,0,0,,1,1,Y,,,2,풀타임 최소 2코인,직전 시즌까지의 성적으로 추정
2019,이태양,10609,한화,-0.8,,13933,역산 추정,113,2,0,0,,2,2,,,,2,,직전 시즌까지의 성적으로 추정
2019,이학주,14114,삼성,2.6,,4614,역산 추정,223,1,0,0,,1,1,Y,,,2,풀타임 최소 2코인,직전 시즌까지의 성적으로 추정
2019,이해창,10391,KT,-0.3,,4225,역산 추정,330,1,0,0,,1,1,,,,1,,직전 시즌까지의 성적으로 추정
2019,이현승,10221,두산,0.2,FA 2017 3년 보장 24.0억,40000,실제 연봉,50,4,0,0,4,4,4,,2010,,4,계약 하한 대상(변경 없음),시즌 전 확정
2019,이현호,10677,두산,0.1,,5560,역산 추정,185,1,0,0,,1,1,,2019,,1,,직전 시즌까지의 성적으로 추정
2019,이형범,11159,두산,1.0,,4800,역산 추정,200,1,0,0,,1,1,Y,,,2,풀타임 최소 2코인,직전 시즌까지의 성적으로 추정
2019,이형종,12516,LG,3.3,,9347,역산 추정,133,2,0,0,,2,4,,2020,,4,신인 하한,직전 시즌까지의 성적으로 추정
2019,이흥련,11108,두산,0.3,,3994,역산 추정,354,1,0,0,,1,1,,,,1,,직전 시즌까지의 성적으로 추정
2019,임기영,10909,KIA,0.1,,7572,역산 추정,149,2,0,0,,2,2,,,2018 자카르타 AG,3,국가대표 +1,직전 시즌까지의 성적으로 추정
2019,임기준,10066,KIA,0.7,,6708,역산 추정,162,1,0,0,,1,1,Y,,,2,풀타임 최소 2코인,직전 시즌까지의 성적으로 추정
2019,임병욱,11226,키움,-0.1,,6150,역산 추정,175,1,0,0,,1,1,Y,,,2,풀타임 최소 2코인,직전 시즌까지의 성적으로 추정
2019,임준섭,10795,한화,0.2,,7616,역산 추정,148,2,0,0,,2,2,,,,2,,직전 시즌까지의 성적으로 추정
2019,임지섭,11211,LG,-0.2,,4023,역산 추정,350,1,0,0,,1,3,,2018,,1,"신인 하한 / 신인 하한 종료(달력 5시즌, 군 복무 외 공백은 연장 안 함)",직전 시즌까지의 성적으로 추정
2019,임찬규,10652,LG,0.3,,11834,역산 추정,124,2,0,0,,2,2,,2015,2018 자카르타 AG,3,국가대표 +1,직전 시즌까지의 성적으로 추정
2019,임창민,10452,NC,0.2,,21701,역산 추정,93,2,0,0,,2,2,,,,2,,직전 시즌까지의 성적으로 추정
2019,임현준,10637,삼성,0.9,,3827,역산 추정,364,1,0,0,,1,1,Y,,,2,풀타임 최소 2코인,직전 시즌까지의 성적으로 추정
2019,장민재,10610,한화,0.8,,6509,역산 추정,167,1,0,0,,1,1,Y,,,2,풀타임 최소 2코인,직전 시즌까지의 성적으로 추정
2019,장성우,10235,KT,1.5,,6809,역산 추정,159,1,0,0,,1,1,Y,2013,,2,풀타임 최소 2코인,직전 시즌까지의 성적으로 추정
2019,장승현,11097,두산,-0.1,,4614,역산 추정,223,1,0,0,,1,1,,,,1,,직전 시즌까지의 성적으로 추정
2019,장시환,10453,롯데,1.2,,9588,역산 추정,132,2,0,0,,2,2,,2011,,2,,직전 시즌까지의 성적으로 추정
2019,장영석,10404,키움,-0.4,,3699,역산 추정,375,1,0,0,,1,1,Y,,,2,풀타임 최소 2코인,직전 시즌까지의 성적으로 추정
2019,장원삼,10375,LG,-0.1,,29576,역산 추정,85,2,0,0,,2,2,,2010,,2,,직전 시즌까지의 성적으로 추정
2019,장지수,14178,KIA,-0.3,,4614,역산 추정,223,1,0,0,,1,1,,,,1,,직전 시즌까지의 성적으로 추정
2019,장지훈,12933,삼성,-0.2,,4614,역산 추정,223,1,0,0,,1,1,,,,1,,직전 시즌까지의 성적으로 추정
2019,장진혁,12583,한화,0.0,,4509,역산 추정,299,1,0,0,,1,1,,,,1,,직전 시즌까지의 성적으로 추정
2019,장필준,11404,삼성,0.9,,17272,역산 추정,100,2,0,0,,2,2,,,2018 자카르타 AG,3,국가대표 +1,직전 시즌까지의 성적으로 추정
2019,장현식,11164,NC,-0.0,,8297,역산 추정,140,2,0,0,,2,2,,,,2,,직전 시즌까지의 성적으로 추정
2019,전민수,10417,LG,-0.4,,4808,역산 추정,199,1,0,0,,1,1,,,,1,,직전 시즌까지의 성적으로 추정
2019,전병우,11422,롯데,-0.8,,5108,역산 추정,192,1,0,0,,1,1,,,,1,,직전 시즌까지의 성적으로 추정
2019,전상현,12537,KIA,2.0,,4292,역산 추정,321,1,0,0,,1,1,Y,,,2,풀타임 최소 2코인,직전 시즌까지의 성적으로 추정
2019,전유수,10841,KT,0.7,,11111,역산 추정,129,2,0,0,,2,2,,,,2,,직전 시즌까지의 성적으로 추정
2019,전준우,10266,롯데,3.0,,50000,실제 연봉,42,3,1,1,,5,5,,,,5,명성: 2018 골든글러브,시즌 전 확정
2019,정근우,10103,한화,0.0,FA 2018 3년 보장 33.0억,70000,실제 연봉,30,5,0,0,5,5,4,,2009,,4,계약 하한 대상(변경 없음)/커리어 로우·지정 하향,시즌 전 확정
2019,정범모,10772,NC,0.1,,3604,역산 추정,380,1,0,0,,1,1,,,,1,,직전 시즌까지의 성적으로 추정
2019,정병곤,10756,두산,0.1,,4003,역산 추정,352,1,0,0,,1,1,,,,1,,직전 시즌까지의 성적으로 추정
2019,정보근,13154,롯데,-0.1,,4614,역산 추정,223,1,0,0,,1,1,,,,1,,직전 시즌까지의 성적으로 추정
2019,정성곤,11321,KT,-0.9,,5153,역산 추정,191,1,0,0,,1,1,Y,,,2,풀타임 최소 2코인,직전 시즌까지의 성적으로 추정
2019,정성종,13147,롯데,-0.1,,4625,역산 추정,218,1,0,0,,1,1,,,,1,,직전 시즌까지의 성적으로 추정
2019,정수민,12561,NC,-0.6,,4568,역산 추정,287,1,0,0,,1,1,,,,1,,직전 시즌까지의 성적으로 추정
2019,정수빈,10195,두산,2.7,,23271,역산 추정,91,2,0,0,,2,2,,,,2,,직전 시즌까지의 성적으로 추정
2019,정영일,12527,SK,1.1,,6090,역산 추정,178,1,-1,0,,1,1,,,,1,,직전 시즌까지의 성적으로 추정
2019,정우람,10156,한화,2.5,FA 2016 4년 보장 84.0억,80000,실제 연봉,26,5,0,1,5,5,5,,,2018 자카르타 AG,5,계약 하한 대상(변경 없음) / 명성: 2018 세이브 1위,시즌 전 확정
2019,정우영,14136,LG,0.9,,4614,역산 추정,223,1,0,0,,1,1,Y,,,2,풀타임 최소 2코인,직전 시즌까지의 성적으로 추정
2019,정은원,13137,한화,1.6,,4696,역산 추정,208,1,0,0,,1,1,Y,,,2,풀타임 최소 2코인,직전 시즌까지의 성적으로 추정
2019,정의윤,10655,SK,1.3,FA 2018 4년 보장 17.0억,42500,FA 연봉 부분,49,3,0,0,3,3,3,,2009,,3,계약 하한 대상(변경 없음),시즌 전 확정
2019,정인욱,10376,삼성,0.0,,8104,역산 추정,142,2,0,0,,2,2,,,,2,,직전 시즌까지의 성적으로 추정
2019,정주현,10480,LG,0.6,,3875,역산 추정,361,1,0,0,,1,1,Y,,,2,풀타임 최소 2코인,직전 시즌까지의 성적으로 추정
2019,정진호,10645,두산,-0.4,,3789,역산 추정,367,1,0,0,,1,1,,,,1,,직전 시즌까지의 성적으로 추정
2019,정찬헌,10533,LG,-0.1,,19909,역산 추정,95,2,-1,0,,1,1,,,,1,,직전 시즌까지의 성적으로 추정
2019,정현,11111,SK,-0.1,,6220,역산 추정,173,1,0,0,,1,1,,,,1,,직전 시즌까지의 성적으로 추정
2019,정훈,10253,롯데,-0.3,,15600,역산 추정,106,2,0,0,,2,2,,,,2,,직전 시즌까지의 성적으로 추정
2019,조근종,12993,KT,-0.1,,4614,역산 추정,223,1,0,0,,1,1,,,,1,,직전 시즌까지의 성적으로 추정
2019,조무근,11322,롯데,0.1,,4704,역산 추정,206,1,0,0,,1,1,,,,1,,직전 시즌까지의 성적으로 추정
2019,조상우,11126,키움,1.3,,12665,역산 추정,120,2,0,0,,2,2,,2017,,2,,직전 시즌까지의 성적으로 추정
2019,조성운,11130,키움,-0.0,,4552,역산 추정,293,1,0,0,,1,1,,,,1,,직전 시즌까지의 성적으로 추정
2019,조용호,12943,KT,0.4,,4597,역산 추정,285,1,0,0,,1,1,,,,1,,직전 시즌까지의 성적으로 추정
2019,조이현,11284,SK,-0.1,,4033,역산 추정,349,1,0,0,,1,1,,,,1,,직전 시즌까지의 성적으로 추정
2019,조현우,11316,KT,0.1,,4614,역산 추정,223,1,0,0,,1,1,,,,1,,직전 시즌까지의 성적으로 추정
2019,조홍석,11086,롯데,-0.3,,4402,역산 추정,312,1,0,0,,1,1,,,,1,,직전 시즌까지의 성적으로 추정
2019,주권,11323,KT,2.4,,8435,역산 추정,137,2,-1,0,,1,1,Y,2019,,2,풀타임 최소 2코인,직전 시즌까지의 성적으로 추정
2019,주효상,12567,키움,-0.1,,4106,역산 추정,341,1,0,0,,1,1,,2021,,1,,직전 시즌까지의 성적으로 추정
2019,지석훈,10683,NC,0.2,FA 2018 2년 보장 6.0억,30000,FA 연봉 부분,83,2,0,0,2,2,2,,,,2,계약 하한 대상(변경 없음),시즌 전 확정
2019,지시완,11413,한화,-0.1,,4772,역산 추정,203,1,0,0,,1,1,,,,1,,직전 시즌까지의 성적으로 추정
2019,진명호,10301,롯데,1.6,,6152,역산 추정,174,1,0,0,,1,1,Y,2014,,2,풀타임 최소 2코인,직전 시즌까지의 성적으로 추정
2019,진해수,10075,LG,0.7,,22801,역산 추정,92,2,-1,0,,1,1,Y,,,2,풀타임 최소 2코인,직전 시즌까지의 성적으로 추정
2019,차명진,11263,KIA,0.6,,4614,역산 추정,223,1,0,0,,1,3,,2023,,3,신인 하한,직전 시즌까지의 성적으로 추정
2019,차우찬,10381,LG,1.9,FA 2017 4년 보장 80.0억,100000,실제 연봉,22,5,0,0,5,5,5,,2010,,5,계약 하한 대상(변경 없음),시즌 전 확정
2019,차재용,11399,롯데,0.1,,4614,역산 추정,223,1,0,0,,1,1,,,,1,,직전 시즌까지의 성적으로 추정
2019,채은성,11215,LG,3.0,,11217,역산 추정,128,2,0,0,,2,2,,,,2,,직전 시즌까지의 성적으로 추정
2019,채태인,10331,롯데,0.1,FA 2018 2년 보장 8.0억,40000,FA 연봉 부분,50,3,-1,0,3,2,3,,2011,,3,계약 하한(가격 변경),시즌 전 확정
2019,최동환,10535,LG,-0.3,,3728,역산 추정,372,1,0,0,,1,1,,2013,,1,,직전 시즌까지의 성적으로 추정
2019,최설우,11276,롯데,-0.1,,5708,역산 추정,182,1,0,0,,1,1,,,,1,,직전 시즌까지의 성적으로 추정
2019,최성영,12565,NC,1.9,,4656,역산 추정,214,1,0,0,,1,1,Y,,,2,풀타임 최소 2코인,직전 시즌까지의 성적으로 추정
2019,최영진,10934,삼성,-0.3,,4267,역산 추정,322,1,0,0,,1,1,,,,1,,직전 시즌까지의 성적으로 추정
2019,최원준,12534,KIA,-1.3,,4854,역산 추정,197,1,0,0,,1,1,,,,1,,직전 시즌까지의 성적으로 추정
2019,최원준,12852,두산,1.2,,4367,역산 추정,315,1,0,0,,1,1,,,,1,,직전 시즌까지의 성적으로 추정
2019,최원태,11379,키움,3.8,,11997,역산 추정,122,2,0,0,,2,4,,2020,2018 자카르타 AG,4,신인 하한 / 국가대표 +1 / 국가대표 +1은 4코인까지,직전 시즌까지의 성적으로 추정
2019,최재훈,10170,한화,4.2,,4174,역산 추정,336,1,0,0,,1,1,Y,,,2,풀타임 최소 2코인,직전 시즌까지의 성적으로 추정
2019,최정,10106,SK,6.0,FA 2019 6년 보장 100.0억,120000,실제 연봉,17,5,0,1,5,5,5,,2009,,5,계약 하한 대상(변경 없음),시즌 전 확정
2019,최주환,10182,두산,0.7,,38500,실제 연봉,62,2,1,0,,3,3,,,,3,,시즌 전 확정
2019,최준우,13128,SK,0.1,,4614,역산 추정,223,1,0,0,,1,1,,,,1,,직전 시즌까지의 성적으로 추정
2019,최지광,12934,삼성,1.0,,4513,역산 추정,298,1,0,0,,1,1,Y,,,2,풀타임 최소 2코인,직전 시즌까지의 성적으로 추정
2019,최진행,10578,한화,0.1,FA 2019 2년 보장 4.0억,40000,FA 연봉 부분,50,3,0,0,3,3,3,,2008,,3,계약 하한 대상(변경 없음),시즌 전 확정
2019,최채흥,13156,삼성,0.5,,4900,역산 추정,195,1,0,0,,1,3,,2022,,3,신인 하한,직전 시즌까지의 성적으로 추정
2019,최충연,12530,삼성,-0.8,,9247,역산 추정,134,2,0,0,,2,2,,2020,2018 자카르타 AG,3,국가대표 +1,직전 시즌까지의 성적으로 추정
2019,최항,10810,SK,0.1,,5403,역산 추정,187,1,0,0,,1,1,,,,1,,직전 시즌까지의 성적으로 추정
2019,최형우,10344,KIA,4.9,FA 2017 4년 보장 100.0억,150000,실제 연봉,6,5,0,1,5,5,5,,,,5,계약 하한 대상(변경 없음),시즌 전 확정
2019,하준영,13115,KIA,-0.1,,4476,역산 추정,302,1,0,0,,1,1,Y,,,2,풀타임 최소 2코인,직전 시즌까지의 성적으로 추정
2019,하준호,10304,KT,0.3,,4694,역산 추정,209,1,0,0,,1,3,,2013,,1,"신인 하한 / 신인 하한 종료(달력 5시즌, 군 복무 외 공백은 연장 안 함)",직전 시즌까지의 성적으로 추정
2019,한동희,13145,롯데,-1.0,,4266,역산 추정,323,1,0,0,,1,1,,,,1,,직전 시즌까지의 성적으로 추정
2019,한선태,14144,LG,0.1,,4614,역산 추정,223,1,0,0,,1,1,,,,1,,직전 시즌까지의 성적으로 추정
2019,한승택,11119,KIA,0.2,,3794,역산 추정,366,1,0,0,,1,1,,,,1,,직전 시즌까지의 성적으로 추정
2019,한유섬,10815,SK,1.9,,12673,역산 추정,119,2,0,0,,2,2,,,,2,,직전 시즌까지의 성적으로 추정
2019,한현희,10863,키움,1.1,,37240,역산 추정,66,2,0,0,,2,2,,,,2,,직전 시즌까지의 성적으로 추정
2019,함덕주,11094,두산,0.8,,18575,역산 추정,97,2,0,0,,2,2,,,2018 자카르타 AG,3,국가대표 +1,직전 시즌까지의 성적으로 추정
2019,허경민,10184,두산,2.6,,38500,실제 연봉,62,2,0,1,,3,3,,2016,,4,명성: 2018 골든글러브 / 편집 지정 4,시즌 전 확정
2019,허도환,10684,SK,-0.5,,3604,역산 추정,380,1,0,0,,1,1,,,,1,,직전 시즌까지의 성적으로 추정
2019,허일,10692,롯데,-0.5,,4614,역산 추정,223,1,0,0,,1,1,,,,1,,직전 시즌까지의 성적으로 추정
2019,허정협,11498,키움,-0.2,,4608,역산 추정,284,1,0,0,,1,1,,,,1,,직전 시즌까지의 성적으로 추정
2019,홍건희,10696,KIA,-0.4,,6708,역산 추정,161,1,0,0,,1,1,Y,2015,,2,풀타임 최소 2코인,직전 시즌까지의 성적으로 추정
2019,홍상삼,10230,두산,0.0,,14854,역산 추정,112,2,0,0,,2,2,,,,2,,직전 시즌까지의 성적으로 추정
2019,홍성무,11324,NC,-0.1,,4169,역산 추정,337,1,0,0,,1,3,,2019,,3,신인 하한,직전 시즌까지의 성적으로 추정
2019,홍성민,10814,롯데,0.0,,16203,역산 추정,104,2,-1,0,,1,1,,,,1,,직전 시즌까지의 성적으로 추정
2019,홍정우,13242,삼성,-0.2,,4614,역산 추정,223,1,0,0,,1,1,,,,1,,직전 시즌까지의 성적으로 추정
2019,황윤호,11363,KIA,0.4,,4367,역산 추정,315,1,0,0,,1,1,,,,1,,직전 시즌까지의 성적으로 추정
2019,황인준,13180,KIA,-0.0,,4784,역산 추정,201,1,0,0,,1,1,,,,1,,직전 시즌까지의 성적으로 추정
2019,황재균,10407,KT,4.9,FA 2018 4년 보장 88.0억,120000,실제 연봉,17,5,0,0,5,5,5,,,2018 자카르타 AG,5,계약 하한 대상(변경 없음),시즌 전 확정
2020,강경학,10676,한화,0.9,,5463,역산 추정,207,1,0,0,,1,1,,,,1,,직전 시즌까지의 성적으로 추정
2020,강동연,10883,NC,-0.0,,4294,역산 추정,373,1,0,0,,1,1,,,,1,,직전 시즌까지의 성적으로 추정
2020,강동호,12927,롯데,-0.2,,4772,역산 추정,235,1,0,0,,1,1,,,,1,,직전 시즌까지의 성적으로 추정
2020,강민국,11243,KT,-0.7,,4562,역산 추정,339,1,0,0,,1,1,,,,1,,직전 시즌까지의 성적으로 추정
2020,강민호,10232,삼성,2.7,FA 2018 4년 보장 70.0억,125000,실제 연봉,11,5,0,0,5,5,4,,,,4,계약 하한 대상(변경 없음)/커리어 로우·지정 하향,시즌 전 확정
2020,강백호,13168,KT,5.7,,11661,역산 추정,131,2,0,0,,2,4,,2022,2019 프리미어12,4,신인 하한 / 국가대표 +1 / 국가대표 +1은 4코인까지,직전 시즌까지의 성적으로 추정
2020,강윤구,10423,NC,0.0,,23338,역산 추정,93,2,0,0,,2,2,,2013,,2,,직전 시즌까지의 성적으로 추정
2020,강재민,14708,한화,1.8,,4702,역산 추정,242,1,0,0,,1,1,Y,,,2,풀타임 최소 2코인,직전 시즌까지의 성적으로 추정
2020,강진성,11148,NC,1.6,,4501,역산 추정,348,1,0,0,,1,1,Y,,,2,풀타임 최소 2코인,직전 시즌까지의 성적으로 추정
2020,강한울,11255,삼성,0.6,,4908,역산 추정,219,1,0,0,,1,1,,,,1,,직전 시즌까지의 성적으로 추정
2020,강현우,14603,KT,-0.2,,4702,역산 추정,242,1,0,0,,1,1,,,,1,,직전 시즌까지의 성적으로 추정
2020,고영창,11068,KIA,-0.8,,6727,역산 추정,181,1,-1,0,,1,1,,,,1,,직전 시즌까지의 성적으로 추정
2020,고우석,12907,LG,0.4,,12604,역산 추정,128,2,0,1,,3,3,,2021,2019 프리미어12,4,신인 하한 / 국가대표 +1 / 명성: 2019 세이브 1위,직전 시즌까지의 성적으로 추정
2020,고종욱,10659,SK,-0.4,,13599,역산 추정,121,2,0,0,,2,2,,,,2,,직전 시즌까지의 성적으로 추정
2020,고효준,10124,롯데,-0.0,FA 2020 1년 보장 1.0억,10000,FA 연봉 부분,139,2,-1,0,2,1,2,,2008,,2,계약 하한(가격 변경),시즌 전 확정
2020,구본혁,14140,LG,-0.5,,4507,역산 추정,347,1,0,0,,1,1,,,,1,,직전 시즌까지의 성적으로 추정
2020,구승민,11291,롯데,1.5,,5982,역산 추정,198,1,0,0,,1,1,Y,,,2,풀타임 최소 2코인,직전 시즌까지의 성적으로 추정
2020,구자욱,10892,삼성,3.3,,29400,역산 추정,73,2,0,0,,2,2,,,,2,,직전 시즌까지의 성적으로 추정
2020,구창모,11353,NC,4.9,,14546,역산 추정,116,2,0,0,,2,2,,,2019 프리미어12,3,국가대표 +1,직전 시즌까지의 성적으로 추정
2020,국해성,10172,두산,-0.5,,4367,역산 추정,366,1,0,0,,1,1,,,,1,,직전 시즌까지의 성적으로 추정
2020,권민석,13079,두산,-0.5,,4702,역산 추정,242,1,0,0,,1,1,,,,1,,직전 시즌까지의 성적으로 추정
2020,권오준,10350,삼성,-0.4,,21341,역산 추정,97,2,0,0,,2,2,,,,2,,직전 시즌까지의 성적으로 추정
2020,권혁,10351,두산,-0.1,,29400,역산 추정,73,2,-1,0,,1,1,,2007,,1,,직전 시즌까지의 성적으로 추정
2020,권휘,13665,두산,0.2,,4702,역산 추정,242,1,0,0,,1,1,,,,1,,직전 시즌까지의 성적으로 추정
2020,권희동,11172,NC,2.3,,14863,역산 추정,114,2,0,0,,2,2,,,,2,,직전 시즌까지의 성적으로 추정
2020,김강률,10690,두산,-0.6,,10660,역산 추정,134,2,0,0,,2,2,,,,2,,직전 시즌까지의 성적으로 추정
2020,김강민,10108,SK,1.0,FA 2020 2년 보장 9.0억,35000,실제 연봉,65,4,0,1,4,5,5,,2009,,5,계약 하한 대상(변경 없음),시즌 전 확정
2020,김건국,12944,롯데,0.7,,4785,역산 추정,233,1,0,0,,1,3,,2022,,3,신인 하한,직전 시즌까지의 성적으로 추정
2020,김건태,10432,NC,0.8,,4016,역산 추정,392,1,0,0,,1,1,,,,1,,직전 시즌까지의 성적으로 추정
2020,김경호,11207,SK,-0.3,,4702,역산 추정,242,1,0,0,,1,1,,,,1,,직전 시즌까지의 성적으로 추정
2020,김규민,10868,키움,-0.5,,4714,역산 추정,239,1,0,0,,1,1,,,,1,,직전 시즌까지의 성적으로 추정
2020,김규성,12540,KIA,-0.7,,4702,역산 추정,242,1,0,0,,1,1,,,,1,,직전 시즌까지의 성적으로 추정
2020,김기탁,12875,한화,-0.2,,4702,역산 추정,242,1,0,0,,1,1,,,,1,,직전 시즌까지의 성적으로 추정
2020,김기훈,14176,KIA,0.1,,5897,역산 추정,199,1,-1,0,,1,3,,2023,,3,신인 하한,직전 시즌까지의 성적으로 추정
2020,김대우,10271,롯데,1.0,,3673,역산 추정,409,1,0,0,,1,3,,2014,,1,"신인 하한 / 신인 하한 종료(달력 5시즌, 군 복무 외 공백은 연장 안 함)",직전 시즌까지의 성적으로 추정
2020,김대우,10685,삼성,1.0,,6525,역산 추정,187,1,0,0,,1,1,Y,,,2,풀타임 최소 2코인,직전 시즌까지의 성적으로 추정
2020,김대현,12532,LG,-0.1,,7824,역산 추정,157,1,0,0,,1,4,,2021,,4,신인 하한,직전 시즌까지의 성적으로 추정
2020,김도현,14128,한화,0.1,,4918,역산 추정,218,1,0,0,,1,1,,,,1,,직전 시즌까지의 성적으로 추정
2020,김도환,14115,삼성,-0.4,,4551,역산 추정,342,1,0,0,,1,1,,,,1,,직전 시즌까지의 성적으로 추정
2020,김동엽,12548,삼성,1.7,,6770,역산 추정,179,1,0,0,,1,1,Y,,,2,풀타임 최소 2코인,직전 시즌까지의 성적으로 추정
2020,김동한,10734,롯데,-0.4,,3823,역산 추정,403,1,0,0,,1,1,,,,1,,직전 시즌까지의 성적으로 추정
2020,김동혁,14674,키움,0.1,,4702,역산 추정,242,1,0,0,,1,1,,,,1,,직전 시즌까지의 성적으로 추정
2020,김명신,12847,두산,0.3,,4892,역산 추정,220,1,0,0,,1,1,,,,1,,직전 시즌까지의 성적으로 추정
2020,김명찬,11297,KIA,-0.4,,4498,역산 추정,349,1,0,0,,1,1,,,,1,,직전 시즌까지의 성적으로 추정
2020,김무신,13162,삼성,0.3,,4718,역산 추정,238,1,0,0,,1,1,Y,,,2,풀타임 최소 2코인,직전 시즌까지의 성적으로 추정
2020,김문호,10648,한화,-0.2,,5244,역산 추정,210,1,0,0,,1,1,,2011,,1,,직전 시즌까지의 성적으로 추정
2020,김민,13167,KT,-0.2,,6714,역산 추정,182,1,0,0,,1,3,,2022,,3,신인 하한,직전 시즌까지의 성적으로 추정
2020,김민규,13072,두산,0.8,,4702,역산 추정,242,1,0,0,,1,1,,,,1,,직전 시즌까지의 성적으로 추정
2020,김민성,10238,LG,0.6,FA 2019 3년 보장 15.0억,40000,실제 연봉,54,4,0,0,4,4,4,,2013,,4,계약 하한 대상(변경 없음),시즌 전 확정
2020,김민수,11317,KT,-0.3,,5663,역산 추정,203,1,0,0,,1,1,Y,,,2,풀타임 최소 2코인,직전 시즌까지의 성적으로 추정
2020,김민식,10707,KIA,0.7,,6907,역산 추정,176,1,0,0,,1,1,,,,1,,직전 시즌까지의 성적으로 추정
2020,김민우,11410,한화,2.6,,4829,역산 추정,227,1,0,0,,1,1,Y,,,2,풀타임 최소 2코인,직전 시즌까지의 성적으로 추정
2020,김민하,10777,한화,0.7,,4193,역산 추정,378,1,0,0,,1,1,,,,1,,직전 시즌까지의 성적으로 추정
2020,김민혁,11339,KT,-0.2,,5211,역산 추정,211,1,0,0,,1,1,,,,1,,직전 시즌까지의 성적으로 추정
2020,김범수,11411,한화,0.5,,7156,역산 추정,169,1,-1,0,,1,1,,,,1,,직전 시즌까지의 성적으로 추정
2020,김사윤,11364,SK,0.2,,4702,역산 추정,242,1,0,0,,1,1,Y,,,2,풀타임 최소 2코인,직전 시즌까지의 성적으로 추정
2020,김상수,10427,키움,0.3,,30000,실제 연봉,71,2,0,0,,2,2,,2012,,2,,시즌 전 확정
2020,김상수,10320,삼성,3.1,FA 2019 3년 보장 13.5억,45000,FA 연봉 부분,47,3,0,1,3,4,4,,2013,2019 프리미어12,4,계약 하한 대상(변경 없음) / 국가대표 +1 / 국가대표 +1은 4코인까지,시즌 전 확정
2020,김선기,13092,키움,0.5,,4603,역산 추정,330,1,0,0,,1,1,,,,1,,직전 시즌까지의 성적으로 추정
2020,김선빈,10008,KIA,2.5,FA 2020 4년 보장 34.0억,45000,실제 연봉,47,4,0,1,4,5,5,,,,5,계약 하한 대상(변경 없음),시즌 전 확정
2020,김성민,12918,키움,-0.3,,9784,역산 추정,142,2,0,0,,2,2,,,,2,,직전 시즌까지의 성적으로 추정
2020,김성욱,11153,NC,0.2,,6095,역산 추정,195,1,0,0,,1,1,,,,1,,직전 시즌까지의 성적으로 추정
2020,김성현,10636,SK,1.2,,22305,역산 추정,95,2,-1,0,,1,1,Y,,,2,풀타임 최소 2코인,직전 시즌까지의 성적으로 추정
2020,김세현,10431,SK,-0.4,,15786,역산 추정,110,2,0,0,,2,2,,2011,,2,,직전 시즌까지의 성적으로 추정
2020,김영규,13088,NC,0.2,,4817,역산 추정,230,1,0,0,,1,1,,,,1,,직전 시즌까지의 성적으로 추정
2020,김용의,10466,LG,0.3,,3673,역산 추정,409,1,0,0,,1,1,,,,1,,직전 시즌까지의 성적으로 추정
2020,김웅빈,12503,키움,-0.0,,4239,역산 추정,375,1,0,0,,1,1,,,,1,,직전 시즌까지의 성적으로 추정
2020,김원중,10825,롯데,1.2,,9232,역산 추정,146,2,-1,0,,1,1,Y,,,2,풀타임 최소 2코인,직전 시즌까지의 성적으로 추정
2020,김유영,11229,롯데,0.1,,4328,역산 추정,368,1,0,0,,1,1,,,,1,,직전 시즌까지의 성적으로 추정
2020,김윤식,14588,LG,0.0,,4702,역산 추정,242,1,0,0,,1,3,,2024,,3,신인 하한,직전 시즌까지의 성적으로 추정
2020,김응민,10890,삼성,-0.3,,4702,역산 추정,242,1,0,0,,1,1,,,,1,,직전 시즌까지의 성적으로 추정
2020,김인태,11098,두산,0.3,,4818,역산 추정,229,1,0,0,,1,1,,,,1,,직전 시즌까지의 성적으로 추정
2020,김재열,14747,KIA,-0.1,,4702,역산 추정,242,1,0,0,,1,1,,,,1,,직전 시즌까지의 성적으로 추정
2020,김재웅,12858,키움,0.3,,4702,역산 추정,242,1,0,0,,1,1,,,,1,,직전 시즌까지의 성적으로 추정
2020,김재유,11483,롯데,0.3,,4243,역산 추정,374,1,0,0,,1,1,,,,1,,직전 시즌까지의 성적으로 추정
2020,김재윤,11489,KT,1.9,,13967,역산 추정,119,2,0,0,,2,2,,,,2,,직전 시즌까지의 성적으로 추정
2020,김재호,10174,두산,2.0,FA 2017 4년 보장 46.0억,65000,실제 연봉,31,5,0,1,5,5,5,,2009,,5,계약 하한 대상(변경 없음),시즌 전 확정
2020,김재환,10643,두산,4.0,,65000,실제 연봉,31,4,0,1,,5,5,,2015,2019 프리미어12,5,,시즌 전 확정
2020,김종수,11117,한화,-0.4,,4673,역산 추정,320,1,0,0,,1,1,Y,,,2,풀타임 최소 2코인,직전 시즌까지의 성적으로 추정
2020,김주온,13057,SK,-0.2,,4702,역산 추정,242,1,0,0,,1,1,,,,1,,직전 시즌까지의 성적으로 추정
2020,김주한,12531,SK,-0.5,,6767,역산 추정,180,1,0,0,,1,1,,,,1,,직전 시즌까지의 성적으로 추정
2020,김주형,14214,키움,0.2,,4702,역산 추정,242,1,0,0,,1,1,,,,1,,직전 시즌까지의 성적으로 추정
2020,김준완,11182,NC,0.0,,4658,역산 추정,322,1,0,0,,1,1,,,,1,,직전 시즌까지의 성적으로 추정
2020,김준태,10835,롯데,1.0,,4138,역산 추정,384,1,0,0,,1,1,Y,,,2,풀타임 최소 2코인,직전 시즌까지의 성적으로 추정
2020,김지찬,14618,삼성,0.5,,4702,역산 추정,242,1,0,0,,1,1,,,,1,,직전 시즌까지의 성적으로 추정
2020,김진성,11166,NC,1.2,,19772,역산 추정,100,2,0,0,,2,2,,,,2,,직전 시즌까지의 성적으로 추정
2020,김진영,12926,한화,0.8,,4872,역산 추정,223,1,0,0,,1,1,Y,,,2,풀타임 최소 2코인,직전 시즌까지의 성적으로 추정
2020,김진욱,13144,한화,0.3,,4643,역산 추정,324,1,0,0,,1,1,,,,1,,직전 시즌까지의 성적으로 추정
2020,김진호,12897,NC,-0.1,,4702,역산 추정,242,1,0,0,,1,1,,,,1,,직전 시즌까지의 성적으로 추정
2020,김찬형,12622,NC,-0.2,,4829,역산 추정,228,1,0,0,,1,1,,,,1,,직전 시즌까지의 성적으로 추정
2020,김창평,14146,SK,0.1,,4533,역산 추정,344,1,0,0,,1,1,,,,1,,직전 시즌까지의 성적으로 추정
2020,김태군,10459,NC,0.5,FA 2020 4년 보장 9.0억,22500,FA 연봉 부분,94,2,0,0,2,2,2,,,,2,계약 하한 대상(변경 없음),시즌 전 확정
2020,김태균,10552,한화,-0.6,FA 2020 1년 보장 10.0억,50000,실제 연봉,39,5,0,1,5,5,5,,2005,,5,계약 하한 대상(변경 없음),시즌 전 확정
2020,김태진,11244,NC,-1.4,,6379,역산 추정,189,1,0,0,,1,1,,,,1,,직전 시즌까지의 성적으로 추정
2020,김태진,11244,KIA,-1.4,,6379,역산 추정,189,1,0,0,,1,1,,,,1,,직전 시즌까지의 성적으로 추정
2020,김태훈,10133,SK,0.1,,10110,역산 추정,136,2,0,0,,2,2,,,,2,,직전 시즌까지의 성적으로 추정
2020,김태훈,10871,키움,0.5,,4309,역산 추정,370,1,0,0,,1,1,Y,,,2,풀타임 최소 2코인,직전 시즌까지의 성적으로 추정
2020,김택형,11373,SK,-0.6,,3954,역산 추정,397,1,0,0,,1,1,,,,1,,직전 시즌까지의 성적으로 추정
2020,김하성,11224,키움,7.3,,55000,실제 연봉,36,4,1,1,,5,5,,,2019 프리미어12,5,,시즌 전 확정
2020,김헌곤,10640,삼성,-0.3,,9838,역산 추정,141,2,0,0,,2,2,,,,2,,직전 시즌까지의 성적으로 추정
2020,김현수,10187,LG,4.8,FA 2018 4년 보장 115.0억,130000,실제 연봉,8,5,0,0,5,5,5,,,2019 프리미어12,5,계약 하한 대상(변경 없음),시즌 전 확정
2020,김현수,14162,KIA,-0.0,,4721,역산 추정,237,1,0,0,,1,1,,,,1,,직전 시즌까지의 성적으로 추정
2020,김현준,12533,KIA,-0.5,,4702,역산 추정,242,1,0,0,,1,1,,,,1,,직전 시즌까지의 성적으로 추정
2020,김형준,13081,NC,0.6,,4304,역산 추정,372,1,0,0,,1,1,,,,1,,직전 시즌까지의 성적으로 추정
2020,김혜성,12905,키움,2.9,,9195,역산 추정,147,2,0,0,,2,2,,,,2,,직전 시즌까지의 성적으로 추정
2020,김호령,11298,KIA,0.2,,5759,역산 추정,200,1,0,0,,1,1,,,,1,,직전 시즌까지의 성적으로 추정
2020,김호은,12554,LG,0.2,,4702,역산 추정,242,1,0,0,,1,1,,,,1,,직전 시즌까지의 성적으로 추정
2020,김호재,13240,삼성,1.2,,4669,역산 추정,321,1,0,0,,1,1,,,,1,,직전 시즌까지의 성적으로 추정
2020,나성범,11162,NC,5.1,,50000,실제 연봉,39,4,0,1,,5,5,,2017,,5,,시즌 전 확정
2020,나주환,10092,KIA,0.3,,29400,역산 추정,73,2,0,0,,2,2,,,,2,,직전 시즌까지의 성적으로 추정
2020,나지완,10030,KIA,2.7,FA 2017 4년 보장 40.0억,60000,실제 연봉,33,5,0,1,5,5,5,,,,5,계약 하한 대상(변경 없음),시즌 전 확정
2020,남태혁,12521,SK,-0.6,,4236,역산 추정,376,1,0,0,,1,1,,,,1,,직전 시즌까지의 성적으로 추정
2020,남하준,12535,KIA,-0.1,,4498,역산 추정,351,1,0,0,,1,1,,,,1,,직전 시즌까지의 성적으로 추정
2020,남호,14139,LG,0.2,,4702,역산 추정,242,1,0,0,,1,1,,,,1,,직전 시즌까지의 성적으로 추정
2020,노건우,11144,삼성,0.4,,3871,역산 추정,401,1,0,0,,1,1,,2017,,1,,직전 시즌까지의 성적으로 추정
2020,노경은,10203,롯데,2.5,,29400,역산 추정,73,2,0,0,,2,2,,2007,,2,,직전 시즌까지의 성적으로 추정
2020,노수광,11268,SK,0.2,,13299,역산 추정,126,2,0,0,,2,2,,,,2,,직전 시즌까지의 성적으로 추정
2020,노수광,11268,한화,0.2,,13299,역산 추정,126,2,0,0,,2,2,,,,2,,직전 시즌까지의 성적으로 추정
2020,노시환,14125,한화,0.3,,4177,역산 추정,379,1,0,0,,1,3,,2023,,3,신인 하한,직전 시즌까지의 성적으로 추정
2020,노진혁,11165,NC,4.2,,8754,역산 추정,149,2,0,0,,2,2,,,,2,,직전 시즌까지의 성적으로 추정
2020,노태형,11269,한화,-0.4,,4702,역산 추정,242,1,0,0,,1,1,,,,1,,직전 시즌까지의 성적으로 추정
2020,류지혁,10894,두산,0.2,,7007,역산 추정,172,1,0,0,,1,1,,,,1,,직전 시즌까지의 성적으로 추정
2020,류희운,12655,KT,-0.2,,5343,역산 추정,209,1,0,0,,1,1,,2020,,1,,직전 시즌까지의 성적으로 추정
2020,모창민,10093,NC,0.3,FA 2019 3년 보장 17.0억,56667,FA 연봉 부분,35,4,0,0,4,4,4,,,,4,계약 하한 대상(변경 없음),시즌 전 확정
2020,문경찬,11299,KIA,0.4,,7230,역산 추정,167,1,0,0,,1,1,Y,,2019 프리미어12,3,풀타임 최소 2코인 / 국가대표 +1,직전 시즌까지의 성적으로 추정
2020,문경찬,11299,NC,0.4,,7230,역산 추정,167,1,0,0,,1,1,Y,,2019 프리미어12,3,풀타임 최소 2코인 / 국가대표 +1,직전 시즌까지의 성적으로 추정
2020,문동욱,11230,한화,0.3,,4348,역산 추정,367,1,0,0,,1,1,,,,1,,직전 시즌까지의 성적으로 추정
2020,문상철,11333,KT,0.1,,3775,역산 추정,404,1,0,0,,1,1,,,,1,,직전 시즌까지의 성적으로 추정
2020,문성현,10437,키움,0.3,,13364,역산 추정,125,2,0,0,,2,2,,,,2,,직전 시즌까지의 성적으로 추정
2020,문승원,10783,SK,3.9,,13545,역산 추정,124,2,0,0,,2,2,,,,2,,직전 시즌까지의 성적으로 추정
2020,문원,12848,두산,-0.3,,4702,역산 추정,242,1,0,0,,1,1,,,,1,,직전 시즌까지의 성적으로 추정
2020,민병헌,10188,롯데,-1.3,FA 2018 4년 보장 80.0억,125000,실제 연봉,11,5,0,0,5,5,5,,2010,2019 프리미어12,5,계약 하한 대상(변경 없음),시즌 전 확정
2020,박건우,10189,두산,3.8,,45000,실제 연봉,47,3,1,0,,4,4,,,2019 프리미어12,4,국가대표 +1 / 국가대표 +1은 4코인까지,시즌 전 확정
2020,박경수,10469,KT,2.9,FA 2019 3년 보장 20.0억,40000,실제 연봉,54,4,0,0,4,4,4,,2007,,4,계약 하한 대상(변경 없음),시즌 전 확정
2020,박계범,11198,삼성,-1.1,,4946,역산 추정,215,1,0,0,,1,1,,,,1,,직전 시즌까지의 성적으로 추정
2020,박동원,10387,키움,2.3,,13599,역산 추정,122,2,0,0,,2,2,,,,2,,직전 시즌까지의 성적으로 추정
2020,박민우,11137,NC,5.5,,52000,실제 연봉,38,4,1,1,,5,5,,,2019 프리미어12,5,,시즌 전 확정
2020,박민호,11236,SK,1.4,,4482,역산 추정,355,1,0,0,,1,1,Y,,,2,풀타임 최소 2코인,직전 시즌까지의 성적으로 추정
2020,박병호,10470,키움,1.8,,200000,실제 연봉,4,5,1,1,,5,4,,2009,2019 프리미어12,4,커리어 로우·지정 하향 / 국가대표 +1 / 국가대표 +1은 4코인까지,시즌 전 확정
2020,박상언,12587,한화,-0.3,,4702,역산 추정,242,1,0,0,,1,1,,,,1,,직전 시즌까지의 성적으로 추정
2020,박상원,12871,한화,-0.1,,11341,역산 추정,132,2,-1,0,,1,1,Y,,,2,풀타임 최소 2코인,직전 시즌까지의 성적으로 추정
2020,박석민,10322,NC,3.6,FA 2020 3년 보장 16.0억,70000,실제 연봉,28,4,0,0,4,4,4,,,,4,계약 하한 대상(변경 없음),시즌 전 확정
2020,박성웅,13136,한화,-0.3,,4314,역산 추정,369,1,0,0,,1,1,,,,1,,직전 시즌까지의 성적으로 추정
2020,박성한,12922,SK,0.2,,4387,역산 추정,365,1,0,0,,1,1,,,,1,,직전 시즌까지의 성적으로 추정
2020,박세웅,11310,롯데,2.5,,16137,역산 추정,109,2,0,0,,2,2,,,,2,,직전 시즌까지의 성적으로 추정
2020,박세혁,10891,두산,2.3,,7800,역산 추정,158,1,0,0,,1,1,Y,,2019 프리미어12,3,풀타임 최소 2코인 / 국가대표 +1,직전 시즌까지의 성적으로 추정
2020,박소준,11491,두산,0.3,,4702,역산 추정,242,1,0,0,,1,1,,,,1,,직전 시즌까지의 성적으로 추정
2020,박승규,14122,삼성,-0.1,,4702,역산 추정,242,1,0,0,,1,1,,,,1,,직전 시즌까지의 성적으로 추정
2020,박승욱,10804,KT,-0.2,,4498,역산 추정,350,1,0,0,,1,1,,,,1,,직전 시즌까지의 성적으로 추정
2020,박시영,10737,롯데,-0.5,,4881,역산 추정,222,1,0,0,,1,1,,,,1,,직전 시즌까지의 성적으로 추정
2020,박용택,10485,LG,0.3,FA 2019 2년 보장 24.0억,80000,실제 연봉,26,5,0,1,5,5,5,,2006,,5,계약 하한 대상(변경 없음),시즌 전 확정
2020,박정수,11300,KIA,0.5,,4018,역산 추정,391,1,0,0,,1,1,,,,1,,직전 시즌까지의 성적으로 추정
2020,박정수,11300,NC,0.5,,4018,역산 추정,391,1,0,0,,1,1,,,,1,,직전 시즌까지의 성적으로 추정
2020,박정음,10866,키움,-0.3,,4975,역산 추정,214,1,0,0,,1,1,,,,1,,직전 시즌까지의 성적으로 추정
2020,박정현,14704,한화,-0.1,,4702,역산 추정,242,1,0,0,,1,1,,,,1,,직전 시즌까지의 성적으로 추정
2020,박종훈,10131,SK,2.8,,29400,역산 추정,73,2,0,0,,2,2,,,2019 프리미어12,3,국가대표 +1,직전 시즌까지의 성적으로 추정
2020,박준영,12522,NC,-0.4,,4702,역산 추정,242,1,0,0,,1,3,,2024,,3,신인 하한,직전 시즌까지의 성적으로 추정
2020,박준태,11260,키움,1.7,,4173,역산 추정,380,1,0,0,,1,1,Y,,,2,풀타임 최소 2코인,직전 시즌까지의 성적으로 추정
2020,박준표,11070,KIA,2.1,,4440,역산 추정,358,1,0,0,,1,1,Y,,,2,풀타임 최소 2코인,직전 시즌까지의 성적으로 추정
2020,박진우,11358,NC,0.0,,7433,역산 추정,162,1,0,0,,1,1,,,,1,,직전 시즌까지의 성적으로 추정
2020,박진태,12913,KIA,-0.6,,4589,역산 추정,334,1,0,0,,1,1,,,,1,,직전 시즌까지의 성적으로 추정
2020,박진형,11425,롯데,0.2,,8249,역산 추정,152,1,0,0,,1,1,Y,,,2,풀타임 최소 2코인,직전 시즌까지의 성적으로 추정
2020,박찬도,10930,삼성,-0.1,,3938,역산 추정,399,1,0,0,,1,1,,,,1,,직전 시즌까지의 성적으로 추정
2020,박찬호,11261,KIA,-1.0,,4927,역산 추정,217,1,0,0,,1,1,Y,,,2,풀타임 최소 2코인,직전 시즌까지의 성적으로 추정
2020,박치국,12850,두산,1.5,,10139,역산 추정,135,2,-1,0,,1,1,Y,,,2,풀타임 최소 2코인,직전 시즌까지의 성적으로 추정
2020,박해민,11190,삼성,3.4,,29400,역산 추정,73,2,0,0,,2,2,,,,2,,직전 시즌까지의 성적으로 추정
2020,박희수,10135,SK,0.0,,9949,역산 추정,140,2,0,0,,2,2,,,,2,,직전 시즌까지의 성적으로 추정
2020,배민서,14158,NC,-0.0,,4702,역산 추정,242,1,0,0,,1,1,,,,1,,직전 시즌까지의 성적으로 추정
2020,배재환,11248,NC,0.2,,7267,역산 추정,165,1,0,0,,1,1,Y,,,2,풀타임 최소 2코인,직전 시즌까지의 성적으로 추정
2020,배정대,11212,KT,4.1,,3772,역산 추정,405,1,0,0,,1,1,Y,,,2,풀타임 최소 2코인,직전 시즌까지의 성적으로 추정
2020,배제성,11394,KT,3.8,,6834,역산 추정,177,1,0,0,,1,1,Y,,,2,풀타임 최소 2코인,직전 시즌까지의 성적으로 추정
2020,백승건,14145,SK,-0.3,,4817,역산 추정,230,1,0,0,,1,1,,,,1,,직전 시즌까지의 성적으로 추정
2020,백용환,10003,KIA,0.4,,3834,역산 추정,402,1,0,0,,1,1,,,,1,,직전 시즌까지의 성적으로 추정
2020,백정현,10363,삼성,0.2,,18091,역산 추정,105,2,0,0,,2,2,,2013,,2,,직전 시즌까지의 성적으로 추정
2020,변상권,13223,키움,0.0,,4702,역산 추정,242,1,0,0,,1,1,,,,1,,직전 시즌까지의 성적으로 추정
2020,변시원,10882,KIA,-0.1,,4306,역산 추정,371,1,0,0,,1,1,,,,1,,직전 시즌까지의 성적으로 추정
2020,서건창,10855,키움,2.9,,35000,실제 연봉,65,2,0,1,,3,3,,,,3,,시즌 전 확정
2020,서균,11271,한화,0.2,,6590,역산 추정,185,1,-1,0,,1,1,,,,1,,직전 시즌까지의 성적으로 추정
2020,서덕원,12538,KIA,-0.1,,4702,역산 추정,242,1,0,0,,1,1,,,,1,,직전 시즌까지의 성적으로 추정
2020,서동민,13191,SK,0.0,,4702,역산 추정,242,1,0,0,,1,1,,,,1,,직전 시즌까지의 성적으로 추정
2020,서준원,14159,롯데,1.3,,6055,역산 추정,196,1,0,0,,1,3,,2023,,3,신인 하한,직전 시즌까지의 성적으로 추정
2020,서진용,10784,SK,0.3,,8004,역산 추정,154,1,0,0,,1,1,Y,,,2,풀타임 최소 2코인,직전 시즌까지의 성적으로 추정
2020,소이현,12900,NC,0.1,,4702,역산 추정,242,1,0,0,,1,1,,,,1,,직전 시즌까지의 성적으로 추정
2020,소형준,14600,KT,3.6,,4702,역산 추정,242,1,0,0,,1,4,,2024,,4,신인 하한,직전 시즌까지의 성적으로 추정
2020,손동현,14108,KT,0.1,,4725,역산 추정,236,1,0,0,,1,1,,,,1,,직전 시즌까지의 성적으로 추정
2020,손아섭,10261,롯데,5.0,FA 2018 4년 보장 98.0억,200000,실제 연봉,4,5,0,1,5,5,4,,,,4,계약 하한 대상(변경 없음)/커리어 로우·지정 하향,시즌 전 확정
2020,손정욱,11142,NC,0.1,,6034,역산 추정,197,1,0,0,,1,1,,,,1,,직전 시즌까지의 성적으로 추정
2020,손호영,14590,LG,-0.1,,4702,역산 추정,242,1,0,0,,1,1,,,,1,,직전 시즌까지의 성적으로 추정
2020,송광민,10555,한화,-0.5,FA 2019 2년 보장 8.0억,40000,FA 연봉 부분,54,3,-1,0,3,2,3,,2011,,3,계약 하한(가격 변경),시즌 전 확정
2020,송명기,14155,NC,2.4,,4702,역산 추정,242,1,0,0,,1,3,,2024,,3,신인 하한,직전 시즌까지의 성적으로 추정
2020,송민섭,11342,KT,0.5,,4469,역산 추정,356,1,0,0,,1,1,,,,1,,직전 시즌까지의 성적으로 추정
2020,송승준,10285,롯데,0.0,,28455,역산 추정,88,2,0,1,,3,3,,2011,,3,,직전 시즌까지의 성적으로 추정
2020,송윤준,10748,한화,0.4,,4702,역산 추정,242,1,0,0,,1,1,,,,1,,직전 시즌까지의 성적으로 추정
2020,송은범,10137,LG,0.4,FA 2020 2년 보장 8.4억,42000,FA 연봉 부분,52,3,-1,0,3,2,3,,2007,,3,계약 하한(가격 변경),시즌 전 확정
2020,송준석,11200,삼성,0.3,,4609,역산 추정,328,1,0,0,,1,1,,,,1,,직전 시즌까지의 성적으로 추정
2020,신민재,13056,LG,0.3,,4643,역산 추정,325,1,0,0,,1,1,,,,1,,직전 시즌까지의 성적으로 추정
2020,신민혁,13085,NC,0.5,,4702,역산 추정,242,1,0,0,,1,1,,,,1,,직전 시즌까지의 성적으로 추정
2020,신본기,10840,롯데,-0.0,,9421,역산 추정,144,2,-1,0,,1,1,,,,1,,직전 시즌까지의 성적으로 추정
2020,신재영,11149,키움,-0.2,,16414,역산 추정,107,2,0,0,,2,2,,,,2,,직전 시즌까지의 성적으로 추정
2020,신재웅,10921,SK,-0.1,,4486,역산 추정,354,1,0,0,,1,1,,,,1,,직전 시즌까지의 성적으로 추정
2020,신정락,10516,한화,0.0,,6944,역산 추정,175,1,0,0,,1,1,,2014,,1,,직전 시즌까지의 성적으로 추정
2020,심우준,11334,KT,0.1,,7779,역산 추정,159,1,0,0,,1,1,Y,,,2,풀타임 최소 2코인,직전 시즌까지의 성적으로 추정
2020,심창민,10720,삼성,-0.1,,29400,역산 추정,73,2,0,0,,2,2,,2016,,2,,직전 시즌까지의 성적으로 추정
2020,안권수,14571,두산,-0.1,,4702,역산 추정,242,1,0,0,,1,1,,,,1,,직전 시즌까지의 성적으로 추정
2020,안영명,10600,한화,-0.2,,35000,실제 연봉,65,2,-1,0,,1,1,,2007,,3,전수 판정: 보정 권고 / 최종 검토: 3,시즌 전 확정
2020,안우진,13091,키움,1.1,,5564,역산 추정,205,1,-1,0,,1,4,,2022,,4,신인 하한/지정 유지(원태인·이정후·안우진),직전 시즌까지의 성적으로 추정
2020,안치홍,10014,롯데,1.5,FA 2020 4년 보장 50.0억,250000,FA 연봉 부분,1,5,0,1,5,5,5,,2013,,5,계약 하한 대상(변경 없음),시즌 전 확정
2020,양석환,11213,LG,0.0,,8394,역산 추정,151,1,0,0,,1,1,,,,1,,직전 시즌까지의 성적으로 추정
2020,양승철,14180,KIA,-0.5,,4400,역산 추정,363,1,0,0,,1,1,,,,1,,직전 시즌까지의 성적으로 추정
2020,양의지,10165,NC,6.8,FA 2019 4년 보장 125.0억,200000,실제 연봉,4,5,1,1,5,5,5,,,2019 프리미어12,5,계약 하한 대상(변경 없음),시즌 전 확정
2020,양지율,12854,키움,0.6,,4551,역산 추정,342,1,0,0,,1,1,,,,1,,직전 시즌까지의 성적으로 추정
2020,양창섭,13157,삼성,0.2,,6482,역산 추정,188,1,0,0,,1,3,,2022,,3,신인 하한,직전 시즌까지의 성적으로 추정
2020,양현,10730,키움,1.1,,4532,역산 추정,345,1,0,0,,1,1,Y,,,2,풀타임 최소 2코인,직전 시즌까지의 성적으로 추정
2020,양현종,10058,KIA,3.4,,230000,실제 연봉,3,5,1,1,,5,5,,2011,2019 프리미어12,5,,시즌 전 확정
2020,여건욱,10140,LG,-0.5,,4003,역산 추정,393,1,0,0,,1,1,,,,1,,직전 시즌까지의 성적으로 추정
2020,오동욱,14713,한화,-0.5,,4702,역산 추정,242,1,0,0,,1,1,,,,1,,직전 시즌까지의 성적으로 추정
2020,오선우,14181,KIA,-0.1,,4489,역산 추정,352,1,0,0,,1,1,,,,1,,직전 시즌까지의 성적으로 추정
2020,오선진,10557,한화,0.1,,5037,역산 추정,212,1,-1,0,,1,1,,,,1,,직전 시즌까지의 성적으로 추정
2020,오승환,10367,삼성,1.9,,120000,실제 연봉,13,5,0,1,,5,4,,2009,,4,커리어 로우·지정 하향,시즌 전 확정
2020,오원석,14581,SK,-0.1,,4702,역산 추정,242,1,0,0,,1,3,,2024,,3,신인 하한,직전 시즌까지의 성적으로 추정
2020,오윤석,11397,롯데,0.9,,3951,역산 추정,398,1,0,0,,1,1,,,,1,,직전 시즌까지의 성적으로 추정
2020,오재원,10178,두산,-0.1,FA 2020 3년 보장 13.0억,43333,FA 연봉 부분,50,3,0,0,3,3,3,,,,3,계약 하한 대상(변경 없음),시즌 전 확정
2020,오재일,10400,두산,2.9,,47000,실제 연봉,45,3,0,0,,3,3,,,,3,,시즌 전 확정
2020,오주원,10445,키움,-0.1,FA 2020 2년 보장 6.0억,30000,FA 연봉 부분,71,3,0,0,3,3,3,,,,3,계약 하한 대상(변경 없음),시즌 전 확정
2020,오준혁,10672,SK,-0.1,,3998,역산 추정,394,1,0,0,,1,1,,,,1,,직전 시즌까지의 성적으로 추정
2020,오지환,10475,LG,6.4,FA 2020 4년 보장 40.0억,60000,실제 연봉,33,5,1,1,5,5,5,,2014,,5,계약 하한 대상(변경 없음),시즌 전 확정
2020,오태곤,10249,KT,0.6,,7347,역산 추정,164,1,0,0,,1,1,,,,1,,직전 시즌까지의 성적으로 추정
2020,오태곤,10249,SK,0.6,,7347,역산 추정,164,1,0,0,,1,1,,,,1,,직전 시즌까지의 성적으로 추정
2020,오현택,10210,롯데,0.8,,13579,역산 추정,123,2,0,0,,2,2,,,,2,,직전 시즌까지의 성적으로 추정
2020,우규민,10523,삼성,0.4,FA 2017 4년 보장 65.0억,70000,실제 연봉,28,5,0,0,5,5,5,,2008,,5,계약 하한 대상(변경 없음),시즌 전 확정
2020,원종현,11161,NC,0.7,,29400,역산 추정,73,2,-1,0,,1,1,Y,2018,2019 프리미어12,3,풀타임 최소 2코인 / 국가대표 +1,직전 시즌까지의 성적으로 추정
2020,원태인,14113,삼성,2.5,,6252,역산 추정,192,1,0,0,,1,3,,2023,,4,신인 하한/지정 유지(원태인·이정후·안우진),직전 시즌까지의 성적으로 추정
2020,유강남,10753,LG,2.8,,19459,역산 추정,101,2,0,0,,2,2,,,,2,,직전 시즌까지의 성적으로 추정
2020,유로결,14126,한화,-0.2,,4584,역산 추정,336,1,0,0,,1,1,,,,1,,직전 시즌까지의 성적으로 추정
2020,유민상,10895,KIA,-0.1,,4519,역산 추정,346,1,0,0,,1,1,Y,,,2,풀타임 최소 2코인,직전 시즌까지의 성적으로 추정
2020,유원상,10604,KT,1.1,,13141,역산 추정,127,2,0,0,,2,2,,2011,,2,,직전 시즌까지의 성적으로 추정
2020,유한준,10627,KT,0.8,FA 2020 2년 보장 18.0억,50000,실제 연봉,39,4,0,0,4,4,4,,,,4,계약 하한 대상(변경 없음),시즌 전 확정
2020,유희관,10213,두산,1.1,,47000,실제 연봉,45,3,0,1,,4,4,,,,4,,시즌 전 확정
2020,윤대경,11110,한화,1.2,,4702,역산 추정,242,1,0,0,,1,1,Y,,,2,풀타임 최소 2코인,직전 시즌까지의 성적으로 추정
2020,윤명준,10885,두산,0.5,,20801,역산 추정,98,2,0,0,,2,2,,,,2,,직전 시즌까지의 성적으로 추정
2020,윤석민,10644,SK,-0.7,,6179,역산 추정,194,1,0,0,,1,1,,,,1,,직전 시즌까지의 성적으로 추정
2020,윤성환,10368,삼성,0.1,,40000,실제 연봉,54,3,0,1,,4,4,,2008,,4,,시즌 전 확정
2020,윤정현,14131,키움,-0.7,,4702,역산 추정,242,1,0,0,,1,1,,,,1,,직전 시즌까지의 성적으로 추정
2020,윤호솔,11170,한화,-0.2,,4702,역산 추정,242,1,0,0,,1,4,,2024,,4,신인 하한,직전 시즌까지의 성적으로 추정
2020,이강준,14601,KT,-0.1,,4702,역산 추정,242,1,0,0,,1,1,,,,1,,직전 시즌까지의 성적으로 추정
2020,이건욱,11242,SK,1.4,,4702,역산 추정,242,1,0,0,,1,1,Y,,,2,풀타임 최소 2코인,직전 시즌까지의 성적으로 추정
2020,이대은,11907,KT,0.0,,7131,역산 추정,170,1,0,0,,1,1,,,,1,,직전 시즌까지의 성적으로 추정
2020,이대호,10251,롯데,1.4,FA 2017 4년 보장 150.0억,250000,실제 연봉,1,5,0,1,5,5,5,,,,5,계약 하한 대상(변경 없음),시즌 전 확정
2020,이명기,10119,NC,1.5,,14459,역산 추정,118,2,0,0,,2,2,,,,2,,직전 시즌까지의 성적으로 추정
2020,이민우,13003,KIA,-0.2,,4618,역산 추정,326,1,0,0,,1,1,Y,2021,,2,풀타임 최소 2코인,직전 시즌까지의 성적으로 추정
2020,이민호,14589,LG,2.4,,4702,역산 추정,242,1,0,0,,1,4,,2024,,4,신인 하한,직전 시즌까지의 성적으로 추정
2020,이병규,10477,롯데,0.7,,27600,역산 추정,90,2,0,0,,2,2,,,,2,,직전 시즌까지의 성적으로 추정
2020,이보근,10448,KT,1.3,FA 2019 4년 보장 11.0억,36667,FA 연봉 부분,64,3,0,0,3,3,3,,,,3,계약 하한 대상(변경 없음),시즌 전 확정
2020,이상규,13245,LG,-0.4,,4702,역산 추정,242,1,0,0,,1,1,,,,1,,직전 시즌까지의 성적으로 추정
2020,이상동,14109,KT,-0.1,,4562,역산 추정,339,1,0,0,,1,1,,,,1,,직전 시즌까지의 성적으로 추정
2020,이상민,11169,삼성,0.1,,4043,역산 추정,388,1,0,0,,1,1,,,,1,,직전 시즌까지의 성적으로 추정
2020,이상호,11147,NC,-0.8,,3673,역산 추정,409,1,0,0,,1,1,,,,1,,직전 시즌까지의 성적으로 추정
2020,이상화,10831,KT,0.2,,5383,역산 추정,208,1,0,0,,1,1,,2013,,1,,직전 시즌까지의 성적으로 추정
2020,이성곤,11206,삼성,0.2,,4702,역산 추정,242,1,0,0,,1,1,,,,1,,직전 시즌까지의 성적으로 추정
2020,이성규,12562,삼성,-0.7,,4680,역산 추정,319,1,0,0,,1,1,,,,1,,직전 시즌까지의 성적으로 추정
2020,이성열,10168,한화,-1.1,FA 2020 2년 보장 14.0억,50000,실제 연봉,39,4,0,0,4,4,4,,,,4,계약 하한 대상(변경 없음),시즌 전 확정
2020,이성우,10004,LG,0.1,,3673,역산 추정,409,1,0,0,,1,1,,,,1,,직전 시즌까지의 성적으로 추정
2020,이승민,14616,삼성,0.1,,4702,역산 추정,242,1,0,0,,1,1,,,,1,,직전 시즌까지의 성적으로 추정
2020,이승진,12678,두산,0.2,,4606,역산 추정,329,1,0,0,,1,1,,,,1,,직전 시즌까지의 성적으로 추정
2020,이승헌,13146,롯데,0.6,,4702,역산 추정,242,1,0,0,,1,1,,,,1,,직전 시즌까지의 성적으로 추정
2020,이승현,10527,삼성,1.5,,4647,역산 추정,323,1,0,0,,1,1,Y,,,2,풀타임 최소 2코인,직전 시즌까지의 성적으로 추정
2020,이승호,12865,키움,1.9,,6618,역산 추정,184,1,0,0,,1,1,Y,,,2,풀타임 최소 2코인,직전 시즌까지의 성적으로 추정
2020,이시원,12526,한화,-0.3,,4487,역산 추정,353,1,0,0,,1,1,,,,1,,직전 시즌까지의 성적으로 추정
2020,이영준,12997,키움,0.9,,4935,역산 추정,216,1,0,0,,1,1,Y,,,2,풀타임 최소 2코인,직전 시즌까지의 성적으로 추정
2020,이영하,12568,두산,2.0,,10905,역산 추정,133,2,0,0,,2,4,,2021,2019 프리미어12,4,신인 하한 / 국가대표 +1 / 국가대표 +1은 4코인까지,직전 시즌까지의 성적으로 추정
2020,이용규,10035,한화,1.3,FA 2019 3년 보장 18.0억,40000,실제 연봉,54,4,0,0,4,4,4,,,,4,계약 하한 대상(변경 없음),시즌 전 확정
2020,이용찬,10217,두산,-0.2,,42000,실제 연봉,52,3,0,0,,3,3,,2012,,3,,시즌 전 확정
2020,이우성,11099,KIA,-0.3,,4429,역산 추정,359,1,0,0,,1,1,,,,1,,직전 시즌까지의 성적으로 추정
2020,이원석,10180,삼성,0.1,FA 2017 4년 보장 27.0억,67500,FA 연봉 부분,30,4,0,0,4,4,4,,2009,,4,계약 하한 대상(변경 없음),시즌 전 확정
2020,이원재,12999,NC,0.1,,4573,역산 추정,337,1,0,0,,1,1,,,,1,,직전 시즌까지의 성적으로 추정
2020,이원준,12920,SK,-0.3,,4702,역산 추정,242,1,0,0,,1,1,,,,1,,직전 시즌까지의 성적으로 추정
2020,이유찬,12894,두산,0.4,,4702,역산 추정,242,1,0,0,,1,1,,,,1,,직전 시즌까지의 성적으로 추정
2020,이인복,11232,롯데,0.6,,3679,역산 추정,408,1,0,0,,1,1,,,,1,,직전 시즌까지의 성적으로 추정
2020,이재원,10082,SK,-0.4,FA 2019 4년 보장 69.0억,130000,실제 연봉,8,5,0,0,5,5,5,,2010,,5,계약 하한 대상(변경 없음),시즌 전 확정
2020,이재학,10220,NC,0.8,,29400,역산 추정,73,2,0,1,,3,3,,,,3,,직전 시즌까지의 성적으로 추정
2020,이정용,14134,LG,0.6,,4702,역산 추정,242,1,0,0,,1,3,,2024,,3,신인 하한,직전 시즌까지의 성적으로 추정
2020,이정후,12906,키움,6.4,,39000,실제 연봉,62,2,0,1,,3,4,,2021,2019 프리미어12,4,신인 하한/지정 유지(원태인·이정후·안우진) / 국가대표 +1 / 국가대표 +1은 4코인까지,시즌 전 확정
2020,이준영,11303,KIA,-0.1,,4035,역산 추정,389,1,0,0,,1,1,,,,1,,직전 시즌까지의 성적으로 추정
2020,이지영,10312,키움,0.8,FA 2020 3년 보장 12.0억,40000,FA 연봉 부분,54,3,0,0,3,3,3,,,,3,계약 하한 대상(변경 없음),시즌 전 확정
2020,이창재,11320,KT,0.1,,4079,역산 추정,386,1,0,0,,1,1,,,,1,,직전 시즌까지의 성적으로 추정
2020,이창진,11233,KIA,0.5,,6789,역산 추정,178,1,0,0,,1,1,,,,1,,직전 시즌까지의 성적으로 추정
2020,이천웅,10935,LG,0.2,,10039,역산 추정,138,2,0,0,,2,2,,,,2,,직전 시즌까지의 성적으로 추정
2020,이태양,10609,한화,0.4,,18782,역산 추정,102,2,-1,0,,1,1,Y,,,2,풀타임 최소 2코인,직전 시즌까지의 성적으로 추정
2020,이태양,10609,SK,0.4,,18782,역산 추정,102,2,-1,0,,1,1,Y,,,2,풀타임 최소 2코인,직전 시즌까지의 성적으로 추정
2020,이택근,10493,키움,-0.1,,29400,역산 추정,73,2,0,1,,3,3,,2007,,3,,직전 시즌까지의 성적으로 추정
2020,이학주,14114,삼성,0.9,,6998,역산 추정,174,1,0,0,,1,1,,,,1,,직전 시즌까지의 성적으로 추정
2020,이해창,10391,한화,-0.0,,3771,역산 추정,406,1,0,0,,1,1,,,,1,,직전 시즌까지의 성적으로 추정
2020,이현석,11369,SK,-0.6,,4702,역산 추정,242,1,0,0,,1,1,,,,1,,직전 시즌까지의 성적으로 추정
2020,이현승,10221,두산,0.3,,40000,실제 연봉,54,3,0,0,,3,3,,2010,,3,,시즌 전 확정
2020,이현호,10677,한화,-0.2,,5676,역산 추정,202,1,0,0,,1,1,,2019,,1,,직전 시즌까지의 성적으로 추정
2020,이형범,11159,두산,-0.8,,7430,역산 추정,163,1,0,0,,1,1,,,,1,,직전 시즌까지의 성적으로 추정
2020,이형종,12516,LG,3.0,,15055,역산 추정,111,2,0,0,,2,4,,2020,,4,신인 하한,직전 시즌까지의 성적으로 추정
2020,이홍구,11071,SK,-0.4,,4044,역산 추정,387,1,0,0,,1,1,,,,1,,직전 시즌까지의 성적으로 추정
2020,이홍구,11071,KT,-0.4,,4044,역산 추정,387,1,0,0,,1,1,,,,1,,직전 시즌까지의 성적으로 추정
2020,이흥련,11108,SK,-0.4,,4140,역산 추정,383,1,0,0,,1,1,,,,1,,직전 시즌까지의 성적으로 추정
2020,임규빈,13010,키움,0.2,,4702,역산 추정,242,1,0,0,,1,1,,,,1,,직전 시즌까지의 성적으로 추정
2020,임기영,10909,KIA,2.0,,7687,역산 추정,160,1,0,0,,1,1,Y,,,2,풀타임 최소 2코인,직전 시즌까지의 성적으로 추정
2020,임병욱,11226,키움,0.2,,7541,역산 추정,161,1,-1,0,,1,1,,,,1,,직전 시즌까지의 성적으로 추정
2020,임정호,11168,NC,1.3,,9306,역산 추정,145,2,-1,0,,1,1,Y,,,2,풀타임 최소 2코인,직전 시즌까지의 성적으로 추정
2020,임종찬,14706,한화,-0.5,,4702,역산 추정,242,1,0,0,,1,1,,,,1,,직전 시즌까지의 성적으로 추정
2020,임준섭,10795,한화,-0.6,,7825,역산 추정,156,1,0,0,,1,1,,,,1,,직전 시즌까지의 성적으로 추정
2020,임찬규,10652,LG,2.7,,15005,역산 추정,113,2,-1,0,,1,1,Y,2015,,2,풀타임 최소 2코인,직전 시즌까지의 성적으로 추정
2020,임창민,10452,NC,-0.1,,18298,역산 추정,103,2,0,0,,2,2,,,,2,,직전 시즌까지의 성적으로 추정
2020,임현준,10637,삼성,0.5,,5604,역산 추정,204,1,0,0,,1,1,Y,,,2,풀타임 최소 2코인,직전 시즌까지의 성적으로 추정
2020,장민재,10610,한화,-0.0,,8549,역산 추정,150,2,0,0,,2,2,,,,2,,직전 시즌까지의 성적으로 추정
2020,장성우,10235,KT,3.2,,9436,역산 추정,143,2,0,0,,2,2,,2013,,2,,직전 시즌까지의 성적으로 추정
2020,장시환,10453,한화,1.5,,11784,역산 추정,130,2,0,0,,2,2,,2011,,2,,직전 시즌까지의 성적으로 추정
2020,장영석,10404,KIA,-0.7,,4414,역산 추정,361,1,-1,0,,1,1,,,,1,,직전 시즌까지의 성적으로 추정
2020,장웅정,14714,한화,0.2,,4702,역산 추정,242,1,0,0,,1,1,,,,1,,직전 시즌까지의 성적으로 추정
2020,장원삼,10375,롯데,-0.1,,21872,역산 추정,96,2,0,0,,2,2,,2010,,2,,직전 시즌까지의 성적으로 추정
2020,장원준,10299,두산,-0.2,,29400,역산 추정,73,2,0,0,,2,2,,2008,,2,,직전 시즌까지의 성적으로 추정
2020,장준원,11214,LG,0.1,,4702,역산 추정,242,1,0,0,,1,1,,,,1,,직전 시즌까지의 성적으로 추정
2020,장지훈,12933,삼성,-0.7,,4595,역산 추정,331,1,0,0,,1,1,,,,1,,직전 시즌까지의 성적으로 추정
2020,장진혁,12583,한화,-0.5,,4566,역산 추정,338,1,0,0,,1,1,,,,1,,직전 시즌까지의 성적으로 추정
2020,장필준,11404,삼성,0.3,,25353,역산 추정,91,2,0,0,,2,2,,,,2,,직전 시즌까지의 성적으로 추정
2020,장현식,11164,NC,-1.8,,11847,역산 추정,129,2,-1,0,,1,1,,,,1,,직전 시즌까지의 성적으로 추정
2020,장현식,11164,KIA,-1.8,,11847,역산 추정,129,2,-1,0,,1,1,,,,1,,직전 시즌까지의 성적으로 추정
2020,전병우,11422,키움,0.4,,4856,역산 추정,225,1,0,0,,1,1,Y,,,2,풀타임 최소 2코인,직전 시즌까지의 성적으로 추정
2020,전상현,12537,KIA,1.3,,7197,역산 추정,168,1,0,0,,1,1,,,,1,,직전 시즌까지의 성적으로 추정
2020,전유수,10841,KT,0.8,,14512,역산 추정,117,2,0,0,,2,2,,,,2,,직전 시즌까지의 성적으로 추정
2020,전준우,10266,롯데,2.7,FA 2020 4년 보장 32.0억,50000,실제 연봉,39,4,0,1,4,5,5,,,,5,계약 하한 대상(변경 없음),시즌 전 확정
2020,정근우,10103,LG,-0.5,FA 2018 3년 보장 33.0억,35000,실제 연봉,65,5,0,0,5,5,4,,2009,,4,계약 하한 대상(변경 없음)/커리어 로우·지정 하향,시즌 전 확정
2020,정기훈,12985,한화,-0.2,,4702,역산 추정,242,1,0,0,,1,1,,,,1,,직전 시즌까지의 성적으로 추정
2020,정보근,13154,롯데,-1.1,,4617,역산 추정,327,1,0,0,,1,1,,,,1,,직전 시즌까지의 성적으로 추정
2020,정상호,10083,두산,-0.8,,29400,역산 추정,73,2,0,0,,2,2,,2005,,2,,직전 시즌까지의 성적으로 추정
2020,정수민,12561,SK,0.9,,4399,역산 추정,364,1,0,0,,1,1,,,,1,,직전 시즌까지의 성적으로 추정
2020,정수빈,10195,두산,2.9,,34000,실제 연봉,69,2,0,0,,2,2,,,,2,,시즌 전 확정
2020,정영일,12527,SK,-0.6,,6361,역산 추정,190,1,0,0,,1,1,,,,1,,직전 시즌까지의 성적으로 추정
2020,정우람,10156,한화,0.8,FA 2020 4년 보장 39.0억,80000,실제 연봉,26,5,0,0,5,5,5,,,,5,계약 하한 대상(변경 없음),시즌 전 확정
2020,정우영,14136,LG,2.2,,7131,역산 추정,170,1,0,0,,1,1,Y,,,2,풀타임 최소 2코인,직전 시즌까지의 성적으로 추정
2020,정은원,13137,한화,1.1,,6587,역산 추정,186,1,0,0,,1,1,,,,1,,직전 시즌까지의 성적으로 추정
2020,정의윤,10655,SK,-0.8,FA 2018 4년 보장 17.0억,42500,FA 연봉 부분,51,3,0,0,3,3,3,,2009,,3,계약 하한 대상(변경 없음),시즌 전 확정
2020,정인욱,10376,삼성,-0.0,,8187,역산 추정,153,1,0,0,,1,1,,,,1,,직전 시즌까지의 성적으로 추정
2020,정주현,10480,LG,0.2,,5005,역산 추정,213,1,0,0,,1,1,Y,,,2,풀타임 최소 2코인,직전 시즌까지의 성적으로 추정
2020,정진기,10717,SK,-0.2,,4219,역산 추정,377,1,0,0,,1,1,,,,1,,직전 시즌까지의 성적으로 추정
2020,정진호,10645,한화,1.1,,3673,역산 추정,409,1,0,0,,1,1,,,,1,,직전 시즌까지의 성적으로 추정
2020,정찬헌,10533,LG,3.0,,19954,역산 추정,99,2,0,0,,2,2,,,,2,,직전 시즌까지의 성적으로 추정
2020,정해영,14608,KIA,0.8,,4702,역산 추정,242,1,0,0,,1,3,,2024,,3,신인 하한,직전 시즌까지의 성적으로 추정
2020,정현,11111,SK,-0.7,,6219,역산 추정,193,1,0,0,,1,1,,,,1,,직전 시즌까지의 성적으로 추정
2020,정훈,10253,롯데,2.2,,13934,역산 추정,120,2,0,0,,2,2,,,,2,,직전 시즌까지의 성적으로 추정
2020,조병욱,12939,KT,-0.0,,4702,역산 추정,242,1,0,0,,1,1,,,,1,,직전 시즌까지의 성적으로 추정
2020,조상우,11126,키움,2.4,,16522,역산 추정,106,2,0,0,,2,2,,2017,2019 프리미어12,3,국가대표 +1,직전 시즌까지의 성적으로 추정
2020,조성운,11130,키움,0.0,,4592,역산 추정,333,1,0,0,,1,1,,,,1,,직전 시즌까지의 성적으로 추정
2020,조수행,12524,두산,-0.2,,4888,역산 추정,221,1,0,0,,1,1,,,,1,,직전 시즌까지의 성적으로 추정
2020,조영건,14132,키움,0.2,,4702,역산 추정,242,1,0,0,,1,1,,,,1,,직전 시즌까지의 성적으로 추정
2020,조용호,12943,KT,1.9,,4776,역산 추정,234,1,0,0,,1,1,Y,,,2,풀타임 최소 2코인,직전 시즌까지의 성적으로 추정
2020,조이현,11284,SK,0.5,,4026,역산 추정,390,1,0,0,,1,1,Y,,,2,풀타임 최소 2코인,직전 시즌까지의 성적으로 추정
2020,조제영,14732,두산,-0.1,,4702,역산 추정,242,1,0,0,,1,1,,,,1,,직전 시즌까지의 성적으로 추정
2020,조한민,14210,한화,-0.3,,4702,역산 추정,242,1,0,0,,1,1,,,,1,,직전 시즌까지의 성적으로 추정
2020,조현우,11316,KT,1.9,,4714,역산 추정,240,1,0,0,,1,1,Y,,,2,풀타임 최소 2코인,직전 시즌까지의 성적으로 추정
2020,주권,11323,KT,2.1,,14583,역산 추정,115,2,0,0,,2,2,,2019,,2,,직전 시즌까지의 성적으로 추정
2020,주효상,12567,키움,-0.1,,4112,역산 추정,385,1,0,0,,1,1,,2021,,1,,직전 시즌까지의 성적으로 추정
2020,지석훈,10683,NC,0.5,,23909,역산 추정,92,2,0,0,,2,2,,,,2,,직전 시즌까지의 성적으로 추정
2020,진명호,10301,롯데,0.0,,10040,역산 추정,137,2,0,0,,2,2,,2014,,2,,직전 시즌까지의 성적으로 추정
2020,진해수,10075,LG,0.8,FA 2020 3년 보장 10.5억,52500,FA 연봉 부분,37,4,0,0,4,4,4,,,,4,계약 하한 대상(변경 없음),시즌 전 확정
2020,차우찬,10381,LG,0.4,FA 2017 4년 보장 80.0억,100000,실제 연봉,20,5,0,0,5,5,5,,2010,2019 프리미어12,5,계약 하한 대상(변경 없음),시즌 전 확정
2020,채원후,11387,두산,0.0,,4702,역산 추정,242,1,0,0,,1,1,,,,1,,직전 시즌까지의 성적으로 추정
2020,채은성,11215,LG,1.6,,32000,실제 연봉,70,2,0,0,,2,2,,,,2,,시즌 전 확정
2020,채태인,10331,SK,0.7,,28615,역산 추정,87,2,0,0,,2,2,,2011,,2,,직전 시즌까지의 성적으로 추정
2020,천성호,14606,KT,-0.5,,4702,역산 추정,242,1,0,0,,1,1,,,,1,,직전 시즌까지의 성적으로 추정
2020,최동환,10535,LG,0.9,,3686,역산 추정,407,1,0,0,,1,1,Y,2013,,2,풀타임 최소 2코인,직전 시즌까지의 성적으로 추정
2020,최설우,11276,롯데,-0.1,,5712,역산 추정,201,1,0,0,,1,1,,,,1,,직전 시즌까지의 성적으로 추정
2020,최성영,12565,NC,0.3,,6678,역산 추정,183,1,0,0,,1,1,,,,1,,직전 시즌까지의 성적으로 추정
2020,최성훈,10851,LG,0.7,,4798,역산 추정,232,1,0,0,,1,1,,,,1,,직전 시즌까지의 성적으로 추정
2020,최영진,10934,삼성,0.1,,3984,역산 추정,395,1,0,0,,1,1,,,,1,,직전 시즌까지의 성적으로 추정
2020,최용제,12649,두산,0.1,,4702,역산 추정,242,1,0,0,,1,1,,,,1,,직전 시즌까지의 성적으로 추정
2020,최원준,12534,KIA,1.5,,4423,역산 추정,360,1,0,0,,1,1,Y,,,2,풀타임 최소 2코인,직전 시즌까지의 성적으로 추정
2020,최원준,12852,두산,3.2,,4868,역산 추정,224,1,0,0,,1,1,Y,,,2,풀타임 최소 2코인,직전 시즌까지의 성적으로 추정
2020,최원태,11379,키움,1.4,,37000,실제 연봉,63,2,0,0,,2,4,,2020,,4,신인 하한,시즌 전 확정
2020,최인호,14707,한화,-0.9,,4702,역산 추정,242,1,0,0,,1,1,,,,1,,직전 시즌까지의 성적으로 추정
2020,최재훈,10170,한화,3.1,,7231,역산 추정,166,1,0,0,,1,1,Y,,,2,풀타임 최소 2코인,직전 시즌까지의 성적으로 추정
2020,최정,10106,SK,4.9,FA 2019 6년 보장 100.0억,120000,실제 연봉,13,5,1,1,5,5,5,,2009,2019 프리미어12,5,계약 하한 대상(변경 없음),시즌 전 확정
2020,최정용,11407,KIA,-0.6,,4402,역산 추정,362,1,0,0,,1,1,,,,1,,직전 시즌까지의 성적으로 추정
2020,최정원,14221,NC,0.1,,4702,역산 추정,242,1,0,0,,1,1,,,,1,,직전 시즌까지의 성적으로 추정
2020,최주환,10182,두산,4.7,,29400,역산 추정,73,2,0,0,,2,2,,,,2,,직전 시즌까지의 성적으로 추정
2020,최준용,14624,롯데,0.5,,4702,역산 추정,242,1,0,0,,1,4,,2024,,4,신인 하한,직전 시즌까지의 성적으로 추정
2020,최준우,13128,SK,-0.5,,4710,역산 추정,241,1,0,0,,1,1,,,,1,,직전 시즌까지의 성적으로 추정
2020,최지광,12934,삼성,0.7,,7003,역산 추정,173,1,0,0,,1,1,Y,,,2,풀타임 최소 2코인,직전 시즌까지의 성적으로 추정
2020,최지훈,14587,SK,0.7,,4702,역산 추정,242,1,0,0,,1,1,Y,,,2,풀타임 최소 2코인,직전 시즌까지의 성적으로 추정
2020,최진행,10578,한화,-0.6,FA 2019 2년 보장 4.0억,40000,FA 연봉 부분,54,3,0,0,3,3,3,,2008,,3,계약 하한 대상(변경 없음),시즌 전 확정
2020,최채흥,13156,삼성,4.3,,6268,역산 추정,191,1,-1,0,,1,3,,2022,,3,신인 하한,직전 시즌까지의 성적으로 추정
2020,최항,10810,SK,1.1,,5485,역산 추정,206,1,0,0,,1,1,,,,1,,직전 시즌까지의 성적으로 추정
2020,최형우,10344,KIA,6.5,FA 2017 4년 보장 100.0억,150000,실제 연봉,7,5,0,1,5,5,5,,,,5,계약 하한 대상(변경 없음),시즌 전 확정
2020,하주석,10913,한화,0.4,,8810,역산 추정,148,2,0,0,,2,3,,2016,,2,"신인 하한 / 신인 하한 종료(달력 5시즌, 군 복무 외 공백은 연장 안 함)",직전 시즌까지의 성적으로 추정
2020,하준호,10304,KT,0.5,,4853,역산 추정,226,1,0,0,,1,3,,2013,,1,"신인 하한 / 신인 하한 종료(달력 5시즌, 군 복무 외 공백은 연장 안 함)",직전 시즌까지의 성적으로 추정
2020,한동희,13145,롯데,2.4,,3966,역산 추정,396,1,0,0,,1,1,Y,,,2,풀타임 최소 2코인,직전 시즌까지의 성적으로 추정
2020,한승택,11119,KIA,0.5,,3898,역산 추정,400,1,0,0,,1,1,,,,1,,직전 시즌까지의 성적으로 추정
2020,한승혁,12590,롯데,0.1,,4702,역산 추정,242,1,0,0,,1,1,,,,1,,직전 시즌까지의 성적으로 추정
2020,한유섬,10815,SK,0.6,,18190,역산 추정,104,2,0,0,,2,2,,,,2,,직전 시즌까지의 성적으로 추정
2020,한현희,10863,키움,2.5,,29400,역산 추정,73,2,0,0,,2,2,,,2019 프리미어12,3,국가대표 +1,직전 시즌까지의 성적으로 추정
2020,함덕주,11094,두산,0.9,,28345,역산 추정,89,2,0,0,,2,2,,,2019 프리미어12,3,국가대표 +1,직전 시즌까지의 성적으로 추정
2020,허경민,10184,두산,4.1,,48000,실제 연봉,44,3,0,0,,3,3,,2016,2019 프리미어12,4,국가대표 +1,시즌 전 확정
2020,허도환,10684,KT,-0.1,,3673,역산 추정,409,1,0,0,,1,1,,,,1,,직전 시즌까지의 성적으로 추정
2020,허윤동,14613,삼성,0.9,,4702,역산 추정,242,1,0,0,,1,1,,,,1,,직전 시즌까지의 성적으로 추정
2020,허일,10692,롯데,-0.6,,4468,역산 추정,357,1,0,0,,1,1,,,,1,,직전 시즌까지의 성적으로 추정
2020,허정협,11498,키움,0.8,,4592,역산 추정,332,1,0,0,,1,1,Y,,,2,풀타임 최소 2코인,직전 시즌까지의 성적으로 추정
2020,홍건희,10696,KIA,0.2,,7991,역산 추정,155,1,-1,0,,1,1,Y,2015,,2,풀타임 최소 2코인,직전 시즌까지의 성적으로 추정
2020,홍건희,10696,두산,0.2,,7991,역산 추정,155,1,-1,0,,1,1,Y,2015,,2,풀타임 최소 2코인,직전 시즌까지의 성적으로 추정
2020,홍상삼,10230,KIA,0.8,,15019,역산 추정,112,2,0,0,,2,2,,,,2,,직전 시즌까지의 성적으로 추정
2020,홍성무,11324,NC,-0.4,,4168,역산 추정,381,1,0,0,,1,1,,2019,,1,,직전 시즌까지의 성적으로 추정
2020,홍성민,10814,NC,1.2,,16409,역산 추정,108,2,0,0,,2,2,,,,2,,직전 시즌까지의 성적으로 추정
2020,홍정우,13242,삼성,-0.0,,4587,역산 추정,335,1,0,0,,1,1,,,,1,,직전 시즌까지의 성적으로 추정
2020,홍종표,14612,KIA,-0.2,,4702,역산 추정,242,1,0,0,,1,1,,,,1,,직전 시즌까지의 성적으로 추정
2020,홍창기,12546,LG,4.6,,4702,역산 추정,242,1,0,0,,1,1,Y,,,2,풀타임 최소 2코인,직전 시즌까지의 성적으로 추정
2020,황대인,11306,KIA,0.6,,4145,역산 추정,382,1,0,0,,1,1,,,,1,,직전 시즌까지의 성적으로 추정
2020,황영국,11278,한화,-0.6,,4702,역산 추정,242,1,0,0,,1,1,,,,1,,직전 시즌까지의 성적으로 추정
2020,황윤호,11363,KIA,0.2,,4551,역산 추정,341,1,0,0,,1,1,,,,1,,직전 시즌까지의 성적으로 추정
2020,황재균,10407,KT,5.4,FA 2018 4년 보장 88.0억,120000,실제 연봉,13,5,0,0,5,5,5,,,2019 프리미어12,5,계약 하한 대상(변경 없음),시즌 전 확정
2021,강동연,10883,NC,-0.3,,4328,역산 추정,403,1,0,0,,1,1,,,,1,,직전 시즌까지의 성적으로 추정
2021,강로한,11389,롯데,-0.2,,4717,역산 추정,344,1,0,0,,1,1,,,,1,,직전 시즌까지의 성적으로 추정
2021,강민국,11243,KT,-0.0,,4365,역산 추정,401,1,0,0,,1,1,,,,1,,직전 시즌까지의 성적으로 추정
2021,강민호,10232,삼성,4.1,FA 2018 4년 보장 70.0억,50000,실제 연봉,38,5,0,0,5,5,4,,,,4,계약 하한 대상(변경 없음)/커리어 로우·지정 하향,시즌 전 확정
2021,강백호,13168,KT,7.0,,31000,실제 연봉,58,3,1,1,,5,5,,2022,,5,명성: 2020 골든글러브,시즌 전 확정
2021,강상원,12564,한화,-0.4,,4791,역산 추정,249,1,0,0,,1,1,,,,1,,직전 시즌까지의 성적으로 추정
2021,강승호,11087,두산,1.7,,4182,역산 추정,412,1,0,0,,1,1,,,,1,,직전 시즌까지의 성적으로 추정
2021,강윤구,10423,롯데,-0.2,,23598,역산 추정,85,2,0,0,,2,2,,2013,,2,,직전 시즌까지의 성적으로 추정
2021,강재민,14708,한화,2.0,,7785,역산 추정,159,1,0,0,,1,1,Y,,,2,풀타임 최소 2코인,직전 시즌까지의 성적으로 추정
2021,강진성,11148,NC,-0.5,,6318,역산 추정,190,1,0,0,,1,1,Y,,,2,풀타임 최소 2코인,직전 시즌까지의 성적으로 추정
2021,강태경,14647,NC,0.1,,4791,역산 추정,249,1,0,0,,1,1,,,,1,,직전 시즌까지의 성적으로 추정
2021,강태율,11388,롯데,-0.3,,4791,역산 추정,249,1,0,0,,1,1,,,,1,,직전 시즌까지의 성적으로 추정
2021,강한울,11255,삼성,-0.3,,5202,역산 추정,215,1,0,0,,1,1,,,,1,,직전 시즌까지의 성적으로 추정
2021,고영창,11068,KIA,-0.2,,6049,역산 추정,197,1,0,0,,1,1,,,,1,,직전 시즌까지의 성적으로 추정
2021,고영표,11308,KT,5.6,,14077,역산 추정,118,2,0,0,,2,2,,,,2,,직전 시즌까지의 성적으로 추정
2021,고우석,12907,LG,2.4,,15251,역산 추정,110,2,0,0,,2,3,,2021,,3,신인 하한,직전 시즌까지의 성적으로 추정
2021,고종욱,10659,SSG,-0.5,,12637,역산 추정,122,2,0,0,,2,2,,,,2,,직전 시즌까지의 성적으로 추정
2021,곽빈,13061,두산,2.1,,4536,역산 추정,380,1,0,0,,1,3,,2022,,3,신인 하한,직전 시즌까지의 성적으로 추정
2021,구본혁,14140,LG,-0.1,,4386,역산 추정,400,1,0,0,,1,1,,,,1,,직전 시즌까지의 성적으로 추정
2021,구승민,11291,롯데,1.4,,9669,역산 추정,139,2,0,0,,2,2,,,,2,,직전 시즌까지의 성적으로 추정
2021,구자욱,10892,삼성,4.9,,36000,실제 연봉,55,3,0,0,,3,3,,,,3,,시즌 전 확정
2021,권동진,14777,KT,0.3,,4791,역산 추정,249,1,0,0,,1,1,,,,1,,직전 시즌까지의 성적으로 추정
2021,권휘,13665,두산,0.3,,4811,역산 추정,245,1,0,0,,1,1,,,,1,,직전 시즌까지의 성적으로 추정
2021,권희동,11172,NC,1.3,,22099,역산 추정,92,2,0,0,,2,2,,,,2,,직전 시즌까지의 성적으로 추정
2021,김강률,10690,두산,1.8,,9281,역산 추정,147,2,0,0,,2,2,,,,2,,직전 시즌까지의 성적으로 추정
2021,김강민,10108,SSG,1.0,FA 2020 2년 보장 9.0억,90000,FA 연봉 부분,17,5,0,1,5,5,5,,2009,,5,계약 하한 대상(변경 없음),시즌 전 확정
2021,김건국,12944,롯데,0.1,,4604,역산 추정,366,1,0,0,,1,3,,2022,,3,신인 하한,직전 시즌까지의 성적으로 추정
2021,김건우,14803,SSG,0.2,,4791,역산 추정,249,1,0,0,,1,3,,2025,,3,신인 하한,직전 시즌까지의 성적으로 추정
2021,김건태,10432,NC,-0.1,,4322,역산 추정,404,1,0,0,,1,1,,,,1,,직전 시즌까지의 성적으로 추정
2021,김건형,14779,KT,-0.1,,4791,역산 추정,249,1,0,0,,1,1,,,,1,,직전 시즌까지의 성적으로 추정
2021,김규성,12540,KIA,-0.2,,4491,역산 추정,388,1,0,0,,1,1,,,,1,,직전 시즌까지의 성적으로 추정
2021,김기중,14808,한화,0.5,,4791,역산 추정,249,1,0,0,,1,1,,,,1,,직전 시즌까지의 성적으로 추정
2021,김기탁,12875,한화,-0.2,,4664,역산 추정,354,1,0,0,,1,1,,,,1,,직전 시즌까지의 성적으로 추정
2021,김기환,11400,NC,-0.3,,4791,역산 추정,249,1,0,0,,1,1,,,,1,,직전 시즌까지의 성적으로 추정
2021,김대우,10271,롯데,0.1,,3743,역산 추정,431,1,0,0,,1,3,,2014,,1,"신인 하한 / 신인 하한 종료(달력 5시즌, 군 복무 외 공백은 연장 안 함)",직전 시즌까지의 성적으로 추정
2021,김대우,10685,삼성,0.0,,7912,역산 추정,156,1,0,0,,1,1,,,,1,,직전 시즌까지의 성적으로 추정
2021,김대유,10706,LG,1.8,,4390,역산 추정,398,1,0,0,,1,1,Y,,,2,풀타임 최소 2코인,직전 시즌까지의 성적으로 추정
2021,김도규,13148,롯데,0.3,,4791,역산 추정,249,1,0,0,,1,1,,,,1,,직전 시즌까지의 성적으로 추정
2021,김도현,14128,한화,-0.1,,4992,역산 추정,223,1,0,0,,1,1,,,,1,,직전 시즌까지의 성적으로 추정
2021,김도환,14115,삼성,-0.3,,4460,역산 추정,390,1,0,0,,1,1,,,,1,,직전 시즌까지의 성적으로 추정
2021,김동엽,12548,삼성,-0.6,,9564,역산 추정,142,2,0,0,,2,2,,,,2,,직전 시즌까지의 성적으로 추정
2021,김동우,13149,롯데,-0.2,,4791,역산 추정,249,1,0,0,,1,1,,,,1,,직전 시즌까지의 성적으로 추정
2021,김동혁,14674,키움,0.5,,4788,역산 추정,327,1,0,0,,1,1,Y,,,2,풀타임 최소 2코인,직전 시즌까지의 성적으로 추정
2021,김명신,12847,두산,0.2,,5070,역산 추정,219,1,0,0,,1,1,Y,,,2,풀타임 최소 2코인,직전 시즌까지의 성적으로 추정
2021,김무신,13162,삼성,-0.1,,6917,역산 추정,180,1,-1,0,,1,1,,,,1,,직전 시즌까지의 성적으로 추정
2021,김민규,13072,두산,0.0,,5052,역산 추정,220,1,0,0,,1,1,,,,1,,직전 시즌까지의 성적으로 추정
2021,김민성,10238,LG,1.5,FA 2019 3년 보장 15.0억,40000,실제 연봉,48,4,0,0,4,4,4,,2013,,4,계약 하한 대상(변경 없음),시즌 전 확정
2021,김민수,11266,삼성,0.2,,3786,역산 추정,430,1,0,0,,1,1,,,,1,,직전 시즌까지의 성적으로 추정
2021,김민수,11317,KT,1.1,,6838,역산 추정,182,1,-1,0,,1,1,Y,,,2,풀타임 최소 2코인,직전 시즌까지의 성적으로 추정
2021,김민수,12931,롯데,0.4,,4627,역산 추정,359,1,0,0,,1,1,,,,1,,직전 시즌까지의 성적으로 추정
2021,김민식,10707,KIA,0.8,,7003,역산 추정,178,1,0,0,,1,1,,,,1,,직전 시즌까지의 성적으로 추정
2021,김민우,11410,한화,3.9,,7325,역산 추정,170,1,0,0,,1,1,Y,,,2,풀타임 최소 2코인,직전 시즌까지의 성적으로 추정
2021,김민하,10777,한화,0.5,,4258,역산 추정,408,1,0,0,,1,1,,,,1,,직전 시즌까지의 성적으로 추정
2021,김민혁,11339,KT,1.1,,5172,역산 추정,218,1,0,0,,1,1,,,,1,,직전 시즌까지의 성적으로 추정
2021,김범수,11411,한화,0.7,,7530,역산 추정,164,1,0,0,,1,1,Y,,,2,풀타임 최소 2코인,직전 시즌까지의 성적으로 추정
2021,김병희,11330,KT,0.8,,4791,역산 추정,249,1,0,0,,1,1,,,,1,,직전 시즌까지의 성적으로 추정
2021,김사윤,11364,SSG,-0.4,,6828,역산 추정,183,1,-1,0,,1,1,,,,1,,직전 시즌까지의 성적으로 추정
2021,김상수,10427,SSG,0.7,FA 2021 3년 보장 14.0억,30000,실제 연봉,59,4,-1,0,4,3,4,,2012,,4,계약 하한(가격 변경),시즌 전 확정
2021,김상수,10320,삼성,-0.1,FA 2019 3년 보장 13.5억,45000,FA 연봉 부분,45,4,0,1,4,5,5,,2013,,5,계약 하한 대상(변경 없음),시즌 전 확정
2021,김선기,13092,키움,-0.4,,4817,역산 추정,244,1,0,0,,1,1,,,,1,,직전 시즌까지의 성적으로 추정
2021,김선빈,10008,KIA,3.0,FA 2020 4년 보장 34.0억,45000,실제 연봉,45,5,0,1,5,5,5,,,,5,계약 하한 대상(변경 없음),시즌 전 확정
2021,김성민,12918,키움,0.6,,9612,역산 추정,141,2,0,0,,2,2,,,,2,,직전 시즌까지의 성적으로 추정
2021,김성진,14849,키움,-0.1,,4791,역산 추정,249,1,0,0,,1,1,,,,1,,직전 시즌까지의 성적으로 추정
2021,김성현,10636,SSG,1.7,FA 2021 3년 보장 8.0억,40000,FA 연봉 부분,48,4,0,0,4,4,4,,,,4,계약 하한 대상(변경 없음),시즌 전 확정
2021,김수환,13096,키움,-0.1,,4791,역산 추정,249,1,0,0,,1,1,,,,1,,직전 시즌까지의 성적으로 추정
2021,김영규,13088,NC,0.5,,4961,역산 추정,227,1,0,0,,1,1,,,,1,,직전 시즌까지의 성적으로 추정
2021,김용의,10466,LG,0.4,FA 2021 1년 보장 2.0억,20000,FA 연봉 부분,96,2,0,0,2,2,2,,,,2,계약 하한 대상(변경 없음),시즌 전 확정
2021,김웅빈,12503,키움,1.8,,4273,역산 추정,407,1,0,0,,1,1,,,,1,,직전 시즌까지의 성적으로 추정
2021,김원중,10825,롯데,1.8,,14558,역산 추정,113,2,0,0,,2,2,,,,2,,직전 시즌까지의 성적으로 추정
2021,김유신,13114,KIA,-0.5,,4632,역산 추정,358,1,0,0,,1,1,,,,1,,직전 시즌까지의 성적으로 추정
2021,김유영,11229,롯데,-0.3,,4418,역산 추정,393,1,0,0,,1,1,,,,1,,직전 시즌까지의 성적으로 추정
2021,김윤식,14588,LG,0.4,,4758,역산 추정,333,1,0,0,,1,3,,2024,,3,신인 하한,직전 시즌까지의 성적으로 추정
2021,김인범,14480,키움,0.2,,4791,역산 추정,249,1,0,0,,1,1,,,,1,,직전 시즌까지의 성적으로 추정
2021,김인태,11098,두산,2.8,,4974,역산 추정,225,1,0,0,,1,1,Y,,,2,풀타임 최소 2코인,직전 시즌까지의 성적으로 추정
2021,김재성,11344,LG,-0.2,,4791,역산 추정,249,1,0,0,,1,1,,,,1,,직전 시즌까지의 성적으로 추정
2021,김재열,14747,KIA,0.2,,4720,역산 추정,342,1,0,0,,1,1,,,,1,,직전 시즌까지의 성적으로 추정
2021,김재웅,12858,키움,0.9,,4862,역산 추정,234,1,0,0,,1,1,Y,,,2,풀타임 최소 2코인,직전 시즌까지의 성적으로 추정
2021,김재유,11483,롯데,0.1,,4405,역산 추정,395,1,0,0,,1,1,,,,1,,직전 시즌까지의 성적으로 추정
2021,김재윤,11489,KT,2.4,,23237,역산 추정,86,2,0,0,,2,2,,,,2,,직전 시즌까지의 성적으로 추정
2021,김재현,10870,키움,-0.2,,3807,역산 추정,428,1,0,0,,1,1,,,,1,,직전 시즌까지의 성적으로 추정
2021,김재호,10174,두산,0.3,FA 2021 3년 보장 25.0억,60000,실제 연봉,32,5,0,1,5,5,5,,2009,,5,계약 하한 대상(변경 없음),시즌 전 확정
2021,김재환,10643,두산,4.3,,76000,실제 연봉,27,4,0,1,,5,5,,2015,,5,,시즌 전 확정
2021,김정인,11531,키움,-0.1,,4658,역산 추정,355,1,0,0,,1,1,,,,1,,직전 시즌까지의 성적으로 추정
2021,김종수,11117,한화,-0.1,,6489,역산 추정,186,1,-1,0,,1,1,,,,1,,직전 시즌까지의 성적으로 추정
2021,김주원,14765,NC,0.9,,4791,역산 추정,249,1,0,0,,1,1,,,,1,,직전 시즌까지의 성적으로 추정
2021,김주형,14214,키움,0.1,,4819,역산 추정,242,1,0,0,,1,1,,,,1,,직전 시즌까지의 성적으로 추정
2021,김준태,10835,롯데,0.5,,5545,역산 추정,210,1,0,0,,1,1,,,,1,,직전 시즌까지의 성적으로 추정
2021,김준형,14848,키움,0.1,,4791,역산 추정,249,1,0,0,,1,1,,,,1,,직전 시즌까지의 성적으로 추정
2021,김지찬,14618,삼성,1.1,,4948,역산 추정,228,1,0,0,,1,1,,,,1,,직전 시즌까지의 성적으로 추정
2021,김진성,11166,NC,-1.0,,17125,역산 추정,103,2,0,0,,2,2,,,,2,,직전 시즌까지의 성적으로 추정
2021,김진영,12926,한화,0.1,,7440,역산 추정,168,1,0,0,,1,1,,,,1,,직전 시즌까지의 성적으로 추정
2021,김진욱,14792,롯데,0.2,,4791,역산 추정,249,1,0,0,,1,4,,2025,,4,신인 하한,직전 시즌까지의 성적으로 추정
2021,김찬형,12622,SSG,-0.0,,4786,역산 추정,330,1,0,0,,1,1,,,,1,,직전 시즌까지의 성적으로 추정
2021,김창훈,14793,롯데,-0.3,,4791,역산 추정,249,1,0,0,,1,1,,,,1,,직전 시즌까지의 성적으로 추정
2021,김태경,14593,NC,0.3,,4791,역산 추정,249,1,0,0,,1,1,,,,1,,직전 시즌까지의 성적으로 추정
2021,김태군,10459,NC,1.1,FA 2020 4년 보장 9.0억,22500,FA 연봉 부분,90,2,0,0,2,2,2,,,,2,계약 하한 대상(변경 없음),시즌 전 확정
2021,김태연,12585,한화,2.3,,4580,역산 추정,371,1,0,0,,1,1,,,,1,,직전 시즌까지의 성적으로 추정
2021,김태진,11244,KIA,0.1,,5767,역산 추정,206,1,0,0,,1,1,Y,,,2,풀타임 최소 2코인,직전 시즌까지의 성적으로 추정
2021,김태현,12898,NC,-0.3,,4791,역산 추정,249,1,0,0,,1,3,,2025,,3,신인 하한,직전 시즌까지의 성적으로 추정
2021,김태훈,10133,SSG,0.8,,10272,역산 추정,137,2,0,0,,2,2,,,,2,,직전 시즌까지의 성적으로 추정
2021,김태훈,10871,키움,1.4,,6409,역산 추정,189,1,-1,0,,1,1,Y,,,2,풀타임 최소 2코인,직전 시즌까지의 성적으로 추정
2021,김태훈,11336,KT,-0.4,,4085,역산 추정,418,1,0,0,,1,1,,,,1,,직전 시즌까지의 성적으로 추정
2021,김택형,11373,SSG,2.1,,3813,역산 추정,427,1,0,0,,1,1,Y,,,2,풀타임 최소 2코인,직전 시즌까지의 성적으로 추정
2021,김헌곤,10640,삼성,0.6,,8752,역산 추정,150,2,0,0,,2,2,,,,2,,직전 시즌까지의 성적으로 추정
2021,김현수,10187,LG,3.5,FA 2018 4년 보장 115.0억,100000,실제 연봉,14,5,0,1,5,5,5,,,,5,계약 하한 대상(변경 없음),시즌 전 확정
2021,김현수,14162,KIA,-0.6,,4751,역산 추정,336,1,0,0,,1,1,,,,1,,직전 시즌까지의 성적으로 추정
2021,김현준,12533,KIA,0.1,,4564,역산 추정,375,1,0,0,,1,1,,,,1,,직전 시즌까지의 성적으로 추정
2021,김혜성,12905,키움,4.1,,14275,역산 추정,115,2,0,0,,2,2,,,,2,,직전 시즌까지의 성적으로 추정
2021,김호령,11298,KIA,0.7,,5912,역산 추정,204,1,0,0,,1,1,,,,1,,직전 시즌까지의 성적으로 추정
2021,김호재,13240,삼성,-0.1,,5175,역산 추정,216,1,0,0,,1,1,,,,1,,직전 시즌까지의 성적으로 추정
2021,김휘집,14785,키움,-0.6,,4791,역산 추정,249,1,0,0,,1,1,,,,1,,직전 시즌까지의 성적으로 추정
2021,나균안,12930,롯데,0.0,,4791,역산 추정,249,1,0,0,,1,1,,,,1,,직전 시즌까지의 성적으로 추정
2021,나성범,11162,NC,3.0,,78000,실제 연봉,26,4,1,1,,5,5,,2017,,5,,시즌 전 확정
2021,나승엽,14797,롯데,-0.3,,4791,역산 추정,249,1,0,0,,1,4,,2025,,4,신인 하한,직전 시즌까지의 성적으로 추정
2021,나주환,10092,KIA,-0.3,,22467,역산 추정,91,2,0,0,,2,2,,,,2,,직전 시즌까지의 성적으로 추정
2021,나지완,10030,KIA,-0.7,,40000,실제 연봉,48,3,0,1,,4,4,,,,4,,시즌 전 확정
2021,남지민,14619,한화,0.0,,4791,역산 추정,249,1,0,0,,1,1,,,,1,,직전 시즌까지의 성적으로 추정
2021,남하준,12535,KIA,-0.4,,4501,역산 추정,386,1,0,0,,1,1,,,,1,,직전 시즌까지의 성적으로 추정
2021,노건우,11144,삼성,0.4,,3844,역산 추정,426,1,0,0,,1,1,,2017,,1,,직전 시즌까지의 성적으로 추정
2021,노경은,10203,롯데,-0.4,,29400,역산 추정,71,2,0,0,,2,2,,2007,,2,,직전 시즌까지의 성적으로 추정
2021,노수광,11268,한화,0.2,,13631,역산 추정,119,2,0,0,,2,2,,,,2,,직전 시즌까지의 성적으로 추정
2021,노시환,14125,한화,4.3,,5276,역산 추정,212,1,-1,0,,1,3,,2023,,3,신인 하한,직전 시즌까지의 성적으로 추정
2021,노진혁,11165,NC,2.9,,14367,역산 추정,114,2,0,0,,2,2,,,,2,,직전 시즌까지의 성적으로 추정
2021,노태형,11269,한화,-0.5,,4604,역산 추정,365,1,0,0,,1,1,,,,1,,직전 시즌까지의 성적으로 추정
2021,도태훈,12560,NC,-0.3,,4544,역산 추정,378,1,0,0,,1,1,,,,1,,직전 시즌까지의 성적으로 추정
2021,류원석,13251,LG,0.1,,4791,역산 추정,249,1,0,0,,1,1,,,,1,,직전 시즌까지의 성적으로 추정
2021,류지혁,10894,KIA,1.7,,7170,역산 추정,173,1,0,0,,1,1,,,,1,,직전 시즌까지의 성적으로 추정
2021,류진욱,11355,NC,0.8,,4791,역산 추정,249,1,0,0,,1,1,,,,1,,직전 시즌까지의 성적으로 추정
2021,문경찬,11299,NC,0.4,,10703,역산 추정,134,2,-1,0,,1,1,,,,2,전수 판정: 보정 권고,직전 시즌까지의 성적으로 추정
2021,문보경,14137,LG,1.3,,4791,역산 추정,249,1,0,0,,1,1,,,,1,,직전 시즌까지의 성적으로 추정
2021,문상철,11333,KT,0.0,,3847,역산 추정,425,1,0,0,,1,1,,,,1,,직전 시즌까지의 성적으로 추정
2021,문성주,13112,LG,0.1,,4791,역산 추정,249,1,0,0,,1,1,,,,1,,직전 시즌까지의 성적으로 추정
2021,문승원,10783,SSG,1.5,,30000,실제 연봉,59,3,0,0,,3,3,,,,3,,시즌 전 확정
2021,문용익,12885,삼성,0.3,,4791,역산 추정,249,1,0,0,,1,1,,,,1,,직전 시즌까지의 성적으로 추정
2021,민병헌,10188,롯데,-0.6,FA 2018 4년 보장 80.0억,50000,실제 연봉,38,5,0,0,5,5,5,,2010,,5,계약 하한 대상(변경 없음),시즌 전 확정
2021,박건우,10189,두산,4.3,,48000,실제 연봉,43,3,0,1,,4,4,,,,4,,시즌 전 확정
2021,박경수,10469,KT,0.1,FA 2019 3년 보장 20.0억,40000,실제 연봉,48,4,0,0,4,4,4,,2007,,4,계약 하한 대상(변경 없음),시즌 전 확정
2021,박계범,11198,두산,2.6,,4579,역산 추정,372,1,0,0,,1,1,Y,,,2,풀타임 최소 2코인,직전 시즌까지의 성적으로 추정
2021,박대온,11246,NC,-0.6,,4314,역산 추정,405,1,0,0,,1,1,,,,1,,직전 시즌까지의 성적으로 추정
2021,박동원,10387,키움,3.2,,20187,역산 추정,95,2,0,0,,2,2,,,,2,,직전 시즌까지의 성적으로 추정
2021,박민,14611,KIA,-0.3,,4791,역산 추정,249,1,0,0,,1,1,,,,1,,직전 시즌까지의 성적으로 추정
2021,박민우,11137,NC,1.6,,63000,실제 연봉,31,4,1,1,,5,5,,,,5,,시즌 전 확정
2021,박민호,11236,SSG,0.7,,7192,역산 추정,172,1,0,0,,1,1,,,,1,,직전 시즌까지의 성적으로 추정
2021,박병호,10470,키움,0.9,,150000,실제 연봉,3,5,0,1,,5,4,,2009,,4,커리어 로우·지정 하향,시즌 전 확정
2021,박석민,10322,NC,1.2,FA 2020 3년 보장 16.0억,70000,실제 연봉,28,5,0,0,5,5,4,,,,4,계약 하한 대상(변경 없음)/커리어 로우·지정 하향,시즌 전 확정
2021,박성한,12922,SSG,4.3,,4518,역산 추정,382,1,0,0,,1,1,Y,,,2,풀타임 최소 2코인,직전 시즌까지의 성적으로 추정
2021,박세웅,11310,롯데,4.5,,24224,역산 추정,83,2,0,0,,2,2,,,,2,,직전 시즌까지의 성적으로 추정
2021,박세혁,10891,두산,0.3,,11578,역산 추정,127,2,0,0,,2,2,,,,2,,직전 시즌까지의 성적으로 추정
2021,박소준,11491,두산,-0.1,,4866,역산 추정,233,1,0,0,,1,1,,,,1,,직전 시즌까지의 성적으로 추정
2021,박승규,14122,삼성,0.5,,4705,역산 추정,348,1,0,0,,1,1,,,,1,,직전 시즌까지의 성적으로 추정
2021,박시영,10737,KT,1.2,,4518,역산 추정,383,1,0,0,,1,1,,,,1,,직전 시즌까지의 성적으로 추정
2021,박웅,14731,두산,0.0,,4791,역산 추정,249,1,0,0,,1,1,,,,1,,직전 시즌까지의 성적으로 추정
2021,박정수,11300,NC,-0.1,,4215,역산 추정,411,1,0,0,,1,1,,,,1,,직전 시즌까지의 성적으로 추정
2021,박정수,11300,두산,-0.1,,4215,역산 추정,411,1,0,0,,1,1,,,,1,,직전 시즌까지의 성적으로 추정
2021,박정우,12869,KIA,0.1,,4791,역산 추정,249,1,0,0,,1,1,,,,1,,직전 시즌까지의 성적으로 추정
2021,박정현,14704,한화,-0.4,,4724,역산 추정,339,1,0,0,,1,1,,,,1,,직전 시즌까지의 성적으로 추정
2021,박종훈,10131,SSG,1.9,,32000,실제 연봉,57,3,0,0,,3,3,,,,3,,시즌 전 확정
2021,박주성,14130,키움,-0.0,,4791,역산 추정,249,1,0,0,,1,1,,,,1,,직전 시즌까지의 성적으로 추정
2021,박주홍,14580,키움,-0.2,,4791,역산 추정,249,1,0,0,,1,3,,2025,,3,신인 하한,직전 시즌까지의 성적으로 추정
2021,박준영,12522,NC,0.3,,4593,역산 추정,367,1,0,0,,1,3,,2024,,3,신인 하한,직전 시즌까지의 성적으로 추정
2021,박준태,11260,키움,-0.1,,5905,역산 추정,205,1,0,0,,1,1,,,,1,,직전 시즌까지의 성적으로 추정
2021,박준표,11070,KIA,-0.2,,7524,역산 추정,165,1,0,0,,1,1,,,,1,,직전 시즌까지의 성적으로 추정
2021,박진우,11358,NC,0.3,,7521,역산 추정,166,1,0,0,,1,1,,,,1,,직전 시즌까지의 성적으로 추정
2021,박진태,12913,KIA,-0.1,,4401,역산 추정,396,1,0,0,,1,1,Y,,,2,풀타임 최소 2코인,직전 시즌까지의 성적으로 추정
2021,박진형,11425,롯데,-0.5,,12027,역산 추정,124,2,-1,0,,1,1,,,,1,,직전 시즌까지의 성적으로 추정
2021,박찬호,11261,KIA,1.6,,5590,역산 추정,209,1,-1,0,,1,1,Y,,,2,풀타임 최소 2코인,직전 시즌까지의 성적으로 추정
2021,박치국,12850,두산,0.2,,16389,역산 추정,105,2,0,0,,2,2,,,,2,,직전 시즌까지의 성적으로 추정
2021,박해민,11190,삼성,3.5,,38000,실제 연봉,53,3,0,0,,3,3,,,,3,,시즌 전 확정
2021,배동현,14809,한화,0.4,,4791,역산 추정,249,1,0,0,,1,1,,,,1,,직전 시즌까지의 성적으로 추정
2021,배민서,14158,NC,0.2,,4743,역산 추정,338,1,0,0,,1,1,,,,1,,직전 시즌까지의 성적으로 추정
2021,배성근,13279,롯데,-0.5,,4499,역산 추정,387,1,0,0,,1,1,,,,1,,직전 시즌까지의 성적으로 추정
2021,배재준,12697,LG,0.3,,4755,역산 추정,334,1,0,0,,1,1,,,,1,,직전 시즌까지의 성적으로 추정
2021,배정대,11212,KT,3.0,,6450,역산 추정,188,1,0,0,,1,1,Y,,,2,풀타임 최소 2코인,직전 시즌까지의 성적으로 추정
2021,배제성,11394,KT,3.4,,11384,역산 추정,129,2,0,0,,2,2,,,,2,,직전 시즌까지의 성적으로 추정
2021,백승현,13009,LG,0.6,,4791,역산 추정,249,1,0,0,,1,1,,,,1,,직전 시즌까지의 성적으로 추정
2021,백용환,10003,한화,-0.4,,3801,역산 추정,429,1,0,0,,1,1,,,,1,,직전 시즌까지의 성적으로 추정
2021,백정현,10363,삼성,5.5,,15960,역산 추정,106,2,0,0,,2,2,,2013,,2,,직전 시즌까지의 성적으로 추정
2021,변상권,13223,키움,0.0,,4750,역산 추정,337,1,0,0,,1,1,,,,1,,직전 시즌까지의 성적으로 추정
2021,서건창,10855,키움,3.2,,29400,역산 추정,71,2,0,1,,3,3,,,,3,,직전 시즌까지의 성적으로 추정
2021,서건창,10855,LG,3.2,,29400,역산 추정,71,2,0,1,,3,3,,,,3,,직전 시즌까지의 성적으로 추정
2021,서덕원,12538,KIA,-0.5,,4724,역산 추정,339,1,0,0,,1,1,,,,1,,직전 시즌까지의 성적으로 추정
2021,서동민,13191,SSG,0.2,,4754,역산 추정,335,1,0,0,,1,1,,,,1,,직전 시즌까지의 성적으로 추정
2021,서준원,14159,롯데,-0.4,,8271,역산 추정,154,1,0,0,,1,3,,2023,,3,신인 하한,직전 시즌까지의 성적으로 추정
2021,서진용,10784,SSG,1.3,,11791,역산 추정,125,2,-1,0,,1,1,Y,,,2,풀타임 최소 2코인,직전 시즌까지의 성적으로 추정
2021,소이현,12900,NC,-0.2,,4788,역산 추정,327,1,0,0,,1,1,,,,1,,직전 시즌까지의 성적으로 추정
2021,소형준,14600,KT,2.1,,7707,역산 추정,161,1,0,0,,1,4,,2024,,4,신인 하한,직전 시즌까지의 성적으로 추정
2021,손아섭,10261,롯데,2.6,FA 2018 4년 보장 98.0억,50000,실제 연봉,38,5,1,1,5,5,4,,,,4,계약 하한 대상(변경 없음)/커리어 로우·지정 하향,시즌 전 확정
2021,손정욱,11142,NC,-0.4,,6135,역산 추정,193,1,0,0,,1,1,,,,1,,직전 시즌까지의 성적으로 추정
2021,손주영,12908,LG,-0.4,,4681,역산 추정,352,1,0,0,,1,1,,,,1,,직전 시즌까지의 성적으로 추정
2021,송명기,14155,NC,1.0,,7002,역산 추정,179,1,0,0,,1,3,,2024,,3,신인 하한,직전 시즌까지의 성적으로 추정
2021,송민섭,11342,KT,1.1,,4684,역산 추정,350,1,0,0,,1,1,,,,1,,직전 시즌까지의 성적으로 추정
2021,송성문,11376,키움,1.4,,5252,역산 추정,214,1,0,0,,1,1,,,,1,,직전 시즌까지의 성적으로 추정
2021,송우현,11377,키움,1.7,,4791,역산 추정,249,1,0,0,,1,1,,,,1,,직전 시즌까지의 성적으로 추정
2021,송윤준,10748,한화,0.3,,4897,역산 추정,232,1,0,0,,1,1,,,,1,,직전 시즌까지의 성적으로 추정
2021,송은범,10137,LG,0.7,FA 2020 2년 보장 8.4억,42000,FA 연봉 부분,47,4,-1,0,4,3,4,,2007,,4,계약 하한(가격 변경),시즌 전 확정
2021,송재영,14794,롯데,-0.6,,4791,역산 추정,249,1,0,0,,1,1,,,,1,,직전 시즌까지의 성적으로 추정
2021,송준석,11200,삼성,-0.0,,4762,역산 추정,331,1,0,0,,1,1,,,,1,,직전 시즌까지의 성적으로 추정
2021,신민혁,13085,NC,2.8,,4948,역산 추정,228,1,0,0,,1,1,Y,,,2,풀타임 최소 2코인,직전 시즌까지의 성적으로 추정
2021,신본기,10840,KT,0.4,,9033,역산 추정,149,2,0,0,,2,2,,,,2,,직전 시즌까지의 성적으로 추정
2021,신윤후,14169,롯데,-0.3,,4791,역산 추정,249,1,0,0,,1,1,,,,1,,직전 시즌까지의 성적으로 추정
2021,신재영,11149,SSG,0.1,,15474,역산 추정,109,2,0,0,,2,2,,,,2,,직전 시즌까지의 성적으로 추정
2021,신재웅,10921,SSG,0.1,,3743,역산 추정,431,1,0,0,,1,1,,,,1,,직전 시즌까지의 성적으로 추정
2021,신정락,10516,한화,-1.2,,6048,역산 추정,198,1,0,0,,1,1,,2014,,1,,직전 시즌까지의 성적으로 추정
2021,신준우,14695,키움,-0.2,,4791,역산 추정,249,1,0,0,,1,1,,,,1,,직전 시즌까지의 성적으로 추정
2021,심우준,11334,KT,2.4,,9685,역산 추정,138,2,-1,0,,1,1,Y,,,2,풀타임 최소 2코인,직전 시즌까지의 성적으로 추정
2021,심재민,11311,KT,1.2,,13162,역산 추정,120,2,0,0,,2,3,,2019,,3,신인 하한,직전 시즌까지의 성적으로 추정
2021,심창민,10720,삼성,0.3,,29372,역산 추정,79,2,0,0,,2,2,,2016,,2,,직전 시즌까지의 성적으로 추정
2021,안권수,14571,두산,0.0,,4712,역산 추정,345,1,0,0,,1,1,,,,1,,직전 시즌까지의 성적으로 추정
2021,안상현,12613,SSG,0.1,,4627,역산 추정,359,1,0,0,,1,1,,,,1,,직전 시즌까지의 성적으로 추정
2021,안영명,10600,KT,0.8,,25801,역산 추정,81,2,0,0,,2,2,,2007,,2,,직전 시즌까지의 성적으로 추정
2021,안우진,13091,키움,2.6,,6123,역산 추정,196,1,0,0,,1,4,,2022,,4,신인 하한/지정 유지(원태인·이정후·안우진),직전 시즌까지의 성적으로 추정
2021,안인산,14598,NC,-0.1,,4791,역산 추정,249,1,0,0,,1,1,,,,1,,직전 시즌까지의 성적으로 추정
2021,안재석,14771,두산,0.8,,4791,역산 추정,249,1,0,0,,1,3,,2025,,3,신인 하한,직전 시즌까지의 성적으로 추정
2021,안중열,11329,롯데,1.2,,4144,역산 추정,414,1,0,0,,1,1,,,,1,,직전 시즌까지의 성적으로 추정
2021,안치홍,10014,롯데,3.0,FA 2020 4년 보장 50.0억,250000,FA 연봉 부분,2,5,0,1,5,5,5,,2013,,5,계약 하한 대상(변경 없음),시즌 전 확정
2021,양석환,11213,두산,2.4,,8501,역산 추정,152,1,0,0,,1,1,Y,,,2,풀타임 최소 2코인,직전 시즌까지의 성적으로 추정
2021,양의지,10165,NC,6.2,FA 2019 4년 보장 125.0억,150000,실제 연봉,3,5,1,1,5,5,5,,,,5,계약 하한 대상(변경 없음),시즌 전 확정
2021,양창섭,13157,삼성,0.0,,6649,역산 추정,184,1,0,0,,1,3,,2022,,3,신인 하한,직전 시즌까지의 성적으로 추정
2021,양현,10730,키움,-0.1,,7090,역산 추정,176,1,0,0,,1,1,,,,1,,직전 시즌까지의 성적으로 추정
2021,엄상백,11318,KT,1.4,,15733,역산 추정,108,2,0,0,,2,2,,2019,,2,,직전 시즌까지의 성적으로 추정
2021,예진원,13093,키움,-0.3,,4791,역산 추정,249,1,0,0,,1,1,,,,1,,직전 시즌까지의 성적으로 추정
2021,오동욱,14713,한화,-0.1,,4546,역산 추정,377,1,0,0,,1,1,,,,1,,직전 시즌까지의 성적으로 추정
2021,오석주,12860,LG,-0.1,,4709,역산 추정,346,1,0,0,,1,1,,,,1,,직전 시즌까지의 성적으로 추정
2021,오선진,10557,삼성,-0.4,,4856,역산 추정,236,1,0,0,,1,1,,,,1,,직전 시즌까지의 성적으로 추정
2021,오승환,10367,삼성,2.4,,110000,실제 연봉,9,5,0,1,,5,4,,2009,,4,커리어 로우·지정 하향,시즌 전 확정
2021,오원석,14581,SSG,-0.3,,4709,역산 추정,347,1,0,0,,1,3,,2024,,3,신인 하한,직전 시즌까지의 성적으로 추정
2021,오윤석,11397,롯데,1.4,,4300,역산 추정,406,1,0,0,,1,1,,,,1,,직전 시즌까지의 성적으로 추정
2021,오윤석,11397,KT,1.4,,4300,역산 추정,406,1,0,0,,1,1,,,,1,,직전 시즌까지의 성적으로 추정
2021,오재원,10178,두산,-0.4,FA 2020 3년 보장 13.0억,30000,실제 연봉,59,4,0,0,4,4,4,,,,4,계약 하한 대상(변경 없음),시즌 전 확정
2021,오재일,10400,삼성,2.8,FA 2021 4년 보장 46.0억,60000,실제 연봉,32,5,0,0,5,5,4,,,,4,계약 하한 대상(변경 없음)/커리어 로우·지정 하향,시즌 전 확정
2021,오주원,10445,키움,-0.5,FA 2020 2년 보장 6.0억,30000,FA 연봉 부분,59,3,0,0,3,3,3,,,,3,계약 하한 대상(변경 없음),시즌 전 확정
2021,오준혁,10672,SSG,-0.1,,3991,역산 추정,420,1,0,0,,1,1,,,,1,,직전 시즌까지의 성적으로 추정
2021,오지환,10475,LG,3.3,FA 2020 4년 보장 40.0억,60000,실제 연봉,32,5,1,1,5,5,5,,2014,,5,계약 하한 대상(변경 없음),시즌 전 확정
2021,오태곤,10249,SSG,0.5,,7800,역산 추정,158,1,0,0,,1,1,,,,1,,직전 시즌까지의 성적으로 추정
2021,오현택,10210,롯데,-0.2,,11418,역산 추정,128,2,0,0,,2,2,,,,2,,직전 시즌까지의 성적으로 추정
2021,우규민,10523,삼성,0.8,FA 2021 2년 보장 7.0억,70000,FA 연봉 부분,28,4,-1,0,4,3,4,,2008,,4,계약 하한(가격 변경),시즌 전 확정
2021,원종현,11161,NC,0.0,,30000,실제 연봉,59,3,0,0,,3,3,,2018,,3,,시즌 전 확정
2021,원태인,14113,삼성,5.4,,9393,역산 추정,144,2,0,0,,2,3,,2023,,4,신인 하한/지정 유지(원태인·이정후·안우진),직전 시즌까지의 성적으로 추정
2021,유강남,10753,LG,2.2,,30000,실제 연봉,59,3,0,0,,3,3,,,,3,,시즌 전 확정
2021,유로결,14126,한화,-0.8,,4539,역산 추정,379,1,0,0,,1,1,,,,1,,직전 시즌까지의 성적으로 추정
2021,유민상,10895,KIA,-0.1,,5266,역산 추정,213,1,-1,0,,1,1,,,,1,,직전 시즌까지의 성적으로 추정
2021,유원상,10604,KT,0.0,,16844,역산 추정,104,2,0,0,,2,2,,2011,,2,,직전 시즌까지의 성적으로 추정
2021,유한준,10627,KT,1.8,FA 2020 2년 보장 18.0억,50000,실제 연봉,38,5,0,0,5,5,4,,,,4,계약 하한 대상(변경 없음)/커리어 로우·지정 하향,시즌 전 확정
2021,유희관,10213,두산,-0.7,FA 2021 1년 보장 3.0억,30000,실제 연봉,59,3,0,1,3,4,4,,,,4,계약 하한 대상(변경 없음),시즌 전 확정
2021,윤대경,11110,한화,1.5,,7420,역산 추정,169,1,0,0,,1,1,Y,,,2,풀타임 최소 2코인,직전 시즌까지의 성적으로 추정
2021,윤명준,10885,두산,0.2,,20723,역산 추정,94,2,0,0,,2,2,,,,2,,직전 시즌까지의 성적으로 추정
2021,윤정현,14131,키움,0.4,,4474,역산 추정,389,1,0,0,,1,1,,,,1,,직전 시즌까지의 성적으로 추정
2021,윤중현,13122,KIA,1.1,,4791,역산 추정,249,1,0,0,,1,1,Y,,,2,풀타임 최소 2코인,직전 시즌까지의 성적으로 추정
2021,윤형준,11135,NC,-0.2,,4791,역산 추정,249,1,0,0,,1,1,,,,1,,직전 시즌까지의 성적으로 추정
2021,윤호솔,11170,한화,-0.1,,4652,역산 추정,356,1,0,0,,1,4,,2024,,4,신인 하한,직전 시즌까지의 성적으로 추정
2021,이강준,14601,롯데,-0.1,,4701,역산 추정,349,1,0,0,,1,1,,,,1,,직전 시즌까지의 성적으로 추정
2021,이건욱,11242,SSG,-0.4,,6464,역산 추정,187,1,0,0,,1,1,,,,1,,직전 시즌까지의 성적으로 추정
2021,이교훈,14173,두산,-0.3,,4791,역산 추정,249,1,0,0,,1,1,,,,1,,직전 시즌까지의 성적으로 추정
2021,이대은,11907,KT,0.6,,6853,역산 추정,181,1,0,0,,1,1,,,,1,,직전 시즌까지의 성적으로 추정
2021,이대호,10251,롯데,0.7,FA 2021 2년 보장 24.0억,80000,실제 연봉,23,5,0,1,5,5,5,,,,5,계약 하한 대상(변경 없음),시즌 전 확정
2021,이도윤,11414,한화,-0.5,,4791,역산 추정,249,1,0,0,,1,1,,,,1,,직전 시즌까지의 성적으로 추정
2021,이명기,10119,NC,1.0,,17314,역산 추정,101,2,0,0,,2,2,,,,2,,직전 시즌까지의 성적으로 추정
2021,이민우,13003,KIA,-0.7,,5595,역산 추정,208,1,-1,0,,1,1,,2021,,1,,직전 시즌까지의 성적으로 추정
2021,이민호,14589,LG,2.0,,7024,역산 추정,177,1,0,0,,1,4,,2024,,4,신인 하한,직전 시즌까지의 성적으로 추정
2021,이병규,10477,롯데,0.0,,20798,역산 추정,93,2,0,0,,2,2,,,,2,,직전 시즌까지의 성적으로 추정
2021,이보근,10448,KT,-0.9,FA 2019 4년 보장 11.0억,36667,FA 연봉 부분,54,3,0,0,3,3,3,,,,3,계약 하한 대상(변경 없음),시즌 전 확정
2021,이상규,13245,LG,-0.1,,4586,역산 추정,369,1,0,0,,1,1,,,,1,,직전 시즌까지의 성적으로 추정
2021,이상동,14109,KT,-0.1,,4572,역산 추정,373,1,0,0,,1,1,,,,1,,직전 시즌까지의 성적으로 추정
2021,이상민,11169,삼성,0.1,,4108,역산 추정,416,1,0,0,,1,1,,,,1,,직전 시즌까지의 성적으로 추정
2021,이상영,14135,LG,0.5,,4791,역산 추정,249,1,0,0,,1,1,,,,1,,직전 시즌까지의 성적으로 추정
2021,이상호,11147,LG,-0.1,,3743,역산 추정,431,1,0,0,,1,1,,,,1,,직전 시즌까지의 성적으로 추정
2021,이성곤,11206,한화,0.9,,4819,역산 추정,242,1,0,0,,1,1,,,,1,,직전 시즌까지의 성적으로 추정
2021,이성열,10168,한화,-0.2,FA 2020 2년 보장 14.0억,40000,실제 연봉,48,4,0,0,4,4,4,,,,4,계약 하한 대상(변경 없음),시즌 전 확정
2021,이성우,10004,LG,-0.1,,3743,역산 추정,431,1,0,0,,1,1,,,,1,,직전 시즌까지의 성적으로 추정
2021,이승관,13135,한화,-0.8,,4791,역산 추정,249,1,0,0,,1,1,,,,1,,직전 시즌까지의 성적으로 추정
2021,이승민,14616,삼성,-0.2,,4796,역산 추정,246,1,0,0,,1,1,,,,1,,직전 시즌까지의 성적으로 추정
2021,이승재,14787,KIA,-0.4,,4791,역산 추정,249,1,0,0,,1,1,,,,1,,직전 시즌까지의 성적으로 추정
2021,이승진,12678,두산,1.1,,4718,역산 추정,343,1,0,0,,1,1,,,,1,,직전 시즌까지의 성적으로 추정
2021,이승헌,13146,롯데,0.6,,4988,역산 추정,224,1,0,0,,1,1,,,,1,,직전 시즌까지의 성적으로 추정
2021,이승헌,13089,NC,-0.0,,4791,역산 추정,249,1,0,0,,1,1,,,,1,,직전 시즌까지의 성적으로 추정
2021,이승현,10527,삼성,-0.3,,7488,역산 추정,167,1,0,0,,1,1,,,,1,,직전 시즌까지의 성적으로 추정
2021,이승현,14798,삼성,0.4,,4791,역산 추정,249,1,0,0,,1,3,,2025,,3,신인 하한,직전 시즌까지의 성적으로 추정
2021,이승호,12865,키움,-0.4,,9508,역산 추정,143,2,0,0,,2,2,,,,2,,직전 시즌까지의 성적으로 추정
2021,이시원,12526,한화,-0.5,,4408,역산 추정,394,1,0,0,,1,1,,,,1,,직전 시즌까지의 성적으로 추정
2021,이영빈,14783,LG,0.0,,4791,역산 추정,249,1,0,0,,1,1,,,,1,,직전 시즌까지의 성적으로 추정
2021,이영하,12568,두산,0.2,,15804,역산 추정,107,2,0,0,,2,4,,2021,,4,신인 하한,직전 시즌까지의 성적으로 추정
2021,이용규,10035,키움,3.4,FA 2019 3년 보장 18.0억,90000,FA 연봉 부분,17,5,0,0,5,5,5,,,,5,계약 하한 대상(변경 없음),시즌 전 확정
2021,이용찬,10217,NC,1.3,FA 2021 4년 보장 14.0억,46667,FA 연봉 부분,44,4,0,0,4,4,4,,2012,,4,계약 하한 대상(변경 없음),시즌 전 확정
2021,이우석,11360,NC,0.1,,4642,역산 추정,357,1,0,0,,1,1,,,,1,,직전 시즌까지의 성적으로 추정
2021,이우성,11099,KIA,-0.0,,4351,역산 추정,402,1,0,0,,1,1,,,,1,,직전 시즌까지의 성적으로 추정
2021,이우찬,10749,LG,-0.2,,6025,역산 추정,201,1,0,0,,1,1,,,,1,,직전 시즌까지의 성적으로 추정
2021,이원석,10180,삼성,0.8,FA 2021 3년 보장 12.0억,30000,실제 연봉,59,4,-1,0,4,3,4,,2009,,4,계약 하한(가격 변경),시즌 전 확정
2021,이원석,13138,한화,-0.9,,4791,역산 추정,249,1,0,0,,1,1,,,,1,,직전 시즌까지의 성적으로 추정
2021,이원재,12999,NC,-0.6,,4423,역산 추정,392,1,0,0,,1,1,,,,1,,직전 시즌까지의 성적으로 추정
2021,이의리,14788,KIA,2.4,,4791,역산 추정,249,1,0,0,,1,3,,2025,,3,신인 하한,직전 시즌까지의 성적으로 추정
2021,이인복,11232,롯데,1.1,,3884,역산 추정,423,1,0,0,,1,1,,,,1,,직전 시즌까지의 성적으로 추정
2021,이재원,10082,SSG,1.7,FA 2019 4년 보장 69.0억,110000,실제 연봉,9,5,0,0,5,5,5,,2010,,5,계약 하한 대상(변경 없음),시즌 전 확정
2021,이재원,13104,LG,0.7,,4791,역산 추정,249,1,0,0,,1,1,,,,1,,직전 시즌까지의 성적으로 추정
2021,이재익,13244,삼성,-0.0,,4791,역산 추정,249,1,0,0,,1,1,,,,1,,직전 시즌까지의 성적으로 추정
2021,이재학,10220,NC,1.4,,29400,역산 추정,71,2,0,1,,3,3,,,,3,,직전 시즌까지의 성적으로 추정
2021,이재희,14799,삼성,0.4,,4791,역산 추정,249,1,0,0,,1,1,,,,1,,직전 시즌까지의 성적으로 추정
2021,이정범,13194,SSG,-0.0,,4791,역산 추정,249,1,0,0,,1,1,,,,1,,직전 시즌까지의 성적으로 추정
2021,이정용,14134,LG,1.5,,4972,역산 추정,226,1,0,0,,1,3,,2024,,3,신인 하한,직전 시즌까지의 성적으로 추정
2021,이정현,12937,KT,-0.1,,4623,역산 추정,362,1,0,0,,1,1,,,,1,,직전 시즌까지의 성적으로 추정
2021,이정후,12906,키움,6.5,,55000,실제 연봉,36,4,1,1,,5,5,,2021,,5,지정 유지(원태인·이정후·안우진),시즌 전 확정
2021,이정훈,12916,KIA,0.1,,4791,역산 추정,249,1,0,0,,1,1,,,,1,,직전 시즌까지의 성적으로 추정
2021,이준영,11303,KIA,-0.2,,4050,역산 추정,419,1,0,0,,1,1,Y,,,2,풀타임 최소 2코인,직전 시즌까지의 성적으로 추정
2021,이지영,10312,키움,0.6,FA 2020 3년 보장 12.0억,30000,실제 연봉,59,4,0,0,4,4,4,,,,4,계약 하한 대상(변경 없음),시즌 전 확정
2021,이진영,12539,KIA,0.3,,4236,역산 추정,410,1,0,0,,1,1,,,,1,,직전 시즌까지의 성적으로 추정
2021,이창재,11320,KT,0.6,,4138,역산 추정,415,1,0,0,,1,1,,,,1,,직전 시즌까지의 성적으로 추정
2021,이창진,11233,KIA,0.4,,7156,역산 추정,175,1,0,0,,1,1,,,,1,,직전 시즌까지의 성적으로 추정
2021,이채호,13130,SSG,-0.2,,4791,역산 추정,249,1,0,0,,1,1,,,,1,,직전 시즌까지의 성적으로 추정
2021,이천웅,10935,LG,-0.4,,9303,역산 추정,146,2,0,0,,2,2,,,,2,,직전 시즌까지의 성적으로 추정
2021,이충호,11116,한화,-0.3,,4390,역산 추정,397,1,0,0,,1,1,,,,1,,직전 시즌까지의 성적으로 추정
2021,이태양,10609,SSG,0.5,,27736,역산 추정,80,2,-1,0,,1,1,Y,,,2,풀타임 최소 2코인,직전 시즌까지의 성적으로 추정
2021,이학주,14114,삼성,-0.4,,7568,역산 추정,163,1,0,0,,1,1,,,,1,,직전 시즌까지의 성적으로 추정
2021,이해창,10391,한화,-0.4,,3743,역산 추정,431,1,0,0,,1,1,,,,1,,직전 시즌까지의 성적으로 추정
2021,이현석,11369,SSG,0.5,,4517,역산 추정,384,1,0,0,,1,1,,,,1,,직전 시즌까지의 성적으로 추정
2021,이현승,10221,두산,0.8,,29400,역산 추정,71,2,-1,0,,1,1,,2010,,1,,직전 시즌까지의 성적으로 추정
2021,이형종,12516,LG,0.5,,18334,역산 추정,99,2,0,0,,2,2,,2020,,3,변동 완충(−1까지),직전 시즌까지의 성적으로 추정
2021,이홍구,11071,KT,-0.4,,3950,역산 추정,422,1,0,0,,1,1,,,,1,,직전 시즌까지의 성적으로 추정
2021,이흥련,11108,SSG,0.4,,3863,역산 추정,424,1,0,0,,1,1,,,,1,,직전 시즌까지의 성적으로 추정
2021,임규빈,13010,키움,-0.2,,4827,역산 추정,241,1,0,0,,1,1,,,,1,,직전 시즌까지의 성적으로 추정
2021,임기영,10909,KIA,2.7,,11158,역산 추정,131,2,0,0,,2,2,,,,2,,직전 시즌까지의 성적으로 추정
2021,임정호,11168,NC,0.7,,14805,역산 추정,112,2,0,0,,2,2,,,,2,,직전 시즌까지의 성적으로 추정
2021,임종찬,14706,한화,-1.2,,4568,역산 추정,374,1,0,0,,1,1,,,,1,,직전 시즌까지의 성적으로 추정
2021,임준섭,10795,한화,-0.8,,7162,역산 추정,174,1,0,0,,1,1,,,,1,,직전 시즌까지의 성적으로 추정
2021,임준형,14142,LG,0.7,,4791,역산 추정,249,1,0,0,,1,1,,,,1,,직전 시즌까지의 성적으로 추정
2021,임지열,11225,키움,-0.2,,4791,역산 추정,249,1,0,0,,1,1,,,,1,,직전 시즌까지의 성적으로 추정
2021,임찬규,10652,LG,1.6,,22963,역산 추정,87,2,0,0,,2,2,,2015,,2,,직전 시즌까지의 성적으로 추정
2021,임창민,10452,NC,0.3,,14237,역산 추정,116,2,0,0,,2,2,,,,2,,직전 시즌까지의 성적으로 추정
2021,임현준,10637,삼성,-0.1,,7585,역산 추정,162,1,0,0,,1,1,,,,1,,직전 시즌까지의 성적으로 추정
2021,장두성,13155,롯데,-0.2,,4791,역산 추정,249,1,0,0,,1,1,,,,1,,직전 시즌까지의 성적으로 추정
2021,장민기,14789,KIA,0.1,,4791,역산 추정,249,1,0,0,,1,1,,,,1,,직전 시즌까지의 성적으로 추정
2021,장민재,10610,한화,0.4,,8602,역산 추정,151,1,0,0,,1,1,,,,1,,직전 시즌까지의 성적으로 추정
2021,장성우,10235,KT,1.7,,14982,역산 추정,111,2,0,0,,2,2,,2013,,2,,직전 시즌까지의 성적으로 추정
2021,장승현,11097,두산,0.9,,4679,역산 추정,353,1,0,0,,1,1,,,,1,,직전 시즌까지의 성적으로 추정
2021,장시환,10453,한화,-0.5,,14111,역산 추정,117,2,0,0,,2,2,,2011,,2,,직전 시즌까지의 성적으로 추정
2021,장운호,11122,한화,0.2,,3977,역산 추정,421,1,0,0,,1,1,,,,1,,직전 시즌까지의 성적으로 추정
2021,장웅정,14714,한화,-0.2,,4838,역산 추정,240,1,0,0,,1,1,,,,1,,직전 시즌까지의 성적으로 추정
2021,장원준,10299,두산,-0.3,,22729,역산 추정,89,2,0,0,,2,2,,2008,,2,,직전 시즌까지의 성적으로 추정
2021,장재영,14784,키움,-0.2,,4791,역산 추정,249,1,0,0,,1,4,,2025,,4,신인 하한,직전 시즌까지의 성적으로 추정
2021,장지수,14178,KIA,0.2,,4583,역산 추정,370,1,0,0,,1,1,,,,1,,직전 시즌까지의 성적으로 추정
2021,장지승,14880,한화,-0.4,,4791,역산 추정,249,1,0,0,,1,1,,,,1,,직전 시즌까지의 성적으로 추정
2021,장지훈,14804,SSG,1.5,,4791,역산 추정,249,1,0,0,,1,1,Y,,,2,풀타임 최소 2코인,직전 시즌까지의 성적으로 추정
2021,장필준,11404,삼성,-0.8,,23702,역산 추정,84,2,0,0,,2,2,,,,2,,직전 시즌까지의 성적으로 추정
2021,장현식,11164,KIA,2.3,,10364,역산 추정,136,2,0,0,,2,2,,,,2,,직전 시즌까지의 성적으로 추정
2021,전민수,10417,NC,-0.1,,4514,역산 추정,385,1,0,0,,1,1,,,,1,,직전 시즌까지의 성적으로 추정
2021,전병우,11422,키움,0.4,,6182,역산 추정,192,1,-1,0,,1,1,,,,1,,직전 시즌까지의 성적으로 추정
2021,전상현,12537,KIA,0.3,,9344,역산 추정,145,2,0,0,,2,2,,,,2,,직전 시즌까지의 성적으로 추정
2021,전유수,10841,KT,0.1,,12797,역산 추정,121,2,0,0,,2,2,,,,2,,직전 시즌까지의 성적으로 추정
2021,전준우,10266,롯데,4.0,FA 2020 4년 보장 32.0억,50000,실제 연봉,38,5,0,1,5,5,5,,,,5,계약 하한 대상(변경 없음),시즌 전 확정
2021,정성종,13147,롯데,-0.2,,4684,역산 추정,351,1,0,0,,1,1,,,,1,,직전 시즌까지의 성적으로 추정
2021,정수민,12561,SSG,0.0,,4787,역산 추정,329,1,0,0,,1,1,,,,1,,직전 시즌까지의 성적으로 추정
2021,정수빈,10195,두산,1.2,FA 2021 6년 보장 52.0억,60000,실제 연봉,32,5,0,0,5,5,5,,,,5,계약 하한 대상(변경 없음),시즌 전 확정
2021,정우람,10156,한화,-0.3,FA 2020 4년 보장 39.0억,80000,실제 연봉,23,5,0,0,5,5,5,,,,5,계약 하한 대상(변경 없음),시즌 전 확정
2021,정우영,14136,LG,2.4,,12182,역산 추정,123,2,0,0,,2,2,,,,2,,직전 시즌까지의 성적으로 추정
2021,정우준,14795,롯데,-0.0,,4791,역산 추정,249,1,0,0,,1,1,,,,1,,직전 시즌까지의 성적으로 추정
2021,정은원,13137,한화,4.6,,7255,역산 추정,171,1,0,0,,1,1,Y,,,2,풀타임 최소 2코인,직전 시즌까지의 성적으로 추정
2021,정의윤,10655,SSG,-0.7,FA 2018 4년 보장 17.0억,30000,실제 연봉,59,4,0,0,4,4,4,,2009,,4,계약 하한 대상(변경 없음),시즌 전 확정
2021,정인욱,10376,한화,-0.0,,8258,역산 추정,155,1,0,0,,1,1,,,,1,,직전 시즌까지의 성적으로 추정
2021,정주현,10480,LG,0.6,,6285,역산 추정,191,1,-1,0,,1,1,,,,1,,직전 시즌까지의 성적으로 추정
2021,정진기,10717,NC,-0.7,,4178,역산 추정,413,1,0,0,,1,1,,,,1,,직전 시즌까지의 성적으로 추정
2021,정진호,10645,한화,-0.2,,3743,역산 추정,431,1,0,0,,1,1,,,,1,,직전 시즌까지의 성적으로 추정
2021,정찬헌,10533,LG,2.0,,29400,역산 추정,71,2,0,0,,2,2,,,,2,,직전 시즌까지의 성적으로 추정
2021,정찬헌,10533,키움,2.0,,29400,역산 추정,71,2,0,0,,2,2,,,,2,,직전 시즌까지의 성적으로 추정
2021,정해영,14608,KIA,2.4,,5040,역산 추정,222,1,0,0,,1,3,,2024,,3,신인 하한,직전 시즌까지의 성적으로 추정
2021,정현,11111,NC,0.1,,5945,역산 추정,202,1,0,0,,1,1,,,,1,,직전 시즌까지의 성적으로 추정
2021,정훈,10253,롯데,2.8,,17647,역산 추정,100,2,0,0,,2,2,,,,2,,직전 시즌까지의 성적으로 추정
2021,조병현,14805,SSG,-0.1,,4791,역산 추정,249,1,0,0,,1,1,,,,1,,직전 시즌까지의 성적으로 추정
2021,조상우,11126,키움,0.8,,33000,실제 연봉,56,3,0,1,,4,4,,2017,,4,명성: 2020 세이브 1위,시즌 전 확정
2021,조수행,12524,두산,1.1,,4860,역산 추정,235,1,0,0,,1,1,,,,1,,직전 시즌까지의 성적으로 추정
2021,조요한,14858,SSG,-0.0,,4791,역산 추정,249,1,0,0,,1,1,,,,1,,직전 시즌까지의 성적으로 추정
2021,조용호,12943,KT,-0.4,,6547,역산 추정,185,1,0,0,,1,1,Y,,,2,풀타임 최소 2코인,직전 시즌까지의 성적으로 추정
2021,조이현,11284,SSG,0.4,,5175,역산 추정,217,1,0,0,,1,1,,,,1,,직전 시즌까지의 성적으로 추정
2021,조제영,14732,두산,-0.4,,4724,역산 추정,339,1,0,0,,1,1,,,,1,,직전 시즌까지의 성적으로 추정
2021,조한민,14210,한화,-0.4,,4623,역산 추정,363,1,0,0,,1,1,,,,1,,직전 시즌까지의 성적으로 추정
2021,조현우,11316,KT,1.0,,7842,역산 추정,157,1,0,0,,1,1,,,,1,,직전 시즌까지의 성적으로 추정
2021,주권,11323,KT,1.4,,24792,역산 추정,82,2,0,0,,2,2,,2019,,2,,직전 시즌까지의 성적으로 추정
2021,주현상,11415,한화,0.8,,4791,역산 추정,249,1,0,0,,1,1,,,,1,,직전 시즌까지의 성적으로 추정
2021,지석훈,10683,NC,-0.1,,18625,역산 추정,97,2,0,0,,2,2,,,,2,,직전 시즌까지의 성적으로 추정
2021,지시완,11413,롯데,0.9,,4844,역산 추정,238,1,0,0,,1,1,,,,1,,직전 시즌까지의 성적으로 추정
2021,진명호,10301,롯데,0.2,,9664,역산 추정,140,2,0,0,,2,2,,2014,,2,,직전 시즌까지의 성적으로 추정
2021,진해수,10075,LG,0.8,FA 2020 3년 보장 10.5억,52500,FA 연봉 부분,37,4,0,0,4,4,4,,,,4,계약 하한 대상(변경 없음),시즌 전 확정
2021,차명진,11263,KIA,-0.1,,4913,역산 추정,231,1,0,0,,1,3,,2023,,3,신인 하한,직전 시즌까지의 성적으로 추정
2021,차우찬,10381,LG,0.3,FA 2021 2년 보장 6.0억,30000,실제 연봉,59,3,0,0,3,3,3,,2010,,3,계약 하한 대상(변경 없음),시즌 전 확정
2021,채원후,11387,LG,0.2,,4762,역산 추정,332,1,0,0,,1,1,,,,1,,직전 시즌까지의 성적으로 추정
2021,채은성,11215,LG,2.4,,30000,실제 연봉,59,3,0,0,,3,3,,,,3,,시즌 전 확정
2021,천성호,14606,KT,0.0,,4564,역산 추정,375,1,0,0,,1,1,,,,1,,직전 시즌까지의 성적으로 추정
2021,최금강,11174,NC,0.0,,11165,역산 추정,130,2,0,0,,2,2,,,,2,,직전 시즌까지의 성적으로 추정
2021,최동환,10535,LG,-0.0,,5385,역산 추정,211,1,0,0,,1,1,,2013,,1,,직전 시즌까지의 성적으로 추정
2021,최민준,13126,SSG,0.6,,4591,역산 추정,368,1,0,0,,1,1,Y,,,2,풀타임 최소 2코인,직전 시즌까지의 성적으로 추정
2021,최설우,11276,롯데,0.2,,5725,역산 추정,207,1,0,0,,1,1,,,,1,,직전 시즌까지의 성적으로 추정
2021,최성훈,10851,LG,0.5,,4854,역산 추정,237,1,0,0,,1,1,,,,1,,직전 시즌까지의 성적으로 추정
2021,최승민,14187,NC,-0.0,,4791,역산 추정,249,1,0,0,,1,1,,,,1,,직전 시즌까지의 성적으로 추정
2021,최승용,14770,두산,-0.0,,4791,역산 추정,249,1,0,0,,1,1,,,,1,,직전 시즌까지의 성적으로 추정
2021,최영진,10934,삼성,0.1,,3743,역산 추정,431,1,0,0,,1,1,,,,1,,직전 시즌까지의 성적으로 추정
2021,최용제,12649,두산,0.3,,4792,역산 추정,247,1,0,0,,1,1,,,,1,,직전 시즌까지의 성적으로 추정
2021,최용준,14658,KIA,-0.2,,4791,역산 추정,249,1,0,0,,1,1,,,,1,,직전 시즌까지의 성적으로 추정
2021,최원준,12534,KIA,3.0,,6129,역산 추정,195,1,0,0,,1,1,Y,,,2,풀타임 최소 2코인,직전 시즌까지의 성적으로 추정
2021,최원준,12852,두산,4.3,,7741,역산 추정,160,1,0,0,,1,1,Y,,,2,풀타임 최소 2코인,직전 시즌까지의 성적으로 추정
2021,최원태,11379,키움,1.3,,29400,역산 추정,71,2,0,0,,2,2,,2020,,3,변동 완충(−1까지),직전 시즌까지의 성적으로 추정
2021,최인호,14707,한화,0.5,,4424,역산 추정,391,1,0,0,,1,1,,,,1,,직전 시즌까지의 성적으로 추정
2021,최재훈,10170,한화,5.1,,10833,역산 추정,133,2,0,0,,2,2,,,,2,,직전 시즌까지의 성적으로 추정
2021,최정,10106,SSG,6.5,FA 2019 6년 보장 100.0억,120000,실제 연봉,7,5,0,1,5,5,5,,2009,,5,계약 하한 대상(변경 없음),시즌 전 확정
2021,최정용,11407,KIA,-0.1,,4246,역산 추정,409,1,0,0,,1,1,,,,1,,직전 시즌까지의 성적으로 추정
2021,최정원,14221,NC,1.2,,4792,역산 추정,247,1,0,0,,1,1,,,,1,,직전 시즌까지의 성적으로 추정
2021,최주환,10182,SSG,2.4,FA 2021 4년 보장 38.0억,65000,실제 연봉,30,5,0,0,5,5,5,,,,5,계약 하한 대상(변경 없음),시즌 전 확정
2021,최준용,14624,롯데,1.9,,4920,역산 추정,230,1,0,0,,1,4,,2024,,4,신인 하한,직전 시즌까지의 성적으로 추정
2021,최지광,12934,삼성,0.4,,10636,역산 추정,135,2,0,0,,2,2,,,,2,,직전 시즌까지의 성적으로 추정
2021,최지훈,14587,SSG,2.4,,6131,역산 추정,194,1,0,0,,1,1,Y,,,2,풀타임 최소 2코인,직전 시즌까지의 성적으로 추정
2021,최채흥,13156,삼성,2.1,,10893,역산 추정,132,2,0,0,,2,3,,2022,,3,신인 하한,직전 시즌까지의 성적으로 추정
2021,최항,10810,SSG,0.3,,6032,역산 추정,200,1,0,0,,1,1,,,,1,,직전 시즌까지의 성적으로 추정
2021,최형우,10344,KIA,1.2,FA 2021 3년 보장 40.0억,90000,실제 연봉,17,5,1,1,5,5,5,,,,5,계약 하한 대상(변경 없음),시즌 전 확정
2021,추신수,14888,SSG,3.8,,270000,실제 연봉,1,5,0,0,,5,5,,,,5,,시즌 전 확정
2021,추재현,13094,롯데,0.8,,4791,역산 추정,249,1,0,0,,1,1,,,,1,,직전 시즌까지의 성적으로 추정
2021,하주석,10913,한화,3.0,,9169,역산 추정,148,2,0,0,,2,2,,2016,,2,,직전 시즌까지의 성적으로 추정
2021,하준호,10304,KT,-0.1,,4839,역산 추정,239,1,0,0,,1,3,,2013,,1,"신인 하한 / 신인 하한 종료(달력 5시즌, 군 복무 외 공백은 연장 안 함)",직전 시즌까지의 성적으로 추정
2021,한동희,13145,롯데,3.1,,5916,역산 추정,203,1,0,0,,1,1,Y,,,2,풀타임 최소 2코인,직전 시즌까지의 성적으로 추정
2021,한승택,11119,KIA,1.1,,4093,역산 추정,417,1,0,0,,1,1,,,,1,,직전 시즌까지의 성적으로 추정
2021,한승혁,10812,KIA,0.2,,5044,역산 추정,221,1,0,0,,1,1,,2016,,1,,직전 시즌까지의 성적으로 추정
2021,한유섬,10815,SSG,3.9,,18370,역산 추정,98,2,0,0,,2,2,,,,2,,직전 시즌까지의 성적으로 추정
2021,한현희,10863,키움,1.9,,29400,역산 추정,71,2,0,0,,2,2,,,,2,,직전 시즌까지의 성적으로 추정
2021,함덕주,11094,LG,0.3,,29400,역산 추정,71,2,0,0,,2,2,,,,2,,직전 시즌까지의 성적으로 추정
2021,허경민,10184,두산,0.1,FA 2021 7년 보장 65.0억,100000,실제 연봉,14,5,0,0,5,5,5,,2016,,5,계약 하한 대상(변경 없음),시즌 전 확정
2021,허관회,14204,한화,-0.5,,4791,역산 추정,249,1,0,0,,1,1,,,,1,,직전 시즌까지의 성적으로 추정
2021,허도환,10684,KT,0.7,,3743,역산 추정,431,1,0,0,,1,1,,,,1,,직전 시즌까지의 성적으로 추정
2021,허정협,11498,키움,-0.1,,6046,역산 추정,199,1,0,0,,1,1,,,,1,,직전 시즌까지의 성적으로 추정
2021,현도훈,13271,두산,-0.2,,4624,역산 추정,361,1,0,0,,1,1,,,,1,,직전 시즌까지의 성적으로 추정
2021,홍건희,10696,두산,2.4,,11604,역산 추정,126,2,-1,0,,1,1,Y,2015,,2,풀타임 최소 2코인,직전 시즌까지의 성적으로 추정
2021,홍상삼,10230,KIA,-0.3,,22845,역산 추정,88,2,0,0,,2,2,,,,2,,직전 시즌까지의 성적으로 추정
2021,홍성민,10814,NC,1.1,,17303,역산 추정,102,2,0,0,,2,2,,,,2,,직전 시즌까지의 성적으로 추정
2021,홍정우,13242,삼성,0.1,,4620,역산 추정,364,1,0,0,,1,1,,,,1,,직전 시즌까지의 성적으로 추정
2021,홍창기,12546,LG,7.1,,8369,역산 추정,153,1,0,0,,1,1,Y,,,2,풀타임 최소 2코인,직전 시즌까지의 성적으로 추정
2021,황대인,11306,KIA,-0.7,,4390,역산 추정,399,1,0,0,,1,1,,,,1,,직전 시즌까지의 성적으로 추정
2021,황영국,11278,한화,-0.0,,4520,역산 추정,381,1,0,0,,1,1,,,,1,,직전 시즌까지의 성적으로 추정
2021,황재균,10407,KT,2.9,FA 2018 4년 보장 88.0억,80000,실제 연봉,23,5,1,1,5,5,5,,,,5,계약 하한 대상(변경 없음) / 명성: 2020 골든글러브,시즌 전 확정
2022,강동연,10883,NC,-0.2,,4256,역산 추정,387,1,0,0,,1,1,,,,1,,직전 시즌까지의 성적으로 추정
2022,강민호,10232,삼성,1.9,FA 2022 4년 보장 32.0억,60000,실제 연봉,39,4,0,1,4,5,4,,,2020 도쿄 올림픽,4,계약 하한 대상(변경 없음)/커리어 로우·지정 하향 / 국가대표 +1 / 국가대표 +1은 4코인까지,시즌 전 확정
2022,강백호,13168,KT,-0.1,,55000,실제 연봉,46,3,1,1,,5,5,,2022,2020 도쿄 올림픽,5,,시즌 전 확정
2022,강승호,11087,두산,2.9,,4840,역산 추정,315,1,0,0,,1,1,Y,,,2,풀타임 최소 2코인,직전 시즌까지의 성적으로 추정
2022,강윤구,10423,롯데,-0.1,,22318,역산 추정,91,2,0,0,,2,2,,2013,,2,,직전 시즌까지의 성적으로 추정
2022,강재민,14708,한화,0.3,,13056,역산 추정,122,2,0,0,,2,2,,,,2,,직전 시즌까지의 성적으로 추정
2022,강진성,11148,두산,-0.3,,7479,역산 추정,167,1,-1,0,,1,1,,,,1,,직전 시즌까지의 성적으로 추정
2022,강태율,11388,롯데,-0.5,,4711,역산 추정,347,1,0,0,,1,1,,,,1,,직전 시즌까지의 성적으로 추정
2022,강한울,11255,삼성,1.7,,5123,역산 추정,227,1,0,0,,1,1,,,,1,,직전 시즌까지의 성적으로 추정
2022,강효종,14780,LG,0.1,,4883,역산 추정,250,1,0,0,,1,3,,2026,,3,신인 하한,직전 시즌까지의 성적으로 추정
2022,고승민,14160,롯데,1.9,,4720,역산 추정,343,1,0,0,,1,1,,,,1,,직전 시즌까지의 성적으로 추정
2022,고영창,11068,KIA,0.3,,5416,역산 추정,208,1,0,0,,1,1,,,,1,,직전 시즌까지의 성적으로 추정
2022,고영표,11308,KT,5.4,,30000,실제 연봉,66,2,1,0,,3,3,,,2020 도쿄 올림픽,4,국가대표 +1,시즌 전 확정
2022,고우석,12907,LG,2.8,,26408,역산 추정,87,2,0,0,,2,2,,2021,2020 도쿄 올림픽,3,국가대표 +1,직전 시즌까지의 성적으로 추정
2022,고종욱,10659,KIA,0.3,,11117,역산 추정,131,2,0,0,,2,2,,,,2,,직전 시즌까지의 성적으로 추정
2022,고효준,10124,SSG,0.3,,7181,역산 추정,174,1,0,0,,1,1,,2008,,1,,직전 시즌까지의 성적으로 추정
2022,곽빈,13061,두산,2.8,,6611,역산 추정,188,1,0,0,,1,3,,2022,,3,신인 하한,직전 시즌까지의 성적으로 추정
2022,구승민,11291,롯데,1.6,,14679,역산 추정,115,2,0,0,,2,2,,,,2,,직전 시즌까지의 성적으로 추정
2022,구자욱,10892,삼성,1.1,NONFA 2022 5년 보장 110억,250000,실제 연봉,3,5,0,1,5,5,5,,,,5,계약 하한 대상(변경 없음),시즌 전 확정
2022,구창모,11353,NC,4.3,,26795,역산 추정,86,2,0,0,,2,2,,,,2,,직전 시즌까지의 성적으로 추정
2022,권광민,13676,한화,-0.0,,4883,역산 추정,250,1,0,0,,1,1,,,,1,,직전 시즌까지의 성적으로 추정
2022,권동진,14777,KT,-0.1,,4966,역산 추정,235,1,0,0,,1,1,,,,1,,직전 시즌까지의 성적으로 추정
2022,권휘,13665,두산,-0.0,,4963,역산 추정,236,1,0,0,,1,1,,,,1,,직전 시즌까지의 성적으로 추정
2022,권희동,11172,NC,0.7,,23547,역산 추정,89,2,0,0,,2,2,,,,2,,직전 시즌까지의 성적으로 추정
2022,김강률,10690,두산,-0.4,,13163,역산 추정,121,2,0,0,,2,2,,,,2,,직전 시즌까지의 성적으로 추정
2022,김강민,10108,SSG,1.7,,29400,역산 추정,67,2,0,1,,3,3,,2009,,3,,직전 시즌까지의 성적으로 추정
2022,김건태,10432,NC,-0.5,,4321,역산 추정,382,1,0,0,,1,1,,,,1,,직전 시즌까지의 성적으로 추정
2022,김광현,10126,SSG,6.6,NONFA 2022 4년 보장 131억,810000,실제 연봉,1,5,1,1,5,5,5,,2011,,5,계약 하한 대상(변경 없음),시즌 전 확정
2022,김규성,12540,KIA,-0.3,,4459,역산 추정,374,1,0,0,,1,1,,,,1,,직전 시즌까지의 성적으로 추정
2022,김규연,14871,한화,-0.1,,4883,역산 추정,250,1,0,0,,1,1,,,,1,,직전 시즌까지의 성적으로 추정
2022,김기중,14808,한화,-0.1,,5014,역산 추정,230,1,0,0,,1,1,,,,1,,직전 시즌까지의 성적으로 추정
2022,김기환,11400,NC,0.6,,4730,역산 추정,341,1,0,0,,1,1,,,,1,,직전 시즌까지의 성적으로 추정
2022,김기훈,14176,KIA,0.5,,6077,역산 추정,196,1,0,0,,1,3,,2023,,3,신인 하한,직전 시즌까지의 성적으로 추정
2022,김대우,10271,롯데,-0.1,,3815,역산 추정,398,1,0,0,,1,3,,2014,,1,"신인 하한 / 신인 하한 종료(달력 5시즌, 군 복무 외 공백은 연장 안 함)",직전 시즌까지의 성적으로 추정
2022,김대유,10706,LG,1.3,,7263,역산 추정,173,1,0,0,,1,1,Y,,,2,풀타임 최소 2코인,직전 시즌까지의 성적으로 추정
2022,김대한,14170,두산,0.4,,4883,역산 추정,250,1,0,0,,1,3,,2026,,3,신인 하한,직전 시즌까지의 성적으로 추정
2022,김도규,13148,롯데,0.7,,4939,역산 추정,239,1,0,0,,1,1,Y,,,2,풀타임 최소 2코인,직전 시즌까지의 성적으로 추정
2022,김도영,15056,KIA,1.8,,4883,역산 추정,250,1,0,0,,1,4,,2026,,4,신인 하한,직전 시즌까지의 성적으로 추정
2022,김도현,14128,KIA,0.0,,5000,역산 추정,232,1,0,0,,1,1,,,,1,,직전 시즌까지의 성적으로 추정
2022,김동엽,12548,삼성,-0.5,,8753,역산 추정,150,2,0,0,,2,2,,,,2,,직전 시즌까지의 성적으로 추정
2022,김동주,14769,두산,-0.3,,4883,역산 추정,250,1,0,0,,1,1,,,,1,,직전 시즌까지의 성적으로 추정
2022,김동혁,14674,키움,0.2,,6150,역산 추정,195,1,0,0,,1,1,,,,1,,직전 시즌까지의 성적으로 추정
2022,김명신,12847,두산,1.0,,7387,역산 추정,171,1,-1,0,,1,1,Y,,,2,풀타임 최소 2코인,직전 시즌까지의 성적으로 추정
2022,김무신,13162,삼성,0.0,,6899,역산 추정,182,1,0,0,,1,1,,,,1,,직전 시즌까지의 성적으로 추정
2022,김민,13167,KT,0.2,,6718,역산 추정,184,1,0,0,,1,3,,2022,,3,신인 하한,직전 시즌까지의 성적으로 추정
2022,김민성,10238,LG,-0.5,,29400,역산 추정,67,2,0,0,,2,2,,2013,,2,,직전 시즌까지의 성적으로 추정
2022,김민수,11317,KT,2.9,,10714,역산 추정,133,2,0,0,,2,2,,,,2,,직전 시즌까지의 성적으로 추정
2022,김민수,12931,롯데,0.2,,4819,역산 추정,322,1,0,0,,1,1,,,,1,,직전 시즌까지의 성적으로 추정
2022,김민식,10707,KIA,0.9,,6847,역산 추정,183,1,0,0,,1,1,,,,1,,직전 시즌까지의 성적으로 추정
2022,김민식,10707,SSG,0.9,,6847,역산 추정,183,1,0,0,,1,1,,,,1,,직전 시즌까지의 성적으로 추정
2022,김민우,11410,한화,2.9,,12300,역산 추정,124,2,0,0,,2,2,,,2020 도쿄 올림픽,3,국가대표 +1,직전 시즌까지의 성적으로 추정
2022,김민혁,11339,KT,0.6,,5702,역산 추정,204,1,0,0,,1,1,Y,,,2,풀타임 최소 2코인,직전 시즌까지의 성적으로 추정
2022,김민혁,12970,두산,0.1,,4687,역산 추정,350,1,0,0,,1,1,,,,1,,직전 시즌까지의 성적으로 추정
2022,김범수,11411,한화,0.5,,11409,역산 추정,126,2,0,0,,2,2,,,,2,,직전 시즌까지의 성적으로 추정
2022,김병희,11330,KT,-0.6,,4897,역산 추정,247,1,0,0,,1,1,,,,1,,직전 시즌까지의 성적으로 추정
2022,김사윤,11364,KIA,-0.5,,6675,역산 추정,186,1,0,0,,1,1,,,,1,,직전 시즌까지의 성적으로 추정
2022,김상수,10427,SSG,-0.2,FA 2021 3년 보장 14.0억,70000,FA 연봉 부분,35,4,0,0,4,4,4,,2012,,4,계약 하한 대상(변경 없음),시즌 전 확정
2022,김상수,10320,삼성,-0.2,,29400,역산 추정,67,2,-1,1,,2,2,,2013,,2,,직전 시즌까지의 성적으로 추정
2022,김석환,12917,KIA,-0.3,,4883,역산 추정,250,1,0,0,,1,1,,,,1,,직전 시즌까지의 성적으로 추정
2022,김선기,13092,키움,-0.0,,4721,역산 추정,342,1,0,0,,1,1,,,,1,,직전 시즌까지의 성적으로 추정
2022,김선빈,10008,KIA,3.2,FA 2020 4년 보장 34.0억,45000,실제 연봉,52,4,0,1,4,5,5,,,,5,계약 하한 대상(변경 없음),시즌 전 확정
2022,김성윤,12936,삼성,-0.3,,4883,역산 추정,250,1,0,0,,1,1,,,,1,,직전 시즌까지의 성적으로 추정
2022,김성진,14849,키움,-0.9,,4787,역산 추정,325,1,0,0,,1,1,,,,1,,직전 시즌까지의 성적으로 추정
2022,김성현,10636,SSG,-0.1,FA 2021 3년 보장 8.0억,40000,FA 연봉 부분,55,3,0,0,3,3,3,,,,3,계약 하한 대상(변경 없음),시즌 전 확정
2022,김수환,13096,키움,-0.2,,4787,역산 추정,325,1,0,0,,1,1,,,,1,,직전 시즌까지의 성적으로 추정
2022,김시훈,13080,NC,2.0,,4883,역산 추정,250,1,0,0,,1,3,,2026,,3,신인 하한,직전 시즌까지의 성적으로 추정
2022,김영규,13088,NC,1.2,,5212,역산 추정,216,1,0,0,,1,1,Y,,,2,풀타임 최소 2코인,직전 시즌까지의 성적으로 추정
2022,김영준,13102,LG,0.5,,4781,역산 추정,327,1,0,0,,1,3,,2022,,3,신인 하한,직전 시즌까지의 성적으로 추정
2022,김웅빈,12503,키움,0.2,,4969,역산 추정,234,1,0,0,,1,1,,,,1,,직전 시즌까지의 성적으로 추정
2022,김원중,10825,롯데,0.5,,24143,역산 추정,88,2,0,0,,2,2,,,,2,,직전 시즌까지의 성적으로 추정
2022,김유신,13114,KIA,-0.1,,4481,역산 추정,371,1,0,0,,1,1,,,,1,,직전 시즌까지의 성적으로 추정
2022,김유영,11229,롯데,-1.0,,4361,역산 추정,381,1,0,0,,1,1,Y,,,2,풀타임 최소 2코인,직전 시즌까지의 성적으로 추정
2022,김윤식,14588,LG,2.8,,4975,역산 추정,233,1,0,0,,1,3,,2024,,3,신인 하한,직전 시즌까지의 성적으로 추정
2022,김응민,10890,NC,-0.6,,4670,역산 추정,352,1,0,0,,1,1,,,,1,,직전 시즌까지의 성적으로 추정
2022,김인태,11098,두산,1.4,,7642,역산 추정,164,1,0,0,,1,1,,,,1,,직전 시즌까지의 성적으로 추정
2022,김인환,12589,한화,1.1,,4667,역산 추정,353,1,0,0,,1,1,Y,,,2,풀타임 최소 2코인,직전 시즌까지의 성적으로 추정
2022,김재성,11344,삼성,1.3,,4745,역산 추정,337,1,0,0,,1,1,,,,1,,직전 시즌까지의 성적으로 추정
2022,김재열,14747,KIA,-0.4,,4849,역산 추정,310,1,0,0,,1,1,,,,1,,직전 시즌까지의 성적으로 추정
2022,김재영,12547,한화,-0.5,,7936,역산 추정,158,1,0,0,,1,1,,,,1,,직전 시즌까지의 성적으로 추정
2022,김재웅,12858,키움,2.6,,7473,역산 추정,169,1,0,0,,1,1,Y,,,2,풀타임 최소 2코인,직전 시즌까지의 성적으로 추정
2022,김재윤,11489,KT,2.0,,29400,역산 추정,67,2,0,0,,2,2,,,,2,,직전 시즌까지의 성적으로 추정
2022,김재혁,15036,삼성,0.1,,4883,역산 추정,250,1,0,0,,1,1,,,,1,,직전 시즌까지의 성적으로 추정
2022,김재현,10870,키움,-0.4,,3815,역산 추정,398,1,0,0,,1,1,,,,1,,직전 시즌까지의 성적으로 추정
2022,김재호,10174,두산,0.4,FA 2021 3년 보장 25.0억,50000,실제 연봉,49,4,0,1,4,5,5,,2009,,5,계약 하한 대상(변경 없음),시즌 전 확정
2022,김재환,10643,두산,2.5,FA 2022 4년 보장 110.0억,150000,실제 연봉,12,5,0,1,5,5,5,,2015,,5,계약 하한 대상(변경 없음),시즌 전 확정
2022,김종수,11117,한화,-0.8,,6519,역산 추정,189,1,0,0,,1,1,Y,,,2,풀타임 최소 2코인,직전 시즌까지의 성적으로 추정
2022,김주원,14765,NC,3.3,,5211,역산 추정,217,1,0,0,,1,1,,,,1,,직전 시즌까지의 성적으로 추정
2022,김주형,14214,키움,-0.1,,4904,역산 추정,244,1,0,0,,1,1,,,,1,,직전 시즌까지의 성적으로 추정
2022,김준완,11182,키움,-0.5,,4751,역산 추정,335,1,0,0,,1,1,Y,,,2,풀타임 최소 2코인,직전 시즌까지의 성적으로 추정
2022,김준태,10835,KT,1.9,,5803,역산 추정,202,1,0,0,,1,1,,,,1,,직전 시즌까지의 성적으로 추정
2022,김준형,14848,키움,0.3,,4895,역산 추정,248,1,0,0,,1,1,,,,1,,직전 시즌까지의 성적으로 추정
2022,김지용,10747,두산,-0.1,,7505,역산 추정,166,1,0,0,,1,1,,,,1,,직전 시즌까지의 성적으로 추정
2022,김지찬,14618,삼성,3.0,,5437,역산 추정,207,1,0,0,,1,1,Y,,,2,풀타임 최소 2코인,직전 시즌까지의 성적으로 추정
2022,김진성,11166,LG,1.3,,12182,역산 추정,125,2,0,0,,2,2,,,,2,,직전 시즌까지의 성적으로 추정
2022,김진욱,14792,롯데,0.0,,4903,역산 추정,245,1,0,0,,1,4,,2025,2020 도쿄 올림픽,4,신인 하한 / 국가대표 +1 / 국가대표 +1은 4코인까지,직전 시즌까지의 성적으로 추정
2022,김진호,12897,NC,-0.5,,4769,역산 추정,332,1,0,0,,1,1,,,,1,,직전 시즌까지의 성적으로 추정
2022,김태경,14593,NC,1.3,,4943,역산 추정,238,1,0,0,,1,1,,,,1,,직전 시즌까지의 성적으로 추정
2022,김태군,10459,삼성,1.3,FA 2020 4년 보장 9.0억,22500,FA 연봉 부분,90,2,0,0,2,2,2,,,,2,계약 하한 대상(변경 없음),시즌 전 확정
2022,김태연,12585,한화,0.9,,5575,역산 추정,206,1,0,0,,1,1,Y,,,2,풀타임 최소 2코인,직전 시즌까지의 성적으로 추정
2022,김태진,11244,키움,-0.1,,7179,역산 추정,175,1,-1,0,,1,1,,,,1,,직전 시즌까지의 성적으로 추정
2022,김태훈,10133,SSG,-0.3,,14874,역산 추정,114,2,0,0,,2,2,,,,2,,직전 시즌까지의 성적으로 추정
2022,김태훈,10871,키움,0.4,,10261,역산 추정,135,2,0,0,,2,2,,,,2,,직전 시즌까지의 성적으로 추정
2022,김택형,11373,SSG,0.6,,6483,역산 추정,190,1,0,0,,1,1,Y,,,2,풀타임 최소 2코인,직전 시즌까지의 성적으로 추정
2022,김헌곤,10640,삼성,-2.3,,9761,역산 추정,139,2,0,0,,2,2,,,,2,,직전 시즌까지의 성적으로 추정
2022,김현수,10187,LG,4.3,FA 2022 6년 보장 90.0억,150000,실제 연봉,12,5,0,1,5,5,5,,,2020 도쿄 올림픽,5,계약 하한 대상(변경 없음),시즌 전 확정
2022,김현준,12533,KIA,-0.3,,4663,역산 추정,354,1,0,0,,1,1,,,,1,,직전 시즌까지의 성적으로 추정
2022,김현준,14867,삼성,1.9,,4883,역산 추정,250,1,0,0,,1,1,Y,,,2,풀타임 최소 2코인,직전 시즌까지의 성적으로 추정
2022,김혜성,12905,키움,5.2,,32000,실제 연봉,62,2,0,1,,3,3,,,2020 도쿄 올림픽,4,국가대표 +1 / 명성: 2021 골든글러브,시즌 전 확정
2022,김호령,11298,KIA,0.3,,6291,역산 추정,194,1,0,0,,1,1,,,,1,,직전 시즌까지의 성적으로 추정
2022,김휘집,14785,키움,1.0,,4599,역산 추정,359,1,0,0,,1,1,Y,,,2,풀타임 최소 2코인,직전 시즌까지의 성적으로 추정
2022,나균안,12930,롯데,2.1,,4841,역산 추정,313,1,0,0,,1,1,Y,,,2,풀타임 최소 2코인,직전 시즌까지의 성적으로 추정
2022,나성범,11162,KIA,7.2,FA 2022 6년 보장 120.0억,200000,실제 연봉,7,5,0,0,5,5,5,,2017,,5,계약 하한 대상(변경 없음),시즌 전 확정
2022,남지민,14619,한화,-0.2,,4841,역산 추정,313,1,0,0,,1,1,Y,,,2,풀타임 최소 2코인,직전 시즌까지의 성적으로 추정
2022,남하준,12535,KIA,-0.4,,4411,역산 추정,375,1,0,0,,1,1,,,,1,,직전 시즌까지의 성적으로 추정
2022,노경은,10203,SSG,2.5,,20915,역산 추정,96,2,0,0,,2,2,,2007,,2,,직전 시즌까지의 성적으로 추정
2022,노수광,11268,한화,0.7,,13279,역산 추정,120,2,0,0,,2,2,,,,2,,직전 시즌까지의 성적으로 추정
2022,노시환,14125,한화,1.9,,9183,역산 추정,145,2,0,0,,2,3,,2023,,3,신인 하한,직전 시즌까지의 성적으로 추정
2022,노진혁,11165,NC,3.0,,20279,역산 추정,97,2,0,0,,2,2,,,,2,,직전 시즌까지의 성적으로 추정
2022,도태훈,12560,NC,0.2,,4468,역산 추정,373,1,0,0,,1,1,,,,1,,직전 시즌까지의 성적으로 추정
2022,류지혁,10894,KIA,2.0,,8320,역산 추정,154,1,0,0,,1,1,Y,,,2,풀타임 최소 2코인,직전 시즌까지의 성적으로 추정
2022,류진욱,11355,NC,-0.1,,5177,역산 추정,218,1,0,0,,1,1,Y,,,2,풀타임 최소 2코인,직전 시즌까지의 성적으로 추정
2022,류희운,12655,KT,-0.3,,5341,역산 추정,211,1,0,0,,1,1,,2020,,1,,직전 시즌까지의 성적으로 추정
2022,류희운,12655,한화,-0.3,,5341,역산 추정,211,1,0,0,,1,1,,2020,,1,,직전 시즌까지의 성적으로 추정
2022,문경찬,11299,롯데,-0.2,,11138,역산 추정,130,2,0,0,,2,2,,,,2,,직전 시즌까지의 성적으로 추정
2022,문동주,15013,한화,0.1,,4883,역산 추정,250,1,0,0,,1,4,,2026,,4,신인 하한,직전 시즌까지의 성적으로 추정
2022,문보경,14137,LG,4.3,,5376,역산 추정,209,1,0,0,,1,1,Y,,,2,풀타임 최소 2코인,직전 시즌까지의 성적으로 추정
2022,문상철,11333,KT,-0.2,,3893,역산 추정,397,1,0,0,,1,1,,,,1,,직전 시즌까지의 성적으로 추정
2022,문성주,13112,LG,3.2,,4888,역산 추정,249,1,0,0,,1,1,Y,,,2,풀타임 최소 2코인,직전 시즌까지의 성적으로 추정
2022,문성현,10437,키움,0.9,,13950,역산 추정,119,2,0,0,,2,2,,,,2,,직전 시즌까지의 성적으로 추정
2022,문승원,10783,SSG,-0.1,NONFA 2022 5년 보장 47억,160000,실제 연봉,10,4,0,0,4,4,4,,,,4,계약 하한 대상(변경 없음),시즌 전 확정
2022,문용익,12885,삼성,0.3,,4939,역산 추정,239,1,0,0,,1,1,,,,1,,직전 시즌까지의 성적으로 추정
2022,박건우,10189,NC,4.0,FA 2022 6년 보장 94.0억,190000,실제 연봉,8,5,0,0,5,5,5,,,2020 도쿄 올림픽,5,계약 하한 대상(변경 없음),시즌 전 확정
2022,박경수,10469,KT,-1.2,,28684,역산 추정,85,2,0,1,,3,3,,2007,,3,,직전 시즌까지의 성적으로 추정
2022,박계범,11198,두산,0.2,,6929,역산 추정,181,1,0,0,,1,1,,,,1,,직전 시즌까지의 성적으로 추정
2022,박대온,11246,NC,-0.7,,4154,역산 추정,391,1,0,0,,1,1,,,,1,,직전 시즌까지의 성적으로 추정
2022,박동수,15112,NC,0.0,,4883,역산 추정,250,1,0,0,,1,1,,,,1,,직전 시즌까지의 성적으로 추정
2022,박동원,10387,키움,4.1,,31000,실제 연봉,64,2,0,0,,2,2,,,,2,,시즌 전 확정
2022,박동원,10387,KIA,4.1,,31000,실제 연봉,64,2,0,0,,2,2,,,,2,,시즌 전 확정
2022,박민우,11137,NC,2.8,,41000,실제 연봉,54,3,0,1,,4,4,,,,4,,시즌 전 확정
2022,박민호,11236,SSG,0.1,,7667,역산 추정,163,1,0,0,,1,1,,,,1,,직전 시즌까지의 성적으로 추정
2022,박병호,10470,KT,4.7,FA 2022 3년 보장 27.0억,60000,실제 연봉,39,4,0,1,4,5,4,,2009,,4,계약 하한 대상(변경 없음)/커리어 로우·지정 하향,시즌 전 확정
2022,박상언,12587,한화,-0.1,,4689,역산 추정,349,1,0,0,,1,1,,,,1,,직전 시즌까지의 성적으로 추정
2022,박상원,12871,한화,0.2,,16243,역산 추정,112,2,-1,0,,1,1,,,,1,,직전 시즌까지의 성적으로 추정
2022,박석민,10322,NC,-0.3,FA 2020 3년 보장 16.0억,70000,실제 연봉,35,4,0,0,4,4,4,,,,4,계약 하한 대상(변경 없음),시즌 전 확정
2022,박성한,12922,SSG,5.5,,7833,역산 추정,159,1,0,0,,1,1,Y,,,2,풀타임 최소 2코인,직전 시즌까지의 성적으로 추정
2022,박세웅,11310,롯데,2.8,,29400,역산 추정,67,2,0,0,,2,2,,,2020 도쿄 올림픽,3,국가대표 +1,직전 시즌까지의 성적으로 추정
2022,박세혁,10891,두산,1.6,,11388,역산 추정,127,2,0,0,,2,2,,,,2,,직전 시즌까지의 성적으로 추정
2022,박승규,14122,삼성,0.1,,4928,역산 추정,242,1,0,0,,1,1,,,,1,,직전 시즌까지의 성적으로 추정
2022,박승욱,10804,롯데,0.1,,4519,역산 추정,367,1,0,0,,1,1,,,,1,,직전 시즌까지의 성적으로 추정
2022,박승주,12989,키움,0.3,,4883,역산 추정,250,1,0,0,,1,1,,,,1,,직전 시즌까지의 성적으로 추정
2022,박시영,10737,KT,0.3,,4542,역산 추정,363,1,0,0,,1,1,,,,1,,직전 시즌까지의 성적으로 추정
2022,박신지,13070,두산,-0.8,,4862,역산 추정,308,1,0,0,,1,1,,,,1,,직전 시즌까지의 성적으로 추정
2022,박영현,15089,KT,0.8,,4883,역산 추정,250,1,0,0,,1,4,,2026,,4,신인 하한,직전 시즌까지의 성적으로 추정
2022,박웅,14731,두산,0.1,,4849,역산 추정,311,1,0,0,,1,1,,,,1,,직전 시즌까지의 성적으로 추정
2022,박윤철,14129,한화,0.1,,4788,역산 추정,324,1,0,0,,1,1,,,,1,,직전 시즌까지의 성적으로 추정
2022,박정수,11300,두산,0.3,,4207,역산 추정,388,1,0,0,,1,1,,,,1,,직전 시즌까지의 성적으로 추정
2022,박정준,11220,삼성,-0.1,,4883,역산 추정,250,1,0,0,,1,1,,,,1,,직전 시즌까지의 성적으로 추정
2022,박정현,14704,한화,0.9,,4618,역산 추정,357,1,0,0,,1,1,,,,1,,직전 시즌까지의 성적으로 추정
2022,박종훈,10131,SSG,0.1,NONFA 2022 5년 보장 56억,180000,실제 연봉,9,4,0,0,4,4,4,,,,4,계약 하한 대상(변경 없음),시즌 전 확정
2022,박주성,14130,키움,-0.3,,4825,역산 추정,317,1,0,0,,1,1,,,,1,,직전 시즌까지의 성적으로 추정
2022,박주혁,14668,삼성,0.1,,4883,역산 추정,250,1,0,0,,1,1,,,,1,,직전 시즌까지의 성적으로 추정
2022,박주홍,14580,키움,-0.0,,4745,역산 추정,337,1,0,0,,1,3,,2025,,3,신인 하한,직전 시즌까지의 성적으로 추정
2022,박준영,12522,NC,-0.2,,4746,역산 추정,336,1,0,0,,1,3,,2024,,3,신인 하한,직전 시즌까지의 성적으로 추정
2022,박준영,15014,한화,-0.2,,4883,역산 추정,250,1,0,0,,1,3,,2026,,3,신인 하한,직전 시즌까지의 성적으로 추정
2022,박준태,11260,키움,-0.3,,5904,역산 추정,200,1,0,0,,1,1,,,,1,,직전 시즌까지의 성적으로 추정
2022,박준표,11070,KIA,-0.3,,7475,역산 추정,168,1,0,0,,1,1,,,,1,,직전 시즌까지의 성적으로 추정
2022,박찬혁,15068,키움,-0.7,,4883,역산 추정,250,1,0,0,,1,1,,,,1,,직전 시즌까지의 성적으로 추정
2022,박찬호,11261,KIA,3.5,,7827,역산 추정,160,1,0,0,,1,1,Y,,,2,풀타임 최소 2코인,직전 시즌까지의 성적으로 추정
2022,박치국,12850,두산,0.1,,16785,역산 추정,110,2,0,0,,2,2,,,,2,,직전 시즌까지의 성적으로 추정
2022,박해민,11190,LG,4.3,FA 2022 4년 보장 56.0억,60000,실제 연봉,39,5,0,0,5,5,5,,,2020 도쿄 올림픽,5,계약 하한 대상(변경 없음),시즌 전 확정
2022,배성근,13279,롯데,-0.5,,4378,역산 추정,379,1,0,0,,1,1,,,,1,,직전 시즌까지의 성적으로 추정
2022,배재준,12697,LG,0.9,,4913,역산 추정,243,1,0,0,,1,1,,,,1,,직전 시즌까지의 성적으로 추정
2022,배정대,11212,KT,2.1,,10127,역산 추정,137,2,0,0,,2,2,,,,2,,직전 시즌까지의 성적으로 추정
2022,배제성,11394,KT,1.8,,18454,역산 추정,104,2,0,0,,2,2,,,,2,,직전 시즌까지의 성적으로 추정
2022,백승현,13009,LG,-0.6,,5079,역산 추정,228,1,0,0,,1,1,,,,1,,직전 시즌까지의 성적으로 추정
2022,백정현,10363,삼성,1.2,FA 2022 4년 보장 34.0억,80000,실제 연봉,31,4,1,0,4,5,5,,2013,,5,계약 하한 대상(변경 없음),시즌 전 확정
2022,변우혁,14124,한화,-0.0,,4675,역산 추정,351,1,0,0,,1,3,,2023,,3,신인 하한,직전 시즌까지의 성적으로 추정
2022,서건창,10855,LG,-0.1,,29400,역산 추정,67,2,0,0,,2,2,,,,2,,직전 시즌까지의 성적으로 추정
2022,서동민,13191,SSG,0.3,,4865,역산 추정,307,1,0,0,,1,1,,,,1,,직전 시즌까지의 성적으로 추정
2022,서준원,14159,롯데,0.9,,8093,역산 추정,156,1,0,0,,1,3,,2023,,3,신인 하한,직전 시즌까지의 성적으로 추정
2022,서진용,10784,SSG,1.2,,18698,역산 추정,103,2,0,0,,2,2,,,,2,,직전 시즌까지의 성적으로 추정
2022,서호철,14220,NC,-0.5,,4883,역산 추정,250,1,0,0,,1,1,,,,1,,직전 시즌까지의 성적으로 추정
2022,소형준,14600,KT,4.8,,11215,역산 추정,129,2,0,0,,2,4,,2024,,4,신인 하한,직전 시즌까지의 성적으로 추정
2022,손아섭,10261,NC,2.3,FA 2022 4년 보장 56.0억,150000,실제 연봉,12,5,0,0,5,5,4,,,,4,계약 하한 대상(변경 없음)/커리어 로우·지정 하향,시즌 전 확정
2022,손주영,12908,LG,0.1,,4565,역산 추정,361,1,0,0,,1,1,,,,1,,직전 시즌까지의 성적으로 추정
2022,손호영,14590,LG,0.1,,4738,역산 추정,340,1,0,0,,1,1,,,,1,,직전 시즌까지의 성적으로 추정
2022,송명기,14155,NC,0.9,,9360,역산 추정,141,2,0,0,,2,3,,2024,,3,신인 하한,직전 시즌까지의 성적으로 추정
2022,송민섭,11342,KT,-0.2,,5143,역산 추정,224,1,0,0,,1,1,,,,1,,직전 시즌까지의 성적으로 추정
2022,송성문,11376,키움,1.7,,5907,역산 추정,199,1,0,0,,1,1,Y,,,2,풀타임 최소 2코인,직전 시즌까지의 성적으로 추정
2022,송승기,14846,LG,-0.0,,4883,역산 추정,250,1,0,0,,1,1,,,,1,,직전 시즌까지의 성적으로 추정
2022,송은범,10137,LG,0.5,,29400,역산 추정,67,2,0,0,,2,2,,2007,,2,,직전 시즌까지의 성적으로 추정
2022,송준석,11200,삼성,-0.6,,4804,역산 추정,323,1,0,0,,1,1,,,,1,,직전 시즌까지의 성적으로 추정
2022,송찬의,13109,LG,0.4,,4883,역산 추정,250,1,0,0,,1,1,,,,1,,직전 시즌까지의 성적으로 추정
2022,신민혁,13085,NC,1.6,,7633,역산 추정,165,1,0,0,,1,1,Y,,,2,풀타임 최소 2코인,직전 시즌까지의 성적으로 추정
2022,신본기,10840,KT,-0.4,,8546,역산 추정,152,1,0,0,,1,1,,,,1,,직전 시즌까지의 성적으로 추정
2022,신윤후,14169,롯데,0.5,,4715,역산 추정,345,1,0,0,,1,1,,,,1,,직전 시즌까지의 성적으로 추정
2022,신정락,10516,한화,-0.2,,4537,역산 추정,365,1,0,0,,1,1,,2014,,1,,직전 시즌까지의 성적으로 추정
2022,신준우,14695,키움,0.3,,4753,역산 추정,334,1,0,0,,1,1,,,,1,,직전 시즌까지의 성적으로 추정
2022,심우준,11334,KT,1.3,,14469,역산 추정,117,2,0,0,,2,2,,,,2,,직전 시즌까지의 성적으로 추정
2022,심재민,11311,KT,0.5,,14661,역산 추정,116,2,0,0,,2,2,,2019,,2,,직전 시즌까지의 성적으로 추정
2022,심창민,10720,NC,-0.2,,29400,역산 추정,67,2,-1,0,,1,1,,2016,,1,,직전 시즌까지의 성적으로 추정
2022,안권수,14571,두산,0.7,,4772,역산 추정,330,1,0,0,,1,1,,,,1,,직전 시즌까지의 성적으로 추정
2022,안상현,12613,SSG,0.2,,4712,역산 추정,346,1,0,0,,1,1,,,,1,,직전 시즌까지의 성적으로 추정
2022,안승한,11328,두산,0.4,,4538,역산 추정,364,1,0,0,,1,1,,,,1,,직전 시즌까지의 성적으로 추정
2022,안우진,13091,키움,7.8,,9333,역산 추정,143,2,0,0,,2,4,,2022,,4,신인 하한/지정 유지(원태인·이정후·안우진),직전 시즌까지의 성적으로 추정
2022,안재석,14771,두산,0.7,,5153,역산 추정,222,1,0,0,,1,3,,2025,,3,신인 하한,직전 시즌까지의 성적으로 추정
2022,안중열,11329,롯데,-0.1,,4591,역산 추정,360,1,0,0,,1,1,,,,1,,직전 시즌까지의 성적으로 추정
2022,안치홍,10014,롯데,3.2,FA 2020 4년 보장 50.0억,100000,실제 연봉,22,5,0,1,5,5,5,,2013,,5,계약 하한 대상(변경 없음),시즌 전 확정
2022,양석환,11213,두산,0.9,,39000,실제 연봉,60,3,0,0,,3,3,,,,3,,시즌 전 확정
2022,양의지,10165,NC,5.6,FA 2019 4년 보장 125.0억,100000,실제 연봉,22,5,1,1,5,5,5,,,2020 도쿄 올림픽,5,계약 하한 대상(변경 없음),시즌 전 확정
2022,양찬열,14738,두산,0.5,,4883,역산 추정,250,1,0,0,,1,1,,,,1,,직전 시즌까지의 성적으로 추정
2022,양창섭,13157,삼성,-0.2,,6712,역산 추정,185,1,0,0,,1,3,,2022,,3,신인 하한,직전 시즌까지의 성적으로 추정
2022,양현,10730,키움,-0.2,,7094,역산 추정,177,1,0,0,,1,1,,,,1,,직전 시즌까지의 성적으로 추정
2022,양현종,10058,KIA,2.9,FA 2022 4년 보장 55.0억,100000,실제 연봉,22,5,0,1,5,5,5,,2011,,5,계약 하한 대상(변경 없음),시즌 전 확정
2022,엄상백,11318,KT,4.2,,17722,역산 추정,107,2,0,0,,2,2,,2019,,2,,직전 시즌까지의 성적으로 추정
2022,오선진,10557,삼성,0.1,,4286,역산 추정,385,1,0,0,,1,1,,,,1,,직전 시즌까지의 성적으로 추정
2022,오승환,10367,삼성,1.3,,160000,실제 연봉,10,5,0,1,,5,4,,2009,2020 도쿄 올림픽,4,커리어 로우·지정 하향 / 국가대표 +1 / 국가대표 +1은 4코인까지,시즌 전 확정
2022,오영수,13082,NC,-0.4,,4883,역산 추정,250,1,0,0,,1,1,,,,1,,직전 시즌까지의 성적으로 추정
2022,오원석,14581,SSG,2.1,,5673,역산 추정,205,1,-1,0,,1,1,Y,2024,,2,풀타임 최소 2코인,직전 시즌까지의 성적으로 추정
2022,오윤석,11397,KT,1.4,,4851,역산 추정,309,1,0,0,,1,1,,,,1,,직전 시즌까지의 성적으로 추정
2022,오재원,10178,두산,-0.4,FA 2020 3년 보장 13.0억,43333,FA 연봉 부분,53,3,0,0,3,3,3,,,,3,계약 하한 대상(변경 없음),시즌 전 확정
2022,오재일,10400,삼성,2.5,FA 2021 4년 보장 46.0억,60000,실제 연봉,39,4,0,0,4,4,4,,,2020 도쿄 올림픽,4,계약 하한 대상(변경 없음) / 국가대표 +1 / 국가대표 +1은 4코인까지,시즌 전 확정
2022,오준혁,10672,SSG,0.1,,4013,역산 추정,394,1,0,0,,1,1,,,,1,,직전 시즌까지의 성적으로 추정
2022,오지환,10475,LG,6.5,FA 2020 4년 보장 40.0억,60000,실제 연봉,39,4,0,1,4,5,5,,2014,2020 도쿄 올림픽,5,계약 하한 대상(변경 없음),시즌 전 확정
2022,오태곤,10249,SSG,0.5,,8176,역산 추정,155,1,0,0,,1,1,,,,1,,직전 시즌까지의 성적으로 추정
2022,우규민,10523,삼성,0.5,FA 2021 2년 보장 7.0억,70000,FA 연봉 부분,35,4,0,0,4,4,4,,2008,,4,계약 하한 대상(변경 없음),시즌 전 확정
2022,원종현,11161,NC,0.9,,29400,역산 추정,67,2,-1,0,,1,1,Y,2018,,2,풀타임 최소 2코인,직전 시즌까지의 성적으로 추정
2022,원태인,14113,삼성,3.8,,17782,역산 추정,106,2,1,0,,3,3,,2023,2020 도쿄 올림픽,4,지정 유지(원태인·이정후·안우진) / 국가대표 +1 / 국가대표 +1은 4코인까지,직전 시즌까지의 성적으로 추정
2022,유강남,10753,LG,2.9,,29400,역산 추정,67,2,0,0,,2,2,,,,2,,직전 시즌까지의 성적으로 추정
2022,유로결,14126,한화,-0.9,,4288,역산 추정,384,1,0,0,,1,1,,,,1,,직전 시즌까지의 성적으로 추정
2022,유상빈,15141,한화,-0.1,,4883,역산 추정,250,1,0,0,,1,1,,,,1,,직전 시즌까지의 성적으로 추정
2022,유승철,12914,KIA,-0.9,,4937,역산 추정,241,1,0,0,,1,1,,,,1,,직전 시즌까지의 성적으로 추정
2022,윤대경,11110,한화,-0.6,,10282,역산 추정,134,2,0,0,,2,2,,,,2,,직전 시즌까지의 성적으로 추정
2022,윤명준,10885,두산,-1.0,,19311,역산 추정,102,2,0,0,,2,2,,,,2,,직전 시즌까지의 성적으로 추정
2022,윤산흠,14196,한화,0.9,,4883,역산 추정,250,1,0,0,,1,1,,,,1,,직전 시즌까지의 성적으로 추정
2022,윤정현,14131,키움,0.0,,4648,역산 추정,355,1,0,0,,1,1,,,,1,,직전 시즌까지의 성적으로 추정
2022,윤중현,13122,KIA,0.2,,6477,역산 추정,191,1,0,0,,1,1,,,,1,,직전 시즌까지의 성적으로 추정
2022,윤형준,11135,NC,-0.3,,4745,역산 추정,337,1,0,0,,1,1,,,,1,,직전 시즌까지의 성적으로 추정
2022,윤호솔,11170,한화,-0.1,,6638,역산 추정,187,1,-1,0,,1,1,Y,2024,,2,풀타임 최소 2코인,직전 시즌까지의 성적으로 추정
2022,이강준,14601,롯데,-0.2,,4697,역산 추정,348,1,0,0,,1,1,,,,1,,직전 시즌까지의 성적으로 추정
2022,이대호,10251,롯데,3.6,FA 2021 2년 보장 24.0억,80000,실제 연봉,31,5,0,1,5,5,5,,,,5,계약 하한 대상(변경 없음),시즌 전 확정
2022,이도윤,11414,한화,-0.6,,4636,역산 추정,356,1,0,0,,1,1,,,,1,,직전 시즌까지의 성적으로 추정
2022,이명기,10119,NC,-0.3,,15490,역산 추정,113,2,0,0,,2,2,,,,2,,직전 시즌까지의 성적으로 추정
2022,이명종,15073,키움,0.0,,4883,역산 추정,250,1,0,0,,1,1,,,,1,,직전 시즌까지의 성적으로 추정
2022,이민석,15045,롯데,-0.4,,4883,역산 추정,250,1,0,0,,1,3,,2026,,3,신인 하한,직전 시즌까지의 성적으로 추정
2022,이민우,13003,한화,-0.0,,5336,역산 추정,212,1,0,0,,1,1,,2021,,1,,직전 시즌까지의 성적으로 추정
2022,이민호,14589,LG,0.4,,10172,역산 추정,136,2,0,0,,2,4,,2024,,4,신인 하한,직전 시즌까지의 성적으로 추정
2022,이병규,12859,키움,-0.2,,4883,역산 추정,250,1,0,0,,1,1,,,,1,,직전 시즌까지의 성적으로 추정
2022,이병헌,15099,두산,0.1,,4883,역산 추정,250,1,0,0,,1,3,,2026,,3,신인 하한,직전 시즌까지의 성적으로 추정
2022,이상민,11169,삼성,-0.2,,3964,역산 추정,396,1,0,0,,1,1,,,,1,,직전 시즌까지의 성적으로 추정
2022,이상호,11147,LG,-0.2,,3815,역산 추정,398,1,0,0,,1,1,,,,1,,직전 시즌까지의 성적으로 추정
2022,이성곤,11206,한화,-0.1,,5215,역산 추정,215,1,0,0,,1,1,,,,1,,직전 시즌까지의 성적으로 추정
2022,이성규,12562,삼성,-0.2,,4509,역산 추정,368,1,0,0,,1,1,,,,1,,직전 시즌까지의 성적으로 추정
2022,이승관,13135,한화,-0.1,,4544,역산 추정,362,1,0,0,,1,1,,,,1,,직전 시즌까지의 성적으로 추정
2022,이승민,14616,삼성,0.2,,4765,역산 추정,333,1,0,0,,1,1,,,,1,,직전 시즌까지의 성적으로 추정
2022,이승진,12678,두산,-0.4,,5217,역산 추정,214,1,0,0,,1,1,,,,1,,직전 시즌까지의 성적으로 추정
2022,이승현,10527,삼성,0.5,,7380,역산 추정,172,1,0,0,,1,1,Y,,,2,풀타임 최소 2코인,직전 시즌까지의 성적으로 추정
2022,이승현,14798,삼성,0.1,,5006,역산 추정,231,1,0,0,,1,3,,2025,,3,신인 하한,직전 시즌까지의 성적으로 추정
2022,이승호,12865,키움,0.8,,9273,역산 추정,144,2,0,0,,2,2,,,,2,,직전 시즌까지의 성적으로 추정
2022,이영빈,14783,LG,0.0,,4845,역산 추정,312,1,0,0,,1,1,,,,1,,직전 시즌까지의 성적으로 추정
2022,이영준,12997,키움,-0.1,,7682,역산 추정,162,1,0,0,,1,1,,,,1,,직전 시즌까지의 성적으로 추정
2022,이영하,12568,두산,0.1,,19737,역산 추정,100,2,-1,0,,1,1,Y,2021,,2,풀타임 최소 2코인,직전 시즌까지의 성적으로 추정
2022,이용규,10035,키움,-0.6,,40000,실제 연봉,55,3,0,0,,3,3,,,,3,,시즌 전 확정
2022,이용준,14763,NC,-0.6,,4883,역산 추정,250,1,0,0,,1,1,,,,1,,직전 시즌까지의 성적으로 추정
2022,이용찬,10217,NC,2.1,FA 2021 4년 보장 14.0억,40000,실제 연봉,55,3,0,0,3,3,3,,2012,,3,계약 하한 대상(변경 없음),시즌 전 확정
2022,이우성,11099,KIA,-0.1,,4379,역산 추정,378,1,0,0,,1,1,,,,1,,직전 시즌까지의 성적으로 추정
2022,이우찬,10749,LG,1.3,,5981,역산 추정,197,1,0,0,,1,1,,,,1,,직전 시즌까지의 성적으로 추정
2022,이원석,10180,삼성,1.2,FA 2021 3년 보장 12.0억,60000,FA 연봉 부분,39,4,0,0,4,4,4,,2009,,4,계약 하한 대상(변경 없음),시즌 전 확정
2022,이원석,13138,한화,-0.4,,4490,역산 추정,370,1,0,0,,1,1,,,,1,,직전 시즌까지의 성적으로 추정
2022,이유찬,12894,두산,-0.2,,4951,역산 추정,237,1,0,0,,1,1,,,,1,,직전 시즌까지의 성적으로 추정
2022,이의리,14788,KIA,2.2,,7170,역산 추정,176,1,0,0,,1,4,,2025,2020 도쿄 올림픽,4,신인 하한 / 국가대표 +1 / 국가대표 +1은 4코인까지,직전 시즌까지의 성적으로 추정
2022,이인복,11232,롯데,2.6,,4275,역산 추정,386,1,0,0,,1,1,Y,,,2,풀타임 최소 2코인,직전 시즌까지의 성적으로 추정
2022,이재원,10082,SSG,0.1,FA 2019 4년 보장 69.0억,100000,실제 연봉,22,5,0,0,5,5,5,,2010,,5,계약 하한 대상(변경 없음),시즌 전 확정
2022,이재원,13104,LG,1.2,,5128,역산 추정,225,1,0,0,,1,1,,,,1,,직전 시즌까지의 성적으로 추정
2022,이재익,13244,삼성,-0.2,,4825,역산 추정,317,1,0,0,,1,1,,,,1,,직전 시즌까지의 성적으로 추정
2022,이재학,10220,NC,0.8,,29400,역산 추정,67,2,0,1,,3,3,,,,3,,직전 시즌까지의 성적으로 추정
2022,이재현,15034,삼성,-0.2,,4883,역산 추정,250,1,0,0,,1,3,,2026,,3,신인 하한,직전 시즌까지의 성적으로 추정
2022,이정용,14134,LG,0.6,,8024,역산 추정,157,1,0,0,,1,3,,2024,,3,신인 하한,직전 시즌까지의 성적으로 추정
2022,이정후,12906,키움,8.8,,75000,실제 연봉,34,4,1,1,,5,5,,2021,2020 도쿄 올림픽,5,지정 유지(원태인·이정후·안우진),시즌 전 확정
2022,이주형,14855,키움,-0.4,,4883,역산 추정,250,1,0,0,,1,1,,,,1,,직전 시즌까지의 성적으로 추정
2022,이준영,11303,KIA,1.2,,5715,역산 추정,203,1,-1,0,,1,1,Y,,,2,풀타임 최소 2코인,직전 시즌까지의 성적으로 추정
2022,이지강,14143,LG,0.1,,4883,역산 추정,250,1,0,0,,1,1,,,,1,,직전 시즌까지의 성적으로 추정
2022,이지영,10312,키움,1.1,FA 2020 3년 보장 12.0억,40000,FA 연봉 부분,55,3,0,0,3,3,3,,,,3,계약 하한 대상(변경 없음),시즌 전 확정
2022,이진영,12539,한화,-0.2,,4376,역산 추정,380,1,0,0,,1,1,,,,1,,직전 시즌까지의 성적으로 추정
2022,이창진,11233,KIA,1.9,,7435,역산 추정,170,1,0,0,,1,1,Y,,,2,풀타임 최소 2코인,직전 시즌까지의 성적으로 추정
2022,이채호,13130,KT,0.7,,4775,역산 추정,328,1,0,0,,1,1,,,,1,,직전 시즌까지의 성적으로 추정
2022,이태양,10609,SSG,2.4,,29400,역산 추정,67,2,0,0,,2,2,,,,2,,직전 시즌까지의 성적으로 추정
2022,이학주,14114,롯데,-0.6,,7038,역산 추정,180,1,0,0,,1,1,,,,1,,직전 시즌까지의 성적으로 추정
2022,이해승,14121,삼성,-0.4,,4883,역산 추정,250,1,0,0,,1,1,,,,1,,직전 시즌까지의 성적으로 추정
2022,이현승,10221,두산,-0.7,,21260,역산 추정,93,2,0,0,,2,2,,2010,,2,,직전 시즌까지의 성적으로 추정
2022,이형범,11159,두산,-0.0,,7091,역산 추정,178,1,0,0,,1,1,,,,1,,직전 시즌까지의 성적으로 추정
2022,이형종,12516,LG,0.3,,17472,역산 추정,108,2,0,0,,2,2,,2020,,2,,직전 시즌까지의 성적으로 추정
2022,이호연,13151,롯데,-0.3,,4883,역산 추정,250,1,0,0,,1,1,,,,1,,직전 시즌까지의 성적으로 추정
2022,이흥련,11108,SSG,-0.1,,3815,역산 추정,398,1,0,0,,1,1,,,,1,,직전 시즌까지의 성적으로 추정
2022,임기영,10909,KIA,2.4,,17075,역산 추정,109,2,0,0,,2,2,,,,2,,직전 시즌까지의 성적으로 추정
2022,임대한,12558,삼성,-0.1,,4397,역산 추정,376,1,0,0,,1,1,,,,1,,직전 시즌까지의 성적으로 추정
2022,임정호,11168,NC,0.3,,21251,역산 추정,94,2,0,0,,2,2,,,,2,,직전 시즌까지의 성적으로 추정
2022,임종찬,14706,한화,-0.3,,4176,역산 추정,390,1,0,0,,1,1,,,,1,,직전 시즌까지의 성적으로 추정
2022,임준형,14142,LG,-0.1,,5124,역산 추정,226,1,0,0,,1,1,,,,1,,직전 시즌까지의 성적으로 추정
2022,임지열,11225,키움,0.2,,4772,역산 추정,331,1,0,0,,1,1,,,,1,,직전 시즌까지의 성적으로 추정
2022,임찬규,10652,LG,0.9,,29400,역산 추정,67,2,0,0,,2,2,,2015,,2,,직전 시즌까지의 성적으로 추정
2022,임창민,10452,두산,-0.4,,10949,역산 추정,132,2,0,0,,2,2,,,,2,,직전 시즌까지의 성적으로 추정
2022,장민재,10610,한화,2.9,,8522,역산 추정,153,1,0,0,,1,1,Y,,,2,풀타임 최소 2코인,직전 시즌까지의 성적으로 추정
2022,장성우,10235,KT,3.5,FA 2022 4년 보장 38.0억,50000,실제 연봉,49,4,0,0,4,4,4,,2013,,4,계약 하한 대상(변경 없음),시즌 전 확정
2022,장승현,11097,두산,0.0,,5060,역산 추정,229,1,0,0,,1,1,,,,1,,직전 시즌까지의 성적으로 추정
2022,장시환,10453,한화,0.3,,11224,역산 추정,128,2,0,0,,2,2,,2011,,2,,직전 시즌까지의 성적으로 추정
2022,장운호,11122,한화,0.5,,4066,역산 추정,393,1,0,0,,1,1,,,,1,,직전 시즌까지의 성적으로 추정
2022,장원준,10299,두산,-0.2,,16542,역산 추정,111,2,0,0,,2,2,,2008,,2,,직전 시즌까지의 성적으로 추정
2022,장재영,14784,키움,-0.1,,4775,역산 추정,328,1,0,0,,1,4,,2025,,4,신인 하한,직전 시즌까지의 성적으로 추정
2022,장준원,11214,KT,0.2,,4822,역산 추정,321,1,0,0,,1,1,,,,1,,직전 시즌까지의 성적으로 추정
2022,장지훈,14804,SSG,0.4,,7721,역산 추정,161,1,0,0,,1,1,,,,1,,직전 시즌까지의 성적으로 추정
2022,장진혁,12583,한화,0.2,,4474,역산 추정,372,1,0,0,,1,1,,,,1,,직전 시즌까지의 성적으로 추정
2022,장필준,11404,삼성,-0.0,,19364,역산 추정,101,2,0,0,,2,2,,,,2,,직전 시즌까지의 성적으로 추정
2022,장현식,11164,KIA,0.9,,17790,역산 추정,105,2,0,0,,2,2,,,,2,,직전 시즌까지의 성적으로 추정
2022,전루건,14171,두산,-0.8,,4883,역산 추정,250,1,0,0,,1,1,,,,1,,직전 시즌까지의 성적으로 추정
2022,전민수,10417,NC,-0.1,,4080,역산 추정,392,1,0,0,,1,1,,,,1,,직전 시즌까지의 성적으로 추정
2022,전민재,13073,두산,0.2,,4883,역산 추정,250,1,0,0,,1,1,,,,1,,직전 시즌까지의 성적으로 추정
2022,전병우,11422,키움,0.0,,6423,역산 추정,193,1,0,0,,1,1,,,,1,,직전 시즌까지의 성적으로 추정
2022,전사민,14156,NC,0.1,,4883,역산 추정,250,1,0,0,,1,1,,,,1,,직전 시즌까지의 성적으로 추정
2022,전상현,12537,KIA,1.1,,9678,역산 추정,140,2,0,0,,2,2,,,,2,,직전 시즌까지의 성적으로 추정
2022,전영준,15032,SSG,-0.0,,4883,역산 추정,250,1,0,0,,1,1,,,,1,,직전 시즌까지의 성적으로 추정
2022,전유수,10841,KT,-0.2,,10126,역산 추정,138,2,0,0,,2,2,,,,2,,직전 시즌까지의 성적으로 추정
2022,전의산,14699,SSG,0.5,,4883,역산 추정,250,1,0,0,,1,1,,,,1,,직전 시즌까지의 성적으로 추정
2022,전준우,10266,롯데,1.6,FA 2020 4년 보장 32.0억,50000,실제 연봉,49,4,0,1,4,5,5,,,,5,계약 하한 대상(변경 없음),시즌 전 확정
2022,정보근,13154,롯데,-0.7,,4312,역산 추정,383,1,0,0,,1,1,,,,1,,직전 시즌까지의 성적으로 추정
2022,정수빈,10195,두산,1.3,FA 2021 6년 보장 52.0억,60000,실제 연봉,39,4,0,1,4,5,5,,,,5,계약 하한 대상(변경 없음),시즌 전 확정
2022,정우람,10156,한화,0.2,FA 2020 4년 보장 39.0억,80000,실제 연봉,31,4,-1,0,4,3,4,,,,4,계약 하한(가격 변경),시즌 전 확정
2022,정우영,14136,LG,1.2,,21212,역산 추정,95,2,0,0,,2,2,,,,2,,직전 시즌까지의 성적으로 추정
2022,정은원,13137,한화,3.2,,12914,역산 추정,123,2,0,1,,3,3,,,,4,명성: 2021 골든글러브 / 편집 지정 4,직전 시즌까지의 성적으로 추정
2022,정진기,10717,NC,-0.0,,4004,역산 추정,395,1,0,0,,1,1,,,,1,,직전 시즌까지의 성적으로 추정
2022,정찬헌,10533,키움,0.4,,29400,역산 추정,67,2,0,0,,2,2,,,,2,,직전 시즌까지의 성적으로 추정
2022,정철원,13071,두산,1.5,,4883,역산 추정,250,1,0,0,,1,1,Y,,,2,풀타임 최소 2코인,직전 시즌까지의 성적으로 추정
2022,정해영,14608,KIA,1.5,,8755,역산 추정,149,2,0,0,,2,3,,2024,,3,신인 하한,직전 시즌까지의 성적으로 추정
2022,정훈,10253,롯데,-0.3,FA 2022 3년 보장 13.0억,55000,실제 연봉,46,3,0,0,3,3,3,,,,3,계약 하한 대상(변경 없음),시즌 전 확정
2022,조민석,15119,NC,-0.1,,4883,역산 추정,250,1,0,0,,1,1,,,,1,,직전 시즌까지의 성적으로 추정
2022,조세진,15046,롯데,-0.8,,4883,역산 추정,250,1,0,0,,1,1,,,,1,,직전 시즌까지의 성적으로 추정
2022,조수행,12524,두산,-0.3,,5345,역산 추정,210,1,0,0,,1,1,,,,1,,직전 시즌까지의 성적으로 추정
2022,조요한,14858,SSG,-0.1,,4825,역산 추정,317,1,0,0,,1,1,,,,1,,직전 시즌까지의 성적으로 추정
2022,조용호,12943,KT,3.2,,7074,역산 추정,179,1,-1,0,,1,1,Y,,,2,풀타임 최소 2코인,직전 시즌까지의 성적으로 추정
2022,조현우,11316,KT,0.2,,8576,역산 추정,151,1,0,0,,1,1,,,,1,,직전 시즌까지의 성적으로 추정
2022,주권,11323,KT,1.2,,29400,역산 추정,67,2,0,0,,2,2,,2019,,2,,직전 시즌까지의 성적으로 추정
2022,주현상,11415,한화,-0.9,,5161,역산 추정,220,1,0,0,,1,1,,,,1,,직전 시즌까지의 성적으로 추정
2022,지시완,11413,롯데,0.5,,5259,역산 추정,213,1,0,0,,1,1,,,,1,,직전 시즌까지의 성적으로 추정
2022,진명호,10301,롯데,-0.2,,8941,역산 추정,147,2,0,0,,2,2,,2014,,2,,직전 시즌까지의 성적으로 추정
2022,진승현,15047,롯데,-0.2,,4883,역산 추정,250,1,0,0,,1,1,,,,1,,직전 시즌까지의 성적으로 추정
2022,진해수,10075,LG,1.2,FA 2020 3년 보장 10.5억,52500,FA 연봉 부분,48,3,0,0,3,3,3,,,,3,계약 하한 대상(변경 없음),시즌 전 확정
2022,채은성,11215,LG,2.2,,29400,역산 추정,67,2,0,0,,2,2,,,,2,,직전 시즌까지의 성적으로 추정
2022,천재환,13261,NC,-0.5,,4883,역산 추정,250,1,0,0,,1,1,,,,1,,직전 시즌까지의 성적으로 추정
2022,최경모,14151,SSG,0.4,,4883,역산 추정,250,1,0,0,,1,1,,,,1,,직전 시즌까지의 성적으로 추정
2022,최동환,10535,LG,0.5,,4903,역산 추정,246,1,0,0,,1,1,,2013,,1,,직전 시즌까지의 성적으로 추정
2022,최민준,13126,SSG,0.7,,5934,역산 추정,198,1,0,0,,1,1,Y,,,2,풀타임 최소 2코인,직전 시즌까지의 성적으로 추정
2022,최성훈,10851,LG,0.7,,4600,역산 추정,358,1,0,0,,1,1,,,,1,,직전 시즌까지의 성적으로 추정
2022,최승민,14187,NC,-0.3,,4825,역산 추정,317,1,0,0,,1,1,,,,1,,직전 시즌까지의 성적으로 추정
2022,최승용,14770,두산,0.6,,4833,역산 추정,316,1,0,0,,1,1,Y,,,2,풀타임 최소 2코인,직전 시즌까지의 성적으로 추정
2022,최영진,10934,삼성,-0.1,,3815,역산 추정,398,1,0,0,,1,1,,,,1,,직전 시즌까지의 성적으로 추정
2022,최원준,12852,두산,2.7,,34000,실제 연봉,61,2,0,0,,2,2,,,2020 도쿄 올림픽,3,국가대표 +1,시즌 전 확정
2022,최원태,11379,키움,1.9,,31000,실제 연봉,64,2,0,0,,2,2,,2020,,2,,시즌 전 확정
2022,최재훈,10170,한화,2.3,FA 2022 5년 보장 49.0억,100000,실제 연봉,22,4,1,0,4,5,5,,,,5,계약 하한 대상(변경 없음),시즌 전 확정
2022,최정,10106,SSG,5.5,FA 2019 6년 보장 100.0억,120000,실제 연봉,17,5,1,1,5,5,5,,2009,,5,계약 하한 대상(변경 없음),시즌 전 확정
2022,최주환,10182,SSG,-0.3,FA 2021 4년 보장 38.0억,65000,실제 연봉,38,4,0,0,4,4,4,,,2020 도쿄 올림픽,4,계약 하한 대상(변경 없음) / 국가대표 +1 / 국가대표 +1은 4코인까지,시즌 전 확정
2022,최준용,14624,롯데,0.9,,5806,역산 추정,201,1,0,0,,1,4,,2024,,4,신인 하한,직전 시즌까지의 성적으로 추정
2022,최지민,15057,KIA,-0.3,,4883,역산 추정,250,1,0,0,,1,1,,,,1,,직전 시즌까지의 성적으로 추정
2022,최지훈,14587,SSG,5.9,,9145,역산 추정,146,2,0,0,,2,2,,,,2,,직전 시즌까지의 성적으로 추정
2022,최충연,12530,삼성,0.0,,8909,역산 추정,148,2,0,0,,2,2,,2020,,2,,직전 시즌까지의 성적으로 추정
2022,최하늘,13152,삼성,0.1,,4883,역산 추정,250,1,0,0,,1,1,,,,1,,직전 시즌까지의 성적으로 추정
2022,최형우,10344,KIA,2.7,FA 2021 3년 보장 40.0억,90000,실제 연봉,30,5,0,1,5,5,4,,,,4,계약 하한 대상(변경 없음)/커리어 로우·지정 하향,시즌 전 확정
2022,추신수,14888,SSG,2.9,,270000,실제 연봉,2,5,0,0,,5,5,,,,5,,시즌 전 확정
2022,추재현,13094,롯데,-0.2,,5157,역산 추정,221,1,0,0,,1,1,,,,1,,직전 시즌까지의 성적으로 추정
2022,하영민,11222,키움,-0.8,,4523,역산 추정,366,1,0,0,,1,1,,,,1,,직전 시즌까지의 성적으로 추정
2022,하재훈,14147,SSG,-0.1,,4883,역산 추정,250,1,0,0,,1,1,,,,1,,직전 시즌까지의 성적으로 추정
2022,하주석,10913,한화,0.9,,14394,역산 추정,118,2,0,0,,2,2,,2016,,2,,직전 시즌까지의 성적으로 추정
2022,하준영,13115,NC,0.1,,6462,역산 추정,192,1,-1,0,,1,1,,,,1,,직전 시즌까지의 성적으로 추정
2022,하준호,10304,KT,-0.3,,4392,역산 추정,377,1,0,0,,1,3,,2013,,1,"신인 하한 / 신인 하한 종료(달력 5시즌, 군 복무 외 공백은 연장 안 함)",직전 시즌까지의 성적으로 추정
2022,한동희,13145,롯데,2.8,,9340,역산 추정,142,2,0,0,,2,2,,,,2,,직전 시즌까지의 성적으로 추정
2022,한두솔,13228,SSG,-0.5,,4883,역산 추정,250,1,0,0,,1,1,,,,1,,직전 시즌까지의 성적으로 추정
2022,한승주,14621,한화,0.0,,4883,역산 추정,250,1,0,0,,1,1,,,,1,,직전 시즌까지의 성적으로 추정
2022,한승택,11119,KIA,-0.1,,4504,역산 추정,369,1,0,0,,1,1,,,,1,,직전 시즌까지의 성적으로 추정
2022,한승혁,10812,KIA,0.1,,5166,역산 추정,219,1,0,0,,1,1,Y,2016,,2,풀타임 최소 2코인,직전 시즌까지의 성적으로 추정
2022,한유섬,10815,SSG,4.5,NONFA 2022 5년 보장 56억,240000,실제 연봉,4,4,0,0,4,4,4,,,,4,계약 하한 대상(변경 없음),시즌 전 확정
2022,한재승,14764,NC,0.0,,4883,역산 추정,250,1,0,0,,1,1,,,,1,,직전 시즌까지의 성적으로 추정
2022,한태양,15051,롯데,-0.3,,4883,역산 추정,250,1,0,0,,1,1,,,,1,,직전 시즌까지의 성적으로 추정
2022,한현희,10863,키움,0.9,,29400,역산 추정,67,2,0,0,,2,2,,,,2,,직전 시즌까지의 성적으로 추정
2022,함덕주,11094,LG,0.4,,29400,역산 추정,67,2,0,0,,2,2,,,,2,,직전 시즌까지의 성적으로 추정
2022,허경민,10184,두산,2.6,FA 2021 7년 보장 65.0억,120000,실제 연봉,17,5,-1,0,5,4,4,,2016,2020 도쿄 올림픽,4,계약 하한(가격 변경) / 국가대표 +1 / 국가대표 +1은 4코인까지,시즌 전 확정
2022,허도환,10684,LG,0.1,FA 2022 2년 보장 4.0억,20000,FA 연봉 부분,99,2,0,0,2,2,2,,,,2,계약 하한 대상(변경 없음),시즌 전 확정
2022,허윤동,14613,삼성,0.0,,5149,역산 추정,223,1,0,0,,1,1,,,,1,,직전 시즌까지의 성적으로 추정
2022,홍건희,10696,두산,0.3,,20094,역산 추정,98,2,0,0,,2,2,,2015,,2,,직전 시즌까지의 성적으로 추정
2022,홍상삼,10230,KIA,-0.0,,21349,역산 추정,92,2,0,0,,2,2,,,,2,,직전 시즌까지의 성적으로 추정
2022,홍정우,13242,삼성,0.6,,4720,역산 추정,343,1,0,0,,1,1,,,,1,,직전 시즌까지의 성적으로 추정
2022,홍창기,12546,LG,3.6,,32000,실제 연봉,62,2,1,1,,4,4,,,,4,명성: 2021 골든글러브,시즌 전 확정
2022,홍현빈,12941,KT,0.5,,4883,역산 추정,250,1,0,0,,1,1,,,,1,,직전 시즌까지의 성적으로 추정
2022,황대인,11306,KIA,0.2,,4177,역산 추정,389,1,0,0,,1,1,Y,,,2,풀타임 최소 2코인,직전 시즌까지의 성적으로 추정
2022,황동재,14615,삼성,-0.6,,4883,역산 추정,250,1,0,0,,1,3,,2026,,3,신인 하한,직전 시즌까지의 성적으로 추정
2022,황성빈,14642,롯데,0.0,,4883,역산 추정,250,1,0,0,,1,1,,,,1,,직전 시즌까지의 성적으로 추정
2022,황재균,10407,KT,1.9,FA 2022 4년 보장 54.0억,40000,실제 연봉,55,5,0,0,5,5,5,,,2020 도쿄 올림픽,5,계약 하한 대상(변경 없음),시즌 전 확정
2023,강건,15527,KT,0.2,,4687,역산 추정,282,1,0,0,,1,1,,,,1,,직전 시즌까지의 성적으로 추정
2023,강민호,10232,삼성,3.4,FA 2022 4년 보장 32.0억,60000,실제 연봉,36,4,0,0,4,4,4,,,,4,계약 하한 대상(변경 없음),시즌 전 확정
2023,강백호,13168,KT,0.8,,35280,역산 추정,71,2,0,1,,3,3,,2022,2023 WBC,4,계산값 그대로(고정 해제) / 국가대표 +1,직전 시즌까지의 성적으로 추정
2023,강승호,11087,두산,1.5,,7293,역산 추정,174,1,0,0,,1,1,Y,,,2,풀타임 최소 2코인,직전 시즌까지의 성적으로 추정
2023,강재민,14708,한화,-0.7,,18593,역산 추정,111,2,-1,0,,1,1,,,,1,,직전 시즌까지의 성적으로 추정
2023,강진성,11148,SSG,0.1,,7142,역산 추정,180,1,0,0,,1,1,,,,1,,직전 시즌까지의 성적으로 추정
2023,강한울,11255,삼성,-0.3,,5474,역산 추정,218,1,0,0,,1,1,,,,1,,직전 시즌까지의 성적으로 추정
2023,강현우,14603,KT,-0.3,,4602,역산 추정,359,1,0,0,,1,1,,,,1,,직전 시즌까지의 성적으로 추정
2023,강효종,14780,LG,-0.1,,4834,역산 추정,253,1,0,0,,1,3,,2026,,3,신인 하한,직전 시즌까지의 성적으로 추정
2023,고봉재,12605,두산,-0.1,,4431,역산 추정,384,1,0,0,,1,1,,,,1,,직전 시즌까지의 성적으로 추정
2023,고승민,14160,롯데,0.1,,5397,역산 추정,219,1,0,0,,1,1,,,,1,,직전 시즌까지의 성적으로 추정
2023,고영표,11308,KT,6.0,,43000,실제 연봉,61,2,1,0,,3,3,,,2023 WBC,4,국가대표 +1,시즌 전 확정
2023,고우석,12907,LG,0.7,,43000,실제 연봉,61,2,0,1,,3,3,,2021,2023 WBC,4,국가대표 +1 / 명성: 2022 세이브 1위,시즌 전 확정
2023,고종욱,10659,KIA,0.6,,9603,역산 추정,152,1,0,0,,1,1,,,,1,,직전 시즌까지의 성적으로 추정
2023,고효준,10124,SSG,0.7,,4958,역산 추정,238,1,0,0,,1,1,Y,2008,,2,풀타임 최소 2코인,직전 시즌까지의 성적으로 추정
2023,공민규,13164,삼성,-0.4,,4669,역산 추정,343,1,0,0,,1,1,,,,1,,직전 시즌까지의 성적으로 추정
2023,곽도규,15435,KIA,-0.2,,4687,역산 추정,282,1,0,0,,1,1,,,,1,,직전 시즌까지의 성적으로 추정
2023,곽빈,13061,두산,3.9,,9898,역산 추정,150,2,0,0,,2,3,,2022,2023 WBC,3,"신인 하한 / 국가대표 +1 / 신인 하한 종료(달력 5시즌, 군 복무 외 공백은 연장 안 함)",직전 시즌까지의 성적으로 추정
2023,구승민,11291,롯데,0.8,,20955,역산 추정,101,2,0,0,,2,2,,,,2,,직전 시즌까지의 성적으로 추정
2023,구자욱,10892,삼성,5.4,NONFA 2022 5년 보장 110억,200000,실제 연봉,2,5,0,1,5,5,5,,,,5,계약 하한 대상(변경 없음),시즌 전 확정
2023,구창모,11353,NC,1.7,NONFA 2023 6년 보장 88억,60000,실제 연봉,36,5,0,0,5,5,5,,,2023 WBC,5,계약 하한 대상(변경 없음),시즌 전 확정
2023,권광민,13676,한화,-0.8,,4773,역산 추정,264,1,0,0,,1,1,,,,1,,직전 시즌까지의 성적으로 추정
2023,권희동,11172,NC,2.1,FA 2023 1년 보장 0.9억,22007,FA 연봉 부분,100,2,0,0,2,2,2,,,,2,계약 하한 대상(변경 없음),시즌 전 확정
2023,김강률,10690,두산,0.4,,10194,역산 추정,148,2,0,0,,2,2,,,,2,,직전 시즌까지의 성적으로 추정
2023,김강민,10108,SSG,0.1,,20299,역산 추정,104,2,0,1,,3,3,,2009,,3,,직전 시즌까지의 성적으로 추정
2023,김건국,12944,KIA,-0.0,,3752,역산 추정,407,1,0,0,,1,3,,2022,,1,"신인 하한 / 신인 하한 종료(달력 5시즌, 군 복무 외 공백은 연장 안 함)",직전 시즌까지의 성적으로 추정
2023,김광현,10126,SSG,3.6,NONFA 2022 4년 보장 131억,100000,실제 연봉,22,5,1,1,5,5,5,,2011,2023 WBC,5,계약 하한 대상(변경 없음),시즌 전 확정
2023,김규성,12540,KIA,0.5,,4268,역산 추정,393,1,0,0,,1,1,,,,1,,직전 시즌까지의 성적으로 추정
2023,김규연,14871,한화,0.5,,4757,역산 추정,270,1,0,0,,1,1,,,,1,,직전 시즌까지의 성적으로 추정
2023,김기연,12549,LG,-0.6,,4687,역산 추정,282,1,0,0,,1,1,,,,1,,직전 시즌까지의 성적으로 추정
2023,김기중,14808,한화,0.7,,4858,역산 추정,247,1,0,0,,1,1,,,,1,,직전 시즌까지의 성적으로 추정
2023,김기훈,14176,KIA,-0.3,,6188,역산 추정,204,1,0,0,,1,3,,2023,,3,신인 하한,직전 시즌까지의 성적으로 추정
2023,김대우,10685,삼성,0.2,,6417,역산 추정,196,1,0,0,,1,1,,,,1,,직전 시즌까지의 성적으로 추정
2023,김대유,10706,KIA,0.0,,10676,역산 추정,144,2,0,0,,2,2,,,,2,,직전 시즌까지의 성적으로 추정
2023,김대한,14170,두산,-0.8,,4948,역산 추정,239,1,0,0,,1,3,,2026,,3,신인 하한,직전 시즌까지의 성적으로 추정
2023,김도규,13148,롯데,0.2,,7268,역산 추정,175,1,0,0,,1,1,,,,1,,직전 시즌까지의 성적으로 추정
2023,김도영,15056,KIA,3.8,,5503,역산 추정,217,1,0,0,,1,4,,2026,,4,신인 하한,직전 시즌까지의 성적으로 추정
2023,김동엽,12548,삼성,-0.2,,7468,역산 추정,172,1,0,0,,1,1,,,,1,,직전 시즌까지의 성적으로 추정
2023,김동주,14769,두산,1.6,,4667,역산 추정,344,1,0,0,,1,1,Y,,,2,풀타임 최소 2코인,직전 시즌까지의 성적으로 추정
2023,김동진,14863,삼성,0.8,,4687,역산 추정,282,1,0,0,,1,1,,,,1,,직전 시즌까지의 성적으로 추정
2023,김동헌,15473,키움,0.6,,4687,역산 추정,282,1,0,0,,1,1,,,,1,,직전 시즌까지의 성적으로 추정
2023,김동혁,14674,키움,-0.6,,6108,역산 추정,206,1,0,0,,1,1,,,,1,,직전 시즌까지의 성적으로 추정
2023,김명신,12847,두산,1.1,,11090,역산 추정,143,2,0,0,,2,2,,,,2,,직전 시즌까지의 성적으로 추정
2023,김민,13167,KT,-0.2,,6683,역산 추정,190,1,0,0,,1,3,,2022,,1,"신인 하한 / 신인 하한 종료(달력 5시즌, 군 복무 외 공백은 연장 안 함)",직전 시즌까지의 성적으로 추정
2023,김민규,13072,두산,0.1,,5009,역산 추정,231,1,0,0,,1,1,,,,1,,직전 시즌까지의 성적으로 추정
2023,김민석,15253,롯데,0.1,,4687,역산 추정,282,1,0,0,,1,3,,2027,,3,신인 하한,직전 시즌까지의 성적으로 추정
2023,김민성,10238,LG,1.7,,22714,역산 추정,98,2,0,0,,2,2,,2013,,2,,직전 시즌까지의 성적으로 추정
2023,김민수,11317,KT,-0.1,,18787,역산 추정,110,2,0,0,,2,2,,,,2,,직전 시즌까지의 성적으로 추정
2023,김민수,12931,롯데,-0.2,,4794,역산 추정,258,1,0,0,,1,1,,,,1,,직전 시즌까지의 성적으로 추정
2023,김민식,10707,SSG,1.4,,6220,역산 추정,201,1,0,0,,1,1,,,,1,,직전 시즌까지의 성적으로 추정
2023,김민우,11410,한화,-0.4,,18503,역산 추정,113,2,0,0,,2,2,,,,2,,직전 시즌까지의 성적으로 추정
2023,김민혁,11339,KT,2.6,,7153,역산 추정,179,1,0,0,,1,1,Y,,,2,풀타임 최소 2코인,직전 시즌까지의 성적으로 추정
2023,김민혁,12970,두산,-0.2,,4636,역산 추정,353,1,0,0,,1,1,,,,1,,직전 시즌까지의 성적으로 추정
2023,김범수,11411,한화,0.1,,16563,역산 추정,116,2,0,0,,2,2,,,,2,,직전 시즌까지의 성적으로 추정
2023,김상수,10427,롯데,1.5,FA 2021 3년 보장 14.0억,70000,FA 연봉 부분,30,4,0,0,4,4,4,,2012,,4,계약 하한 대상(변경 없음),시즌 전 확정
2023,김상수,10320,KT,2.4,FA 2023 4년 보장 23.0억,50000,실제 연봉,44,4,0,0,4,4,4,,2013,,4,계약 하한 대상(변경 없음),시즌 전 확정
2023,김서준,15039,삼성,-0.0,,4687,역산 추정,282,1,0,0,,1,1,,,,1,,직전 시즌까지의 성적으로 추정
2023,김서현,15421,한화,-0.3,,4687,역산 추정,282,1,0,0,,1,4,,2027,,4,신인 하한,직전 시즌까지의 성적으로 추정
2023,김선기,13092,키움,-0.8,,4396,역산 추정,385,1,0,0,,1,1,,,,1,,직전 시즌까지의 성적으로 추정
2023,김선빈,10008,KIA,2.7,FA 2020 4년 보장 34.0억,45000,실제 연봉,59,4,0,1,4,5,5,,,,5,계약 하한 대상(변경 없음),시즌 전 확정
2023,김성욱,11153,NC,0.4,,6204,역산 추정,203,1,0,0,,1,1,,,,1,,직전 시즌까지의 성적으로 추정
2023,김성윤,12936,삼성,2.0,,4678,역산 추정,341,1,0,0,,1,1,,,,1,,직전 시즌까지의 성적으로 추정
2023,김성진,14849,키움,0.7,,4354,역산 추정,389,1,0,0,,1,1,Y,,,2,풀타임 최소 2코인,직전 시즌까지의 성적으로 추정
2023,김성현,10636,SSG,1.2,FA 2021 3년 보장 8.0억,40000,FA 연봉 부분,64,3,0,0,3,3,3,,,,3,계약 하한 대상(변경 없음),시즌 전 확정
2023,김수환,13096,키움,-0.2,,4612,역산 추정,357,1,0,0,,1,1,,,,1,,직전 시즌까지의 성적으로 추정
2023,김승현,12637,KIA,0.2,,4644,역산 추정,348,1,0,0,,1,1,,,,1,,직전 시즌까지의 성적으로 추정
2023,김시앙,14851,키움,-0.1,,4687,역산 추정,282,1,0,0,,1,1,,,,1,,직전 시즌까지의 성적으로 추정
2023,김시훈,13080,NC,0.0,,7942,역산 추정,165,1,0,0,,1,3,,2026,,3,신인 하한,직전 시즌까지의 성적으로 추정
2023,김영규,13088,NC,1.2,,7996,역산 추정,164,1,0,0,,1,1,Y,,,2,풀타임 최소 2코인,직전 시즌까지의 성적으로 추정
2023,김영웅,15035,삼성,0.1,,4687,역산 추정,282,1,0,0,,1,1,,,,1,,직전 시즌까지의 성적으로 추정
2023,김영현,14869,KT,0.2,,4687,역산 추정,282,1,0,0,,1,1,,,,1,,직전 시즌까지의 성적으로 추정
2023,김웅빈,12503,키움,-0.6,,4959,역산 추정,237,1,0,0,,1,1,,,,1,,직전 시즌까지의 성적으로 추정
2023,김원중,10825,롯데,1.3,,28604,역산 추정,88,2,0,0,,2,2,,,2023 WBC,3,국가대표 +1,직전 시즌까지의 성적으로 추정
2023,김유성,15509,두산,-0.3,,4687,역산 추정,282,1,0,0,,1,1,,,,1,,직전 시즌까지의 성적으로 추정
2023,김유신,13114,KIA,-0.2,,4356,역산 추정,388,1,0,0,,1,1,,,,1,,직전 시즌까지의 성적으로 추정
2023,김윤식,14588,LG,1.4,,7466,역산 추정,173,1,0,0,,1,3,,2024,2023 WBC,4,신인 하한 / 국가대표 +1,직전 시즌까지의 성적으로 추정
2023,김인태,11098,두산,0.4,,8355,역산 추정,160,1,0,0,,1,1,,,,1,,직전 시즌까지의 성적으로 추정
2023,김인환,12589,한화,-0.2,,6114,역산 추정,205,1,0,0,,1,1,Y,,,2,풀타임 최소 2코인,직전 시즌까지의 성적으로 추정
2023,김재성,11344,삼성,0.5,,5150,역산 추정,226,1,0,0,,1,1,,,,1,,직전 시즌까지의 성적으로 추정
2023,김재열,14747,KIA,-0.7,,4609,역산 추정,358,1,0,0,,1,1,,,,1,,직전 시즌까지의 성적으로 추정
2023,김재영,12547,한화,-0.2,,7471,역산 추정,171,1,0,0,,1,1,,,,1,,직전 시즌까지의 성적으로 추정
2023,김재웅,12858,키움,1.1,,12792,역산 추정,133,2,0,0,,2,2,,,,2,,직전 시즌까지의 성적으로 추정
2023,김재윤,11489,KT,2.5,,36000,실제 연봉,70,2,0,0,,2,2,,,,2,,시즌 전 확정
2023,김재호,10174,두산,3.0,FA 2021 3년 보장 25.0억,50000,실제 연봉,44,4,0,1,4,5,5,,2009,,5,계약 하한 대상(변경 없음),시즌 전 확정
2023,김재환,10643,두산,0.5,FA 2022 4년 보장 110.0억,150000,실제 연봉,8,5,0,1,5,5,4,,2015,,4,계약 하한 대상(변경 없음)/커리어 로우·지정 하향,시즌 전 확정
2023,김정우,13124,두산,-0.2,,4687,역산 추정,282,1,0,0,,1,1,,,,1,,직전 시즌까지의 성적으로 추정
2023,김정운,15518,KT,0.0,,4687,역산 추정,282,1,0,0,,1,1,,,,1,,직전 시즌까지의 성적으로 추정
2023,김주원,14765,NC,2.3,,6648,역산 추정,191,1,0,0,,1,1,Y,,,2,풀타임 최소 2코인,직전 시즌까지의 성적으로 추정
2023,김주형,14214,키움,-0.7,,4782,역산 추정,263,1,0,0,,1,1,,,,1,,직전 시즌까지의 성적으로 추정
2023,김준완,11182,키움,-0.3,,5196,역산 추정,225,1,-1,0,,1,1,,,,1,,직전 시즌까지의 성적으로 추정
2023,김준태,10835,KT,0.0,,6635,역산 추정,192,1,0,0,,1,1,,,,1,,직전 시즌까지의 성적으로 추정
2023,김준형,14848,키움,0.0,,4933,역산 추정,241,1,0,0,,1,1,,,,1,,직전 시즌까지의 성적으로 추정
2023,김지찬,14618,삼성,2.5,,8258,역산 추정,161,1,0,0,,1,1,,,,1,,직전 시즌까지의 성적으로 추정
2023,김진성,11166,LG,2.1,FA 2023 2년 보장 7.0억,35000,FA 연봉 부분,81,2,0,0,2,2,2,,,,2,계약 하한 대상(변경 없음),시즌 전 확정
2023,김진욱,14792,롯데,-0.2,,4812,역산 추정,256,1,0,0,,1,4,,2025,,4,신인 하한,직전 시즌까지의 성적으로 추정
2023,김진호,12897,NC,0.5,,4503,역산 추정,375,1,0,0,,1,1,,,,1,,직전 시즌까지의 성적으로 추정
2023,김찬형,12622,SSG,-0.0,,4719,역산 추정,276,1,0,0,,1,1,,,,1,,직전 시즌까지의 성적으로 추정
2023,김태군,10459,삼성,0.2,FA 2020 4년 보장 9.0억,22500,FA 연봉 부분,99,2,0,0,2,2,2,,,,2,계약 하한 대상(변경 없음),시즌 전 확정
2023,김태군,10459,KIA,0.2,FA 2020 4년 보장 9.0억,22500,FA 연봉 부분,99,2,0,0,2,2,2,,,,2,계약 하한 대상(변경 없음),시즌 전 확정
2023,김태근,14175,두산,-0.7,,4687,역산 추정,282,1,0,0,,1,1,,,,1,,직전 시즌까지의 성적으로 추정
2023,김태연,12585,한화,1.2,,7187,역산 추정,177,1,0,0,,1,1,,,,1,,직전 시즌까지의 성적으로 추정
2023,김태오,12577,KT,-0.2,,4614,역산 추정,356,1,0,0,,1,1,,,,1,,직전 시즌까지의 성적으로 추정
2023,김태진,11244,키움,-0.7,,6994,역산 추정,183,1,0,0,,1,1,,,,1,,직전 시즌까지의 성적으로 추정
2023,김태현,12898,NC,0.1,,4642,역산 추정,349,1,0,0,,1,3,,2025,,3,신인 하한,직전 시즌까지의 성적으로 추정
2023,김태훈,10871,키움,-0.8,,10397,역산 추정,145,2,0,0,,2,2,,,,2,,직전 시즌까지의 성적으로 추정
2023,김태훈,10871,삼성,-0.8,,10397,역산 추정,145,2,0,0,,2,2,,,,2,,직전 시즌까지의 성적으로 추정
2023,김한별,14716,NC,-0.4,,4687,역산 추정,282,1,0,0,,1,1,,,,1,,직전 시즌까지의 성적으로 추정
2023,김현수,10187,LG,1.7,FA 2022 6년 보장 90.0억,100000,실제 연봉,22,5,0,0,5,5,5,,,2023 WBC,5,계약 하한 대상(변경 없음),시즌 전 확정
2023,김현준,14867,삼성,0.7,,6830,역산 추정,187,1,0,0,,1,1,Y,,,2,풀타임 최소 2코인,직전 시즌까지의 성적으로 추정
2023,김형준,13081,NC,0.8,,4519,역산 추정,372,1,0,0,,1,1,,,,1,,직전 시즌까지의 성적으로 추정
2023,김혜성,12905,키움,6.1,,42000,실제 연봉,63,2,1,1,,4,4,,,2023 WBC,4,국가대표 +1 / 국가대표 +1은 4코인까지,시즌 전 확정
2023,김호령,11298,KIA,0.2,,6304,역산 추정,199,1,0,0,,1,1,,,,1,,직전 시즌까지의 성적으로 추정
2023,김호재,13240,삼성,-0.4,,5078,역산 추정,228,1,0,0,,1,1,,,,1,,직전 시즌까지의 성적으로 추정
2023,김휘집,14785,키움,1.9,,5943,역산 추정,210,1,0,0,,1,1,Y,,,2,풀타임 최소 2코인,직전 시즌까지의 성적으로 추정
2023,나균안,12930,롯데,2.9,,6864,역산 추정,186,1,0,0,,1,1,Y,,,2,풀타임 최소 2코인,직전 시즌까지의 성적으로 추정
2023,나성범,11162,KIA,3.7,FA 2022 6년 보장 120.0억,80000,실제 연봉,28,5,1,1,5,5,5,,2017,2023 WBC,5,계약 하한 대상(변경 없음) / 명성: 2022 골든글러브,시즌 전 확정
2023,남지민,14619,한화,-0.3,,5706,역산 추정,214,1,-1,0,,1,1,,,,1,,직전 시즌까지의 성적으로 추정
2023,노건우,11144,삼성,-0.3,,3662,역산 추정,408,1,0,0,,1,1,,2017,,1,,직전 시즌까지의 성적으로 추정
2023,노경은,10203,SSG,1.6,,20475,역산 추정,103,2,0,0,,2,2,,2007,,2,,직전 시즌까지의 성적으로 추정
2023,노수광,11268,한화,-0.1,,15244,역산 추정,122,2,0,0,,2,2,,,,2,,직전 시즌까지의 성적으로 추정
2023,노시환,14125,한화,6.7,,12835,역산 추정,132,2,0,0,,2,3,,2023,,3,신인 하한,직전 시즌까지의 성적으로 추정
2023,노진혁,11165,롯데,2.4,FA 2023 4년 보장 46.0억,50000,실제 연봉,44,5,0,0,5,5,5,,,,5,계약 하한 대상(변경 없음),시즌 전 확정
2023,도태훈,12560,NC,1.8,,4437,역산 추정,383,1,0,0,,1,1,,,,1,,직전 시즌까지의 성적으로 추정
2023,류승민,15503,삼성,-0.5,,4687,역산 추정,282,1,0,0,,1,1,,,,1,,직전 시즌까지의 성적으로 추정
2023,류지혁,10894,KIA,0.4,,11702,역산 추정,139,2,0,0,,2,2,,,,2,,직전 시즌까지의 성적으로 추정
2023,류지혁,10894,삼성,0.4,,11702,역산 추정,139,2,0,0,,2,2,,,,2,,직전 시즌까지의 성적으로 추정
2023,류진욱,11355,NC,2.4,,7118,역산 추정,181,1,-1,0,,1,1,Y,,,2,풀타임 최소 2코인,직전 시즌까지의 성적으로 추정
2023,문동주,15013,한화,2.7,,4838,역산 추정,250,1,0,0,,1,4,,2026,,4,신인 하한,직전 시즌까지의 성적으로 추정
2023,문보경,14137,LG,4.1,,9053,역산 추정,155,1,0,0,,1,1,Y,,,2,풀타임 최소 2코인,직전 시즌까지의 성적으로 추정
2023,문상철,11333,KT,-0.2,,3662,역산 추정,408,1,0,0,,1,1,,,,1,,직전 시즌까지의 성적으로 추정
2023,문성주,13112,LG,3.7,,7537,역산 추정,170,1,0,0,,1,1,Y,,,2,풀타임 최소 2코인,직전 시즌까지의 성적으로 추정
2023,문성현,10437,키움,-0.1,,16285,역산 추정,117,2,0,0,,2,2,,,,2,,직전 시즌까지의 성적으로 추정
2023,문승원,10783,SSG,0.6,NONFA 2022 5년 보장 47억,70000,실제 연봉,30,4,0,0,4,4,4,,,,4,계약 하한 대상(변경 없음),시즌 전 확정
2023,문용익,12885,삼성,0.2,,4964,역산 추정,236,1,0,0,,1,1,,,,1,,직전 시즌까지의 성적으로 추정
2023,문현빈,15422,한화,1.4,,4687,역산 추정,282,1,0,0,,1,1,Y,,,2,풀타임 최소 2코인,직전 시즌까지의 성적으로 추정
2023,박건우,10189,NC,4.0,FA 2022 6년 보장 94.0억,90000,실제 연봉,26,5,0,0,5,5,5,,,2023 WBC,5,계약 하한 대상(변경 없음),시즌 전 확정
2023,박경수,10469,KT,0.2,,19804,역산 추정,107,2,0,0,,2,2,,2007,,2,,직전 시즌까지의 성적으로 추정
2023,박계범,11198,두산,-0.3,,6899,역산 추정,185,1,0,0,,1,1,,,,1,,직전 시즌까지의 성적으로 추정
2023,박대온,11246,NC,0.2,,3836,역산 추정,406,1,0,0,,1,1,,,,1,,직전 시즌까지의 성적으로 추정
2023,박동원,10387,LG,4.3,FA 2023 4년 보장 65.0억,162500,FA 연봉 부분,5,5,0,0,5,5,5,,,,5,계약 하한 대상(변경 없음),시즌 전 확정
2023,박명근,15486,LG,-0.1,,4687,역산 추정,282,1,0,0,,1,1,Y,,,2,풀타임 최소 2코인,직전 시즌까지의 성적으로 추정
2023,박민우,11137,NC,4.5,FA 2023 8년 보장 90.0억,110000,실제 연봉,20,5,0,1,5,5,5,,,,5,계약 하한 대상(변경 없음),시즌 전 확정
2023,박민호,11236,SSG,0.2,,7584,역산 추정,168,1,0,0,,1,1,,,,1,,직전 시즌까지의 성적으로 추정
2023,박병호,10470,KT,2.8,FA 2022 3년 보장 27.0억,70000,실제 연봉,30,4,0,1,4,5,4,,2009,2023 WBC,4,계약 하한 대상(변경 없음)/커리어 로우·지정 하향 / 국가대표 +1 / 국가대표 +1은 4코인까지,시즌 전 확정
2023,박상언,12587,한화,-0.3,,4547,역산 추정,369,1,0,0,,1,1,,,,1,,직전 시즌까지의 성적으로 추정
2023,박상원,12871,한화,-0.2,,16171,역산 추정,118,2,0,0,,2,2,,,,2,,직전 시즌까지의 성적으로 추정
2023,박석민,10322,NC,-0.5,,35280,역산 추정,71,2,0,0,,2,2,,,,2,,직전 시즌까지의 성적으로 추정
2023,박성한,12922,SSG,3.7,,14613,역산 추정,127,2,1,0,,3,3,,,,3,,직전 시즌까지의 성적으로 추정
2023,박세웅,11310,롯데,3.7,NONFA 2023 5년 보장 70억,150000,실제 연봉,8,5,0,0,5,5,5,,,2023 WBC,5,계약 하한 대상(변경 없음),시즌 전 확정
2023,박세진,12572,KT,0.0,,4200,역산 추정,399,1,0,0,,1,1,,2020,,1,,직전 시즌까지의 성적으로 추정
2023,박세혁,10891,NC,1.2,FA 2023 4년 보장 42.0억,70000,실제 연봉,30,5,0,0,5,5,5,,,,5,계약 하한 대상(변경 없음),시즌 전 확정
2023,박수종,15132,키움,1.1,,4687,역산 추정,282,1,0,0,,1,1,,,,1,,직전 시즌까지의 성적으로 추정
2023,박승욱,10804,롯데,1.9,,4459,역산 추정,380,1,0,0,,1,1,,,,1,,직전 시즌까지의 성적으로 추정
2023,박승주,12989,키움,-0.1,,4912,역산 추정,244,1,0,0,,1,1,,,,1,,직전 시즌까지의 성적으로 추정
2023,박신지,13070,두산,-0.0,,4483,역산 추정,377,1,0,0,,1,1,,,,1,,직전 시즌까지의 성적으로 추정
2023,박영현,15089,KT,2.4,,7226,역산 추정,176,1,0,0,,1,4,,2026,,4,신인 하한,직전 시즌까지의 성적으로 추정
2023,박정수,11300,두산,0.1,,4212,역산 추정,397,1,0,0,,1,1,,,,1,,직전 시즌까지의 성적으로 추정
2023,박정현,14704,한화,-0.5,,4871,역산 추정,246,1,0,0,,1,1,,,,1,,직전 시즌까지의 성적으로 추정
2023,박종훈,10131,SSG,0.1,NONFA 2022 5년 보장 56억,50000,실제 연봉,44,5,0,0,5,5,5,,,,5,계약 하한 대상(변경 없음),시즌 전 확정
2023,박주홍,14580,키움,-0.7,,4634,역산 추정,354,1,0,0,,1,1,,2025,,1,,직전 시즌까지의 성적으로 추정
2023,박준영,12522,두산,1.4,,4569,역산 추정,366,1,0,0,,1,3,,2024,,3,신인 하한,직전 시즌까지의 성적으로 추정
2023,박준표,11070,KIA,0.1,,7156,역산 추정,178,1,0,0,,1,1,,,,1,,직전 시즌까지의 성적으로 추정
2023,박진,14163,롯데,-0.1,,4687,역산 추정,282,1,0,0,,1,1,,,,1,,직전 시즌까지의 성적으로 추정
2023,박찬혁,15068,키움,-0.8,,4531,역산 추정,370,1,0,0,,1,1,,,,1,,직전 시즌까지의 성적으로 추정
2023,박찬호,11261,KIA,4.2,,12423,역산 추정,135,2,0,0,,2,2,,,,2,,직전 시즌까지의 성적으로 추정
2023,박치국,12850,두산,0.6,,16604,역산 추정,115,2,0,0,,2,2,,,,2,,직전 시즌까지의 성적으로 추정
2023,박해민,11190,LG,3.5,FA 2022 4년 보장 56.0억,60000,실제 연봉,36,5,0,0,5,5,5,,,2023 WBC,5,계약 하한 대상(변경 없음),시즌 전 확정
2023,배민서,14158,NC,-0.3,,4755,역산 추정,271,1,0,0,,1,1,,,,1,,직전 시즌까지의 성적으로 추정
2023,배정대,11212,KT,1.7,,14324,역산 추정,128,2,0,0,,2,2,,,,2,,직전 시즌까지의 성적으로 추정
2023,배제성,11394,KT,2.3,,25484,역산 추정,94,2,0,0,,2,2,,,,2,,직전 시즌까지의 성적으로 추정
2023,백승건,14145,SSG,0.2,,4688,역산 추정,281,1,0,0,,1,1,,,,1,,직전 시즌까지의 성적으로 추정
2023,백승현,13009,LG,1.9,,4754,역산 추정,272,1,0,0,,1,1,,,,1,,직전 시즌까지의 성적으로 추정
2023,백정현,10363,삼성,2.6,FA 2022 4년 보장 34.0억,40000,실제 연봉,64,4,0,0,4,4,4,,2013,,4,계약 하한 대상(변경 없음),시즌 전 확정
2023,변우혁,14124,KIA,-0.3,,4569,역산 추정,364,1,0,0,,1,1,,2023,,1,,직전 시즌까지의 성적으로 추정
2023,서건창,10855,LG,-0.8,,24576,역산 추정,96,2,0,0,,2,2,,,,2,,직전 시즌까지의 성적으로 추정
2023,서진용,10784,SSG,2.6,,28524,역산 추정,89,2,0,0,,2,2,,,,2,,직전 시즌까지의 성적으로 추정
2023,서호철,14220,NC,2.3,,4597,역산 추정,360,1,0,0,,1,1,Y,,,2,풀타임 최소 2코인,직전 시즌까지의 성적으로 추정
2023,석상호,15445,롯데,0.2,,4687,역산 추정,282,1,0,0,,1,1,,,,1,,직전 시즌까지의 성적으로 추정
2023,소형준,14600,KT,-0.2,,19625,역산 추정,108,2,0,0,,2,4,,2024,2023 WBC,4,신인 하한 / 국가대표 +1 / 국가대표 +1은 4코인까지,직전 시즌까지의 성적으로 추정
2023,손동현,14108,KT,1.8,,4760,역산 추정,268,1,0,0,,1,1,Y,,,2,풀타임 최소 2코인,직전 시즌까지의 성적으로 추정
2023,손성빈,14796,롯데,0.3,,4687,역산 추정,282,1,0,0,,1,1,,,,1,,직전 시즌까지의 성적으로 추정
2023,손아섭,10261,NC,4.5,FA 2022 4년 보장 56.0억,50000,실제 연봉,44,5,0,0,5,5,4,,,,4,계약 하한 대상(변경 없음)/커리어 로우·지정 하향,시즌 전 확정
2023,손주영,12908,LG,-0.2,,4498,역산 추정,376,1,0,0,,1,1,,,,1,,직전 시즌까지의 성적으로 추정
2023,손호영,14590,LG,-0.3,,4665,역산 추정,345,1,0,0,,1,1,,,,1,,직전 시즌까지의 성적으로 추정
2023,송명기,14155,NC,0.8,,12076,역산 추정,136,2,0,0,,2,3,,2024,,3,신인 하한,직전 시즌까지의 성적으로 추정
2023,송성문,11376,키움,0.9,,8085,역산 추정,162,1,0,0,,1,1,Y,,,2,풀타임 최소 2코인,직전 시즌까지의 성적으로 추정
2023,송승환,14172,두산,-0.1,,4687,역산 추정,282,1,0,0,,1,1,,,,1,,직전 시즌까지의 성적으로 추정
2023,송영진,15462,SSG,-0.2,,4687,역산 추정,282,1,0,0,,1,1,,,,1,,직전 시즌까지의 성적으로 추정
2023,신민재,13056,LG,1.2,,4741,역산 추정,274,1,0,0,,1,1,,,,1,,직전 시즌까지의 성적으로 추정
2023,신민혁,13085,NC,1.9,,10381,역산 추정,146,2,0,0,,2,2,,,,2,,직전 시즌까지의 성적으로 추정
2023,신범수,12541,KIA,-0.2,,4840,역산 추정,249,1,0,0,,1,1,,,,1,,직전 시즌까지의 성적으로 추정
2023,신본기,10840,KT,0.3,FA 2023 2년 보장 2.8억,28000,FA 연봉 부분,90,2,0,0,2,2,2,,,,2,계약 하한 대상(변경 없음),시즌 전 확정
2023,신정락,10516,롯데,-0.2,,3662,역산 추정,408,1,0,0,,1,1,,2014,,1,,직전 시즌까지의 성적으로 추정
2023,신헌민,15024,SSG,-0.1,,4687,역산 추정,282,1,0,0,,1,1,,,,1,,직전 시즌까지의 성적으로 추정
2023,심재민,11311,롯데,1.0,,14975,역산 추정,125,2,0,0,,2,2,,2019,,2,,직전 시즌까지의 성적으로 추정
2023,안권수,14571,롯데,1.0,,4945,역산 추정,240,1,0,0,,1,1,,,,1,,직전 시즌까지의 성적으로 추정
2023,안상현,12613,SSG,-0.0,,4699,역산 추정,278,1,0,0,,1,1,,,,1,,직전 시즌까지의 성적으로 추정
2023,안우진,13091,키움,5.9,,20795,역산 추정,102,2,1,1,,4,5,,2022,,5,지정 유지(원태인·이정후·안우진) / 명성: 2022 골든글러브; 2022 탈삼진·평균자책 1위 / 2022 투수 골든글러브 → 5,직전 시즌까지의 성적으로 추정
2023,안재석,14771,두산,0.1,,5343,역산 추정,220,1,0,0,,1,3,,2025,,3,신인 하한,직전 시즌까지의 성적으로 추정
2023,안주형,12988,삼성,-0.3,,4687,역산 추정,282,1,0,0,,1,1,,,,1,,직전 시즌까지의 성적으로 추정
2023,안중열,11329,NC,-0.2,,4451,역산 추정,381,1,0,0,,1,1,,,,1,,직전 시즌까지의 성적으로 추정
2023,안치영,13006,KT,0.1,,4687,역산 추정,282,1,0,0,,1,1,,,,1,,직전 시즌까지의 성적으로 추정
2023,안치홍,10014,롯데,2.4,FA 2020 4년 보장 50.0억,50000,실제 연봉,44,5,0,0,5,5,5,,2013,,5,계약 하한 대상(변경 없음),시즌 전 확정
2023,양석환,11213,두산,2.9,,40000,실제 연봉,64,2,0,0,,2,2,,,,2,,시즌 전 확정
2023,양의지,10165,두산,6.2,FA 2023 6년 보장 110.0억,275000,FA 연봉 부분,1,5,1,1,5,5,5,,,2023 WBC,5,계약 하한 대상(변경 없음),시즌 전 확정
2023,양찬열,14738,두산,0.1,,4983,역산 추정,233,1,0,0,,1,1,,,,1,,직전 시즌까지의 성적으로 추정
2023,양창섭,13157,삼성,-0.5,,6472,역산 추정,194,1,0,0,,1,3,,2022,,1,"신인 하한 / 신인 하한 종료(달력 5시즌, 군 복무 외 공백은 연장 안 함)",직전 시즌까지의 성적으로 추정
2023,양현,10730,키움,-0.8,,6813,역산 추정,188,1,0,0,,1,1,Y,,,2,풀타임 최소 2코인,직전 시즌까지의 성적으로 추정
2023,양현종,10058,KIA,3.6,FA 2022 4년 보장 55.0억,50000,실제 연봉,44,5,0,1,5,5,5,,2011,2023 WBC,5,계약 하한 대상(변경 없음),시즌 전 확정
2023,엄상백,11318,KT,3.1,,29653,역산 추정,85,2,0,0,,2,2,,2019,,2,,직전 시즌까지의 성적으로 추정
2023,예진원,13093,키움,-0.5,,4638,역산 추정,352,1,0,0,,1,1,,,,1,,직전 시즌까지의 성적으로 추정
2023,오상원,15474,키움,-0.1,,4687,역산 추정,282,1,0,0,,1,1,,,,1,,직전 시즌까지의 성적으로 추정
2023,오석주,12860,LG,-0.0,,4639,역산 추정,351,1,0,0,,1,1,,,,1,,직전 시즌까지의 성적으로 추정
2023,오선우,14181,KIA,-0.2,,4461,역산 추정,379,1,0,0,,1,1,,,,1,,직전 시즌까지의 성적으로 추정
2023,오선진,10557,한화,-0.0,FA 2023 2년 보장 3.75억,37500,FA 연봉 부분,69,3,0,0,3,3,3,,,,3,계약 하한 대상(변경 없음),시즌 전 확정
2023,오승환,10367,삼성,0.8,,140000,실제 연봉,11,5,0,1,,5,4,,2009,,4,커리어 로우·지정 하향,시즌 전 확정
2023,오영수,13082,NC,-0.2,,4641,역산 추정,350,1,0,0,,1,1,,,,1,,직전 시즌까지의 성적으로 추정
2023,오원석,14581,SSG,1.1,,8037,역산 추정,163,1,0,0,,1,1,Y,2024,,2,풀타임 최소 2코인,직전 시즌까지의 성적으로 추정
2023,오윤석,11397,KT,0.6,,5325,역산 추정,221,1,0,0,,1,1,,,,1,,직전 시즌까지의 성적으로 추정
2023,오재일,10400,삼성,0.3,FA 2021 4년 보장 46.0억,50000,실제 연봉,44,5,0,0,5,5,4,,,,4,계약 하한 대상(변경 없음)/커리어 로우·지정 하향,시즌 전 확정
2023,오지환,10475,LG,5.2,FA 2020 4년 보장 40.0억,60000,실제 연봉,36,5,1,1,5,5,5,,2014,2023 WBC,5,계약 하한 대상(변경 없음),시즌 전 확정
2023,오태곤,10249,SSG,0.3,FA 2023 4년 보장 16.0억,40000,FA 연봉 부분,64,3,0,0,3,3,3,,,,3,계약 하한 대상(변경 없음),시즌 전 확정
2023,우강훈,14816,롯데,-0.0,,4687,역산 추정,282,1,0,0,,1,1,,,,1,,직전 시즌까지의 성적으로 추정
2023,우규민,10523,삼성,0.2,,35280,역산 추정,71,2,-1,0,,1,1,Y,2008,,2,풀타임 최소 2코인,직전 시즌까지의 성적으로 추정
2023,원종현,11161,키움,-0.3,FA 2023 4년 보장 25.0억,50000,실제 연봉,44,4,0,0,4,4,4,,2018,,4,계약 하한 대상(변경 없음),시즌 전 확정
2023,원태인,14113,삼성,3.9,,28840,역산 추정,86,2,0,0,,2,3,,2023,2023 WBC,4,신인 하한/지정 유지(원태인·이정후·안우진) / 국가대표 +1 / 국가대표 +1은 4코인까지,직전 시즌까지의 성적으로 추정
2023,유강남,10753,롯데,2.4,FA 2023 4년 보장 74.0억,60000,실제 연봉,36,5,0,0,5,5,5,,,,5,계약 하한 대상(변경 없음),시즌 전 확정
2023,유로결,14126,한화,-0.6,,3919,역산 추정,405,1,0,0,,1,1,,,,1,,직전 시즌까지의 성적으로 추정
2023,유영찬,14669,LG,1.4,,4687,역산 추정,282,1,0,0,,1,1,Y,,,2,풀타임 최소 2코인,직전 시즌까지의 성적으로 추정
2023,윤대경,11110,한화,1.2,,11747,역산 추정,137,2,-1,0,,1,1,,,,1,,직전 시즌까지의 성적으로 추정
2023,윤동희,15048,롯데,0.4,,4687,역산 추정,282,1,0,0,,1,1,Y,,,2,풀타임 최소 2코인,직전 시즌까지의 성적으로 추정
2023,윤명준,10885,롯데,-1.1,,15081,역산 추정,123,2,0,0,,2,2,,,,2,,직전 시즌까지의 성적으로 추정
2023,윤석원,15071,키움,-0.3,,4687,역산 추정,282,1,0,0,,1,1,,,,1,,직전 시즌까지의 성적으로 추정
2023,윤영철,15432,KIA,2.5,,4687,역산 추정,282,1,0,0,,1,4,,2027,,4,신인 하한,직전 시즌까지의 성적으로 추정
2023,윤정빈,13161,삼성,-0.1,,4687,역산 추정,282,1,0,0,,1,1,,,,1,,직전 시즌까지의 성적으로 추정
2023,윤정현,14131,키움,0.1,,4558,역산 추정,367,1,0,0,,1,1,,,,1,,직전 시즌까지의 성적으로 추정
2023,윤중현,13122,KIA,0.4,,6443,역산 추정,195,1,0,0,,1,1,,,,1,,직전 시즌까지의 성적으로 추정
2023,윤형준,11135,NC,0.1,,4524,역산 추정,371,1,0,0,,1,1,,,,1,,직전 시즌까지의 성적으로 추정
2023,이건욱,11242,SSG,0.6,,6211,역산 추정,202,1,0,0,,1,1,,,,1,,직전 시즌까지의 성적으로 추정
2023,이도윤,11414,한화,1.7,,4340,역산 추정,390,1,0,0,,1,1,,,,1,,직전 시즌까지의 성적으로 추정
2023,이로운,15461,SSG,-0.2,,4687,역산 추정,282,1,0,0,,1,3,,2027,,3,신인 하한,직전 시즌까지의 성적으로 추정
2023,이명기,10119,한화,-0.3,FA 2023 1년 보장 1.0억,11493,FA 연봉 부분,141,2,0,0,2,2,2,,,,2,계약 하한 대상(변경 없음),시즌 전 확정
2023,이명종,15073,키움,0.0,,4788,역산 추정,260,1,0,0,,1,1,,,,1,,직전 시즌까지의 성적으로 추정
2023,이민우,13003,한화,0.2,,5224,역산 추정,223,1,0,0,,1,1,,2021,,1,,직전 시즌까지의 성적으로 추정
2023,이민호,14589,LG,0.1,,12599,역산 추정,134,2,-1,0,,1,4,,2024,,4,신인 하한,직전 시즌까지의 성적으로 추정
2023,이병헌,15099,두산,-0.2,,4819,역산 추정,255,1,0,0,,1,3,,2026,,3,신인 하한,직전 시즌까지의 성적으로 추정
2023,이병헌,14117,삼성,-0.3,,4687,역산 추정,282,1,0,0,,1,1,,,,1,,직전 시즌까지의 성적으로 추정
2023,이상규,13245,LG,0.2,,4510,역산 추정,374,1,0,0,,1,1,,,,1,,직전 시즌까지의 성적으로 추정
2023,이상동,14109,KT,0.7,,4468,역산 추정,378,1,0,0,,1,1,,,,1,,직전 시즌까지의 성적으로 추정
2023,이상민,11169,삼성,-0.3,,3662,역산 추정,408,1,0,0,,1,1,,,,1,,직전 시즌까지의 성적으로 추정
2023,이상영,14135,LG,0.1,,4933,역산 추정,241,1,0,0,,1,1,,,,1,,직전 시즌까지의 성적으로 추정
2023,이상호,11147,KT,-0.6,,3662,역산 추정,408,1,0,0,,1,1,,,,1,,직전 시즌까지의 성적으로 추정
2023,이선우,14111,KT,0.3,,4687,역산 추정,282,1,0,0,,1,1,,,,1,,직전 시즌까지의 성적으로 추정
2023,이성규,12562,삼성,-0.2,,4362,역산 추정,387,1,0,0,,1,1,,,,1,,직전 시즌까지의 성적으로 추정
2023,이승현,10527,삼성,0.5,,10183,역산 추정,149,2,0,0,,2,2,,,,2,,직전 시즌까지의 성적으로 추정
2023,이승현,14798,삼성,-0.0,,7045,역산 추정,182,1,-1,0,,1,3,,2025,,3,신인 하한,직전 시즌까지의 성적으로 추정
2023,이승호,12865,키움,0.1,,13690,역산 추정,131,2,0,0,,2,2,,,,2,,직전 시즌까지의 성적으로 추정
2023,이시원,12526,KT,-0.3,,4182,역산 추정,401,1,0,0,,1,1,,,,1,,직전 시즌까지의 성적으로 추정
2023,이영하,12568,두산,-0.3,,23790,역산 추정,97,2,-1,0,,1,1,,2021,,1,,직전 시즌까지의 성적으로 추정
2023,이용규,10035,키움,-0.4,,27617,역산 추정,91,2,0,0,,2,2,,,,2,,직전 시즌까지의 성적으로 추정
2023,이용준,14763,NC,0.6,,4556,역산 추정,368,1,0,0,,1,1,,,,1,,직전 시즌까지의 성적으로 추정
2023,이용찬,10217,NC,1.0,FA 2021 4년 보장 14.0억,46667,FA 연봉 부분,58,3,0,0,3,3,3,,2012,2023 WBC,4,계약 하한 대상(변경 없음) / 국가대표 +1,시즌 전 확정
2023,이우성,11099,KIA,2.4,,4259,역산 추정,394,1,0,0,,1,1,Y,,,2,풀타임 최소 2코인,직전 시즌까지의 성적으로 추정
2023,이우찬,10749,LG,0.9,,6513,역산 추정,193,1,0,0,,1,1,,,,1,,직전 시즌까지의 성적으로 추정
2023,이원석,10180,삼성,-0.8,FA 2021 3년 보장 12.0억,60000,FA 연봉 부분,36,4,0,0,4,4,4,,2009,,4,계약 하한 대상(변경 없음),시즌 전 확정
2023,이원석,10180,키움,-0.8,FA 2021 3년 보장 12.0억,60000,FA 연봉 부분,36,4,0,0,4,4,4,,2009,,4,계약 하한 대상(변경 없음),시즌 전 확정
2023,이원석,13138,한화,-0.0,,4257,역산 추정,395,1,0,0,,1,1,,,,1,,직전 시즌까지의 성적으로 추정
2023,이유찬,12894,두산,0.9,,4759,역산 추정,269,1,0,0,,1,1,,,,1,,직전 시즌까지의 성적으로 추정
2023,이의리,14788,KIA,2.9,,10239,역산 추정,147,2,0,0,,2,4,,2025,2023 WBC,4,신인 하한 / 국가대표 +1 / 국가대표 +1은 4코인까지,직전 시즌까지의 성적으로 추정
2023,이인복,11232,롯데,-0.4,,5992,역산 추정,209,1,0,0,,1,1,,,,1,,직전 시즌까지의 성적으로 추정
2023,이재원,10082,SSG,-0.7,,35280,역산 추정,71,2,0,1,,3,3,,2010,,3,,직전 시즌까지의 성적으로 추정
2023,이재원,13104,LG,0.1,,5553,역산 추정,216,1,0,0,,1,1,,,,1,,직전 시즌까지의 성적으로 추정
2023,이재익,13244,삼성,0.2,,4653,역산 추정,347,1,0,0,,1,1,Y,,,2,풀타임 최소 2코인,직전 시즌까지의 성적으로 추정
2023,이재학,10220,NC,1.1,FA 2023 3년 보장 5.5억,33993,FA 연봉 부분,82,2,0,1,2,3,3,,,,3,계약 하한 대상(변경 없음),시즌 전 확정
2023,이재현,15034,삼성,2.7,,4689,역산 추정,280,1,0,0,,1,3,,2026,,3,신인 하한,직전 시즌까지의 성적으로 추정
2023,이재희,14799,삼성,0.1,,4909,역산 추정,245,1,0,0,,1,1,,,,1,,직전 시즌까지의 성적으로 추정
2023,이정범,13194,SSG,-0.4,,4732,역산 추정,275,1,0,0,,1,1,,,,1,,직전 시즌까지의 성적으로 추정
2023,이정용,14134,LG,0.9,,11724,역산 추정,138,2,0,0,,2,3,,2024,,3,신인 하한,직전 시즌까지의 성적으로 추정
2023,이정후,12906,키움,4.4,,110000,실제 연봉,20,5,1,1,,5,5,,2021,2023 WBC,5,지정 유지(원태인·이정후·안우진),시즌 전 확정
2023,이정훈,12916,롯데,0.1,,4762,역산 추정,266,1,0,0,,1,1,,,,1,,직전 시즌까지의 성적으로 추정
2023,이종민,14576,키움,-0.3,,4687,역산 추정,282,1,0,0,,1,1,,,,1,,직전 시즌까지의 성적으로 추정
2023,이주형,14591,키움,2.2,,4687,역산 추정,282,1,0,0,,1,1,,,,1,,직전 시즌까지의 성적으로 추정
2023,이준영,11303,KIA,0.8,,8774,역산 추정,156,1,0,0,,1,1,Y,,,2,풀타임 최소 2코인,직전 시즌까지의 성적으로 추정
2023,이준호,15455,NC,-0.0,,4687,역산 추정,282,1,0,0,,1,1,,,,1,,직전 시즌까지의 성적으로 추정
2023,이지강,14143,LG,0.2,,4838,역산 추정,250,1,0,0,,1,1,,,,1,,직전 시즌까지의 성적으로 추정
2023,이지영,10312,키움,0.5,,50000,실제 연봉,44,3,0,0,,3,3,,,2023 WBC,4,국가대표 +1,시즌 전 확정
2023,이진영,12539,한화,2.5,,4206,역산 추정,398,1,0,0,,1,1,Y,,,2,풀타임 최소 2코인,직전 시즌까지의 성적으로 추정
2023,이진하,15441,롯데,0.2,,4687,역산 추정,282,1,0,0,,1,1,,,,1,,직전 시즌까지의 성적으로 추정
2023,이창진,11233,KIA,1.4,,9884,역산 추정,151,1,0,0,,1,1,,,,1,,직전 시즌까지의 성적으로 추정
2023,이채호,13130,KT,-0.1,,4929,역산 추정,243,1,0,0,,1,1,,,,1,,직전 시즌까지의 성적으로 추정
2023,이충호,11116,한화,-0.2,,4253,역산 추정,396,1,0,0,,1,1,,,,1,,직전 시즌까지의 성적으로 추정
2023,이태양,10609,한화,1.5,FA 2023 4년 보장 25.0억,66000,실제 연봉,34,4,0,0,4,4,4,,,,4,계약 하한 대상(변경 없음),시즌 전 확정
2023,이태연,15444,롯데,-0.4,,4687,역산 추정,282,1,0,0,,1,1,,,,1,,직전 시즌까지의 성적으로 추정
2023,이학주,14114,롯데,-0.2,,5933,역산 추정,211,1,0,0,,1,1,,,,1,,직전 시즌까지의 성적으로 추정
2023,이형범,11159,두산,-1.0,,6926,역산 추정,184,1,0,0,,1,1,,,,1,,직전 시즌까지의 성적으로 추정
2023,이형종,12516,키움,-0.1,,15056,역산 추정,124,2,0,0,,2,2,,2020,,2,,직전 시즌까지의 성적으로 추정
2023,이호성,15496,삼성,0.6,,4687,역산 추정,282,1,0,0,,1,1,,,,1,,직전 시즌까지의 성적으로 추정
2023,이호연,13151,KT,1.0,,4659,역산 추정,346,1,0,0,,1,1,,,,1,,직전 시즌까지의 성적으로 추정
2023,임기영,10909,KIA,2.1,,24838,역산 추정,95,2,0,0,,2,2,,,,2,,직전 시즌까지의 성적으로 추정
2023,임병욱,11226,키움,0.3,,7657,역산 추정,167,1,0,0,,1,1,,,,1,,직전 시즌까지의 성적으로 추정
2023,임정호,11168,NC,0.3,,19251,역산 추정,109,2,0,0,,2,2,,,,2,,직전 시즌까지의 성적으로 추정
2023,임준섭,10795,SSG,-0.3,,5705,역산 추정,215,1,0,0,,1,1,,,,1,,직전 시즌까지의 성적으로 추정
2023,임지열,11225,키움,0.2,,4762,역산 추정,266,1,0,0,,1,1,,,,1,,직전 시즌까지의 성적으로 추정
2023,임찬규,10652,LG,3.3,,35280,역산 추정,71,2,0,0,,2,2,,2015,,2,,직전 시즌까지의 성적으로 추정
2023,임창민,10452,키움,1.1,,7560,역산 추정,169,1,0,0,,1,1,Y,,,2,풀타임 최소 2코인,직전 시즌까지의 성적으로 추정
2023,장민재,10610,한화,-0.0,,11628,역산 추정,140,2,0,0,,2,2,,,,2,,직전 시즌까지의 성적으로 추정
2023,장성우,10235,KT,3.4,FA 2022 4년 보장 38.0억,50000,실제 연봉,44,4,0,0,4,4,4,,2013,,4,계약 하한 대상(변경 없음),시즌 전 확정
2023,장승현,11097,두산,-0.6,,4974,역산 추정,235,1,0,0,,1,1,,,,1,,직전 시즌까지의 성적으로 추정
2023,장시환,10453,한화,0.6,FA 2023 3년 보장 7.800000000000001억,26000,FA 연봉 부분,93,2,-1,0,2,1,2,,2011,,2,계약 하한(가격 변경),시즌 전 확정
2023,장원준,10299,두산,0.1,,11421,역산 추정,142,2,0,0,,2,2,,2008,,2,,직전 시즌까지의 성적으로 추정
2023,장재영,14784,키움,0.4,,4627,역산 추정,355,1,0,0,,1,1,,2025,,1,전수 판정: 보정 권고 / 지정 해제(규칙값),직전 시즌까지의 성적으로 추정
2023,장준원,11214,KT,0.2,,4786,역산 추정,261,1,0,0,,1,1,,,,1,,직전 시즌까지의 성적으로 추정
2023,장진혁,12583,한화,-0.6,,4444,역산 추정,382,1,0,0,,1,1,,,,1,,직전 시즌까지의 성적으로 추정
2023,장필준,11404,삼성,-0.4,,15484,역산 추정,120,2,0,0,,2,2,,,,2,,직전 시즌까지의 성적으로 추정
2023,장현식,11164,KIA,0.5,,26645,역산 추정,92,2,0,0,,2,2,,,,2,,직전 시즌까지의 성적으로 추정
2023,전병우,11422,키움,-0.2,,6309,역산 추정,198,1,0,0,,1,1,,,,1,,직전 시즌까지의 성적으로 추정
2023,전사민,14156,NC,0.1,,4823,역산 추정,254,1,0,0,,1,1,,,,1,,직전 시즌까지의 성적으로 추정
2023,전상현,12537,KIA,1.7,,14658,역산 추정,126,2,0,0,,2,2,,,,2,,직전 시즌까지의 성적으로 추정
2023,전용주,14106,KT,0.3,,4687,역산 추정,282,1,0,0,,1,3,,2027,,3,신인 하한,직전 시즌까지의 성적으로 추정
2023,전의산,14699,SSG,-0.3,,4979,역산 추정,234,1,0,0,,1,1,,,,1,,직전 시즌까지의 성적으로 추정
2023,전준우,10266,롯데,3.5,FA 2020 4년 보장 32.0억,50000,실제 연봉,44,4,0,1,4,5,5,,,,5,계약 하한 대상(변경 없음),시즌 전 확정
2023,정구범,14595,NC,-0.1,,4687,역산 추정,282,1,0,0,,1,4,,2027,,4,신인 하한,직전 시즌까지의 성적으로 추정
2023,정대선,15443,롯데,-0.5,,4687,역산 추정,282,1,0,0,,1,1,,,,1,,직전 시즌까지의 성적으로 추정
2023,정보근,13154,롯데,1.4,,3991,역산 추정,404,1,0,0,,1,1,,,,1,,직전 시즌까지의 성적으로 추정
2023,정성종,13147,롯데,0.1,,4574,역산 추정,363,1,0,0,,1,1,,,,1,,직전 시즌까지의 성적으로 추정
2023,정수빈,10195,두산,4.4,FA 2021 6년 보장 52.0억,60000,실제 연봉,36,4,0,1,4,5,5,,,,5,계약 하한 대상(변경 없음),시즌 전 확정
2023,정우람,10156,한화,0.2,FA 2020 4년 보장 39.0억,50000,실제 연봉,44,4,0,0,4,4,4,,,,4,계약 하한 대상(변경 없음),시즌 전 확정
2023,정우영,14136,LG,-0.7,,40000,실제 연봉,64,2,0,0,,2,2,,,2023 WBC,3,국가대표 +1,시즌 전 확정
2023,정은원,13137,한화,0.8,,19979,역산 추정,106,2,0,0,,2,2,,,,3,변동 완충(−1까지),직전 시즌까지의 성적으로 추정
2023,정주현,10480,LG,-0.8,,5911,역산 추정,212,1,0,0,,1,1,,,,1,,직전 시즌까지의 성적으로 추정
2023,정준영,15519,KT,0.4,,4687,역산 추정,282,1,0,0,,1,1,,,,1,,직전 시즌까지의 성적으로 추정
2023,정찬헌,10533,키움,0.8,FA 2023 2년 보장 6.0억,32817,FA 연봉 부분,83,2,-1,0,2,1,2,,,,2,계약 하한(가격 변경),시즌 전 확정
2023,정철원,13071,두산,0.0,,7679,역산 추정,166,1,0,0,,1,1,Y,,2023 WBC,4,풀타임 최소 2코인 / 국가대표 +1 / 데뷔 시즌 신인왕 하한 4,직전 시즌까지의 성적으로 추정
2023,정해영,14608,KIA,1.3,,13736,역산 추정,130,2,0,0,,2,3,,2024,,3,신인 하한,직전 시즌까지의 성적으로 추정
2023,정훈,10253,롯데,0.8,FA 2022 3년 보장 13.0억,43333,FA 연봉 부분,60,3,0,0,3,3,3,,,,3,계약 하한 대상(변경 없음),시즌 전 확정
2023,조민석,15119,NC,0.3,,4750,역산 추정,273,1,0,0,,1,1,,,,1,,직전 시즌까지의 성적으로 추정
2023,조성훈,13125,SSG,0.0,,4687,역산 추정,282,1,0,0,,1,1,,,,1,,직전 시즌까지의 성적으로 추정
2023,조수행,12524,두산,-0.0,,5108,역산 추정,227,1,0,0,,1,1,,,,1,,직전 시즌까지의 성적으로 추정
2023,조영건,14132,키움,0.4,,4763,역산 추정,265,1,0,0,,1,1,,,,1,,직전 시즌까지의 성적으로 추정
2023,조용호,12943,KT,-0.1,,9398,역산 추정,154,1,0,0,,1,1,,,,1,,직전 시즌까지의 성적으로 추정
2023,조이현,11284,KT,-0.5,,5268,역산 추정,222,1,0,0,,1,1,,,,1,,직전 시즌까지의 성적으로 추정
2023,조형우,14806,SSG,-0.3,,4687,역산 추정,282,1,0,0,,1,1,,,,1,,직전 시즌까지의 성적으로 추정
2023,주권,11323,KT,0.3,,35280,역산 추정,71,2,0,0,,2,2,,2019,,2,,직전 시즌까지의 성적으로 추정
2023,주성원,14133,키움,-0.4,,4687,역산 추정,282,1,0,0,,1,1,,,,1,,직전 시즌까지의 성적으로 추정
2023,주승우,15067,키움,-0.2,,4687,역산 추정,282,1,0,0,,1,1,,,,1,,직전 시즌까지의 성적으로 추정
2023,주현상,11415,한화,2.2,,4690,역산 추정,279,1,0,0,,1,1,Y,,,2,풀타임 최소 2코인,직전 시즌까지의 성적으로 추정
2023,주효상,12567,KIA,-0.5,,4067,역산 추정,403,1,0,0,,1,1,,2021,,1,,직전 시즌까지의 성적으로 추정
2023,진승현,15047,롯데,-0.1,,4708,역산 추정,277,1,0,0,,1,1,,,,1,,직전 시즌까지의 성적으로 추정
2023,진해수,10075,LG,0.0,,35280,역산 추정,71,2,0,0,,2,2,,,,2,,직전 시즌까지의 성적으로 추정
2023,채은성,11215,한화,1.9,FA 2023 6년 보장 80.0억,180000,실제 연봉,3,5,0,0,5,5,5,,,,5,계약 하한 대상(변경 없음),시즌 전 확정
2023,천재환,13261,NC,0.0,,4593,역산 추정,361,1,0,0,,1,1,,,,1,,직전 시즌까지의 성적으로 추정
2023,최동환,10535,LG,0.7,,4304,역산 추정,391,1,0,0,,1,1,,2013,,1,,직전 시즌까지의 성적으로 추정
2023,최민준,13126,SSG,0.2,,8691,역산 추정,158,1,0,0,,1,1,Y,,,2,풀타임 최소 2코인,직전 시즌까지의 성적으로 추정
2023,최상민,13195,SSG,0.2,,4687,역산 추정,282,1,0,0,,1,1,,,,1,,직전 시즌까지의 성적으로 추정
2023,최설우,11276,롯데,-0.6,,5735,역산 추정,213,1,0,0,,1,1,,,,1,,직전 시즌까지의 성적으로 추정
2023,최성영,12565,NC,0.9,,6813,역산 추정,189,1,0,0,,1,1,,,,1,,직전 시즌까지의 성적으로 추정
2023,최승용,14770,두산,1.7,,6078,역산 추정,208,1,0,0,,1,1,Y,,,2,풀타임 최소 2코인,직전 시즌까지의 성적으로 추정
2023,최원준,12534,KIA,0.4,,9443,역산 추정,153,1,0,0,,1,1,,,,1,,직전 시즌까지의 성적으로 추정
2023,최원준,12852,두산,1.1,,35280,역산 추정,71,2,0,0,,2,2,,,,2,,직전 시즌까지의 성적으로 추정
2023,최원태,11379,키움,2.9,,35280,역산 추정,71,2,0,0,,2,2,,2020,,2,,직전 시즌까지의 성적으로 추정
2023,최원태,11379,LG,2.9,,35280,역산 추정,71,2,0,0,,2,2,,2020,,2,,직전 시즌까지의 성적으로 추정
2023,최이준,13169,롯데,-0.0,,4687,역산 추정,282,1,0,0,,1,1,,,,1,,직전 시즌까지의 성적으로 추정
2023,최인호,14707,한화,1.1,,4569,역산 추정,365,1,0,0,,1,1,,,,1,,직전 시즌까지의 성적으로 추정
2023,최재훈,10170,한화,3.3,FA 2022 5년 보장 49.0억,80000,실제 연봉,28,4,0,0,4,4,4,,,,4,계약 하한 대상(변경 없음),시즌 전 확정
2023,최정,10106,SSG,5.4,FA 2019 6년 보장 100.0억,100000,실제 연봉,22,5,1,1,5,5,5,,2009,2023 WBC,5,계약 하한 대상(변경 없음),시즌 전 확정
2023,최정용,11407,KIA,0.2,,4183,역산 추정,400,1,0,0,,1,1,,,,1,,직전 시즌까지의 성적으로 추정
2023,최정원,14221,NC,0.4,,5213,역산 추정,224,1,0,0,,1,1,,,,1,,직전 시즌까지의 성적으로 추정
2023,최주환,10182,SSG,1.0,FA 2021 4년 보장 38.0억,65000,실제 연봉,35,4,0,0,4,4,4,,,,4,계약 하한 대상(변경 없음),시즌 전 확정
2023,최준용,14624,롯데,1.5,,8689,역산 추정,159,1,0,0,,1,4,,2024,,4,신인 하한,직전 시즌까지의 성적으로 추정
2023,최준우,13128,SSG,0.4,,4518,역산 추정,373,1,0,0,,1,1,,,,1,,직전 시즌까지의 성적으로 추정
2023,최지강,15127,두산,0.1,,4687,역산 추정,282,1,0,0,,1,1,,,,1,,직전 시즌까지의 성적으로 추정
2023,최지광,12934,삼성,-0.1,,15414,역산 추정,121,2,-1,0,,1,1,,,,1,,직전 시즌까지의 성적으로 추정
2023,최지민,15057,KIA,0.8,,4678,역산 추정,341,1,0,0,,1,1,Y,,,2,풀타임 최소 2코인,직전 시즌까지의 성적으로 추정
2023,최지훈,14587,SSG,1.3,,17504,역산 추정,114,2,1,0,,3,3,,,2023 WBC,4,국가대표 +1,직전 시즌까지의 성적으로 추정
2023,최채흥,13156,삼성,-0.1,,15579,역산 추정,119,2,0,0,,2,3,,2022,,2,"신인 하한 / 신인 하한 종료(달력 5시즌, 군 복무 외 공백은 연장 안 함)",직전 시즌까지의 성적으로 추정
2023,최충연,12530,삼성,-0.1,,8749,역산 추정,157,1,0,0,,1,1,,2020,,1,,직전 시즌까지의 성적으로 추정
2023,최하늘,13152,삼성,-0.8,,4838,역산 추정,250,1,0,0,,1,1,,,,1,,직전 시즌까지의 성적으로 추정
2023,최항,10810,SSG,-0.3,,6096,역산 추정,207,1,0,0,,1,1,,,,1,,직전 시즌까지의 성적으로 추정
2023,최형우,10344,KIA,3.9,FA 2021 3년 보장 40.0억,90000,실제 연봉,26,5,0,0,5,5,4,,,,4,계약 하한 대상(변경 없음)/커리어 로우·지정 하향,시즌 전 확정
2023,추신수,14888,SSG,1.8,,170000,실제 연봉,4,5,0,0,,5,5,,,,5,,시즌 전 확정
2023,하영민,11222,키움,-0.8,,4166,역산 추정,402,1,0,0,,1,1,Y,,,2,풀타임 최소 2코인,직전 시즌까지의 성적으로 추정
2023,하재훈,14147,SSG,2.5,,4287,역산 추정,392,1,0,0,,1,1,,,,1,,직전 시즌까지의 성적으로 추정
2023,하주석,10913,한화,-0.5,,18527,역산 추정,112,2,0,0,,2,2,,2016,,2,,직전 시즌까지의 성적으로 추정
2023,하준영,13115,NC,0.3,,6397,역산 추정,197,1,0,0,,1,1,Y,,,2,풀타임 최소 2코인,직전 시즌까지의 성적으로 추정
2023,하준호,10304,KT,0.0,,3662,역산 추정,408,1,0,0,,1,1,,2013,,1,,직전 시즌까지의 성적으로 추정
2023,한동희,13145,롯데,-1.7,,14029,역산 추정,129,2,0,0,,2,2,,,,2,,직전 시즌까지의 성적으로 추정
2023,한석현,13250,NC,-0.2,,4687,역산 추정,282,1,0,0,,1,1,,,,1,,직전 시즌까지의 성적으로 추정
2023,한승주,14621,한화,0.7,,4796,역산 추정,257,1,0,0,,1,1,,,,1,,직전 시즌까지의 성적으로 추정
2023,한승택,11119,KIA,-0.6,,4378,역산 추정,386,1,0,0,,1,1,,,,1,,직전 시즌까지의 성적으로 추정
2023,한승혁,10812,한화,-0.3,,6222,역산 추정,200,1,-1,0,,1,1,,2016,,1,,직전 시즌까지의 성적으로 추정
2023,한유섬,10815,SSG,0.8,NONFA 2022 5년 보장 56억,50000,실제 연봉,44,5,0,0,5,5,5,,,,5,계약 하한 대상(변경 없음),시즌 전 확정
2023,한재승,14764,NC,-0.0,,4792,역산 추정,259,1,0,0,,1,1,,,,1,,직전 시즌까지의 성적으로 추정
2023,한준수,13113,KIA,0.5,,4687,역산 추정,282,1,0,0,,1,1,,,,1,,직전 시즌까지의 성적으로 추정
2023,한현희,10863,롯데,0.6,FA 2023 4년 보장 18.0억,60000,FA 연봉 부분,36,4,0,0,4,4,4,,,,4,계약 하한 대상(변경 없음),시즌 전 확정
2023,함덕주,11094,LG,2.4,,29718,역산 추정,84,2,0,0,,2,2,,,,2,,직전 시즌까지의 성적으로 추정
2023,허경민,10184,두산,2.1,FA 2021 7년 보장 65.0억,120000,실제 연봉,17,5,0,0,5,5,4,,2016,,4,계약 하한 대상(변경 없음)/커리어 로우·지정 하향,시즌 전 확정
2023,허도환,10684,LG,-0.0,FA 2022 2년 보장 4.0억,20000,FA 연봉 부분,105,2,0,0,2,2,2,,,,2,계약 하한 대상(변경 없음),시즌 전 확정
2023,허윤동,14613,삼성,-0.3,,5057,역산 추정,230,1,0,0,,1,1,,,,1,,직전 시즌까지의 성적으로 추정
2023,홍건희,10696,두산,1.0,,28709,역산 추정,87,2,-1,0,,1,1,Y,2015,,2,풀타임 최소 2코인,직전 시즌까지의 성적으로 추정
2023,홍성호,12606,두산,-0.2,,4687,역산 추정,282,1,0,0,,1,1,,,,1,,직전 시즌까지의 성적으로 추정
2023,홍정우,13242,삼성,-0.5,,4844,역산 추정,248,1,0,0,,1,1,,,,1,,직전 시즌까지의 성적으로 추정
2023,홍창기,12546,LG,6.9,,35280,역산 추정,71,2,0,0,,2,2,,,,3,변동 완충(−1까지),직전 시즌까지의 성적으로 추정
2023,홍현빈,12941,KT,0.1,,4995,역산 추정,232,1,0,0,,1,1,,,,1,,직전 시즌까지의 성적으로 추정
2023,황대인,11306,KIA,-0.2,,5075,역산 추정,229,1,-1,0,,1,1,,,,1,,직전 시즌까지의 성적으로 추정
2023,황동재,14615,삼성,-0.2,,4575,역산 추정,362,1,0,0,,1,3,,2026,,3,신인 하한,직전 시즌까지의 성적으로 추정
2023,황동하,15063,KIA,-0.1,,4687,역산 추정,282,1,0,0,,1,1,,,,1,,직전 시즌까지의 성적으로 추정
2023,황성빈,14642,롯데,0.1,,4784,역산 추정,262,1,0,0,,1,1,,,,1,,직전 시즌까지의 성적으로 추정
2023,황재균,10407,KT,3.2,FA 2022 4년 보장 54.0억,100000,실제 연봉,22,5,0,0,5,5,5,,,,5,계약 하한 대상(변경 없음),시즌 전 확정
2024,강민호,10232,삼성,3.4,FA 2022 4년 보장 32.0억,40000,실제 연봉,64,4,0,0,4,4,4,,,,4,계약 하한 대상(변경 없음),시즌 전 확정
2024,강백호,13168,KT,2.2,,38560,역산 추정,82,2,0,1,,3,5,,2022,2022 항저우 AG,5,MVP 다음 해/지정,직전 시즌까지의 성적으로 추정
2024,강승호,11087,두산,3.8,,10364,역산 추정,152,1,0,0,,1,1,Y,,,2,풀타임 최소 2코인,직전 시즌까지의 성적으로 추정
2024,강진성,11148,SSG,-0.1,,7405,역산 추정,179,1,0,0,,1,1,,,,1,,직전 시즌까지의 성적으로 추정
2024,강현우,14603,KT,0.3,,4635,역산 추정,379,1,0,0,,1,1,,,,1,,직전 시즌까지의 성적으로 추정
2024,고명준,14807,SSG,-0.7,,4958,역산 추정,259,1,0,0,,1,1,Y,,,2,풀타임 최소 2코인,직전 시즌까지의 성적으로 추정
2024,고승민,14160,롯데,3.2,,5590,역산 추정,218,1,0,0,,1,1,Y,,,2,풀타임 최소 2코인,직전 시즌까지의 성적으로 추정
2024,고영우,16128,키움,-0.4,,4958,역산 추정,259,1,0,0,,1,1,,,,1,,직전 시즌까지의 성적으로 추정
2024,고영표,11308,KT,1.6,,200000,실제 연봉,3,5,1,1,,5,5,,,,5,,시즌 전 확정
2024,고종욱,10659,KIA,-0.0,FA 2024 2년 보장 4.0억,20000,FA 연봉 부분,113,2,0,0,2,2,2,,,,2,계약 하한 대상(변경 없음),시즌 전 확정
2024,고효준,10124,SSG,-0.2,,4631,역산 추정,381,1,0,0,,1,1,,2008,,1,,직전 시즌까지의 성적으로 추정
2024,곽도규,15435,KIA,1.1,,4748,역산 추정,354,1,0,0,,1,1,Y,,,2,풀타임 최소 2코인,직전 시즌까지의 성적으로 추정
2024,곽빈,13061,두산,4.4,,17014,역산 추정,122,2,0,0,,2,3,,2022,2022 항저우 AG,3,"신인 하한 / 국가대표 +1 / 신인 하한 종료(달력 5시즌, 군 복무 외 공백은 연장 안 함)",직전 시즌까지의 성적으로 추정
2024,구본혁,14140,LG,1.3,,4422,역산 추정,396,1,0,0,,1,1,Y,,,2,풀타임 최소 2코인,직전 시즌까지의 성적으로 추정
2024,구승민,11291,롯데,0.1,,45000,실제 연봉,60,3,0,0,,3,3,,,,3,,시즌 전 확정
2024,구자욱,10892,삼성,5.9,NONFA 2022 5년 보장 110억,200000,실제 연봉,3,5,1,1,5,5,5,,,,5,계약 하한 대상(변경 없음),시즌 전 확정
2024,권광민,13676,한화,0.4,,4608,역산 추정,385,1,0,0,,1,1,,,,1,,직전 시즌까지의 성적으로 추정
2024,권휘,13665,두산,-0.1,,4985,역산 추정,255,1,0,0,,1,1,,,,1,,직전 시즌까지의 성적으로 추정
2024,권희동,11172,NC,3.9,,28058,역산 추정,91,2,0,0,,2,2,,,,2,,직전 시즌까지의 성적으로 추정
2024,김강률,10690,두산,1.6,,8438,역산 추정,166,1,0,0,,1,1,Y,,,2,풀타임 최소 2코인,직전 시즌까지의 성적으로 추정
2024,김강민,10108,한화,0.0,,14712,역산 추정,131,2,0,0,,2,2,,2009,,2,,직전 시즌까지의 성적으로 추정
2024,김건국,12944,KIA,-0.3,,3874,역산 추정,404,1,0,0,,1,1,,2022,,1,,직전 시즌까지의 성적으로 추정
2024,김건희,15472,키움,0.2,,4958,역산 추정,259,1,0,0,,1,1,,,,1,,직전 시즌까지의 성적으로 추정
2024,김광현,10126,SSG,3.0,NONFA 2022 4년 보장 131억,100000,실제 연봉,22,5,0,1,5,5,5,,2011,,5,계약 하한 대상(변경 없음),시즌 전 확정
2024,김규연,14871,한화,-0.1,,5076,역산 추정,242,1,0,0,,1,1,Y,,,2,풀타임 최소 2코인,직전 시즌까지의 성적으로 추정
2024,김기연,12549,두산,1.2,,4584,역산 추정,389,1,0,0,,1,1,,,,1,,직전 시즌까지의 성적으로 추정
2024,김기중,14808,한화,0.2,,5272,역산 추정,225,1,0,0,,1,1,,,,1,,직전 시즌까지의 성적으로 추정
2024,김기훈,14176,KIA,0.0,,6208,역산 추정,207,1,0,0,,1,3,,2023,,1,"신인 하한 / 신인 하한 종료(달력 5시즌, 군 복무 외 공백은 연장 안 함)",직전 시즌까지의 성적으로 추정
2024,김대우,10685,삼성,0.2,FA 2024 2년 보장 3.0억,15000,FA 연봉 부분,130,2,0,0,2,2,2,,,,2,계약 하한 대상(변경 없음),시즌 전 확정
2024,김대유,10706,KIA,-0.6,,9967,역산 추정,159,1,0,0,,1,1,,,,1,,직전 시즌까지의 성적으로 추정
2024,김대한,14170,두산,-0.7,,4766,역산 추정,349,1,0,0,,1,3,,2026,,3,신인 하한,직전 시즌까지의 성적으로 추정
2024,김대현,12532,LG,0.0,,7990,역산 추정,171,1,0,0,,1,4,,2021,,1,"신인 하한 / 신인 하한 종료(달력 5시즌, 군 복무 외 공백은 연장 안 함)",직전 시즌까지의 성적으로 추정
2024,김도영,15056,KIA,8.6,,9339,역산 추정,161,1,0,0,,1,4,,2026,2023 APBC,4,신인 하한 / 국가대표 +1 / 국가대표 +1은 4코인까지,직전 시즌까지의 성적으로 추정
2024,김도현,14128,KIA,1.0,,5038,역산 추정,247,1,0,0,,1,1,Y,,,2,풀타임 최소 2코인,직전 시즌까지의 성적으로 추정
2024,김동욱,14681,키움,0.1,,4958,역산 추정,259,1,0,0,,1,1,,,,1,,직전 시즌까지의 성적으로 추정
2024,김동주,14769,두산,-0.3,,6674,역산 추정,198,1,0,0,,1,1,,,,1,,직전 시즌까지의 성적으로 추정
2024,김동진,14863,삼성,-0.3,,5119,역산 추정,239,1,0,0,,1,1,,,,1,,직전 시즌까지의 성적으로 추정
2024,김동혁,14674,키움,-0.7,,6012,역산 추정,211,1,0,0,,1,1,,,,1,,직전 시즌까지의 성적으로 추정
2024,김명신,12847,두산,-1.4,,17732,역산 추정,121,2,0,0,,2,2,,,,2,,직전 시즌까지의 성적으로 추정
2024,김무신,13162,삼성,-0.2,,6969,역산 추정,185,1,0,0,,1,1,,,,1,,직전 시즌까지의 성적으로 추정
2024,김민,13167,KT,1.8,,6759,역산 추정,195,1,0,0,,1,1,Y,2022,,2,풀타임 최소 2코인,직전 시즌까지의 성적으로 추정
2024,김민규,13072,두산,0.7,,5176,역산 추정,235,1,0,0,,1,1,,,,1,,직전 시즌까지의 성적으로 추정
2024,김민규,16049,NC,-0.1,,4958,역산 추정,259,1,0,0,,1,1,,,,1,,직전 시즌까지의 성적으로 추정
2024,김민석,15253,롯데,-0.4,,5936,역산 추정,212,1,-1,0,,1,3,,2027,,3,신인 하한,직전 시즌까지의 성적으로 추정
2024,김민성,10238,롯데,0.1,FA 2024 3년 보장 7.0억,35000,FA 연봉 부분,84,2,0,0,2,2,2,,2013,,2,계약 하한 대상(변경 없음),시즌 전 확정
2024,김민수,11317,KT,0.5,,18190,역산 추정,120,2,0,0,,2,2,,,,2,,직전 시즌까지의 성적으로 추정
2024,김민식,10707,SSG,-0.2,FA 2024 2년 보장 4.0억,20000,FA 연봉 부분,113,2,0,0,2,2,2,,,,2,계약 하한 대상(변경 없음),시즌 전 확정
2024,김민우,11410,한화,0.6,,18491,역산 추정,118,2,0,0,,2,2,,,,2,,직전 시즌까지의 성적으로 추정
2024,김민혁,11339,KT,2.3,,11090,역산 추정,147,2,0,0,,2,2,,,,2,,직전 시즌까지의 성적으로 추정
2024,김범석,15484,LG,-0.3,,4958,역산 추정,259,1,0,0,,1,3,,2028,,3,신인 하한,직전 시즌까지의 성적으로 추정
2024,김범수,11411,한화,0.0,,24446,역산 추정,102,2,-1,0,,1,1,,,,1,,직전 시즌까지의 성적으로 추정
2024,김병휘,14577,키움,-0.2,,4958,역산 추정,259,1,0,0,,1,1,,,,1,,직전 시즌까지의 성적으로 추정
2024,김사윤,11364,KIA,-0.1,,6489,역산 추정,202,1,0,0,,1,1,,,,1,,직전 시즌까지의 성적으로 추정
2024,김상수,10427,롯데,0.9,,39200,역산 추정,71,2,0,0,,2,2,,2012,,2,,직전 시즌까지의 성적으로 추정
2024,김상수,10320,KT,1.9,FA 2023 4년 보장 23.0억,57500,FA 연봉 부분,49,3,0,0,3,3,3,,2013,,3,계약 하한 대상(변경 없음),시즌 전 확정
2024,김서현,15421,한화,0.6,,4710,역산 추정,364,1,0,0,,1,4,,2027,,4,신인 하한,직전 시즌까지의 성적으로 추정
2024,김선기,13092,키움,0.1,,3874,역산 추정,404,1,0,0,,1,1,Y,,,2,풀타임 최소 2코인,직전 시즌까지의 성적으로 추정
2024,김선빈,10008,KIA,2.5,FA 2024 3년 보장 24.0억,60000,실제 연봉,42,4,0,1,4,5,5,,,,5,계약 하한 대상(변경 없음),시즌 전 확정
2024,김성민,12918,키움,0.5,,10243,역산 추정,155,1,0,0,,1,1,,,,1,,직전 시즌까지의 성적으로 추정
2024,김성욱,11153,NC,-0.5,,6604,역산 추정,199,1,0,0,,1,1,Y,,,2,풀타임 최소 2코인,직전 시즌까지의 성적으로 추정
2024,김성윤,12936,삼성,-0.0,,5642,역산 추정,217,1,0,0,,1,1,,,2022 항저우 AG,2,국가대표 +1,직전 시즌까지의 성적으로 추정
2024,김성현,10636,SSG,-0.5,,33629,역산 추정,87,2,0,0,,2,2,,,,2,,직전 시즌까지의 성적으로 추정
2024,김승현,12637,KIA,0.1,,4602,역산 추정,386,1,0,0,,1,1,,,,1,,직전 시즌까지의 성적으로 추정
2024,김시훈,13080,NC,1.9,,11628,역산 추정,145,2,-1,0,,1,3,,2026,,3,신인 하한,직전 시즌까지의 성적으로 추정
2024,김연주,16127,키움,-0.2,,4958,역산 추정,259,1,0,0,,1,1,,,,1,,직전 시즌까지의 성적으로 추정
2024,김영규,13088,NC,1.5,,12867,역산 추정,138,2,0,0,,2,2,,,2022 항저우 AG,3,국가대표 +1,직전 시즌까지의 성적으로 추정
2024,김영웅,15035,삼성,2.4,,4860,역산 추정,331,1,0,0,,1,1,Y,,,2,풀타임 최소 2코인,직전 시즌까지의 성적으로 추정
2024,김영준,13102,LG,-0.3,,5003,역산 추정,253,1,0,0,,1,3,,2022,,1,"신인 하한 / 신인 하한 종료(달력 5시즌, 군 복무 외 공백은 연장 안 함)",직전 시즌까지의 성적으로 추정
2024,김영현,14869,KT,0.0,,4907,역산 추정,322,1,0,0,,1,1,,,,1,,직전 시즌까지의 성적으로 추정
2024,김웅빈,12503,키움,-0.4,,4858,역산 추정,332,1,0,0,,1,1,,,,1,,직전 시즌까지의 성적으로 추정
2024,김원중,10825,롯데,2.2,,50000,실제 연봉,51,3,0,0,,3,3,,,,3,,시즌 전 확정
2024,김유성,15509,두산,0.2,,4699,역산 추정,368,1,0,0,,1,1,,,,1,,직전 시즌까지의 성적으로 추정
2024,김유영,11229,LG,0.7,,5762,역산 추정,213,1,-1,0,,1,1,Y,,,2,풀타임 최소 2코인,직전 시즌까지의 성적으로 추정
2024,김윤하,16123,키움,0.3,,4958,역산 추정,259,1,0,0,,1,1,Y,,,2,풀타임 최소 2코인,직전 시즌까지의 성적으로 추정
2024,김인범,14480,키움,0.6,,4965,역산 추정,258,1,0,0,,1,1,,,,1,,직전 시즌까지의 성적으로 추정
2024,김인환,12589,한화,-0.9,,7577,역산 추정,175,1,-1,0,,1,1,,,,1,,직전 시즌까지의 성적으로 추정
2024,김재상,15499,삼성,-0.0,,4958,역산 추정,259,1,0,0,,1,1,,,,1,,직전 시즌까지의 성적으로 추정
2024,김재열,14747,NC,2.1,,4468,역산 추정,395,1,0,0,,1,1,Y,,,2,풀타임 최소 2코인,직전 시즌까지의 성적으로 추정
2024,김재웅,12858,키움,0.5,,20469,역산 추정,111,2,0,0,,2,2,,,,2,,직전 시즌까지의 성적으로 추정
2024,김재윤,11489,삼성,1.2,FA 2024 4년 보장 48.0억,40000,실제 연봉,64,5,0,0,5,5,5,,,,5,계약 하한 대상(변경 없음),시즌 전 확정
2024,김재혁,15036,삼성,-0.5,,4948,역산 추정,313,1,0,0,,1,1,,,,1,,직전 시즌까지의 성적으로 추정
2024,김재현,10870,키움,-0.1,,3874,역산 추정,404,1,0,0,,1,1,,,,1,,직전 시즌까지의 성적으로 추정
2024,김재호,10174,두산,0.7,,39200,역산 추정,71,2,0,1,,3,3,,2009,,3,,직전 시즌까지의 성적으로 추정
2024,김재환,10643,두산,3.2,FA 2022 4년 보장 110.0억,150000,실제 연봉,8,5,-1,1,5,5,4,,2015,,4,계약 하한 대상(변경 없음)/커리어 로우·지정 하향,시즌 전 확정
2024,김주원,14765,NC,3.9,,10038,역산 추정,157,1,0,0,,1,1,Y,,2022 항저우 AG,3,풀타임 최소 2코인 / 국가대표 +1,직전 시즌까지의 성적으로 추정
2024,김준태,10835,KT,0.1,,6830,역산 추정,192,1,0,0,,1,1,,,,1,,직전 시즌까지의 성적으로 추정
2024,김지찬,14618,삼성,4.1,,10357,역산 추정,153,1,0,0,,1,1,Y,,2022 항저우 AG,3,풀타임 최소 2코인 / 국가대표 +1,직전 시즌까지의 성적으로 추정
2024,김진성,11166,LG,1.0,FA 2023 2년 보장 7.0억,39200,FA 연봉 부분,71,2,0,0,2,2,2,,,,2,계약 하한 대상(변경 없음),시즌 전 확정
2024,김진수,14781,LG,0.1,,4958,역산 추정,259,1,0,0,,1,1,,,,1,,직전 시즌까지의 성적으로 추정
2024,김진욱,14792,롯데,1.8,,6900,역산 추정,189,1,-1,0,,1,3,,2025,,3,신인 하한,직전 시즌까지의 성적으로 추정
2024,김태군,10459,KIA,1.2,,70000,실제 연봉,34,4,0,0,,4,4,,,,4,,시즌 전 확정
2024,김태연,12585,한화,0.6,,8137,역산 추정,167,1,0,0,,1,1,Y,,,2,풀타임 최소 2코인,직전 시즌까지의 성적으로 추정
2024,김태진,11244,키움,-0.0,,6807,역산 추정,193,1,0,0,,1,1,,,,1,,직전 시즌까지의 성적으로 추정
2024,김태현,12898,NC,-0.2,,4797,역산 추정,341,1,0,0,,1,3,,2025,,3,신인 하한,직전 시즌까지의 성적으로 추정
2024,김태훈,10871,삼성,1.1,,13562,역산 추정,134,2,-1,0,,1,1,Y,,,2,풀타임 최소 2코인,직전 시즌까지의 성적으로 추정
2024,김택연,16067,두산,2.9,,4958,역산 추정,259,1,0,0,,1,4,,2028,,4,신인 하한,직전 시즌까지의 성적으로 추정
2024,김택형,11373,SSG,-0.1,,9750,역산 추정,160,1,0,0,,1,1,,,,1,,직전 시즌까지의 성적으로 추정
2024,김한별,14716,NC,-0.1,,4669,역산 추정,371,1,0,0,,1,1,,,,1,,직전 시즌까지의 성적으로 추정
2024,김헌곤,10640,삼성,1.1,,6931,역산 추정,187,1,0,0,,1,1,,,,1,,직전 시즌까지의 성적으로 추정
2024,김현수,10187,LG,1.1,FA 2022 6년 보장 90.0억,100000,실제 연봉,22,5,0,0,5,5,5,,,,5,계약 하한 대상(변경 없음),시즌 전 확정
2024,김현수,14162,KIA,-0.3,,4614,역산 추정,383,1,0,0,,1,1,,,,1,,직전 시즌까지의 성적으로 추정
2024,김현준,14867,삼성,-0.6,,9038,역산 추정,162,1,0,0,,1,1,,,,1,,직전 시즌까지의 성적으로 추정
2024,김형준,13081,NC,0.4,,4935,역산 추정,316,1,0,0,,1,1,Y,,2022 항저우 AG,3,풀타임 최소 2코인 / 국가대표 +1,직전 시즌까지의 성적으로 추정
2024,김혜성,12905,키움,5.3,,65000,실제 연봉,39,4,1,1,,5,5,,,2022 항저우 AG,5,,시즌 전 확정
2024,김호령,11298,KIA,-0.2,,6267,역산 추정,205,1,0,0,,1,1,,,,1,,직전 시즌까지의 성적으로 추정
2024,김호준,13268,두산,-0.3,,4958,역산 추정,259,1,0,0,,1,1,,,,1,,직전 시즌까지의 성적으로 추정
2024,김호진,15868,삼성,-0.4,,4958,역산 추정,259,1,0,0,,1,1,,,,1,,직전 시즌까지의 성적으로 추정
2024,김휘집,14785,키움,2.3,,8726,역산 추정,165,1,0,0,,1,1,,,2023 APBC,2,국가대표 +1,직전 시즌까지의 성적으로 추정
2024,김휘집,14785,NC,2.3,,8726,역산 추정,165,1,0,0,,1,1,Y,,2023 APBC,3,풀타임 최소 2코인 / 국가대표 +1,직전 시즌까지의 성적으로 추정
2024,나균안,12930,롯데,-0.7,,10874,역산 추정,150,2,0,0,,2,2,,,2022 항저우 AG,3,국가대표 +1,직전 시즌까지의 성적으로 추정
2024,나성범,11162,KIA,1.8,FA 2022 6년 보장 120.0억,80000,실제 연봉,31,5,0,0,5,5,5,,2017,,5,계약 하한 대상(변경 없음),시즌 전 확정
2024,나승엽,14797,롯데,2.3,,4743,역산 추정,356,1,0,0,,1,4,,2025,2023 APBC,4,신인 하한 / 국가대표 +1 / 국가대표 +1은 4코인까지,직전 시즌까지의 성적으로 추정
2024,노경은,10203,SSG,2.6,,21691,역산 추정,108,2,0,0,,2,2,,2007,,2,,직전 시즌까지의 성적으로 추정
2024,노시환,14125,한화,2.5,,27645,역산 추정,93,2,1,1,,4,4,,2023,2022 항저우 AG,5,사용자 지정: 2024년부터 최소 4 / 국가대표 +1 / 명성: 2023 골든글러브; 2023 타점·홈런 1위,직전 시즌까지의 성적으로 추정
2024,노진혁,11165,롯데,-0.2,FA 2023 4년 보장 46.0억,60000,실제 연봉,42,5,0,0,5,5,5,,,,5,계약 하한 대상(변경 없음),시즌 전 확정
2024,도태훈,12560,NC,0.1,,5283,역산 추정,224,1,0,0,,1,1,,,,1,,직전 시즌까지의 성적으로 추정
2024,류지혁,10894,삼성,0.1,,12427,역산 추정,143,2,0,0,,2,2,,,,2,,직전 시즌까지의 성적으로 추정
2024,류진욱,11355,NC,-0.1,,12618,역산 추정,141,2,0,0,,2,2,,,,2,,직전 시즌까지의 성적으로 추정
2024,류현진,10590,한화,3.8,NONFA 2024 8년 보장 170억,250000,실제 연봉,1,5,0,1,5,5,5,,2010,,5,계약 하한 대상(변경 없음),시즌 전 확정
2024,목지훈,15453,NC,-0.3,,4958,역산 추정,259,1,0,0,,1,1,,,,1,,직전 시즌까지의 성적으로 추정
2024,문동주,15013,한화,1.4,,7525,역산 추정,177,1,0,0,,1,4,,2026,2022 항저우 AG,4,신인 하한 / 국가대표 +1 / 국가대표 +1은 4코인까지,직전 시즌까지의 성적으로 추정
2024,문보경,14137,LG,4.5,,15812,역산 추정,126,2,0,0,,2,2,,,2022 항저우 AG,3,국가대표 +1,직전 시즌까지의 성적으로 추정
2024,문상철,11333,KT,1.7,,3874,역산 추정,404,1,0,0,,1,1,Y,,,2,풀타임 최소 2코인,직전 시즌까지의 성적으로 추정
2024,문성주,13112,LG,2.5,,12720,역산 추정,140,2,0,0,,2,2,,,,2,,직전 시즌까지의 성적으로 추정
2024,문성현,10437,키움,-0.2,,15022,역산 추정,129,2,0,0,,2,2,,,,2,,직전 시즌까지의 성적으로 추정
2024,문승원,10783,SSG,0.9,NONFA 2022 5년 보장 47억,80000,실제 연봉,31,4,0,0,4,4,4,,,,4,계약 하한 대상(변경 없음),시즌 전 확정
2024,문용익,12885,KT,-0.8,,5205,역산 추정,231,1,0,0,,1,1,,,,1,,직전 시즌까지의 성적으로 추정
2024,문현빈,15422,한화,0.5,,6597,역산 추정,200,1,0,0,,1,1,,,2023 APBC,2,국가대표 +1,직전 시즌까지의 성적으로 추정
2024,박건우,10189,NC,2.7,FA 2022 6년 보장 94.0억,80000,실제 연봉,31,5,0,1,5,5,5,,,,5,계약 하한 대상(변경 없음) / 명성: 2023 골든글러브,시즌 전 확정
2024,박동원,10387,LG,4.5,FA 2023 4년 보장 65.0억,250000,실제 연봉,1,5,0,0,5,5,5,,,,5,계약 하한 대상(변경 없음),시즌 전 확정
2024,박명근,15486,LG,-0.4,,6787,역산 추정,194,1,-1,0,,1,1,,,,1,,직전 시즌까지의 성적으로 추정
2024,박민,14611,KIA,-0.0,,4770,역산 추정,348,1,0,0,,1,1,,,,1,,직전 시즌까지의 성적으로 추정
2024,박민우,11137,NC,4.8,FA 2023 8년 보장 90.0억,100000,실제 연봉,22,5,0,1,5,5,5,,,,5,계약 하한 대상(변경 없음),시즌 전 확정
2024,박민호,11236,SSG,0.1,,7564,역산 추정,176,1,0,0,,1,1,,,,1,,직전 시즌까지의 성적으로 추정
2024,박범준,16133,키움,-0.2,,4958,역산 추정,259,1,0,0,,1,1,,,,1,,직전 시즌까지의 성적으로 추정
2024,박병호,10470,KT,0.4,FA 2022 3년 보장 27.0억,70000,실제 연봉,34,4,0,1,4,5,4,,2009,,4,계약 하한 대상(변경 없음)/커리어 로우·지정 하향,시즌 전 확정
2024,박병호,10470,삼성,0.4,FA 2022 3년 보장 27.0억,70000,실제 연봉,34,4,0,1,4,5,4,,2009,,3,계약 하한 대상(변경 없음)/커리어 로우·지정 하향,시즌 전 확정
2024,박상언,12587,한화,0.5,,4554,역산 추정,392,1,0,0,,1,1,,,,1,,직전 시즌까지의 성적으로 추정
2024,박상원,12871,한화,0.9,,23209,역산 추정,105,2,-1,0,,1,1,Y,,,2,풀타임 최소 2코인,직전 시즌까지의 성적으로 추정
2024,박성한,12922,SSG,3.7,,24601,역산 추정,100,2,0,0,,2,2,,,2022 항저우 AG,3,국가대표 +1,직전 시즌까지의 성적으로 추정
2024,박세웅,11310,롯데,3.5,NONFA 2023 5년 보장 70억,135000,실제 연봉,11,5,0,1,5,5,5,,,2022 항저우 AG,5,계약 하한 대상(변경 없음),시즌 전 확정
2024,박세진,12572,KT,-0.1,,4330,역산 추정,401,1,0,0,,1,1,,2020,,1,,직전 시즌까지의 성적으로 추정
2024,박세혁,10891,NC,0.5,FA 2023 4년 보장 42.0억,70000,실제 연봉,34,5,0,0,5,5,5,,,,5,계약 하한 대상(변경 없음),시즌 전 확정
2024,박수종,15132,키움,0.1,,5248,역산 추정,228,1,0,0,,1,1,,,,1,,직전 시즌까지의 성적으로 추정
2024,박승욱,10804,롯데,1.1,,5071,역산 추정,243,1,0,0,,1,1,Y,,,2,풀타임 최소 2코인,직전 시즌까지의 성적으로 추정
2024,박승주,12989,키움,0.1,,5016,역산 추정,250,1,0,0,,1,1,,,,1,,직전 시즌까지의 성적으로 추정
2024,박시영,10737,KT,0.3,,3874,역산 추정,404,1,0,0,,1,1,,,,1,,직전 시즌까지의 성적으로 추정
2024,박시원,14597,NC,-0.4,,4958,역산 추정,259,1,0,0,,1,1,,,,1,,직전 시즌까지의 성적으로 추정
2024,박시후,14687,SSG,0.1,,4958,역산 추정,259,1,0,0,,1,1,,,,1,,직전 시즌까지의 성적으로 추정
2024,박신지,13070,두산,0.2,,4600,역산 추정,387,1,0,0,,1,1,,,,1,,직전 시즌까지의 성적으로 추정
2024,박영현,15089,KT,2.4,,12769,역산 추정,139,2,0,0,,2,4,,2026,2022 항저우 AG,4,신인 하한 / 국가대표 +1 / 국가대표 +1은 4코인까지,직전 시즌까지의 성적으로 추정
2024,박윤성,15475,키움,0.1,,4958,역산 추정,259,1,0,0,,1,1,,,,1,,직전 시즌까지의 성적으로 추정
2024,박정수,11300,두산,0.1,,4360,역산 추정,399,1,0,0,,1,1,,,,1,,직전 시즌까지의 성적으로 추정
2024,박정우,12869,KIA,0.4,,4898,역산 추정,323,1,0,0,,1,1,,,,1,,직전 시즌까지의 성적으로 추정
2024,박종훈,10131,SSG,0.1,NONFA 2022 5년 보장 56억,110000,실제 연봉,17,5,-1,0,5,4,4,,,,4,계약 하한(가격 변경),시즌 전 확정
2024,박주홍,14580,키움,-0.3,,4510,역산 추정,393,1,0,0,,1,1,,2025,,1,,직전 시즌까지의 성적으로 추정
2024,박준영,12522,두산,1.5,,5251,역산 추정,226,1,0,0,,1,3,,2024,,3,신인 하한,직전 시즌까지의 성적으로 추정
2024,박준표,11070,KIA,-0.0,,7046,역산 추정,184,1,0,0,,1,1,,,,1,,직전 시즌까지의 성적으로 추정
2024,박지환,16038,SSG,0.1,,4958,역산 추정,259,1,0,0,,1,1,,,,1,,직전 시즌까지의 성적으로 추정
2024,박진,14163,롯데,1.0,,4790,역산 추정,343,1,0,0,,1,1,,,,1,,직전 시즌까지의 성적으로 추정
2024,박진형,11425,롯데,0.2,,11736,역산 추정,144,2,0,0,,2,2,,,,2,,직전 시즌까지의 성적으로 추정
2024,박찬호,11261,KIA,2.9,,21891,역산 추정,107,2,0,0,,2,2,,,,2,,직전 시즌까지의 성적으로 추정
2024,박치국,12850,두산,-0.1,,25405,역산 추정,98,2,0,0,,2,2,,,,2,,직전 시즌까지의 성적으로 추정
2024,박한결,15451,NC,-0.3,,4958,역산 추정,259,1,0,0,,1,1,,,,1,,직전 시즌까지의 성적으로 추정
2024,박해민,11190,LG,2.1,FA 2022 4년 보장 56.0억,60000,실제 연봉,42,5,0,0,5,5,5,,,,5,계약 하한 대상(변경 없음),시즌 전 확정
2024,배재환,11248,NC,-0.1,,10795,역산 추정,151,1,0,0,,1,1,,,,1,,직전 시즌까지의 성적으로 추정
2024,배정대,11212,KT,0.9,,20665,역산 추정,110,2,0,0,,2,2,,,,2,,직전 시즌까지의 성적으로 추정
2024,백승건,14145,SSG,-0.1,,4919,역산 추정,320,1,0,0,,1,1,,,,1,,직전 시즌까지의 성적으로 추정
2024,백승현,13009,LG,-0.5,,5711,역산 추정,216,1,0,0,,1,1,,,,1,,직전 시즌까지의 성적으로 추정
2024,백정현,10363,삼성,0.8,FA 2022 4년 보장 34.0억,40000,실제 연봉,64,4,0,0,4,4,4,,2013,,4,계약 하한 대상(변경 없음),시즌 전 확정
2024,변상권,13223,키움,-0.2,,4832,역산 추정,334,1,0,0,,1,1,,,,1,,직전 시즌까지의 성적으로 추정
2024,변우혁,14124,KIA,0.8,,4584,역산 추정,388,1,0,0,,1,1,,2023,,1,,직전 시즌까지의 성적으로 추정
2024,서건창,10855,KIA,1.6,,19334,역산 추정,117,2,0,0,,2,2,,,,2,,직전 시즌까지의 성적으로 추정
2024,서의태,12574,NC,-0.1,,4958,역산 추정,259,1,0,0,,1,1,,,,1,,직전 시즌까지의 성적으로 추정
2024,서진용,10784,SSG,-0.4,,45000,실제 연봉,60,3,0,1,,4,4,,,,4,명성: 2023 세이브 1위,시즌 전 확정
2024,서호철,14220,NC,1.4,,6941,역산 추정,186,1,0,0,,1,1,Y,,,2,풀타임 최소 2코인,직전 시즌까지의 성적으로 추정
2024,성재헌,14667,KT,-0.1,,4958,역산 추정,259,1,0,0,,1,1,,,,1,,직전 시즌까지의 성적으로 추정
2024,소형준,14600,KT,0.3,,19816,역산 추정,115,2,0,0,,2,4,,2024,,4,신인 하한,직전 시즌까지의 성적으로 추정
2024,손동현,14108,KT,0.2,,8029,역산 추정,170,1,0,0,,1,1,,,,1,,직전 시즌까지의 성적으로 추정
2024,손성빈,14796,롯데,0.1,,4938,역산 추정,314,1,0,0,,1,1,,,2023 APBC,2,국가대표 +1,직전 시즌까지의 성적으로 추정
2024,손아섭,10261,NC,0.1,FA 2022 4년 보장 56.0억,50000,실제 연봉,51,5,0,1,5,5,4,,,,4,계약 하한 대상(변경 없음)/커리어 로우·지정 하향 / 명성: 2023 골든글러브; 2023 타율 1위,시즌 전 확정
2024,손주영,12908,LG,3.8,,4567,역산 추정,391,1,0,0,,1,1,Y,,,2,풀타임 최소 2코인,직전 시즌까지의 성적으로 추정
2024,손현기,16125,키움,-0.1,,4958,역산 추정,259,1,0,0,,1,1,,,,1,,직전 시즌까지의 성적으로 추정
2024,손호영,14590,롯데,2.5,,4669,역산 추정,372,1,0,0,,1,1,Y,,,2,풀타임 최소 2코인,직전 시즌까지의 성적으로 추정
2024,송명기,14155,NC,-0.1,,16224,역산 추정,123,2,0,0,,2,3,,2024,,3,신인 하한,직전 시즌까지의 성적으로 추정
2024,송성문,11376,키움,6.3,,10959,역산 추정,149,2,0,0,,2,2,,,,2,,직전 시즌까지의 성적으로 추정
2024,송영진,15462,SSG,0.8,,4756,역산 추정,353,1,0,0,,1,1,Y,,,2,풀타임 최소 2코인,직전 시즌까지의 성적으로 추정
2024,송은범,10137,삼성,0.3,,20877,역산 추정,109,2,0,0,,2,2,,2007,,2,,직전 시즌까지의 성적으로 추정
2024,송재영,14794,롯데,-0.3,,4653,역산 추정,375,1,0,0,,1,1,,,,1,,직전 시즌까지의 성적으로 추정
2024,신민재,13056,LG,2.7,,5388,역산 추정,222,1,0,0,,1,1,Y,,,2,풀타임 최소 2코인,직전 시즌까지의 성적으로 추정
2024,신민혁,13085,NC,2.7,,15218,역산 추정,128,2,0,0,,2,2,,,2023 APBC,3,국가대표 +1,직전 시즌까지의 성적으로 추정
2024,신본기,10840,KT,0.8,FA 2023 2년 보장 2.8억,28000,FA 연봉 부분,92,2,0,0,2,2,2,,,,2,계약 하한 대상(변경 없음),시즌 전 확정
2024,신영우,15450,NC,-0.1,,4958,역산 추정,259,1,0,0,,1,3,,2028,,3,신인 하한,직전 시즌까지의 성적으로 추정
2024,신윤후,14169,롯데,0.1,,4949,역산 추정,312,1,0,0,,1,1,,,,1,,직전 시즌까지의 성적으로 추정
2024,심우준,11334,KT,0.7,,19776,역산 추정,116,2,0,0,,2,2,,,,2,,직전 시즌까지의 성적으로 추정
2024,안상현,12613,SSG,-0.8,,4821,역산 추정,336,1,0,0,,1,1,,,,1,,직전 시즌까지의 성적으로 추정
2024,안익훈,11347,LG,-0.0,,4498,역산 추정,394,1,0,0,,1,1,,,,1,,직전 시즌까지의 성적으로 추정
2024,안주형,12988,삼성,-0.9,,4699,역산 추정,368,1,0,0,,1,1,,,,1,,직전 시즌까지의 성적으로 추정
2024,안치영,13006,KT,-0.2,,4879,역산 추정,327,1,0,0,,1,1,,,,1,,직전 시즌까지의 성적으로 추정
2024,안치홍,10014,한화,1.4,FA 2024 6년 보장 47.0억,50000,실제 연봉,51,5,0,0,5,5,5,,2013,,5,계약 하한 대상(변경 없음),시즌 전 확정
2024,양석환,11213,두산,2.2,FA 2024 6년 보장 59.0억,147500,FA 연봉 부분,9,5,0,0,5,5,5,,,,5,계약 하한 대상(변경 없음),시즌 전 확정
2024,양의지,10165,두산,3.3,FA 2023 6년 보장 110.0억,50000,실제 연봉,51,5,1,1,5,5,5,,,,5,계약 하한 대상(변경 없음),시즌 전 확정
2024,양지율,12854,키움,0.1,,4911,역산 추정,321,1,0,0,,1,1,,,,1,,직전 시즌까지의 성적으로 추정
2024,양현,10730,삼성,-0.0,,8873,역산 추정,163,1,-1,0,,1,1,,,,1,,직전 시즌까지의 성적으로 추정
2024,양현종,10058,KIA,4.3,FA 2022 4년 보장 55.0억,50000,실제 연봉,51,5,0,1,5,5,5,,2011,,5,계약 하한 대상(변경 없음),시즌 전 확정
2024,엄상백,11318,KT,3.4,,39200,역산 추정,71,2,0,0,,2,2,,2019,,2,,직전 시즌까지의 성적으로 추정
2024,오석주,12860,키움,-0.5,,4764,역산 추정,350,1,0,0,,1,1,,,,1,,직전 시즌까지의 성적으로 추정
2024,오승환,10367,삼성,-0.0,FA 2024 2년 보장 22.0억,40000,실제 연봉,64,5,0,1,5,5,4,,2009,,4,계약 하한 대상(변경 없음)/커리어 로우·지정 하향,시즌 전 확정
2024,오영수,13082,NC,0.1,,4709,역산 추정,365,1,0,0,,1,1,,,,1,,직전 시즌까지의 성적으로 추정
2024,오원석,14581,SSG,2.3,,10989,역산 추정,148,2,0,0,,2,2,,2024,2023 APBC,3,국가대표 +1,직전 시즌까지의 성적으로 추정
2024,오윤석,11397,KT,1.6,,5452,역산 추정,221,1,0,0,,1,1,,,,1,,직전 시즌까지의 성적으로 추정
2024,오재일,10400,삼성,-0.7,FA 2021 4년 보장 46.0억,50000,실제 연봉,51,5,-1,0,5,4,4,,,,4,계약 하한(가격 변경),시즌 전 확정
2024,오재일,10400,KT,-0.7,FA 2021 4년 보장 46.0억,50000,실제 연봉,51,5,-1,0,5,4,4,,,,3,계약 하한(가격 변경),시즌 전 확정
2024,오지환,10475,LG,3.1,FA 2024 6년 보장 100.0억,166667,FA 연봉 부분,5,5,1,1,5,5,5,,2014,,5,계약 하한 대상(변경 없음),시즌 전 확정
2024,오태곤,10249,SSG,1.3,FA 2023 4년 보장 16.0억,40000,FA 연봉 부분,64,3,0,0,3,3,3,,,,3,계약 하한 대상(변경 없음),시즌 전 확정
2024,우강훈,14816,LG,0.2,,4813,역산 추정,339,1,0,0,,1,1,,,,1,,직전 시즌까지의 성적으로 추정
2024,우규민,10523,KT,1.3,,34989,역산 추정,86,2,-1,0,,1,1,,2008,,1,,직전 시즌까지의 성적으로 추정
2024,원상현,16027,KT,-0.1,,4958,역산 추정,259,1,0,0,,1,3,,2028,,3,신인 하한,직전 시즌까지의 성적으로 추정
2024,원성준,16136,키움,-0.2,,4958,역산 추정,259,1,0,0,,1,1,,,,1,,직전 시즌까지의 성적으로 추정
2024,원태인,14113,삼성,5.2,,43000,실제 연봉,63,2,0,0,,2,2,,2023,2022 항저우 AG,4,지정 유지(원태인·이정후·안우진) / 국가대표 +1 / 국가대표 +1은 4코인까지,시즌 전 확정
2024,유강남,10753,롯데,0.1,FA 2023 4년 보장 74.0억,100000,실제 연봉,22,5,0,0,5,5,5,,,,5,계약 하한 대상(변경 없음),시즌 전 확정
2024,유로결,14126,한화,0.0,,3874,역산 추정,404,1,0,0,,1,1,,,,1,,직전 시즌까지의 성적으로 추정
2024,유승철,12914,KIA,0.1,,4618,역산 추정,382,1,0,0,,1,1,,,,1,,직전 시즌까지의 성적으로 추정
2024,유영찬,14669,LG,0.9,,7622,역산 추정,174,1,0,0,,1,1,Y,,,2,풀타임 최소 2코인,직전 시즌까지의 성적으로 추정
2024,육선엽,15864,삼성,0.1,,4958,역산 추정,259,1,0,0,,1,3,,2028,,3,신인 하한,직전 시즌까지의 성적으로 추정
2024,육청명,16028,KT,0.5,,4958,역산 추정,259,1,0,0,,1,1,,,,1,,직전 시즌까지의 성적으로 추정
2024,윤대경,11110,한화,-0.3,,13321,역산 추정,135,2,0,0,,2,2,,,,2,,직전 시즌까지의 성적으로 추정
2024,윤동희,15048,롯데,3.2,,6060,역산 추정,210,1,-1,0,,1,1,Y,,2022 항저우 AG,3,풀타임 최소 2코인 / 국가대표 +1,직전 시즌까지의 성적으로 추정
2024,윤석원,15071,키움,-0.7,,4714,역산 추정,361,1,0,0,,1,1,,,,1,,직전 시즌까지의 성적으로 추정
2024,윤영철,15432,KIA,1.9,,7163,역산 추정,183,1,0,0,,1,4,,2027,,4,신인 하한,직전 시즌까지의 성적으로 추정
2024,윤정빈,13161,삼성,1.1,,4794,역산 추정,342,1,0,0,,1,1,,,,1,,직전 시즌까지의 성적으로 추정
2024,윤중현,13122,KIA,-0.8,,6848,역산 추정,190,1,0,0,,1,1,,,,1,,직전 시즌까지의 성적으로 추정
2024,이건욱,11242,SSG,-0.6,,6708,역산 추정,197,1,0,0,,1,1,,,,1,,직전 시즌까지의 성적으로 추정
2024,이교훈,14173,두산,-0.6,,4759,역산 추정,351,1,0,0,,1,1,,,,1,,직전 시즌까지의 성적으로 추정
2024,이기순,15028,SSG,0.4,,4958,역산 추정,259,1,0,0,,1,1,,,,1,,직전 시즌까지의 성적으로 추정
2024,이도윤,11414,한화,0.6,,5114,역산 추정,240,1,0,0,,1,1,Y,,,2,풀타임 최소 2코인,직전 시즌까지의 성적으로 추정
2024,이로운,15461,SSG,0.2,,6738,역산 추정,196,1,-1,0,,1,3,,2027,,3,신인 하한,직전 시즌까지의 성적으로 추정
2024,이명종,15073,키움,-0.3,,4936,역산 추정,315,1,0,0,,1,1,,,,1,,직전 시즌까지의 성적으로 추정
2024,이민석,15045,롯데,0.0,,4773,역산 추정,347,1,0,0,,1,3,,2026,,3,신인 하한,직전 시즌까지의 성적으로 추정
2024,이민우,13003,한화,0.8,,5459,역산 추정,220,1,0,0,,1,1,Y,2021,,2,풀타임 최소 2코인,직전 시즌까지의 성적으로 추정
2024,이병헌,15099,두산,1.7,,4889,역산 추정,326,1,0,0,,1,3,,2026,,3,신인 하한,직전 시즌까지의 성적으로 추정
2024,이병헌,14117,삼성,0.1,,4714,역산 추정,361,1,0,0,,1,1,,,,1,,직전 시즌까지의 성적으로 추정
2024,이상규,13245,한화,0.4,,4718,역산 추정,360,1,0,0,,1,1,,,,1,,직전 시즌까지의 성적으로 추정
2024,이상동,14109,KT,-0.1,,4864,역산 추정,330,1,0,0,,1,1,,,,1,,직전 시즌까지의 성적으로 추정
2024,이상민,11169,삼성,0.8,,3874,역산 추정,404,1,0,0,,1,1,,,,1,,직전 시즌까지의 성적으로 추정
2024,이상영,14135,LG,0.5,,5122,역산 추정,238,1,0,0,,1,1,,,,1,,직전 시즌까지의 성적으로 추정
2024,이선우,14111,KT,0.1,,4922,역산 추정,318,1,0,0,,1,1,,,,1,,직전 시즌까지의 성적으로 추정
2024,이성규,12562,삼성,1.1,,4408,역산 추정,397,1,0,0,,1,1,,,,1,,직전 시즌까지의 성적으로 추정
2024,이승민,14616,삼성,-0.4,,4875,역산 추정,328,1,0,0,,1,1,,,,1,,직전 시즌까지의 성적으로 추정
2024,이승원,15476,키움,-0.7,,4958,역산 추정,259,1,0,0,,1,1,,,,1,,직전 시즌까지의 성적으로 추정
2024,이승현,10527,삼성,1.0,,14031,역산 추정,133,2,0,0,,2,2,,,,2,,직전 시즌까지의 성적으로 추정
2024,이승현,14798,삼성,2.4,,7234,역산 추정,182,1,0,0,,1,3,,2025,,3,신인 하한,직전 시즌까지의 성적으로 추정
2024,이영빈,14783,LG,-0.2,,4890,역산 추정,325,1,0,0,,1,1,,,,1,,직전 시즌까지의 성적으로 추정
2024,이영하,12568,두산,0.5,,23792,역산 추정,104,2,0,0,,2,2,,2021,,2,,직전 시즌까지의 성적으로 추정
2024,이용규,10035,키움,1.5,,20016,역산 추정,112,2,0,0,,2,2,,,,2,,직전 시즌까지의 성적으로 추정
2024,이용준,14763,NC,0.1,,4897,역산 추정,324,1,0,0,,1,1,,,,1,,직전 시즌까지의 성적으로 추정
2024,이용찬,10217,NC,-1.2,FA 2021 4년 보장 14.0억,40000,실제 연봉,64,3,0,0,3,3,3,,2012,,3,계약 하한 대상(변경 없음),시즌 전 확정
2024,이우성,11099,KIA,0.2,,6468,역산 추정,203,1,0,0,,1,1,Y,,,2,풀타임 최소 2코인,직전 시즌까지의 성적으로 추정
2024,이우찬,10749,LG,-0.8,,6831,역산 추정,191,1,0,0,,1,1,,,,1,,직전 시즌까지의 성적으로 추정
2024,이원석,10180,키움,-0.5,NONFA 2024 2년 보장 8억,40000,보장 계약,64,3,0,0,3,3,3,,2009,,3,계약 하한 대상(변경 없음),시즌 전 확정
2024,이원석,13138,한화,-0.2,,4375,역산 추정,398,1,0,0,,1,1,,,,1,,직전 시즌까지의 성적으로 추정
2024,이유찬,12894,두산,1.0,,5251,역산 추정,226,1,0,0,,1,1,,,,1,,직전 시즌까지의 성적으로 추정
2024,이의리,14788,KIA,0.0,,16157,역산 추정,124,2,0,0,,2,4,,2025,2023 APBC,4,신인 하한 / 국가대표 +1 / 국가대표 +1은 4코인까지,직전 시즌까지의 성적으로 추정
2024,이인복,11232,롯데,-0.3,,5383,역산 추정,223,1,0,0,,1,1,,,,1,,직전 시즌까지의 성적으로 추정
2024,이재상,16124,키움,-1.0,,4958,역산 추정,259,1,0,0,,1,1,,,,1,,직전 시즌까지의 성적으로 추정
2024,이재원,10082,한화,-0.3,,26678,역산 추정,94,2,0,0,,2,2,,2010,,2,,직전 시즌까지의 성적으로 추정
2024,이재익,13244,삼성,-0.7,,6900,역산 추정,188,1,-1,0,,1,1,,,,1,,직전 시즌까지의 성적으로 추정
2024,이재학,10220,NC,1.1,FA 2023 3년 보장 5.5억,32755,FA 연봉 부분,88,2,0,1,2,3,3,,,,3,계약 하한 대상(변경 없음),시즌 전 확정
2024,이재현,15034,삼성,3.1,,7329,역산 추정,180,1,0,0,,1,3,,2026,,3,신인 하한,직전 시즌까지의 성적으로 추정
2024,이정훈,12916,롯데,0.1,,4929,역산 추정,317,1,0,0,,1,1,,,,1,,직전 시즌까지의 성적으로 추정
2024,이종민,14576,키움,-0.2,,4707,역산 추정,366,1,0,0,,1,1,,,,1,,직전 시즌까지의 성적으로 추정
2024,이종준,14651,LG,0.4,,4958,역산 추정,259,1,0,0,,1,1,,,,1,,직전 시즌까지의 성적으로 추정
2024,이주형,14591,키움,2.0,,5758,역산 추정,214,1,0,0,,1,1,Y,,,2,풀타임 최소 2코인,직전 시즌까지의 성적으로 추정
2024,이준영,11303,KIA,0.3,,13038,역산 추정,136,2,0,0,,2,2,,,,2,,직전 시즌까지의 성적으로 추정
2024,이준호,15455,NC,-0.7,,4809,역산 추정,340,1,0,0,,1,1,,,,1,,직전 시즌까지의 성적으로 추정
2024,이지강,14143,LG,0.0,,5060,역산 추정,244,1,0,0,,1,1,,,,1,,직전 시즌까지의 성적으로 추정
2024,이지영,10312,SSG,1.6,FA 2024 2년 보장 3.5억,37778,FA 연봉 부분,83,2,0,0,2,2,2,,,,2,계약 하한 대상(변경 없음),시즌 전 확정
2024,이진영,12539,한화,-0.1,,6464,역산 추정,204,1,0,0,,1,1,,,,1,,직전 시즌까지의 성적으로 추정
2024,이창진,11233,KIA,0.6,,10297,역산 추정,154,1,0,0,,1,1,,,,1,,직전 시즌까지의 성적으로 추정
2024,이채호,13130,KT,-0.1,,5033,역산 추정,249,1,0,0,,1,1,,,,1,,직전 시즌까지의 성적으로 추정
2024,이태양,10609,한화,-0.5,FA 2023 4년 보장 25.0억,50000,실제 연봉,51,4,0,0,4,4,4,,,,4,계약 하한 대상(변경 없음),시즌 전 확정
2024,이학주,14114,롯데,-0.1,,5185,역산 추정,234,1,0,0,,1,1,,,,1,,직전 시즌까지의 성적으로 추정
2024,이형범,11159,KIA,-0.3,,6570,역산 추정,201,1,0,0,,1,1,,,,1,,직전 시즌까지의 성적으로 추정
2024,이형종,12516,키움,0.4,,68000,실제 연봉,38,4,-1,0,,3,3,,2020,,3,,시즌 전 확정
2024,이호성,15496,삼성,-0.1,,5050,역산 추정,245,1,0,0,,1,1,,,,1,,직전 시즌까지의 성적으로 추정
2024,이호연,13151,KT,-0.6,,5200,역산 추정,233,1,0,0,,1,1,,,,1,,직전 시즌까지의 성적으로 추정
2024,임기영,10909,KIA,-0.2,,39200,역산 추정,71,2,0,0,,2,2,,,,2,,직전 시즌까지의 성적으로 추정
2024,임병욱,11226,키움,-0.1,,8079,역산 추정,168,1,0,0,,1,1,,,,1,,직전 시즌까지의 성적으로 추정
2024,임상현,16053,NC,-0.1,,4958,역산 추정,259,1,0,0,,1,1,,,,1,,직전 시즌까지의 성적으로 추정
2024,임정호,11168,NC,0.7,,24810,역산 추정,99,2,-1,0,,1,1,Y,,,2,풀타임 최소 2코인,직전 시즌까지의 성적으로 추정
2024,임종찬,14706,한화,-0.2,,4114,역산 추정,402,1,0,0,,1,1,,,,1,,직전 시즌까지의 성적으로 추정
2024,임준섭,10795,롯데,0.0,,4705,역산 추정,367,1,0,0,,1,1,,,,1,,직전 시즌까지의 성적으로 추정
2024,임준형,14142,LG,0.2,,5134,역산 추정,237,1,0,0,,1,1,,,,1,,직전 시즌까지의 성적으로 추정
2024,임지열,11225,키움,-0.8,,4993,역산 추정,254,1,0,0,,1,1,,,,1,,직전 시즌까지의 성적으로 추정
2024,임찬규,10652,LG,3.9,FA 2024 4년 보장 26.0억,65000,FA 연봉 부분,39,4,0,0,4,4,4,,2015,,4,계약 하한 대상(변경 없음),시즌 전 확정
2024,임창민,10452,삼성,1.8,FA 2024 2년 보장 7.0억,35000,FA 연봉 부분,84,2,0,0,2,2,2,,,,2,계약 하한 대상(변경 없음),시즌 전 확정
2024,장두성,13155,롯데,-0.1,,4778,역산 추정,345,1,0,0,,1,1,,,,1,,직전 시즌까지의 성적으로 추정
2024,장민재,10610,한화,0.6,FA 2024 3년 보장 6.0억,30000,FA 연봉 부분,90,2,0,0,2,2,2,,,,2,계약 하한 대상(변경 없음),시즌 전 확정
2024,장성우,10235,KT,3.3,FA 2022 4년 보장 38.0억,50000,실제 연봉,51,4,0,0,4,4,4,,2013,,4,계약 하한 대상(변경 없음),시즌 전 확정
2024,장시환,10453,한화,0.2,FA 2023 3년 보장 7.800000000000001억,26000,FA 연봉 부분,96,2,0,0,2,2,2,,2011,,2,계약 하한 대상(변경 없음),시즌 전 확정
2024,장지수,14178,한화,-0.1,,4756,역산 추정,352,1,0,0,,1,1,,,,1,,직전 시즌까지의 성적으로 추정
2024,장지훈,14804,SSG,-0.1,,8059,역산 추정,169,1,0,0,,1,1,,,,1,,직전 시즌까지의 성적으로 추정
2024,장진혁,12583,한화,0.6,,4349,역산 추정,400,1,0,0,,1,1,,,,1,,직전 시즌까지의 성적으로 추정
2024,장현식,11164,KIA,1.7,,39200,역산 추정,71,2,0,0,,2,2,,,,2,,직전 시즌까지의 성적으로 추정
2024,전다민,16072,두산,0.3,,4958,역산 추정,259,1,0,0,,1,1,,,,1,,직전 시즌까지의 성적으로 추정
2024,전루건,14171,NC,-0.4,,4634,역산 추정,380,1,0,0,,1,1,,,,1,,직전 시즌까지의 성적으로 추정
2024,전미르,16089,롯데,0.3,,4958,역산 추정,259,1,0,0,,1,3,,2028,,3,신인 하한,직전 시즌까지의 성적으로 추정
2024,전민재,13073,두산,-0.3,,5016,역산 추정,250,1,0,0,,1,1,,,,1,,직전 시즌까지의 성적으로 추정
2024,전병우,11422,삼성,0.3,,6079,역산 추정,209,1,0,0,,1,1,,,,1,,직전 시즌까지의 성적으로 추정
2024,전사민,14156,NC,-0.5,,4984,역산 추정,256,1,0,0,,1,1,,,,1,,직전 시즌까지의 성적으로 추정
2024,전상현,12537,KIA,1.4,,24451,역산 추정,101,2,0,0,,2,2,,,,2,,직전 시즌까지의 성적으로 추정
2024,전의산,14699,SSG,-1.3,,5004,역산 추정,252,1,0,0,,1,1,,,,1,,직전 시즌까지의 성적으로 추정
2024,전준우,10266,롯데,1.9,FA 2024 4년 보장 40.0억,130000,실제 연봉,12,5,0,1,5,5,5,,,,5,계약 하한 대상(변경 없음),시즌 전 확정
2024,전준표,16122,키움,-0.4,,4958,역산 추정,259,1,0,0,,1,3,,2028,,3,신인 하한,직전 시즌까지의 성적으로 추정
2024,정보근,13154,롯데,-0.6,,4581,역산 추정,390,1,0,0,,1,1,,,,1,,직전 시즌까지의 성적으로 추정
2024,정수빈,10195,두산,3.1,FA 2021 6년 보장 52.0억,60000,실제 연봉,42,4,0,1,4,5,5,,,,5,계약 하한 대상(변경 없음),시즌 전 확정
2024,정우영,14136,LG,0.0,,39200,역산 추정,71,2,-1,0,,1,1,,,2022 항저우 AG,2,국가대표 +1,직전 시즌까지의 성적으로 추정
2024,정우준,14795,롯데,0.0,,4870,역산 추정,329,1,0,0,,1,1,,,,1,,직전 시즌까지의 성적으로 추정
2024,정은원,13137,한화,0.1,,26672,역산 추정,95,2,0,0,,2,2,,,,2,,직전 시즌까지의 성적으로 추정
2024,정준영,15519,KT,0.2,,4974,역산 추정,257,1,0,0,,1,1,,,,1,,직전 시즌까지의 성적으로 추정
2024,정준재,16042,SSG,1.9,,4958,역산 추정,259,1,0,0,,1,1,,,,1,,직전 시즌까지의 성적으로 추정
2024,정지헌,16017,LG,-0.4,,4958,역산 추정,259,1,0,0,,1,1,,,,1,,직전 시즌까지의 성적으로 추정
2024,정찬헌,10533,키움,0.0,FA 2023 2년 보장 6.0억,30873,FA 연봉 부분,89,2,0,0,2,2,2,,,,2,계약 하한 대상(변경 없음),시즌 전 확정
2024,정철원,13071,두산,-0.2,,11217,역산 추정,146,2,-1,0,,1,1,,,,3,전수 판정: 보정 권고,직전 시즌까지의 성적으로 추정
2024,정해영,14608,KIA,2.2,,22245,역산 추정,106,2,0,0,,2,3,,2024,2023 APBC,4,신인 하한 / 국가대표 +1,직전 시즌까지의 성적으로 추정
2024,정현수,16090,롯데,0.7,,4958,역산 추정,259,1,0,0,,1,1,,,,1,,직전 시즌까지의 성적으로 추정
2024,정현승,16043,SSG,-0.2,,4958,역산 추정,259,1,0,0,,1,1,,,,1,,직전 시즌까지의 성적으로 추정
2024,정훈,10253,롯데,0.8,FA 2022 3년 보장 13.0억,43333,FA 연봉 부분,62,3,0,0,3,3,3,,,,3,계약 하한 대상(변경 없음),시즌 전 확정
2024,조대현,13177,KT,0.5,,4958,역산 추정,259,1,0,0,,1,1,,,,1,,직전 시즌까지의 성적으로 추정
2024,조동욱,16108,한화,-0.1,,4958,역산 추정,259,1,0,0,,1,1,,,,1,,직전 시즌까지의 성적으로 추정
2024,조병현,14805,SSG,2.1,,4832,역산 추정,335,1,0,0,,1,1,Y,,2023 APBC,3,풀타임 최소 2코인 / 국가대표 +1,직전 시즌까지의 성적으로 추정
2024,조상우,11126,키움,0.7,,39200,역산 추정,71,2,0,0,,2,2,,2017,,2,,직전 시즌까지의 성적으로 추정
2024,조수행,12524,두산,1.0,,5241,역산 추정,229,1,0,0,,1,1,Y,,,2,풀타임 최소 2코인,직전 시즌까지의 성적으로 추정
2024,조영건,14132,키움,-0.6,,5042,역산 추정,246,1,0,0,,1,1,,,,1,,직전 시즌까지의 성적으로 추정
2024,조용호,12943,KT,-0.5,,7838,역산 추정,172,1,0,0,,1,1,,,,1,,직전 시즌까지의 성적으로 추정
2024,조이현,11284,KT,0.4,,5219,역산 추정,230,1,0,0,,1,1,,,,1,,직전 시즌까지의 성적으로 추정
2024,조형우,14806,SSG,-0.1,,4688,역산 추정,370,1,0,0,,1,1,,,,1,,직전 시즌까지의 성적으로 추정
2024,주권,11323,KT,-0.3,FA 2024 4년 보장 14.0억,70000,FA 연봉 부분,34,4,0,0,4,4,4,,2019,,4,계약 하한 대상(변경 없음),시즌 전 확정
2024,주성원,14133,키움,-0.1,,4658,역산 추정,374,1,0,0,,1,1,,,,1,,직전 시즌까지의 성적으로 추정
2024,주승우,15067,키움,0.8,,4733,역산 추정,358,1,0,0,,1,1,Y,,,2,풀타임 최소 2코인,직전 시즌까지의 성적으로 추정
2024,주현상,11415,한화,2.8,,7752,역산 추정,173,1,0,0,,1,1,Y,,,2,풀타임 최소 2코인,직전 시즌까지의 성적으로 추정
2024,진승현,15047,롯데,0.0,,4819,역산 추정,337,1,0,0,,1,1,,,,1,,직전 시즌까지의 성적으로 추정
2024,진우영,16015,LG,0.1,,4958,역산 추정,259,1,0,0,,1,1,,,,1,,직전 시즌까지의 성적으로 추정
2024,진해수,10075,롯데,-0.2,,25652,역산 추정,97,2,0,0,,2,2,,,,2,,직전 시즌까지의 성적으로 추정
2024,채은성,11215,한화,1.2,FA 2023 6년 보장 80.0억,100000,실제 연봉,22,5,0,0,5,5,5,,,,5,계약 하한 대상(변경 없음),시즌 전 확정
2024,천성호,14606,KT,0.3,,4643,역산 추정,377,1,0,0,,1,1,,,,1,,직전 시즌까지의 성적으로 추정
2024,천재환,13261,NC,0.4,,4739,역산 추정,357,1,0,0,,1,1,,,,1,,직전 시즌까지의 성적으로 추정
2024,최경모,14151,SSG,-0.2,,5097,역산 추정,241,1,0,0,,1,1,,,,1,,직전 시즌까지의 성적으로 추정
2024,최동환,10535,LG,-0.3,,3874,역산 추정,404,1,0,0,,1,1,,2013,,1,,직전 시즌까지의 성적으로 추정
2024,최민준,13126,SSG,-0.7,,12910,역산 추정,137,2,-1,0,,1,1,,,,1,,직전 시즌까지의 성적으로 추정
2024,최성영,12565,NC,-0.1,,7524,역산 추정,178,1,0,0,,1,1,,,,1,,직전 시즌까지의 성적으로 추정
2024,최성훈,10851,삼성,0.1,,4007,역산 추정,403,1,0,0,,1,1,,,,1,,직전 시즌까지의 성적으로 추정
2024,최승용,14770,두산,0.1,,8740,역산 추정,164,1,0,0,,1,1,,,2023 APBC,2,국가대표 +1,직전 시즌까지의 성적으로 추정
2024,최우석,16056,NC,0.1,,4958,역산 추정,259,1,0,0,,1,1,,,,1,,직전 시즌까지의 성적으로 추정
2024,최원영,15084,LG,0.2,,4958,역산 추정,259,1,0,0,,1,1,,,,1,,직전 시즌까지의 성적으로 추정
2024,최원준,12534,KIA,2.2,,9996,역산 추정,158,1,0,0,,1,1,Y,,2022 항저우 AG,3,풀타임 최소 2코인 / 국가대표 +1,직전 시즌까지의 성적으로 추정
2024,최원준,12852,두산,1.1,,39200,역산 추정,71,2,0,0,,2,2,,,,2,,직전 시즌까지의 성적으로 추정
2024,최원태,11379,LG,2.9,,39200,역산 추정,71,2,0,0,,2,2,,2020,,2,,직전 시즌까지의 성적으로 추정
2024,최이준,13169,롯데,-0.7,,4817,역산 추정,338,1,0,0,,1,1,,,,1,,직전 시즌까지의 성적으로 추정
2024,최인호,14707,한화,1.2,,5147,역산 추정,236,1,0,0,,1,1,,,,1,,직전 시즌까지의 성적으로 추정
2024,최재훈,10170,한화,1.9,FA 2022 5년 보장 49.0억,60000,실제 연봉,42,4,0,0,4,4,4,,,,4,계약 하한 대상(변경 없음),시즌 전 확정
2024,최정,10106,SSG,4.7,FA 2019 6년 보장 100.0억,100000,실제 연봉,22,5,1,1,5,5,5,,2009,,5,계약 하한 대상(변경 없음),시즌 전 확정
2024,최정원,14221,NC,0.6,,5519,역산 추정,219,1,0,0,,1,1,,,,1,,직전 시즌까지의 성적으로 추정
2024,최종인,14733,두산,0.2,,4958,역산 추정,259,1,0,0,,1,1,,,,1,,직전 시즌까지의 성적으로 추정
2024,최주환,10182,키움,-0.0,FA 2021 4년 보장 38.0억,65000,실제 연봉,39,4,0,0,4,4,4,,,,4,계약 하한 대상(변경 없음),시즌 전 확정
2024,최준용,14624,롯데,0.1,,10051,역산 추정,156,1,0,0,,1,4,,2024,2023 APBC,4,신인 하한 / 국가대표 +1 / 국가대표 +1은 4코인까지,직전 시즌까지의 성적으로 추정
2024,최준우,13128,SSG,0.2,,4787,역산 추정,344,1,0,0,,1,1,,,,1,,직전 시즌까지의 성적으로 추정
2024,최준호,15508,두산,1.2,,4958,역산 추정,259,1,0,0,,1,1,,,,1,,직전 시즌까지의 성적으로 추정
2024,최지강,15127,두산,1.1,,4852,역산 추정,333,1,0,0,,1,1,Y,,,2,풀타임 최소 2코인,직전 시즌까지의 성적으로 추정
2024,최지광,12934,삼성,1.5,,15664,역산 추정,127,2,0,0,,2,2,,,,2,,직전 시즌까지의 성적으로 추정
2024,최지민,15057,KIA,0.3,,7250,역산 추정,181,1,0,0,,1,1,Y,,2022 항저우 AG,3,풀타임 최소 2코인 / 국가대표 +1,직전 시즌까지의 성적으로 추정
2024,최지훈,14587,SSG,1.8,,24398,역산 추정,103,2,0,0,,2,2,,,2022 항저우 AG,3,국가대표 +1,직전 시즌까지의 성적으로 추정
2024,최채흥,13156,삼성,-0.1,,15844,역산 추정,125,2,0,0,,2,2,,2022,,2,,직전 시즌까지의 성적으로 추정
2024,최하늘,13152,삼성,0.2,,4664,역산 추정,373,1,0,0,,1,1,,,,1,,직전 시즌까지의 성적으로 추정
2024,최항,10810,롯데,-0.3,,6131,역산 추정,208,1,0,0,,1,1,,,,1,,직전 시즌까지의 성적으로 추정
2024,최형우,10344,KIA,1.6,,100000,실제 연봉,22,4,0,1,,5,4,,,,4,커리어 로우·지정 하향,시즌 전 확정
2024,추신수,14888,SSG,0.7,,39200,역산 추정,71,2,0,0,,2,2,,,,2,,직전 시즌까지의 성적으로 추정
2024,하영민,11222,키움,2.7,,5722,역산 추정,215,1,-1,0,,1,1,Y,,,2,풀타임 최소 2코인,직전 시즌까지의 성적으로 추정
2024,하재훈,14147,SSG,-0.7,,4643,역산 추정,376,1,0,0,,1,1,,,,1,,직전 시즌까지의 성적으로 추정
2024,하주석,10913,한화,0.3,,18307,역산 추정,119,2,0,0,,2,2,,2016,,2,,직전 시즌까지의 성적으로 추정
2024,한동희,13145,롯데,-0.5,,12584,역산 추정,142,2,0,0,,2,2,,,,2,,직전 시즌까지의 성적으로 추정
2024,한두솔,13228,SSG,0.7,,4712,역산 추정,363,1,0,0,,1,1,Y,,,2,풀타임 최소 2코인,직전 시즌까지의 성적으로 추정
2024,한석현,13250,NC,-0.5,,4726,역산 추정,359,1,0,0,,1,1,,,,1,,직전 시즌까지의 성적으로 추정
2024,한승주,14621,한화,-0.9,,5204,역산 추정,232,1,0,0,,1,1,,,,1,,직전 시즌까지의 성적으로 추정
2024,한승혁,10812,한화,0.8,,6222,역산 추정,206,1,0,0,,1,1,Y,2016,,2,풀타임 최소 2코인,직전 시즌까지의 성적으로 추정
2024,한유섬,10815,SSG,-0.2,NONFA 2022 5년 보장 56억,90000,실제 연봉,30,5,0,0,5,5,5,,,,5,계약 하한 대상(변경 없음),시즌 전 확정
2024,한재승,14764,NC,0.7,,4920,역산 추정,319,1,0,0,,1,1,Y,,,2,풀타임 최소 2코인,직전 시즌까지의 성적으로 추정
2024,한준수,13113,KIA,1.6,,5034,역산 추정,248,1,0,0,,1,1,,,,1,,직전 시즌까지의 성적으로 추정
2024,한차현,14776,KT,-0.3,,4958,역산 추정,259,1,0,0,,1,1,,,,1,,직전 시즌까지의 성적으로 추정
2024,한현희,10863,롯데,1.4,FA 2023 4년 보장 18.0억,60000,FA 연봉 부분,42,4,0,0,4,4,4,,,,4,계약 하한 대상(변경 없음),시즌 전 확정
2024,함덕주,11094,LG,0.3,FA 2024 4년 보장 20.0억,50000,FA 연봉 부분,51,3,0,0,3,3,3,,,,3,계약 하한 대상(변경 없음),시즌 전 확정
2024,허경민,10184,두산,3.3,FA 2021 7년 보장 65.0억,60000,실제 연봉,42,5,0,1,5,5,4,,2016,,4,계약 하한 대상(변경 없음)/커리어 로우·지정 하향,시즌 전 확정
2024,허도환,10684,LG,-0.6,,14496,역산 추정,132,2,0,0,,2,2,,,,2,,직전 시즌까지의 성적으로 추정
2024,현도훈,13271,롯데,-0.3,,4611,역산 추정,384,1,0,0,,1,1,,,,1,,직전 시즌까지의 성적으로 추정
2024,홍건희,10696,두산,1.4,FA 2024 2년 보장 9.0억(+2년 선수옵션),45000,보장 계약,15,3,0,0,3,3,3,,2015,,3,계약 하한 대상(변경 없음) / 계약 정정: 2년 보장 9억(+2년 선수옵션),시즌 전 확정
2024,홍원표,14614,삼성,0.1,,4958,역산 추정,259,1,0,0,,1,1,,,,1,,직전 시즌까지의 성적으로 추정
2024,홍종표,14612,KIA,0.2,,4744,역산 추정,355,1,0,0,,1,1,,,,1,,직전 시즌까지의 성적으로 추정
2024,홍창기,12546,LG,5.2,,51000,실제 연봉,50,3,1,1,,5,5,,,,5,,시즌 전 확정
2024,황동재,14615,삼성,1.0,,4641,역산 추정,378,1,0,0,,1,1,,2026,,1,,직전 시즌까지의 성적으로 추정
2024,황동하,15063,KIA,1.8,,4775,역산 추정,346,1,0,0,,1,1,Y,,,2,풀타임 최소 2코인,직전 시즌까지의 성적으로 추정
2024,황성빈,14642,롯데,2.4,,4952,역산 추정,311,1,0,0,,1,1,Y,,,2,풀타임 최소 2코인,직전 시즌까지의 성적으로 추정
2024,황영묵,16110,한화,1.4,,4958,역산 추정,259,1,0,0,,1,1,Y,,,2,풀타임 최소 2코인,직전 시즌까지의 성적으로 추정
2024,황재균,10407,KT,-0.3,FA 2022 4년 보장 54.0억,100000,실제 연봉,22,5,0,0,5,5,5,,,,5,계약 하한 대상(변경 없음),시즌 전 확정
2024,황준서,16107,한화,1.0,,4958,역산 추정,259,1,0,0,,1,4,,2028,,4,신인 하한,직전 시즌까지의 성적으로 추정
2025,강민성,14191,KT,-0.5,,5107,역산 추정,245,1,0,0,,1,1,,,,1,,직전 시즌까지의 성적으로 추정
2025,강민호,10232,삼성,2.6,FA 2022 4년 보장 32.0억,40000,실제 연봉,69,4,0,1,4,5,4,,,,4,계약 하한 대상(변경 없음)/커리어 로우·지정 하향,시즌 전 확정
2025,강백호,13168,KT,1.7,,70000,실제 연봉,40,4,0,1,,5,5,,2022,,5,,시즌 전 확정
2025,강승호,11087,두산,1.6,,37000,실제 연봉,88,2,0,0,,2,2,,,,3,편집 지정 3,직전 시즌까지의 성적으로 추정
2025,강현우,14603,KT,-0.1,,4838,역산 추정,360,1,0,0,,1,1,,,,1,,직전 시즌까지의 성적으로 추정
2025,고명준,14807,SSG,0.8,,8000,실제 연봉,173,1,-1,0,,1,1,Y,,,2,풀타임 최소 2코인,직전 시즌까지의 성적으로 추정
2025,고승민,14160,롯데,2.0,,18500,실제 연봉,117,2,0,0,,2,2,Y,,,3,풀타임 최소 2코인 / 실제 연봉 반영(순위 161→117) / 편집 지정 3,직전 시즌까지의 성적으로 추정
2025,고영표,11308,KT,4.2,NONFA 2025 5년 보장 95억,200000,실제 연봉,4,5,0,1,5,5,5,,,2024 프리미어12,5,계약 하한 대상(변경 없음),시즌 전 확정
2025,고종욱,10659,KIA,0.2,FA 2024 2년 보장 4.0억,20000,FA 연봉 부분,110,2,0,0,2,2,2,,,,2,계약 하한 대상(변경 없음),시즌 전 확정
2025,고효준,10124,두산,-1.2,,3990,역산 추정,398,1,0,0,,1,1,,2008,,1,,직전 시즌까지의 성적으로 추정
2025,곽빈,13061,두산,2.0,,38000,실제 연봉,88,2,0,1,,3,3,,2022,2024 프리미어12,4,국가대표 +1 / 명성: 2024 다승 1위,직전 시즌까지의 성적으로 추정
2025,구본혁,14140,LG,3.6,,13500,실제 연봉,133,2,0,0,,2,2,Y,,,2,풀타임 최소 2코인 / 실제 연봉 반영(순위 203→133),직전 시즌까지의 성적으로 추정
2025,구승민,11291,롯데,-0.2,FA 2025 4년 보장 15.0억,75000,FA 연봉 부분,39,4,-1,0,4,3,4,,,,4,계약 하한(가격 변경),시즌 전 확정
2025,구자욱,10892,삼성,4.5,NONFA 2022 5년 보장 110억,200000,실제 연봉,4,5,1,1,5,5,5,,,,5,계약 하한 대상(변경 없음),시즌 전 확정
2025,구창모,11353,NC,0.7,NONFA 2023 6년 보장 88억,146667,보장 계약,14,5,0,0,5,5,5,,,,5,계약 하한 대상(변경 없음),시즌 전 확정
2025,권동진,14777,KT,0.4,,5027,역산 추정,324,1,0,0,,1,1,,,,1,,직전 시즌까지의 성적으로 추정
2025,권민규,16302,한화,-0.0,,5107,역산 추정,245,1,0,0,,1,1,,,,1,,직전 시즌까지의 성적으로 추정
2025,권희동,11172,NC,2.8,,22500,실제 연봉,108,2,0,0,,2,2,,,,2,,직전 시즌까지의 성적으로 추정
2025,김강률,10690,LG,0.4,FA 2025 4년 보장 14.0억,35000,FA 연봉 부분,93,2,0,0,2,2,2,,,,2,계약 하한 대상(변경 없음),시즌 전 확정
2025,김건국,12944,KIA,-0.8,,3990,역산 추정,398,1,0,0,,1,1,,2022,,1,,직전 시즌까지의 성적으로 추정
2025,김건우,14803,SSG,1.4,,5047,역산 추정,320,1,0,0,,1,3,,2025,,3,신인 하한,직전 시즌까지의 성적으로 추정
2025,김건희,15472,키움,0.3,,5122,역산 추정,242,1,0,0,,1,1,,,,1,,직전 시즌까지의 성적으로 추정
2025,김광현,10126,SSG,1.6,NONFA 2022 4년 보장 131억,300000,실제 연봉,1,5,0,1,5,5,5,,2011,,5,계약 하한 대상(변경 없음),시즌 전 확정
2025,김규성,12540,KIA,0.5,,4648,역산 추정,379,1,0,0,,1,1,,,,1,,직전 시즌까지의 성적으로 추정
2025,김기연,12549,두산,0.3,,5121,역산 추정,243,1,0,0,,1,1,,,,1,,직전 시즌까지의 성적으로 추정
2025,김기중,14808,한화,0.3,,5441,역산 추정,225,1,0,0,,1,1,,,,1,,직전 시즌까지의 성적으로 추정
2025,김기훈,14176,KIA,0.4,,6311,역산 추정,200,1,0,0,,1,1,,2023,,1,,직전 시즌까지의 성적으로 추정
2025,김녹원,15113,NC,0.3,,5107,역산 추정,245,1,0,0,,1,1,,,,1,,직전 시즌까지의 성적으로 추정
2025,김대유,10706,KIA,-0.1,,8279,역산 추정,167,1,0,0,,1,1,,,,1,,직전 시즌까지의 성적으로 추정
2025,김대한,14170,두산,-0.3,,4591,역산 추정,385,1,0,0,,1,1,,2026,,1,,직전 시즌까지의 성적으로 추정
2025,김대호,15882,삼성,0.2,,5107,역산 추정,245,1,0,0,,1,1,,,,1,,직전 시즌까지의 성적으로 추정
2025,김도영,15056,KIA,1.3,,50000,실제 연봉,57,3,1,1,,5,5,,2026,2024 프리미어12,5,,시즌 전 확정
2025,김도현,14128,KIA,1.0,,9000,실제 연봉,160,1,0,0,,1,1,Y,,,2,풀타임 최소 2코인,직전 시즌까지의 성적으로 추정
2025,김동규,15485,키움,-0.2,,5107,역산 추정,245,1,0,0,,1,1,,,,1,,직전 시즌까지의 성적으로 추정
2025,김동준,15100,두산,-0.7,,5107,역산 추정,245,1,0,0,,1,1,,,,1,,직전 시즌까지의 성적으로 추정
2025,김동헌,15473,키움,0.4,,5142,역산 추정,239,1,0,0,,1,1,,,,1,,직전 시즌까지의 성적으로 추정
2025,김동혁,15645,롯데,0.8,,5107,역산 추정,245,1,0,0,,1,1,,,,1,,직전 시즌까지의 성적으로 추정
2025,김명신,12847,두산,-0.2,,15304,역산 추정,128,2,0,0,,2,2,,,,2,,직전 시즌까지의 성적으로 추정
2025,김민,13167,SSG,2.0,,11277,역산 추정,140,2,0,0,,2,2,,2022,,2,,직전 시즌까지의 성적으로 추정
2025,김민규,13072,두산,0.1,,5534,역산 추정,221,1,0,0,,1,1,,,,1,,직전 시즌까지의 성적으로 추정
2025,김민석,15253,두산,-1.3,,5839,역산 추정,208,1,0,0,,1,3,,2027,,3,신인 하한,직전 시즌까지의 성적으로 추정
2025,김민성,10238,롯데,0.1,FA 2024 3년 보장 7.0억,35000,FA 연봉 부분,93,2,0,0,2,2,2,,2013,,2,계약 하한 대상(변경 없음),시즌 전 확정
2025,김민수,11317,KT,0.4,,21000,실제 연봉,109,2,0,0,,2,2,,,,2,,직전 시즌까지의 성적으로 추정
2025,김민혁,11339,KT,-0.1,,16485,역산 추정,123,2,0,0,,2,2,,,,2,,직전 시즌까지의 성적으로 추정
2025,김범수,11411,한화,1.3,,24830,역산 추정,103,2,0,0,,2,2,,,,2,,직전 시즌까지의 성적으로 추정
2025,김상수,10427,롯데,-0.5,,39200,역산 추정,76,2,0,0,,2,2,,2012,,2,,직전 시즌까지의 성적으로 추정
2025,김상수,10320,KT,1.2,FA 2023 4년 보장 23.0억,57500,FA 연봉 부분,56,3,0,0,3,3,3,,2013,,3,계약 하한 대상(변경 없음),시즌 전 확정
2025,김서준,16326,키움,-0.5,,5107,역산 추정,245,1,0,0,,1,1,,,,1,,직전 시즌까지의 성적으로 추정
2025,김서현,15421,한화,2.0,,5012,역산 추정,325,1,0,0,,1,4,,2027,2024 프리미어12,4,신인 하한 / 국가대표 +1 / 국가대표 +1은 4코인까지,직전 시즌까지의 성적으로 추정
2025,김석환,12917,KIA,-0.1,,4860,역산 추정,357,1,0,0,,1,1,,,,1,,직전 시즌까지의 성적으로 추정
2025,김선기,13092,키움,-0.3,,4183,역산 추정,395,1,-1,0,,1,1,Y,,,2,풀타임 최소 2코인,직전 시즌까지의 성적으로 추정
2025,김선빈,10008,KIA,2.1,FA 2024 3년 보장 24.0억,60000,실제 연봉,49,4,0,1,4,5,5,,,,5,계약 하한 대상(변경 없음),시즌 전 확정
2025,김성민,12918,키움,-0.2,,10828,역산 추정,144,2,0,0,,2,2,,,,2,,직전 시즌까지의 성적으로 추정
2025,김성욱,11153,SSG,-0.3,FA 2025 2년 보장 2.5억,12500,FA 연봉 부분,135,2,-1,0,2,1,2,,,,2,계약 하한(가격 변경),시즌 전 확정
2025,김성윤,12936,삼성,5.5,,5712,역산 추정,214,1,0,0,,1,1,Y,,,2,풀타임 최소 2코인,직전 시즌까지의 성적으로 추정
2025,김성현,10636,SSG,-0.1,,24051,역산 추정,105,2,0,0,,2,2,,,,2,,직전 시즌까지의 성적으로 추정
2025,김시훈,13080,NC,-0.7,,16807,역산 추정,122,2,0,0,,2,3,,2026,,3,신인 하한,직전 시즌까지의 성적으로 추정
2025,김시훈,13080,KIA,-0.7,,16807,역산 추정,122,2,0,0,,2,3,,2026,,3,신인 하한,직전 시즌까지의 성적으로 추정
2025,김연주,16127,키움,-0.5,,4964,역산 추정,335,1,0,0,,1,1,,,,1,,직전 시즌까지의 성적으로 추정
2025,김영규,13088,NC,1.2,,14771,역산 추정,131,2,0,0,,2,2,,,,2,,직전 시즌까지의 성적으로 추정
2025,김영우,16274,LG,1.5,,5107,역산 추정,245,1,0,0,,1,1,Y,,,2,풀타임 최소 2코인,직전 시즌까지의 성적으로 추정
2025,김영웅,15035,삼성,2.8,,15000,실제 연봉,129,2,0,0,,2,2,Y,,,3,풀타임 최소 2코인 / 실제 연봉 반영(순위 179→129) / 편집 지정 3,직전 시즌까지의 성적으로 추정
2025,김웅빈,12503,키움,-0.2,,4782,역산 추정,370,1,0,0,,1,1,,,,1,,직전 시즌까지의 성적으로 추정
2025,김원중,10825,롯데,1.6,FA 2025 4년 보장 44.0억,110000,실제 연봉,25,5,0,0,5,5,5,,,,5,계약 하한 대상(변경 없음),시즌 전 확정
2025,김유성,15509,두산,-0.1,,4834,역산 추정,362,1,0,0,,1,1,,,,1,,직전 시즌까지의 성적으로 추정
2025,김윤하,16123,키움,-0.8,,6316,역산 추정,199,1,-1,0,,1,1,Y,,,2,풀타임 최소 2코인,직전 시즌까지의 성적으로 추정
2025,김인태,11098,두산,0.8,,8990,역산 추정,160,1,0,0,,1,1,,,,1,,직전 시즌까지의 성적으로 추정
2025,김재성,11344,삼성,-0.4,,5582,역산 추정,219,1,0,0,,1,1,,,,1,,직전 시즌까지의 성적으로 추정
2025,김재열,14747,NC,-0.7,,12000,실제 연봉,138,2,0,0,,2,2,,,,2,실제 연봉 반영(순위 175→138),직전 시즌까지의 성적으로 추정
2025,김재윤,11489,삼성,0.5,FA 2024 4년 보장 48.0억,80000,실제 연봉,35,5,0,0,5,5,5,,,,5,계약 하한 대상(변경 없음),시즌 전 확정
2025,김재현,10870,키움,-0.6,,3990,역산 추정,398,1,0,0,,1,1,,,,1,,직전 시즌까지의 성적으로 추정
2025,김재환,10643,두산,1.9,FA 2022 4년 보장 110.0억,100000,실제 연봉,29,5,0,1,5,5,4,,2015,,4,계약 하한 대상(변경 없음)/커리어 로우·지정 하향,시즌 전 확정
2025,김정우,13124,두산,-0.0,,4811,역산 추정,366,1,0,0,,1,1,,,,1,,직전 시즌까지의 성적으로 추정
2025,김종수,11117,한화,0.8,,8867,역산 추정,163,1,-1,0,,1,1,Y,,,2,풀타임 최소 2코인,직전 시즌까지의 성적으로 추정
2025,김주원,14765,NC,6.3,,16958,역산 추정,121,2,0,0,,2,2,,,2024 프리미어12,3,국가대표 +1,직전 시즌까지의 성적으로 추정
2025,김지찬,14618,삼성,0.9,,28000,실제 연봉,102,2,0,0,,2,2,,,,3,편집 지정 3,직전 시즌까지의 성적으로 추정
2025,김진성,11166,LG,0.5,,33000,실제 연봉,97,2,0,0,,2,2,,,,2,,직전 시즌까지의 성적으로 추정
2025,김진수,14781,LG,-0.1,,5056,역산 추정,316,1,0,0,,1,1,,,,1,,직전 시즌까지의 성적으로 추정
2025,김진욱,14792,롯데,-0.7,,10000,실제 연봉,151,1,0,0,,1,3,,2025,,3,신인 하한,직전 시즌까지의 성적으로 추정
2025,김진호,12897,NC,1.4,,4877,역산 추정,352,1,0,0,,1,1,Y,,,2,풀타임 최소 2코인,직전 시즌까지의 성적으로 추정
2025,김찬형,12622,SSG,-0.4,,4910,역산 추정,344,1,0,0,,1,1,,,,1,,직전 시즌까지의 성적으로 추정
2025,김태경,14593,NC,-0.8,,5613,역산 추정,218,1,0,0,,1,1,,,,1,,직전 시즌까지의 성적으로 추정
2025,김태군,10459,KIA,1.8,,70000,실제 연봉,40,4,0,0,,4,4,,,,4,,시즌 전 확정
2025,김태연,12585,한화,0.5,,14600,실제 연봉,132,2,0,0,,2,2,,,,2,,직전 시즌까지의 성적으로 추정
2025,김태진,11244,키움,-0.5,,6887,역산 추정,187,1,0,0,,1,1,,,,1,,직전 시즌까지의 성적으로 추정
2025,김태형,16250,KIA,0.3,,5107,역산 추정,245,1,0,0,,1,3,,2029,,3,신인 하한,직전 시즌까지의 성적으로 추정
2025,김태훈,10871,삼성,1.3,,24000,실제 연봉,106,2,0,0,,2,2,,,,2,,직전 시즌까지의 성적으로 추정
2025,김태훈,11336,삼성,-0.4,,24000,실제 연봉,106,2,0,0,,2,2,,,,2,실제 연봉 반영(순위 397→106),직전 시즌까지의 성적으로 추정
2025,김태훈,16340,NC,-0.3,,5107,역산 추정,245,1,0,0,,1,1,,,,1,,직전 시즌까지의 성적으로 추정
2025,김택연,16067,두산,1.3,,14000,실제 연봉,133,2,0,0,,2,4,,2028,2024 프리미어12,4,신인 하한 / 국가대표 +1 / 실제 연봉 반영(순위 159→133) / 국가대표 +1은 4코인까지,직전 시즌까지의 성적으로 추정
2025,김택형,11373,SSG,0.6,,9856,역산 추정,152,1,0,0,,1,1,,,,1,,직전 시즌까지의 성적으로 추정
2025,김한별,14716,NC,0.5,,4716,역산 추정,376,1,0,0,,1,1,,,,1,,직전 시즌까지의 성적으로 추정
2025,김헌곤,10640,삼성,-1.0,FA 2025 2년 보장 4.0억,20000,FA 연봉 부분,110,2,0,0,2,2,2,,,,2,계약 하한 대상(변경 없음),시즌 전 확정
2025,김현수,10187,LG,3.4,FA 2022 6년 보장 90.0억,50000,실제 연봉,57,5,0,1,5,5,5,,,,5,계약 하한 대상(변경 없음),시즌 전 확정
2025,김현수,14162,KIA,0.3,,4571,역산 추정,388,1,0,0,,1,1,,,,1,,직전 시즌까지의 성적으로 추정
2025,김형준,13081,NC,3.3,,11000,실제 연봉,142,2,-1,0,,2,2,Y,,2024 프리미어12,3,풀타임 최소 2코인 / 국가대표 +1 / 실제 연봉 반영(순위 198→142),직전 시즌까지의 성적으로 추정
2025,김호령,11298,KIA,2.8,,5659,역산 추정,216,1,0,0,,1,1,Y,,,2,풀타임 최소 2코인,직전 시즌까지의 성적으로 추정
2025,김호준,13268,두산,-0.2,,4905,역산 추정,345,1,0,0,,1,1,,,,1,,직전 시즌까지의 성적으로 추정
2025,김휘집,14785,NC,2.9,,12961,역산 추정,133,2,0,0,,2,2,,,2024 프리미어12,3,국가대표 +1,직전 시즌까지의 성적으로 추정
2025,나균안,12930,롯데,3.0,,10451,역산 추정,148,2,0,0,,2,2,,,,2,,직전 시즌까지의 성적으로 추정
2025,나성범,11162,KIA,1.9,FA 2022 6년 보장 120.0억,80000,실제 연봉,35,5,0,0,5,5,4,,2017,,4,계약 하한 대상(변경 없음)/커리어 로우·지정 하향,시즌 전 확정
2025,나승엽,14797,롯데,-0.1,,12000,실제 연봉,138,2,0,0,,2,4,,2025,2024 프리미어12,4,신인 하한 / 국가대표 +1 / 실제 연봉 반영(순위 182→138) / 국가대표 +1은 4코인까지,직전 시즌까지의 성적으로 추정
2025,노경은,10203,SSG,3.1,FA 2025 3년 보장 16.0억,40000,실제 연봉,69,4,0,0,4,4,4,,2007,,4,계약 하한 대상(변경 없음),시즌 전 확정
2025,노시환,14125,한화,4.9,,33000,실제 연봉,97,2,0,0,,2,2,,2023,,4,사용자 지정: 2024년부터 최소 4,직전 시즌까지의 성적으로 추정
2025,노진혁,11165,롯데,-0.2,FA 2023 4년 보장 46.0억,70000,실제 연봉,40,5,0,0,5,5,5,,,,5,계약 하한 대상(변경 없음),시즌 전 확정
2025,도태훈,12560,NC,0.3,,5125,역산 추정,241,1,0,0,,1,1,,,,1,,직전 시즌까지의 성적으로 추정
2025,류지혁,10894,삼성,1.5,FA 2025 4년 보장 20.0억,60000,실제 연봉,49,3,0,0,3,3,3,,,,3,계약 하한 대상(변경 없음),시즌 전 확정
2025,류진욱,11355,NC,1.7,,18014,역산 추정,117,2,-1,0,,1,1,Y,,,2,풀타임 최소 2코인,직전 시즌까지의 성적으로 추정
2025,류현진,10590,한화,4.0,NONFA 2024 8년 보장 170억,200000,실제 연봉,4,5,0,1,5,5,5,,2010,,5,계약 하한 대상(변경 없음),시즌 전 확정
2025,류효승,14586,SSG,0.4,,5107,역산 추정,245,1,0,0,,1,1,,,,1,,직전 시즌까지의 성적으로 추정
2025,목지훈,15453,NC,0.2,,4925,역산 추정,342,1,0,0,,1,1,,,,1,,직전 시즌까지의 성적으로 추정
2025,문동주,15013,한화,2.5,,10000,실제 연봉,151,1,0,0,,1,4,,2026,,4,신인 하한,직전 시즌까지의 성적으로 추정
2025,문보경,14137,LG,4.2,,41000,실제 연봉,68,2,0,0,,2,2,,,2024 프리미어12,4,국가대표 +1 / 편집 지정 4,시즌 전 확정
2025,문상철,11333,KT,0.4,,4735,역산 추정,374,1,0,0,,1,1,,,,1,,직전 시즌까지의 성적으로 추정
2025,문성주,13112,LG,2.6,,18000,실제 연봉,119,2,0,0,,2,2,,,,2,,직전 시즌까지의 성적으로 추정
2025,문승원,10783,SSG,1.5,NONFA 2022 5년 보장 47억,80000,실제 연봉,35,4,0,0,4,4,4,,,,4,계약 하한 대상(변경 없음),시즌 전 확정
2025,문용익,12885,KT,0.7,,4963,역산 추정,336,1,0,0,,1,1,,,,1,,직전 시즌까지의 성적으로 추정
2025,문정빈,15086,LG,0.1,,5107,역산 추정,245,1,0,0,,1,1,,,,1,,직전 시즌까지의 성적으로 추정
2025,문현빈,15422,한화,2.4,,8000,실제 연봉,173,1,0,0,,1,1,Y,,,2,풀타임 최소 2코인,직전 시즌까지의 성적으로 추정
2025,박건우,10189,NC,1.9,FA 2022 6년 보장 94.0억,70000,실제 연봉,40,5,0,0,5,5,4,,,,4,계약 하한 대상(변경 없음)/커리어 로우·지정 하향,시즌 전 확정
2025,박건우,16352,KT,0.2,,5107,역산 추정,245,1,0,0,,1,1,,,,1,,직전 시즌까지의 성적으로 추정
2025,박계범,11198,두산,-0.1,,7025,역산 추정,184,1,0,0,,1,1,,,,1,,직전 시즌까지의 성적으로 추정
2025,박관우,16279,LG,0.0,,5107,역산 추정,245,1,0,0,,1,1,,,,1,,직전 시즌까지의 성적으로 추정
2025,박기호,16040,SSG,0.3,,5107,역산 추정,245,1,0,0,,1,1,,,,1,,직전 시즌까지의 성적으로 추정
2025,박동원,10387,LG,5.1,FA 2023 4년 보장 65.0억,120000,실제 연봉,23,5,0,0,5,5,5,,,2024 프리미어12,5,계약 하한 대상(변경 없음),시즌 전 확정
2025,박명근,15486,LG,0.6,,6000,실제 연봉,205,1,0,0,,1,1,,,,1,,직전 시즌까지의 성적으로 추정
2025,박민,14611,KIA,-0.1,,4837,역산 추정,361,1,0,0,,1,1,,,,1,,직전 시즌까지의 성적으로 추정
2025,박민우,11137,NC,4.4,FA 2023 8년 보장 90.0억,90000,실제 연봉,32,5,0,1,5,5,5,,,,5,계약 하한 대상(변경 없음),시즌 전 확정
2025,박병호,10470,삼성,0.4,,38000,실제 연봉,88,2,0,0,,2,2,,2009,,2,,직전 시즌까지의 성적으로 추정
2025,박상원,12871,한화,0.7,,22000,실제 연봉,109,2,0,0,,2,2,,,,2,,직전 시즌까지의 성적으로 추정
2025,박성한,12922,SSG,5.3,,37000,실제 연봉,88,2,0,0,,2,2,,,2024 프리미어12,3,국가대표 +1,직전 시즌까지의 성적으로 추정
2025,박세웅,11310,롯데,1.9,NONFA 2023 5년 보장 70억,135000,실제 연봉,21,5,0,1,5,5,5,,,,5,계약 하한 대상(변경 없음),시즌 전 확정
2025,박세혁,10891,NC,-0.7,FA 2023 4년 보장 42.0억,60000,실제 연봉,49,4,0,0,4,4,4,,,,4,계약 하한 대상(변경 없음),시즌 전 확정
2025,박수종,15132,키움,-0.1,,5347,역산 추정,228,1,0,0,,1,1,,,,1,,직전 시즌까지의 성적으로 추정
2025,박승규,14122,삼성,1.3,,5076,역산 추정,309,1,0,0,,1,1,,,,1,,직전 시즌까지의 성적으로 추정
2025,박승욱,10804,롯데,-0.3,,6186,역산 추정,202,1,0,0,,1,1,,,,1,,직전 시즌까지의 성적으로 추정
2025,박시영,10737,롯데,-0.5,,3990,역산 추정,398,1,0,0,,1,1,,,,1,,직전 시즌까지의 성적으로 추정
2025,박시원,14597,NC,-0.4,,4858,역산 추정,358,1,0,0,,1,1,,,,1,,직전 시즌까지의 성적으로 추정
2025,박시후,14687,SSG,0.4,,5069,역산 추정,311,1,0,0,,1,1,Y,,,2,풀타임 최소 2코인,직전 시즌까지의 성적으로 추정
2025,박신지,13070,두산,0.5,,4740,역산 추정,373,1,0,0,,1,1,Y,,,2,풀타임 최소 2코인,직전 시즌까지의 성적으로 추정
2025,박영현,15089,KT,0.9,,24000,실제 연봉,106,2,0,0,,2,4,,2026,2024 프리미어12,4,신인 하한 / 국가대표 +1 / 국가대표 +1은 4코인까지,직전 시즌까지의 성적으로 추정
2025,박윤성,15475,키움,-0.7,,5052,역산 추정,318,1,0,0,,1,1,Y,,,2,풀타임 최소 2코인,직전 시즌까지의 성적으로 추정
2025,박재현,16252,KIA,-1.5,,5107,역산 추정,245,1,0,0,,1,1,,,,1,,직전 시즌까지의 성적으로 추정
2025,박정수,11300,두산,0.3,,4478,역산 추정,391,1,0,0,,1,1,,,,1,,직전 시즌까지의 성적으로 추정
2025,박정우,12869,KIA,0.5,,5145,역산 추정,238,1,0,0,,1,1,,,,1,,직전 시즌까지의 성적으로 추정
2025,박정훈,16330,키움,-0.4,,5107,역산 추정,245,1,0,0,,1,1,,,,1,,직전 시즌까지의 성적으로 추정
2025,박종훈,10131,SSG,-0.1,NONFA 2022 5년 보장 56억,110000,실제 연봉,25,5,0,0,5,5,4,,,,4,계약 하한 대상(변경 없음)/커리어 로우·지정 하향,시즌 전 확정
2025,박주성,14130,키움,-0.5,,4833,역산 추정,363,1,0,0,,1,1,,,,1,,직전 시즌까지의 성적으로 추정
2025,박주홍,14580,키움,0.2,,4483,역산 추정,390,1,0,0,,1,1,,2025,,1,,직전 시즌까지의 성적으로 추정
2025,박준순,16287,두산,-0.1,,5107,역산 추정,245,1,0,0,,1,3,,2029,,3,신인 하한,직전 시즌까지의 성적으로 추정
2025,박준영,12522,두산,0.1,,6014,역산 추정,204,1,0,0,,1,1,,2024,,2,변동 완충(−1까지),직전 시즌까지의 성적으로 추정
2025,박준영,15014,한화,0.1,,4903,역산 추정,346,1,0,0,,1,3,,2026,,3,신인 하한,직전 시즌까지의 성적으로 추정
2025,박준우,16092,롯데,-0.2,,5107,역산 추정,245,1,0,0,,1,1,,,,1,,직전 시즌까지의 성적으로 추정
2025,박지환,16038,SSG,-0.9,,5069,역산 추정,311,1,0,0,,1,1,,,,1,,직전 시즌까지의 성적으로 추정
2025,박지훈,14736,두산,0.8,,5107,역산 추정,245,1,0,0,,1,1,,,,1,,직전 시즌까지의 성적으로 추정
2025,박진,14163,롯데,0.0,,5254,역산 추정,232,1,0,0,,1,1,Y,,,2,풀타임 최소 2코인,직전 시즌까지의 성적으로 추정
2025,박진형,11425,롯데,-0.1,,12084,역산 추정,137,2,0,0,,2,2,,,,2,,직전 시즌까지의 성적으로 추정
2025,박찬형,16395,롯데,1.2,,5107,역산 추정,245,1,0,0,,1,1,,,,1,,직전 시즌까지의 성적으로 추정
2025,박찬호,11261,KIA,4.6,,45000,실제 연봉,68,2,0,1,,3,3,,,,4,명성: 2024 골든글러브 / 편집 지정 4,직전 시즌까지의 성적으로 추정
2025,박치국,12850,두산,0.2,,36413,역산 추정,89,2,-1,0,,1,1,Y,,,2,풀타임 최소 2코인,직전 시즌까지의 성적으로 추정
2025,박해민,11190,LG,4.5,FA 2022 4년 보장 56.0억,60000,실제 연봉,49,5,0,0,5,5,5,,,,5,계약 하한 대상(변경 없음),시즌 전 확정
2025,배재준,12697,LG,0.1,,5396,역산 추정,226,1,0,0,,1,1,,,,1,,직전 시즌까지의 성적으로 추정
2025,배재환,11248,NC,0.9,,10869,역산 추정,142,2,0,0,,2,2,,,,2,,직전 시즌까지의 성적으로 추정
2025,배정대,11212,KT,-0.0,,27551,역산 추정,102,2,0,0,,2,2,,,,2,,직전 시즌까지의 성적으로 추정
2025,배제성,11394,KT,0.2,,38929,역산 추정,85,2,0,0,,2,2,,,,2,,직전 시즌까지의 성적으로 추정
2025,배찬승,16239,삼성,0.6,,5107,역산 추정,245,1,0,0,,1,3,,2029,,3,신인 하한,직전 시즌까지의 성적으로 추정
2025,백승현,13009,LG,0.2,,7000,실제 연봉,185,1,0,0,,1,1,,,,1,,직전 시즌까지의 성적으로 추정
2025,백정현,10363,삼성,1.3,FA 2022 4년 보장 34.0억,40000,실제 연봉,69,4,0,1,4,5,4,,2013,,4,계약 하한 대상(변경 없음)/커리어 로우·지정 하향,시즌 전 확정
2025,변우혁,14124,KIA,-0.1,,4940,역산 추정,339,1,0,0,,1,1,,2023,,1,,직전 시즌까지의 성적으로 추정
2025,서호철,14220,NC,-0.8,,9654,역산 추정,156,1,0,0,,1,1,,,,1,,직전 시즌까지의 성적으로 추정
2025,석정우,15121,SSG,-0.2,,5107,역산 추정,245,1,0,0,,1,1,,,,1,,직전 시즌까지의 성적으로 추정
2025,성동현,13103,LG,-0.3,,5107,역산 추정,245,1,0,0,,1,1,,,,1,,직전 시즌까지의 성적으로 추정
2025,성영탁,16085,KIA,2.0,,5107,역산 추정,245,1,0,0,,1,1,,,,1,,직전 시즌까지의 성적으로 추정
2025,소이현,12900,NC,0.1,,4869,역산 추정,355,1,0,0,,1,1,,,,1,,직전 시즌까지의 성적으로 추정
2025,소형준,14600,KT,3.7,,22000,실제 연봉,109,2,0,0,,2,2,,2024,2024 프리미어12,3,국가대표 +1,직전 시즌까지의 성적으로 추정
2025,손동현,14108,KT,0.9,,8260,역산 추정,168,1,0,0,,1,1,Y,,,2,풀타임 최소 2코인,직전 시즌까지의 성적으로 추정
2025,손성빈,14796,롯데,-0.2,,5044,역산 추정,321,1,0,0,,1,1,,,,1,,직전 시즌까지의 성적으로 추정
2025,손아섭,10261,NC,1.2,FA 2022 4년 보장 56.0억,50000,실제 연봉,57,5,0,0,5,5,4,,,,4,계약 하한 대상(변경 없음)/커리어 로우·지정 하향,시즌 전 확정
2025,손아섭,10261,한화,1.2,FA 2022 4년 보장 56.0억,50000,실제 연봉,57,5,0,0,5,5,4,,,,3,계약 하한 대상(변경 없음)/커리어 로우·지정 하향,시즌 전 확정
2025,손주영,12908,LG,3.8,,17200,실제 연봉,121,2,0,0,,2,2,Y,,,3,풀타임 최소 2코인 / 실제 연봉 반영(순위 173→121) / 편집 지정 3,직전 시즌까지의 성적으로 추정
2025,손주환,16057,NC,0.7,,5107,역산 추정,245,1,0,0,,1,1,Y,,,2,풀타임 최소 2코인,직전 시즌까지의 성적으로 추정
2025,손호영,14590,롯데,0.2,,12500,실제 연봉,135,2,0,0,,2,2,Y,,,2,풀타임 최소 2코인 / 실제 연봉 반영(순위 183→135),직전 시즌까지의 성적으로 추정
2025,송성문,11376,키움,8.6,,30000,실제 연봉,100,2,1,0,,3,3,,,2024 프리미어12,4,국가대표 +1,직전 시즌까지의 성적으로 추정
2025,송승기,14846,LG,3.5,,4990,역산 추정,329,1,0,0,,1,1,Y,,,2,풀타임 최소 2코인,직전 시즌까지의 성적으로 추정
2025,송영진,15462,SSG,0.2,,6295,역산 추정,201,1,0,0,,1,1,,,,1,,직전 시즌까지의 성적으로 추정
2025,송은범,10137,삼성,0.1,,14931,역산 추정,129,2,0,0,,2,2,,2007,,2,,직전 시즌까지의 성적으로 추정
2025,송재영,14794,롯데,0.1,,4592,역산 추정,384,1,0,0,,1,1,,,,1,,직전 시즌까지의 성적으로 추정
2025,송지후,16130,키움,-0.3,,5107,역산 추정,245,1,0,0,,1,1,,,,1,,직전 시즌까지의 성적으로 추정
2025,송찬의,13109,LG,0.0,,5164,역산 추정,237,1,0,0,,1,1,,,,1,,직전 시즌까지의 성적으로 추정
2025,신민재,13056,LG,3.5,,20000,실제 연봉,110,2,0,0,,2,2,Y,,2024 프리미어12,3,풀타임 최소 2코인 / 국가대표 +1 / 실제 연봉 반영(순위 166→110),직전 시즌까지의 성적으로 추정
2025,신민혁,13085,NC,1.9,,23375,역산 추정,106,2,0,0,,2,2,,,,2,,직전 시즌까지의 성적으로 추정
2025,신범수,12541,SSG,0.1,,4972,역산 추정,333,1,0,0,,1,1,,,,1,,직전 시즌까지의 성적으로 추정
2025,신영우,15450,NC,-0.2,,4976,역산 추정,331,1,0,0,,1,3,,2028,,3,신인 하한,직전 시즌까지의 성적으로 추정
2025,심우준,11334,한화,0.8,FA 2025 4년 보장 42.0억,50000,실제 연봉,57,4,0,0,4,4,4,,,,4,계약 하한 대상(변경 없음),시즌 전 확정
2025,심재훈,16240,삼성,-0.1,,5107,역산 추정,245,1,0,0,,1,1,,,,1,,직전 시즌까지의 성적으로 추정
2025,안상현,12613,SSG,0.5,,4608,역산 추정,382,1,0,0,,1,1,,,,1,,직전 시즌까지의 성적으로 추정
2025,안재석,14771,두산,1.8,,5622,역산 추정,217,1,0,0,,1,3,,2025,,3,신인 하한,직전 시즌까지의 성적으로 추정
2025,안중열,11329,NC,-0.4,,4576,역산 추정,386,1,0,0,,1,1,,,,1,,직전 시즌까지의 성적으로 추정
2025,안치영,13006,KT,0.1,,4873,역산 추정,353,1,0,0,,1,1,,,,1,,직전 시즌까지의 성적으로 추정
2025,안치홍,10014,한화,-1.3,FA 2024 6년 보장 47.0억,50000,실제 연봉,57,5,0,0,5,5,5,,2013,,5,계약 하한 대상(변경 없음),시즌 전 확정
2025,안현민,15092,KT,6.8,,5107,역산 추정,245,1,0,0,,1,1,Y,,,2,풀타임 최소 2코인,직전 시즌까지의 성적으로 추정
2025,양도근,15875,삼성,1.3,,5107,역산 추정,245,1,0,0,,1,1,,,,1,,직전 시즌까지의 성적으로 추정
2025,양석환,11213,두산,1.2,FA 2024 6년 보장 59.0억,147500,FA 연봉 부분,13,5,0,0,5,5,5,,,,5,계약 하한 대상(변경 없음),시즌 전 확정
2025,양의지,10165,두산,6.8,FA 2023 6년 보장 110.0억,160000,실제 연봉,12,5,0,1,5,5,5,,,,5,계약 하한 대상(변경 없음),시즌 전 확정
2025,양재훈,16293,두산,0.3,,5107,역산 추정,245,1,0,0,,1,1,,,,1,,직전 시즌까지의 성적으로 추정
2025,양지율,12854,키움,-0.7,,5028,역산 추정,323,1,0,0,,1,1,,,,1,,직전 시즌까지의 성적으로 추정
2025,양창섭,13157,삼성,1.0,,6512,역산 추정,195,1,0,0,,1,1,,2022,,1,,직전 시즌까지의 성적으로 추정
2025,양현종,10058,KIA,0.9,FA 2022 4년 보장 55.0억,50000,실제 연봉,57,5,0,1,5,5,5,,2011,,5,계약 하한 대상(변경 없음),시즌 전 확정
2025,어준서,16328,키움,-0.8,,5107,역산 추정,245,1,0,0,,1,1,Y,,,2,풀타임 최소 2코인,직전 시즌까지의 성적으로 추정
2025,엄상백,11318,한화,-0.2,FA 2025 4년 보장 66.5억,90000,실제 연봉,32,5,0,0,5,5,5,,2019,,5,계약 하한 대상(변경 없음),시즌 전 확정
2025,여동욱,16329,키움,-0.4,,5107,역산 추정,245,1,0,0,,1,1,,,,1,,직전 시즌까지의 성적으로 추정
2025,오명진,14737,두산,1.8,,5107,역산 추정,245,1,0,0,,1,1,Y,,,2,풀타임 최소 2코인,직전 시즌까지의 성적으로 추정
2025,오석주,12860,키움,0.8,,4641,역산 추정,380,1,0,0,,1,1,Y,,,2,풀타임 최소 2코인,직전 시즌까지의 성적으로 추정
2025,오선우,14181,KIA,0.0,,4575,역산 추정,387,1,0,0,,1,1,Y,,,2,풀타임 최소 2코인,직전 시즌까지의 성적으로 추정
2025,오선진,10557,키움,0.1,,30387,역산 추정,99,2,0,0,,2,2,,,,2,,직전 시즌까지의 성적으로 추정
2025,오승환,10367,삼성,-0.1,FA 2024 2년 보장 22.0억,80000,실제 연봉,35,5,-1,1,5,5,4,,2009,,4,계약 하한 대상(변경 없음)/커리어 로우·지정 하향,시즌 전 확정
2025,오영수,13082,NC,0.1,,4809,역산 추정,367,1,0,0,,1,1,,,,1,,직전 시즌까지의 성적으로 추정
2025,오원석,14581,KT,3.4,,16387,역산 추정,125,2,0,0,,2,2,,2024,,2,,직전 시즌까지의 성적으로 추정
2025,오윤석,11397,KT,0.7,,5677,역산 추정,215,1,0,0,,1,1,,,,1,,직전 시즌까지의 성적으로 추정
2025,오지환,10475,LG,2.9,FA 2024 6년 보장 100.0억,166667,FA 연봉 부분,10,5,0,1,5,5,5,,2014,,5,계약 하한 대상(변경 없음),시즌 전 확정
2025,오태곤,10249,SSG,-0.4,FA 2023 4년 보장 16.0억,40000,FA 연봉 부분,69,3,0,0,3,3,3,,,,3,계약 하한 대상(변경 없음),시즌 전 확정
2025,우강훈,14816,LG,0.1,,4976,역산 추정,332,1,0,0,,1,1,,,,1,,직전 시즌까지의 성적으로 추정
2025,우규민,10523,KT,1.1,FA 2025 2년 보장 6.0억,30000,FA 연봉 부분,100,2,0,0,2,2,2,,2008,,2,계약 하한 대상(변경 없음),시즌 전 확정
2025,원상현,16027,KT,0.2,,5004,역산 추정,327,1,0,0,,1,3,,2028,,3,신인 하한,직전 시즌까지의 성적으로 추정
2025,원성준,16136,키움,-0.0,,4948,역산 추정,338,1,0,0,,1,1,,,,1,,직전 시즌까지의 성적으로 추정
2025,원종현,11161,키움,-1.7,FA 2023 4년 보장 25.0억,50000,실제 연봉,57,4,0,0,4,4,4,,2018,,4,계약 하한 대상(변경 없음),시즌 전 확정
2025,원태인,14113,삼성,4.9,,63000,실제 연봉,47,3,1,1,,5,5,,2023,,5,지정 유지(원태인·이정후·안우진) / 명성: 2024 다승 1위,시즌 전 확정
2025,유강남,10753,롯데,2.1,FA 2023 4년 보장 74.0억,110000,실제 연봉,25,5,0,0,5,5,5,,,,5,계약 하한 대상(변경 없음),시즌 전 확정
2025,유영찬,14669,LG,0.9,,21000,실제 연봉,109,2,0,0,,2,2,,,2024 프리미어12,3,국가대표 +1,직전 시즌까지의 성적으로 추정
2025,유준규,14778,KT,-0.1,,5107,역산 추정,245,1,0,0,,1,1,,,,1,,직전 시즌까지의 성적으로 추정
2025,육선엽,15864,삼성,0.0,,5073,역산 추정,310,1,0,0,,1,3,,2028,,3,신인 하한,직전 시즌까지의 성적으로 추정
2025,윤도현,15058,KIA,0.4,,5107,역산 추정,245,1,0,0,,1,1,,,,1,,직전 시즌까지의 성적으로 추정
2025,윤동희,15048,롯데,3.1,,20000,실제 연봉,110,2,0,0,,2,2,Y,,2024 프리미어12,3,풀타임 최소 2코인 / 국가대표 +1 / 실제 연봉 반영(순위 154→110),직전 시즌까지의 성적으로 추정
2025,윤산흠,14196,한화,0.4,,5379,역산 추정,227,1,0,0,,1,1,,,,1,,직전 시즌까지의 성적으로 추정
2025,윤석원,15071,키움,-0.1,,4542,역산 추정,389,1,0,0,,1,1,,,,1,,직전 시즌까지의 성적으로 추정
2025,윤성빈,12928,롯데,0.0,,5053,역산 추정,317,1,0,0,,1,4,,2022,,1,"신인 하한 / 신인 하한 종료(달력 5시즌, 군 복무 외 공백은 연장 안 함)",직전 시즌까지의 성적으로 추정
2025,윤영철,15432,KIA,0.2,,10329,역산 추정,149,2,0,0,,2,4,,2027,,4,신인 하한,직전 시즌까지의 성적으로 추정
2025,윤정빈,13161,삼성,-0.7,,5309,역산 추정,230,1,0,0,,1,1,,,,1,,직전 시즌까지의 성적으로 추정
2025,윤중현,13122,KIA,0.1,,6519,역산 추정,194,1,0,0,,1,1,,,,1,,직전 시즌까지의 성적으로 추정
2025,윤태호,15104,두산,-0.1,,5107,역산 추정,245,1,0,0,,1,1,,,,1,,직전 시즌까지의 성적으로 추정
2025,윤현,16331,키움,-1.5,,5107,역산 추정,245,1,0,0,,1,1,,,,1,,직전 시즌까지의 성적으로 추정
2025,이강준,14601,키움,-0.3,,4742,역산 추정,372,1,0,0,,1,1,,,,1,,직전 시즌까지의 성적으로 추정
2025,이교훈,14173,두산,0.2,,4607,역산 추정,383,1,0,0,,1,1,,,,1,,직전 시즌까지의 성적으로 추정
2025,이도윤,11414,한화,0.5,,11000,실제 연봉,142,2,0,0,,2,2,,,,2,실제 연봉 반영(순위 192→142),직전 시즌까지의 성적으로 추정
2025,이도현,15437,KIA,-0.0,,5107,역산 추정,245,1,0,0,,1,1,,,,1,,직전 시즌까지의 성적으로 추정
2025,이로운,15461,SSG,2.9,,9861,역산 추정,151,1,-1,0,,1,3,,2027,,3,신인 하한,직전 시즌까지의 성적으로 추정
2025,이민석,15045,롯데,0.9,,4856,역산 추정,359,1,0,0,,1,3,,2026,,3,신인 하한,직전 시즌까지의 성적으로 추정
2025,이병헌,15099,두산,-0.1,,8054,역산 추정,172,1,0,0,,1,3,,2026,,3,신인 하한,직전 시즌까지의 성적으로 추정
2025,이병헌,14117,삼성,-0.1,,4823,역산 추정,365,1,0,0,,1,1,,,,1,,직전 시즌까지의 성적으로 추정
2025,이상규,13245,한화,-0.3,,4940,역산 추정,340,1,0,0,,1,1,,,,1,,직전 시즌까지의 성적으로 추정
2025,이상동,14109,KT,1.1,,4917,역산 추정,343,1,0,0,,1,1,,,,1,,직전 시즌까지의 성적으로 추정
2025,이성규,12562,삼성,1.2,,4662,역산 추정,378,1,0,0,,1,1,,,,1,,직전 시즌까지의 성적으로 추정
2025,이승민,14616,삼성,0.4,,4799,역산 추정,369,1,0,0,,1,1,Y,,,2,풀타임 최소 2코인,직전 시즌까지의 성적으로 추정
2025,이승현,10527,삼성,-0.5,,24000,실제 연봉,106,2,0,0,,2,2,,,,2,,직전 시즌까지의 성적으로 추정
2025,이승현,14798,삼성,1.4,,24000,실제 연봉,106,2,0,0,,2,3,,2025,,3,신인 하한,직전 시즌까지의 성적으로 추정
2025,이영빈,14783,LG,-0.1,,4896,역산 추정,347,1,0,0,,1,1,,,,1,,직전 시즌까지의 성적으로 추정
2025,이영하,12568,두산,0.9,,18000,실제 연봉,119,2,-1,0,,1,1,Y,2021,2024 프리미어12,3,풀타임 최소 2코인 / 국가대표 +1,직전 시즌까지의 성적으로 추정
2025,이용규,10035,키움,-0.2,,14570,역산 추정,132,2,0,0,,2,2,,,,2,,직전 시즌까지의 성적으로 추정
2025,이용찬,10217,NC,-0.4,FA 2025 3년 보장 4.0억,39200,FA 연봉 부분,76,2,-1,0,2,1,2,,2012,,2,계약 하한(가격 변경),시즌 전 확정
2025,이우성,11099,KIA,-0.3,,8133,역산 추정,170,1,-1,0,,1,1,,,,3,편집 지정 3,직전 시즌까지의 성적으로 추정
2025,이우성,11099,NC,-0.3,,8133,역산 추정,170,1,-1,0,,1,1,,,,3,편집 지정 3,직전 시즌까지의 성적으로 추정
2025,이우찬,10749,LG,0.5,,10000,실제 연봉,151,1,0,0,,1,1,,,,1,,직전 시즌까지의 성적으로 추정
2025,이원석,13138,한화,0.6,,4370,역산 추정,394,1,0,0,,1,1,,,,1,,직전 시즌까지의 성적으로 추정
2025,이유찬,12894,두산,0.8,,5792,역산 추정,211,1,0,0,,1,1,,,,1,,직전 시즌까지의 성적으로 추정
2025,이의리,14788,KIA,-0.4,,16450,역산 추정,124,2,0,0,,2,4,,2025,,4,신인 하한,직전 시즌까지의 성적으로 추정
2025,이재원,10082,한화,0.2,,10000,실제 연봉,151,1,0,0,,1,1,,2010,,1,실제 연봉 반영(순위 112→151),직전 시즌까지의 성적으로 추정
2025,이재익,13244,삼성,0.3,,6606,역산 추정,193,1,0,0,,1,1,,,,1,,직전 시즌까지의 성적으로 추정
2025,이재현,15034,삼성,5.1,,21000,실제 연봉,109,2,0,0,,2,3,,2026,,3,신인 하한,직전 시즌까지의 성적으로 추정
2025,이재희,14799,삼성,0.3,,5173,역산 추정,236,1,0,0,,1,1,,,,1,,직전 시즌까지의 성적으로 추정
2025,이정용,14134,LG,0.6,,16063,역산 추정,126,2,0,0,,2,3,,2024,,2,"신인 하한 / 신인 하한 종료(달력 5시즌, 군 복무 외 공백은 연장 안 함)",직전 시즌까지의 성적으로 추정
2025,이정훈,12916,KT,-0.1,,5059,역산 추정,315,1,0,0,,1,1,,,,1,,직전 시즌까지의 성적으로 추정
2025,이주헌,15081,LG,0.7,,5107,역산 추정,245,1,0,0,,1,1,,,,1,,직전 시즌까지의 성적으로 추정
2025,이주형,14591,키움,2.9,,11000,실제 연봉,142,2,0,0,,2,2,Y,,2024 프리미어12,3,풀타임 최소 2코인 / 국가대표 +1 / 실제 연봉 반영(순위 165→142),직전 시즌까지의 성적으로 추정
2025,이준영,11303,KIA,-0.1,,17431,역산 추정,120,2,-1,0,,1,1,Y,,,2,풀타임 최소 2코인,직전 시즌까지의 성적으로 추정
2025,이준우,16384,키움,-1.1,,5107,역산 추정,245,1,0,0,,1,1,,,,1,,직전 시즌까지의 성적으로 추정
2025,이준혁,15111,NC,-0.5,,5107,역산 추정,245,1,0,0,,1,1,,,,1,,직전 시즌까지의 성적으로 추정
2025,이지강,14143,LG,-0.0,,5136,역산 추정,240,1,0,0,,1,1,,,,1,,직전 시즌까지의 성적으로 추정
2025,이지영,10312,SSG,-0.1,FA 2024 2년 보장 3.5억,35620,FA 연봉 부분,91,2,0,0,2,2,2,,,,2,계약 하한 대상(변경 없음),시즌 전 확정
2025,이진영,12539,한화,2.0,,6487,역산 추정,197,1,0,0,,1,1,Y,,,2,풀타임 최소 2코인,직전 시즌까지의 성적으로 추정
2025,이창진,11233,KIA,-0.1,,9399,역산 추정,157,1,0,0,,1,1,,,,1,,직전 시즌까지의 성적으로 추정
2025,이채호,13130,KT,-0.1,,5051,역산 추정,319,1,0,0,,1,1,,,,1,,직전 시즌까지의 성적으로 추정
2025,이태양,10609,한화,0.2,FA 2023 4년 보장 25.0억,62500,FA 연봉 부분,48,4,0,0,4,4,4,,,,4,계약 하한 대상(변경 없음),시즌 전 확정
2025,이형범,11159,KIA,-0.7,,6500,역산 추정,196,1,0,0,,1,1,,,,1,,직전 시즌까지의 성적으로 추정
2025,이형종,12516,키움,0.2,,60000,실제 연봉,49,3,0,0,,3,3,,2020,,3,,시즌 전 확정
2025,이호민,16251,KIA,-0.7,,5107,역산 추정,245,1,0,0,,1,1,,,,1,,직전 시즌까지의 성적으로 추정
2025,이호성,15496,삼성,-0.0,,5080,역산 추정,308,1,0,0,,1,1,Y,,,2,풀타임 최소 2코인,직전 시즌까지의 성적으로 추정
2025,이호연,13151,KT,0.2,,5038,역산 추정,322,1,0,0,,1,1,,,,1,,직전 시즌까지의 성적으로 추정
2025,이호준,16091,롯데,0.8,,5107,역산 추정,245,1,0,0,,1,1,,,,1,,직전 시즌까지의 성적으로 추정
2025,임기영,10909,KIA,-0.5,FA 2025 3년 보장 12.0억,40000,FA 연봉 부분,69,3,0,0,3,3,3,,,,3,계약 하한 대상(변경 없음),시즌 전 확정
2025,임병욱,11226,키움,-0.7,,8101,역산 추정,171,1,0,0,,1,1,,,,1,,직전 시즌까지의 성적으로 추정
2025,임정호,11168,NC,-0.9,FA 2025 3년 보장 9.0억,30890,FA 연봉 부분,98,2,0,0,2,2,2,,,,2,계약 하한 대상(변경 없음),시즌 전 확정
2025,임종성,16069,두산,0.7,,5107,역산 추정,245,1,0,0,,1,1,,,,1,,직전 시즌까지의 성적으로 추정
2025,임종찬,14706,한화,-0.1,,4103,역산 추정,396,1,0,0,,1,1,,,,1,,직전 시즌까지의 성적으로 추정
2025,임지열,11225,키움,1.0,,4745,역산 추정,371,1,0,0,,1,1,Y,,,2,풀타임 최소 2코인,직전 시즌까지의 성적으로 추정
2025,임찬규,10652,LG,4.9,FA 2024 4년 보장 26.0억,65000,FA 연봉 부분,45,4,0,0,4,4,4,,2015,2024 프리미어12,4,계약 하한 대상(변경 없음) / 국가대표 +1 / 국가대표 +1은 4코인까지,시즌 전 확정
2025,임창민,10452,삼성,-0.1,FA 2024 2년 보장 7.0억,36971,FA 연봉 부분,88,2,0,0,2,2,2,,,,2,계약 하한 대상(변경 없음),시즌 전 확정
2025,장두성,13155,롯데,0.7,,4803,역산 추정,368,1,0,0,,1,1,,,,1,,직전 시즌까지의 성적으로 추정
2025,장성우,10235,KT,2.3,FA 2022 4년 보장 38.0억,50000,실제 연봉,57,4,0,0,4,4,4,,2013,,4,계약 하한 대상(변경 없음),시즌 전 확정
2025,장준원,11214,KT,0.0,,5064,역산 추정,314,1,0,0,,1,1,,,,1,,직전 시즌까지의 성적으로 추정
2025,장진혁,12583,KT,-0.0,,4405,역산 추정,393,1,0,0,,1,1,,,,1,,직전 시즌까지의 성적으로 추정
2025,장현식,11164,LG,0.7,FA 2025 4년 보장 52.0억,130000,FA 연봉 부분,22,5,0,0,5,5,5,,,,5,계약 하한 대상(변경 없음),시즌 전 확정
2025,전민재,13073,롯데,1.1,,4970,역산 추정,334,1,0,0,,1,1,Y,,,2,풀타임 최소 2코인,직전 시즌까지의 성적으로 추정
2025,전병우,11422,삼성,0.6,,5722,역산 추정,213,1,0,0,,1,1,,,,1,,직전 시즌까지의 성적으로 추정
2025,전사민,14156,NC,0.8,,4871,역산 추정,354,1,0,0,,1,1,Y,,,2,풀타임 최소 2코인,직전 시즌까지의 성적으로 추정
2025,전상현,12537,KIA,1.4,,39200,역산 추정,76,2,0,0,,2,2,,,,2,,직전 시즌까지의 성적으로 추정
2025,전영준,15032,SSG,0.8,,4986,역산 추정,330,1,0,0,,1,1,,,,1,,직전 시즌까지의 성적으로 추정
2025,전용주,14106,KT,0.2,,5012,역산 추정,326,1,0,0,,1,3,,2027,,3,신인 하한,직전 시즌까지의 성적으로 추정
2025,전준우,10266,롯데,1.4,FA 2024 4년 보장 40.0억,40000,실제 연봉,69,4,0,1,4,5,5,,,,5,계약 하한 대상(변경 없음),시즌 전 확정
2025,전준표,16122,키움,-1.2,,4882,역산 추정,348,1,0,0,,1,3,,2028,,3,신인 하한,직전 시즌까지의 성적으로 추정
2025,전태현,16332,키움,-0.2,,5107,역산 추정,245,1,0,0,,1,1,,,,1,,직전 시즌까지의 성적으로 추정
2025,정동윤,12571,SSG,-0.3,,5107,역산 추정,245,1,0,0,,1,3,,2029,,3,신인 하한,직전 시즌까지의 성적으로 추정
2025,정보근,13154,롯데,0.0,,4431,역산 추정,392,1,0,0,,1,1,,,,1,,직전 시즌까지의 성적으로 추정
2025,정수빈,10195,두산,2.8,FA 2021 6년 보장 52.0억,60000,실제 연봉,49,4,0,1,4,5,5,,,,5,계약 하한 대상(변경 없음),시즌 전 확정
2025,정우주,16301,한화,1.2,,5107,역산 추정,245,1,0,0,,1,4,,2029,,4,신인 하한,직전 시즌까지의 성적으로 추정
2025,정준재,16042,SSG,1.8,,7500,실제 연봉,180,1,0,0,,1,1,Y,,,2,풀타임 최소 2코인,직전 시즌까지의 성적으로 추정
2025,정철원,13071,롯데,1.0,,11239,역산 추정,141,2,0,0,,2,2,,,,2,,직전 시즌까지의 성적으로 추정
2025,정해영,14608,KIA,0.7,,36000,실제 연봉,90,2,0,1,,3,3,,2024,2024 프리미어12,4,국가대표 +1 / 명성: 2024 세이브 1위,직전 시즌까지의 성적으로 추정
2025,정해원,15433,KIA,-0.4,,5107,역산 추정,245,1,0,0,,1,1,,,,1,,직전 시즌까지의 성적으로 추정
2025,정현수,16090,롯데,1.0,,5339,역산 추정,229,1,0,0,,1,1,Y,,,2,풀타임 최소 2코인,직전 시즌까지의 성적으로 추정
2025,정현우,16325,키움,-0.3,,5107,역산 추정,245,1,0,0,,1,4,,2029,,4,신인 하한,직전 시즌까지의 성적으로 추정
2025,정훈,10253,롯데,-0.7,,32987,역산 추정,97,2,0,0,,2,2,,,,2,,직전 시즌까지의 성적으로 추정
2025,제환유,14573,두산,0.1,,5107,역산 추정,245,1,0,0,,1,1,,,,1,,직전 시즌까지의 성적으로 추정
2025,조대현,13177,KT,-0.4,,5229,역산 추정,233,1,0,0,,1,1,,,,1,,직전 시즌까지의 성적으로 추정
2025,조동욱,16108,한화,1.3,,5004,역산 추정,327,1,0,0,,1,1,Y,,,2,풀타임 최소 2코인,직전 시즌까지의 성적으로 추정
2025,조민석,15119,NC,0.0,,5066,역산 추정,313,1,0,0,,1,1,,,,1,,직전 시즌까지의 성적으로 추정
2025,조병현,14805,SSG,3.4,,13500,실제 연봉,133,2,0,0,,2,2,Y,,2024 프리미어12,3,풀타임 최소 2코인 / 국가대표 +1 / 실제 연봉 반영(순위 169→133),직전 시즌까지의 성적으로 추정
2025,조상우,11126,KIA,1.0,,40000,실제 연봉,69,2,0,0,,2,2,,2017,,2,,시즌 전 확정
2025,조수행,12524,두산,-0.1,,6695,역산 추정,190,1,0,0,,1,1,,,,1,,직전 시즌까지의 성적으로 추정
2025,조영건,14132,키움,-0.5,,4877,역산 추정,351,1,0,0,,1,1,Y,,,2,풀타임 최소 2코인,직전 시즌까지의 성적으로 추정
2025,조이현,11284,KT,0.2,,5482,역산 추정,223,1,0,0,,1,1,,,,1,,직전 시즌까지의 성적으로 추정
2025,조형우,14806,SSG,0.6,,4727,역산 추정,375,1,0,0,,1,1,,,,1,,직전 시즌까지의 성적으로 추정
2025,주권,11323,KT,0.3,FA 2024 4년 보장 14.0억,70000,FA 연봉 부분,40,4,0,0,4,4,4,,2019,,4,계약 하한 대상(변경 없음),시즌 전 확정
2025,주성원,14133,키움,0.1,,4678,역산 추정,377,1,0,0,,1,1,,,,1,,직전 시즌까지의 성적으로 추정
2025,주승우,15067,키움,1.4,,7700,실제 연봉,173,1,0,0,,1,1,,,,1,,직전 시즌까지의 성적으로 추정
2025,주현상,11415,한화,-0.1,,25000,실제 연봉,103,2,0,0,,2,2,,,,2,,직전 시즌까지의 성적으로 추정
2025,채은성,11215,한화,1.4,FA 2023 6년 보장 80.0억,60000,실제 연봉,49,5,0,0,5,5,5,,,,5,계약 하한 대상(변경 없음),시즌 전 확정
2025,채현우,14153,SSG,0.1,,5107,역산 추정,245,1,0,0,,1,1,,,,1,,직전 시즌까지의 성적으로 추정
2025,천성호,14606,KT,0.6,,4830,역산 추정,364,1,0,0,,1,1,,,,1,,직전 시즌까지의 성적으로 추정
2025,천성호,14606,LG,0.6,,4830,역산 추정,364,1,0,0,,1,1,,,,1,,직전 시즌까지의 성적으로 추정
2025,천재환,13261,NC,0.1,,4958,역산 추정,337,1,0,0,,1,1,,,,1,,직전 시즌까지의 성적으로 추정
2025,최동환,10535,KT,-0.3,,3990,역산 추정,398,1,0,0,,1,1,,2013,,1,,직전 시즌까지의 성적으로 추정
2025,최민석,16288,두산,1.4,,5107,역산 추정,245,1,0,0,,1,1,Y,,,2,풀타임 최소 2코인,직전 시즌까지의 성적으로 추정
2025,최민준,13126,SSG,1.0,,12389,역산 추정,136,2,0,0,,2,2,,,,2,,직전 시즌까지의 성적으로 추정
2025,최성영,12565,NC,-0.5,,7551,역산 추정,176,1,0,0,,1,1,,,,1,,직전 시즌까지의 성적으로 추정
2025,최승용,14770,두산,1.7,,8928,역산 추정,162,1,0,0,,1,1,Y,,2024 프리미어12,3,풀타임 최소 2코인 / 국가대표 +1,직전 시즌까지의 성적으로 추정
2025,최용준,14658,KT,0.2,,4864,역산 추정,356,1,0,0,,1,1,,,,1,,직전 시즌까지의 성적으로 추정
2025,최우석,16056,NC,-0.3,,5085,역산 추정,307,1,0,0,,1,1,,,,1,,직전 시즌까지의 성적으로 추정
2025,최원영,15084,LG,0.8,,5101,역산 추정,306,1,0,0,,1,1,,,,1,,직전 시즌까지의 성적으로 추정
2025,최원준,12534,KIA,-1.3,,40000,실제 연봉,69,2,0,0,,2,2,,,2024 프리미어12,3,국가대표 +1,직전 시즌까지의 성적으로 추정
2025,최원준,12534,NC,-1.3,,14822,역산 추정,130,2,0,0,,2,2,,,2024 프리미어12,3,국가대표 +1,직전 시즌까지의 성적으로 추정
2025,최원준,12852,두산,0.9,,39200,역산 추정,76,2,0,0,,2,2,,,,2,,직전 시즌까지의 성적으로 추정
2025,최원태,11379,삼성,1.7,FA 2025 4년 보장 58.0억,145000,FA 연봉 부분,15,5,0,0,5,5,5,,2020,,5,계약 하한 대상(변경 없음),시즌 전 확정
2025,최인호,14707,한화,0.1,,5755,역산 추정,212,1,0,0,,1,1,,,,1,,직전 시즌까지의 성적으로 추정
2025,최재훈,10170,한화,3.2,FA 2022 5년 보장 49.0억,50000,실제 연봉,57,4,0,1,4,5,5,,,,5,계약 하한 대상(변경 없음),시즌 전 확정
2025,최정,10106,SSG,1.4,FA 2025 4년 보장 110.0억,170000,실제 연봉,9,5,0,1,5,5,5,,2009,,5,계약 하한 대상(변경 없음),시즌 전 확정
2025,최정원,14221,NC,1.3,,5895,역산 추정,206,1,0,0,,1,1,,,,1,,직전 시즌까지의 성적으로 추정
2025,최주환,10182,키움,0.6,,39200,역산 추정,76,2,-1,0,,1,1,Y,,,2,풀타임 최소 2코인,직전 시즌까지의 성적으로 추정
2025,최준용,14624,롯데,0.3,,10308,역산 추정,150,2,0,0,,2,2,,2024,,2,,직전 시즌까지의 성적으로 추정
2025,최준우,13128,SSG,-0.3,,4929,역산 추정,341,1,0,0,,1,1,,,,1,,직전 시즌까지의 성적으로 추정
2025,최준호,15508,두산,-0.1,,5530,역산 추정,222,1,0,0,,1,1,,,,1,,직전 시즌까지의 성적으로 추정
2025,최지강,15127,두산,-0.6,,7631,역산 추정,174,1,0,0,,1,1,,,,1,,직전 시즌까지의 성적으로 추정
2025,최지민,15057,KIA,-0.1,,10687,역산 추정,145,2,-1,0,,1,1,Y,,2024 프리미어12,3,풀타임 최소 2코인 / 국가대표 +1,직전 시즌까지의 성적으로 추정
2025,최지훈,14587,SSG,2.3,,30000,실제 연봉,100,2,0,0,,2,2,,,,2,,직전 시즌까지의 성적으로 추정
2025,최채흥,13156,LG,0.2,,15990,역산 추정,127,2,0,0,,2,2,,2022,,2,,직전 시즌까지의 성적으로 추정
2025,최현석,16041,SSG,0.0,,5107,역산 추정,245,1,0,0,,1,1,,,,1,,직전 시즌까지의 성적으로 추정
2025,최형우,10344,KIA,4.4,,100000,실제 연봉,29,4,0,1,,5,4,,,,4,커리어 로우·지정 하향,시즌 전 확정
2025,추재현,13094,두산,-0.5,,5186,역산 추정,235,1,0,0,,1,1,,,,1,,직전 시즌까지의 성적으로 추정
2025,하영민,11222,키움,1.4,,16500,실제 연봉,123,2,0,0,,2,2,Y,,,2,풀타임 최소 2코인 / 실제 연봉 반영(순위 164→123),직전 시즌까지의 성적으로 추정
2025,하재훈,14147,SSG,-0.5,,3990,역산 추정,398,1,0,0,,1,1,,,,1,,직전 시즌까지의 성적으로 추정
2025,하주석,10913,한화,2.1,FA 2025 1년 보장 0.9000000000000001억,18971,FA 연봉 부분,115,2,0,0,2,2,2,,2016,,2,계약 하한 대상(변경 없음),시즌 전 확정
2025,하준영,13115,NC,-0.1,,9722,역산 추정,155,1,-1,0,,1,1,,,,1,,직전 시즌까지의 성적으로 추정
2025,한두솔,13228,SSG,0.4,,8000,실제 연봉,173,1,0,0,,1,1,,,,1,,직전 시즌까지의 성적으로 추정
2025,한석현,13250,NC,0.3,,4612,역산 추정,381,1,0,0,,1,1,,,,1,,직전 시즌까지의 성적으로 추정
2025,한승혁,10812,한화,2.5,,9059,역산 추정,158,1,0,0,,1,1,Y,2016,,2,풀타임 최소 2코인,직전 시즌까지의 성적으로 추정
2025,한유섬,10815,SSG,1.8,NONFA 2022 5년 보장 56억,110000,실제 연봉,25,5,-1,0,5,4,4,,,,4,계약 하한(가격 변경),시즌 전 확정
2025,한재승,14764,NC,-0.6,,7500,실제 연봉,180,1,0,0,,1,1,,,,1,,직전 시즌까지의 성적으로 추정
2025,한재승,14764,KIA,-0.6,,7513,역산 추정,177,1,0,0,,1,1,,,,1,,직전 시즌까지의 성적으로 추정
2025,한재환,14659,NC,-0.0,,5107,역산 추정,245,1,0,0,,1,1,,,,1,,직전 시즌까지의 성적으로 추정
2025,한준수,13113,KIA,0.7,,14000,실제 연봉,133,2,0,0,,2,2,,,,2,실제 연봉 반영(순위 210→133),직전 시즌까지의 성적으로 추정
2025,한태양,15051,롯데,1.5,,4879,역산 추정,350,1,0,0,,1,1,,,,1,,직전 시즌까지의 성적으로 추정
2025,한현희,10863,롯데,0.0,FA 2023 4년 보장 18.0억,100000,실제 연봉,29,4,0,0,4,4,4,,,,4,계약 하한 대상(변경 없음),시즌 전 확정
2025,함덕주,11094,LG,-0.1,FA 2024 4년 보장 20.0억,50000,FA 연봉 부분,57,3,0,0,3,3,3,,,,3,계약 하한 대상(변경 없음),시즌 전 확정
2025,함창건,14680,LG,0.1,,5107,역산 추정,245,1,0,0,,1,1,,,,1,,직전 시즌까지의 성적으로 추정
2025,허경민,10184,KT,1.7,FA 2025 4년 보장 34.0억,85000,FA 연봉 부분,34,4,0,0,4,4,4,,2016,,4,계약 하한 대상(변경 없음),시즌 전 확정
2025,허인서,15015,한화,-0.1,,5107,역산 추정,245,1,0,0,,1,1,,,,1,,직전 시즌까지의 성적으로 추정
2025,현원회,14584,SSG,0.2,,5107,역산 추정,245,1,0,0,,1,1,,,,1,,직전 시즌까지의 성적으로 추정
2025,홍건희,10696,두산,0.0,FA 2024 2년 보장 9.0억(+2년 선수옵션),45000,보장 계약,23,3,0,0,3,3,3,,2015,,3,계약 하한 대상(변경 없음) / 계약 정정: 2년 보장 9억(+2년 선수옵션),시즌 전 확정
2025,홍민규,16289,두산,0.0,,5107,역산 추정,245,1,0,0,,1,1,,,,1,,직전 시즌까지의 성적으로 추정
2025,홍민기,14625,롯데,1.1,,5107,역산 추정,245,1,0,0,,1,1,,,,1,,직전 시즌까지의 성적으로 추정
2025,홍종표,14612,KIA,0.1,,4881,역산 추정,349,1,0,0,,1,1,,,,1,,직전 시즌까지의 성적으로 추정
2025,홍창기,12546,LG,1.0,,65000,실제 연봉,45,3,1,1,,5,5,,,2024 프리미어12,5,,시즌 전 확정
2025,홍현빈,12941,삼성,-0.1,,5277,역산 추정,231,1,0,0,,1,1,,,,1,,직전 시즌까지의 성적으로 추정
2025,황대인,11306,KIA,-0.2,,5193,역산 추정,234,1,0,0,,1,1,,,,1,,직전 시즌까지의 성적으로 추정
2025,황동재,14615,삼성,0.1,,5115,역산 추정,244,1,0,0,,1,1,,2026,,1,,직전 시즌까지의 성적으로 추정
2025,황동하,15063,KIA,0.1,,10000,실제 연봉,151,1,0,0,,1,1,,,,1,,직전 시즌까지의 성적으로 추정
2025,황성빈,14642,롯데,0.1,,15500,실제 연봉,128,2,0,0,,2,2,,,,2,실제 연봉 반영(순위 178→128),직전 시즌까지의 성적으로 추정
2025,황영묵,16110,한화,0.4,,8300,실제 연봉,167,1,0,0,,1,1,,,,1,,직전 시즌까지의 성적으로 추정
2025,황재균,10407,KT,0.5,FA 2022 4년 보장 54.0억,50000,실제 연봉,57,5,-1,1,5,5,4,,,,4,계약 하한 대상(변경 없음)/커리어 로우·지정 하향,시즌 전 확정
2025,황준서,16107,한화,0.4,,5460,역산 추정,224,1,0,0,,1,4,,2028,,4,신인 하한,직전 시즌까지의 성적으로 추정
