연도,선수ID,이름,팀,구분,외국인,포지션,나이,코인,WAR,타석/상대타자,시즌 내 순서,편집 지정,변동 완충
1982,1111,하기룡,MBC,투수,,SP,27,5,6.52,575,1,,
1982,1017,백인천,MBC,타자,,LF,39,5,5.75,298,1,,
1982,1026,이종도,MBC,타자,,RF,30,4,3.12,327,1,,
1982,1024,이광은,MBC,타자,,3B,27,4,1.5,271,1,,
1982,1083,유승안,MBC,타자,,C,26,5,1.09,166,1,,
1982,1107,유종겸,MBC,투수,,RP,26,4,3.05,341,1,,
1982,1108,이길환,MBC,투수,,SP,23,4,2.22,352,1,,
1982,1130,이광권,MBC,투수,,SP,28,4,1.84,348,1,,
1982,15155,김바위,MBC,타자,,1B,27,4,0.59,132,1,,
1982,1007,김용달,MBC,타자,,3B,26,2,1.13,191,1,,
1982,1109,정순명,MBC,투수,,SP,28,3,0.41,278,1,,
1982,1012,김인식,MBC,타자,,2B,29,2,0.36,355,1,,
1982,1008,김용운,MBC,타자,,C,27,2,0.3,238,1,,
1982,1078,송영운,MBC,타자,,RF,30,3,0.02,302,1,,
1982,1080,신언호,MBC,타자,,CF,27,3,-0.37,256,1,,
1982,1029,정영기,MBC,타자,,SS,26,2,-0.38,270,1,,
1982,1133,차준섭,MBC,투수,,RP,26,2,0.21,106,1,,
1982,1122,김시철,MBC,투수,,SP,24,2,0.19,17,1,,
1982,1058,김봉기,MBC,타자,,LF,29,1,0.17,39,1,,
1982,1127,박석채,MBC,투수,,RP,25,2,0,107,1,,
1982,1101,최정우,MBC,타자,,CF,27,2,-0.28,65,1,,
1982,1096,조호,MBC,타자,,1B,25,2,-0.29,64,1,,
1982,1105,박철순,OB,투수,,SP,26,5,9.41,674,1,,
1982,1023,윤동균,OB,타자,,LF,33,5,4.38,334,1,,
1982,1011,김우열,OB,타자,,CF,33,4,3.26,255,1,,
1982,1114,계형철,OB,투수,,SP,29,5,0.27,271,1,,
1982,1001,구천서,OB,타자,,2B,19,3,2.95,316,1,,
1982,1106,선우대영,OB,투수,,SP,25,4,2.78,414,1,,
1982,1019,신경식,OB,타자,,1B,21,3,2.19,320,1,,
1982,1035,김광수,OB,타자,,SS,23,4,0.53,125,1,,
1982,1071,박상열,OB,투수,,SP,27,4,0.53,333,1,,
1982,1113,강철원,OB,투수,,SP,24,3,1.91,136,1,,
1982,1117,황태환,OB,투수,,RP,30,3,1.44,259,1,,
1982,1045,유지훤,OB,타자,,SS,27,2,0.71,299,1,,
1982,1020,양세종,OB,타자,,3B,24,2,0.57,336,1,,
1982,1050,정혁진,OB,타자,,RF,22,2,0.55,155,1,,
1982,1046,이근식,OB,타자,,RF,23,2,0.1,233,1,,
1982,1124,김현홍,OB,투수,,RP,26,2,1,89,1,,
1982,11476,조범현,OB,타자,,C,22,2,0.74,126,1,,
1982,1049,정종현,OB,타자,,C,23,1,0.38,95,1,,
1982,1048,이홍범,OB,타자,,CF,29,1,0.37,175,1,,
1982,11469,김경문,OB,타자,,C,24,2,-0.16,122,1,,
1982,1036,김유동,OB,타자,,DH,28,1,-0.2,165,1,,
1982,1009,김용철,롯데,타자,,3B,25,5,2.81,300,1,,
1982,1125,노상수,롯데,투수,,SP,24,5,5.62,697,1,,
1982,1095,정학수,롯데,타자,,2B,26,4,3.7,345,1,,
1982,1110,천창호,롯데,투수,,SP,28,4,2.96,521,1,,
1982,1014,김정수,롯데,타자,,1B,29,3,2.62,333,1,,
1982,1006,김성관,롯데,타자,,LF,30,3,1.19,304,1,,
1982,11471,김용희,롯데,타자,,3B,27,4,1.19,263,1,,
1982,1032,차동열,롯데,타자,,C,26,2,1.16,232,1,,
1982,1072,박용성,롯데,타자,,RF,24,2,1.13,198,1,,
1982,1120,김덕열,롯데,투수,,RP,27,3,1.08,181,1,,
1982,1121,김문희,롯데,투수,,SP,27,3,0.65,275,1,,
1982,1002,권두조,롯데,타자,,DH,31,2,0.6,325,1,,
1982,1131,이진우,롯데,투수,,SP,26,3,0.05,246,1,,
1982,1061,김일환,롯데,타자,,1B,28,2,-0.04,210,1,,
1982,1134,최옥규,롯데,투수,,RP,29,3,-0.21,143,1,,
1982,1063,김재상,롯데,타자,,CF,23,2,0.47,58,1,,
1982,1094,정문섭,롯데,타자,,RF,22,2,0.18,136,1,,
1982,1097,최순하,롯데,타자,,C,27,2,0.17,94,1,,
1982,1082,엄태섭,롯데,타자,,LF,23,2,-0.12,99,1,,
1982,1087,이윤섭,롯데,투수,,RP,24,2,-0.25,26,1,,
1982,1128,방기만,롯데,투수,,RP,28,2,-0.25,52,1,,
1982,1086,이성득,롯데,타자,,2B,29,2,-0.63,132,1,,
1982,1003,금광옥,삼미,타자,,C,26,3,2.98,306,1,,
1982,1031,조흥운,삼미,타자,,SS,28,4,2.88,327,1,,
1982,1068,김호인,삼미,타자,,CF,28,2,1.52,237,1,,
1982,1004,김경남,삼미,타자,,2B,23,2,0.86,314,1,,
1982,1093,장정기,삼미,타자,,1B,24,3,0.77,278,1,,
1982,1021,양승관,삼미,타자,,RF,23,2,0.62,269,1,,
1982,1129,오문현,삼미,투수,,SP,29,3,0.01,306,1,,
1982,12714,김무관,삼미,타자,,LF,27,3,-0.96,292,1,,
1982,1118,감사용,삼미,투수,,SP,25,3,-1.05,401,1,,
1982,1057,김동철,삼미,투수,,SP,22,2,-1.33,279,1,,
1982,1123,김재현,삼미,투수,,SP,23,3,-1.61,577,1,,
1982,1132,인호봉,삼미,투수,,SP,24,3,-2.36,399,1,,
1982,1089,이철성,삼미,타자,,RF,25,2,0.44,166,1,,
1982,1075,박준영,삼미,타자,,LF,29,2,0.15,47,1,,
1982,1135,한상연,삼미,투수,,RP,18,2,-0.11,37,1,,
1982,1102,허운,삼미,타자,,2B,23,2,-0.14,179,1,,
1982,1099,최영환,삼미,타자,,C,23,2,-0.24,107,1,,
1982,1056,김구길,삼미,타자,,3B,29,1,-0.27,70,1,,
1982,1084,이경수,삼미,타자,,CF,23,2,-0.27,62,1,,
1982,1126,박경호,삼미,투수,,RP,31,2,-0.3,68,1,,
1982,1018,송경섭,삼미,타자,,3B,22,1,-0.39,172,1,,
1982,1066,김진철,삼미,타자,,C,24,2,-0.51,50,1,,
1982,1088,이찬선,삼미,타자,,1B,20,2,-1.23,59,1,,
1982,1112,황규봉,삼성,투수,,SP,29,5,7.24,667,1,,
1982,1104,권영호,삼성,투수,,SP,28,5,6.45,536,1,,
1982,1025,이만수,삼성,타자,,C,24,5,3.42,322,1,,
1982,1116,이선희,삼성,투수,,SP,27,5,4.55,501,1,,
1982,1115,성낙수,삼성,투수,,SP,25,4,4.06,375,1,,
1982,1027,장태수,삼성,타자,,RF,25,3,3.46,264,1,,
1982,1022,오대석,삼성,타자,,SS,22,3,3.1,307,1,,
1982,1034,허규옥,삼성,타자,,LF,26,4,2.23,242,1,,
1982,1042,서정환,삼성,타자,,3B,27,4,-0.32,135,1,,
1982,1037,김한근,삼성,타자,,3B,27,2,1.62,227,1,,
1982,1051,정현발,삼성,타자,,DH,29,2,1.6,179,1,,
1982,1016,배대웅,삼성,타자,,SS,28,2,1.32,263,1,,
1982,1039,박정환,삼성,타자,,2B,25,2,0.84,136,1,,
1982,1053,함학수,삼성,타자,,1B,27,2,0.47,289,1,,
1982,1044,손상득,삼성,타자,,C,26,1,0.57,155,1,,
1982,1052,천보성,삼성,타자,,2B,29,1,0.54,104,1,,
1982,1041,박찬,삼성,타자,,LF,27,1,0.39,85,1,,
1982,1028,정구왕,삼성,타자,,CF,28,1,0.2,157,1,,
1982,1038,박영진,삼성,투수,,RP,24,1,-0.17,25,1,,
1982,1069,김휘욱,삼성,타자,,LF,25,2,-0.6,69,1,,
1982,12726,김성한,해태,타자,,1B,24,5,1.75,340,1,,
1982,1085,이상윤,해태,투수,,SP,22,5,1.7,306,1,,
1982,1059,김용남,해태,투수,,SP,24,5,3.34,525,1,,
1982,1005,김봉연,해태,타자,,DH,30,4,3.18,304,1,,
1982,1015,김준환,해태,타자,,RF,27,4,2.95,331,1,,
1982,1013,김일권,해태,타자,,CF,26,3,2.74,330,1,,
1982,1076,방수원,해태,투수,,SP,22,4,1.93,463,1,,
1982,1064,김종모,해태,타자,,LF,23,4,1.33,286,1,,
1982,1033,차영화,해태,타자,,SS,25,2,1.99,323,1,,
1982,1119,강만식,해태,투수,,SP,25,3,0.58,432,1,,
1982,1010,김우근,해태,타자,,CF,26,2,-0.14,166,1,,
1982,1030,조충열,해태,타자,,SS,23,2,-0.16,298,1,,
1982,1092,임정면,해태,타자,,3B,24,2,0.74,90,1,,
1982,1065,김종윤,해태,타자,,RF,25,2,0.54,194,1,,
1982,1098,최영조,해태,타자,,2B,19,2,0.15,37,1,,
1982,1074,박전섭,해태,타자,,C,23,2,0.1,115,1,,
1982,1055,김경훈,해태,타자,,C,25,1,-0.29,41,1,,
1982,1081,신태중,해태,투수,,SP,27,2,-0.74,79,1,,
1982,1060,김용만,해태,타자,,C,24,1,-0.77,110,1,,
1983,1111,하기룡,MBC,투수,,SP,28,5,3.64,520,1,,
1983,1062,김재박,MBC,타자,,SS,29,3,4.8,433,1,,
1983,1108,이길환,MBC,투수,,SP,24,4,4.46,625,1,,
1983,1141,이해창,MBC,타자,,CF,30,3,4.2,444,1,,
1983,1026,이종도,MBC,타자,,RF,31,5,4.12,391,1,,
1983,1024,이광은,MBC,타자,,3B,28,3,1.92,366,1,,
1983,1083,유승안,MBC,타자,,C,27,4,0.85,160,1,,3→4
1983,1107,유종겸,MBC,투수,,SP,27,5,3.01,417,1,,
1983,1174,오영일,MBC,투수,,SP,23,3,2.98,519,1,,
1983,1017,백인천,MBC,타자,,LF,40,5,-0.48,40,1,,
1983,1130,이광권,MBC,투수,,SP,29,3,1.62,301,1,,
1983,1012,김인식,MBC,타자,,3B,30,2,1.39,416,1,,
1983,1080,신언호,MBC,타자,,RF,28,2,1.07,282,1,,
1983,1146,김정수,MBC,타자,,1B,23,2,0.83,330,1,,
1983,1109,정순명,MBC,투수,,SP,29,2,0.09,179,1,,
1983,15155,김바위,MBC,타자,,1B,28,3,-0.42,136,1,,2→3
1983,1078,송영운,MBC,타자,,RF,31,1,0.29,154,1,,
1983,1127,박석채,MBC,투수,,RP,26,1,0.18,33,1,,
1983,1148,유성룡,MBC,타자,,3B,23,1,0.09,45,1,,
1983,1029,정영기,MBC,타자,,SS,27,1,-0.06,36,1,,
1983,1007,김용달,MBC,타자,,3B,27,3,-0.09,93,1,,
1983,1179,이원국,MBC,투수,,SP,34,1,-0.4,116,1,,
1983,1101,최정우,MBC,타자,,CF,28,1,-0.47,76,1,,
1983,1008,김용운,MBC,타자,,C,28,3,-0.53,194,1,,
1983,1032,차동열,MBC,타자,,C,27,2,-0.6,88,1,,
1983,1023,윤동균,OB,타자,,LF,34,5,3.32,411,1,,
1983,1105,박철순,OB,투수,,SP,27,5,0.21,31,1,,
1983,1011,김우열,OB,타자,,RF,34,5,3.48,379,1,,
1983,1144,한대화,OB,타자,,3B,23,2,1.8,344,1,,
1983,1177,장호연,OB,투수,,SP,23,2,0,466,1,,
1983,1071,박상열,OB,투수,,SP,28,3,4.69,520,1,,2→3
1983,1139,박종훈,OB,타자,,CF,24,3,4.33,427,1,,
1983,1001,구천서,OB,타자,,2B,20,5,1.93,263,1,,
1983,1114,계형철,OB,투수,,SP,30,2,1.67,580,1,,
1983,1019,신경식,OB,타자,,1B,22,4,1.55,421,1,,
1983,1117,황태환,OB,투수,,RP,31,5,1.44,316,1,,
1983,1106,선우대영,OB,투수,,SP,26,5,1.17,290,1,,
1983,1189,정선두,OB,투수,,RP,24,2,1.17,156,1,,
1983,1048,이홍범,OB,타자,,CF,30,2,0.94,173,1,,
1983,1020,양세종,OB,타자,,3B,25,2,0.43,157,1,,
1983,1035,김광수,OB,타자,,SS,24,3,-0.36,260,1,,2→3
1983,1113,강철원,OB,투수,,SP,25,3,-0.47,188,1,,
1983,1045,유지훤,OB,타자,,SS,28,2,-0.55,282,1,,
1983,1049,정종현,OB,타자,,C,24,2,0.85,115,1,,
1983,11469,김경문,OB,타자,,C,25,1,0.23,137,1,,
1983,1036,김유동,OB,타자,,DH,29,1,0.17,120,1,,
1983,11476,조범현,OB,타자,,C,23,2,0.01,79,1,,
1983,1124,김현홍,OB,투수,,RP,27,2,-0.09,130,1,,
1983,1046,이근식,OB,타자,,RF,24,1,-0.68,90,1,,
1983,1050,정혁진,OB,타자,,RF,23,2,-0.93,75,1,,
1983,1009,김용철,롯데,타자,,3B,26,5,4.31,374,1,,
1983,1191,최동원,롯데,투수,,SP,25,3,3.37,626,1,,
1983,1072,박용성,롯데,타자,,RF,25,2,3.32,398,1,,
1983,1095,정학수,롯데,타자,,2B,27,5,3.79,401,1,,
1983,1140,유두열,롯데,타자,,DH,27,3,3.14,344,1,,
1983,11471,김용희,롯데,타자,,3B,28,4,1.96,333,1,,
1983,1125,노상수,롯데,투수,,SP,25,5,0.67,509,1,,
1983,1121,김문희,롯데,투수,,SP,28,2,2.13,466,1,,
1983,1184,배경환,롯데,투수,,SP,27,2,1.61,450,1,,
1983,1063,김재상,롯데,타자,,CF,24,2,1.45,264,1,,
1983,1110,천창호,롯데,투수,,RP,29,5,0.76,245,1,,
1983,1014,김정수,롯데,타자,,1B,30,4,0.55,191,1,,
1983,1131,이진우,롯데,투수,,SP,27,2,0.04,257,1,,
1983,1160,심재원,롯데,타자,,C,30,1,0.82,201,1,,
1983,1152,김석일,롯데,타자,,C,24,1,0.56,96,1,,
1983,1145,한문연,롯데,타자,,C,22,1,0.29,141,1,,
1983,1006,김성관,롯데,타자,,LF,31,4,-0.14,232,1,,
1983,1155,김호근,롯데,타자,,C,23,1,-0.15,73,1,,
1983,1153,김성호,롯데,타자,,1B,23,1,-0.23,103,1,,
1983,1183,박정후,롯데,투수,,RP,24,1,-0.28,16,1,,
1983,1120,김덕열,롯데,투수,,RP,28,2,-0.29,65,1,,
1983,1161,우경하,롯데,타자,,RF,26,1,-0.38,113,1,,
1983,1029,정영기,롯데,타자,,SS,27,1,-0.55,87,2,,
1983,1087,이윤섭,롯데,투수,,RP,25,1,-0.57,59,1,,
1983,1002,권두조,롯데,타자,,2B,32,2,-0.69,201,1,,
1983,1157,박영태,롯데,타자,,RF,24,1,-1.16,126,1,,
1983,1176,장명부,삼미,투수,,SP,33,5,10.98,1282,1,,
1983,1143,정구선,삼미,타자,,2B,27,3,3.33,404,1,,
1983,1175,임호균,삼미,투수,,SP,27,3,3.98,704,1,,
1983,1138,김진우,삼미,타자,,C,25,3,3.7,424,1,,
1983,1021,양승관,삼미,타자,,RF,24,3,3.5,312,1,,
1983,1166,이영구,삼미,타자,,2B,29,3,2.82,418,1,,
1983,1017,백인천,삼미,타자,,LF,40,5,0.18,95,2,,
1983,1136,김대진,삼미,타자,,LF,28,2,2.34,363,1,,
1983,1031,조흥운,삼미,타자,,SS,29,5,1.38,280,1,,
1983,1190,정성만,삼미,투수,,SP,28,2,0.8,185,1,,
1983,1003,금광옥,삼미,타자,,C,27,5,0.46,214,1,,
1983,1164,이선웅,삼미,타자,,3B,22,2,-0.11,311,1,,
1983,1075,박준영,삼미,타자,,LF,30,1,1.03,187,1,,
1983,1163,이광길,삼미,타자,,CF,23,1,0.52,30,1,,
1983,1093,장정기,삼미,타자,,1B,25,2,0.4,66,1,,
1983,1123,김재현,삼미,투수,,RP,24,1,0.36,147,1,,
1983,1118,감사용,삼미,투수,,RP,26,1,0.05,37,1,,
1983,1132,인호봉,삼미,투수,,RP,25,1,-0.01,114,1,,
1983,1004,김경남,삼미,타자,,2B,24,2,-0.17,156,1,,
1983,1129,오문현,삼미,투수,,RP,30,1,-0.18,113,1,,
1983,1180,김상기,삼미,투수,,SP,22,1,-0.22,94,1,,
1983,1010,김우근,삼미,타자,,CF,27,1,-0.27,66,1,,
1983,1170,최홍석,삼미,타자,,LF,23,1,-0.31,177,1,,
1983,1188,유종천,삼미,투수,,SP,27,1,-0.39,51,1,,
1983,12714,김무관,삼미,타자,,LF,28,1,-0.53,51,1,,
1983,1028,정구왕,삼미,타자,,CF,29,1,-1.54,167,1,,
1983,1142,장효조,삼성,타자,,RF,27,4,7.54,386,1,,
1983,1173,김시진,삼성,투수,,SP,25,4,6.27,688,1,,
1983,1025,이만수,삼성,타자,,C,25,5,5.34,410,1,,
1983,1104,권영호,삼성,투수,,SP,29,5,2.38,405,1,,
1983,1112,황규봉,삼성,투수,,SP,30,5,1.29,390,1,,
1983,1186,양일환,삼성,투수,,SP,22,3,2.49,529,1,,
1983,1116,이선희,삼성,투수,,SP,28,5,1.13,381,1,,
1983,1034,허규옥,삼성,타자,,LF,27,4,-0.04,121,1,,
1983,1027,장태수,삼성,타자,,CF,26,5,-0.12,279,1,,
1983,1022,오대석,삼성,타자,,1B,23,5,-0.31,261,1,,
1983,1016,배대웅,삼성,타자,,SS,29,2,1.99,268,1,,
1983,1053,함학수,삼성,타자,,1B,28,2,1.67,315,1,,
1983,1052,천보성,삼성,타자,,2B,30,2,1.51,199,1,,
1983,1149,김근석,삼성,타자,,2B,21,2,1.48,320,1,,
1983,1037,김한근,삼성,타자,,3B,28,3,0.63,244,1,,
1983,1156,박승호,삼성,타자,,DH,25,2,0.6,279,1,,
1983,1051,정현발,삼성,타자,,3B,30,3,0.56,285,1,,
1983,1115,성낙수,삼성,투수,,RP,26,5,0.08,165,1,,
1983,1041,박찬,삼성,타자,,RF,28,2,1.05,147,1,,
1983,1172,황병일,삼성,타자,,2B,23,1,0.49,69,1,,
1983,1171,홍승규,삼성,타자,,LF,23,1,0.22,104,1,,
1983,1182,박동경,삼성,투수,,RP,19,1,0.14,67,1,,
1983,1168,정진호,삼성,타자,,CF,27,1,0.13,77,1,,
1983,1079,송진호,삼성,투수,,RP,26,1,-0.49,73,1,,
1983,1085,이상윤,해태,투수,,SP,23,4,5.97,688,1,,
1983,12726,김성한,해태,타자,,1B,25,5,3.25,382,1,,
1983,1059,김용남,해태,투수,,SP,25,5,4.58,544,1,,
1983,1005,김봉연,해태,타자,,DH,31,5,3.56,329,1,,
1983,1064,김종모,해태,타자,,RF,24,3,2.96,342,1,,
1983,1178,주동식,해태,투수,,SP,35,3,2.87,430,1,,
1983,1137,김무종,해태,타자,,C,29,3,2.69,345,1,,
1983,1013,김일권,해태,타자,,CF,27,4,1.45,419,1,,
1983,1119,강만식,해태,투수,,SP,26,2,1.61,282,1,,
1983,1192,황기선,해태,투수,,RP,25,2,1.37,199,1,,
1983,1042,서정환,해태,타자,,2B,28,2,0.88,358,1,,
1983,1033,차영화,해태,타자,,SS,26,4,0.47,252,1,,
1983,1015,김준환,해태,타자,,LF,28,5,0.11,363,1,,
1983,1076,방수원,해태,투수,,SP,23,4,-0.17,282,1,,
1983,1065,김종윤,해태,타자,,RF,26,2,0.72,196,1,,
1983,1159,송일섭,해태,타자,,RF,24,1,0.15,126,1,,
1983,1181,김현재,해태,투수,,RP,27,1,0.02,73,1,,
1983,1147,양승호,해태,타자,,2B,23,1,-0.01,122,1,,
1983,1167,장진범,해태,타자,,3B,24,1,-0.25,73,1,,
1983,1187,엄평재,해태,투수,,RP,23,1,-0.31,99,1,,
1983,1092,임정면,해태,타자,,3B,25,2,-0.38,121,1,,
1983,1061,김일환,해태,타자,,1B,29,1,-0.53,112,1,,
1983,1030,조충열,해태,타자,,2B,24,1,-0.65,90,1,,
1984,1062,김재박,MBC,타자,,SS,30,5,4.61,392,1,,
1984,1111,하기룡,MBC,투수,,SP,29,5,2.24,536,1,,
1984,1024,이광은,MBC,타자,,3B,29,3,4.09,414,1,,
1984,1141,이해창,MBC,타자,,CF,31,5,3.37,426,1,,
1984,1174,오영일,MBC,투수,,SP,24,4,3.22,719,1,,
1984,1107,유종겸,MBC,투수,,SP,28,4,1.47,551,1,,
1984,1026,이종도,MBC,타자,,RF,32,5,-0.57,172,1,,
1984,1108,이길환,MBC,투수,,SP,25,5,-0.68,150,1,,
1984,1223,김봉근,MBC,투수,,SP,23,2,2.76,514,1,,
1984,1012,김인식,MBC,타자,,3B,31,2,1.58,432,1,,
1984,1193,김상훈,MBC,타자,,1B,24,2,0.8,310,1,,
1984,1130,이광권,MBC,투수,,SP,30,3,0.75,153,1,,
1984,15155,김바위,MBC,타자,,2B,29,2,0.67,109,1,,
1984,1080,신언호,MBC,타자,,RF,29,2,-0.15,382,1,,
1984,1007,김용달,MBC,타자,,3B,28,2,1.2,110,1,,
1984,1202,김경표,MBC,타자,,1B,24,1,0.98,105,1,,
1984,1078,송영운,MBC,타자,,RF,32,2,0.54,108,1,,
1984,1151,김문영,MBC,타자,,LF,24,1,-0.14,71,1,,
1984,1146,김정수,MBC,타자,,1B,24,2,-0.17,109,1,,
1984,1008,김용운,MBC,타자,,C,29,1,-0.19,196,1,,
1984,1032,차동열,MBC,타자,,C,28,2,-0.27,135,1,,
1984,1109,정순명,MBC,투수,,SP,30,1,-0.47,68,1,,
1984,1211,유제룡,MBC,타자,,LF,28,1,-0.49,184,1,,
1984,1023,윤동균,OB,타자,,LF,35,5,4.43,414,1,,
1984,1144,한대화,OB,타자,,3B,24,3,1.16,222,1,,
1984,1114,계형철,OB,투수,,SP,31,3,6.08,524,1,,
1984,1232,최일언,OB,투수,,SP,23,2,3.67,503,1,,
1984,1011,김우열,OB,타자,,RF,35,5,3.25,373,1,,
1984,1139,박종훈,OB,타자,,CF,25,5,3.13,315,1,,
1984,1177,장호연,OB,투수,,RP,24,2,2.45,307,1,,
1984,1203,김광림,OB,타자,,CF,23,2,0.34,173,1,,
1984,1071,박상열,OB,투수,,SP,29,5,3.58,399,1,,
1984,1227,윤석환,OB,투수,,CL,23,2,3.32,438,1,,
1984,1020,양세종,OB,타자,,3B,26,2,2.47,338,1,,
1984,1035,김광수,OB,타자,,SS,25,2,1.99,375,1,,
1984,1001,구천서,OB,타자,,2B,21,4,0.89,286,1,,
1984,1019,신경식,OB,타자,,1B,23,4,0.48,107,1,,
1984,12962,김진욱,OB,투수,,SP,24,2,1.43,354,1,,
1984,1117,황태환,OB,투수,,RP,32,4,1.12,120,1,,
1984,11469,김경문,OB,타자,,C,26,1,0.61,108,1,,
1984,1216,홍신차,OB,타자,,DH,25,1,0.38,133,1,,
1984,11476,조범현,OB,타자,,C,24,2,0.3,199,1,,
1984,1048,이홍범,OB,타자,,CF,31,2,0.08,156,1,,
1984,1208,박해종,OB,타자,,C,32,1,0.07,65,1,,
1984,1049,정종현,OB,타자,,C,25,2,-0.1,39,1,,
1984,1046,이근식,OB,타자,,RF,25,1,-0.2,132,1,,
1984,1045,유지훤,OB,타자,,SS,29,1,-0.43,142,1,,
1984,1191,최동원,롯데,투수,,SP,26,4,7.7,854,1,,
1984,1194,홍문종,롯데,타자,,CF,30,4,5.83,415,1,,
1984,1009,김용철,롯데,타자,,1B,27,5,5.31,396,1,,
1984,1175,임호균,롯데,투수,,SP,28,5,3.02,485,1,,
1984,1195,김민호,롯데,타자,,1B,23,2,0.9,126,1,,
1984,11471,김용희,롯데,타자,,3B,29,4,0.74,334,1,,
1984,1220,안창완,롯데,투수,,RP,23,2,2.16,210,1,,
1984,1145,한문연,롯데,타자,,C,23,2,2.01,167,1,,
1984,1184,배경환,롯데,투수,,SP,28,2,1.31,365,1,,
1984,1140,유두열,롯데,타자,,DH,28,4,1.25,337,1,,
1984,1160,심재원,롯데,타자,,C,31,2,0.92,212,1,,
1984,1200,조성옥,롯데,타자,,CF,23,2,0.2,253,1,,
1984,1029,정영기,롯데,타자,,SS,28,2,0.13,352,1,,
1984,1072,박용성,롯데,타자,,RF,26,4,-0.04,180,1,,
1984,1110,천창호,롯데,투수,,RP,30,4,-0.26,141,1,,3→4
1984,1121,김문희,롯데,투수,,SP,29,3,-0.36,169,1,,
1984,1152,김석일,롯데,타자,,C,25,2,1.02,142,1,,
1984,1198,김한조,롯데,타자,,LF,22,1,0.82,93,1,,
1984,1224,김재열,롯데,투수,,RP,23,1,0.25,108,1,,
1984,1063,김재상,롯데,타자,,LF,25,2,0.18,177,1,,
1984,1226,박덕용,롯데,투수,,SP,28,1,0.02,57,1,,
1984,1157,박영태,롯데,타자,,RF,25,1,0,176,1,,
1984,1087,이윤섭,롯데,투수,,RP,26,1,-0.06,30,1,,
1984,1228,이문한,롯데,투수,,RP,23,1,-0.2,150,1,,
1984,1153,김성호,롯데,타자,,1B,24,1,-0.26,51,1,,
1984,1213,이석규,롯데,타자,,2B,27,1,-0.47,66,1,,
1984,1131,이진우,롯데,투수,,SP,28,1,-0.49,67,1,,
1984,1163,이광길,롯데,타자,,CF,24,2,-0.79,193,1,,
1984,1143,정구선,삼미,타자,,2B,28,5,5.61,420,1,,
1984,1176,장명부,삼미,투수,,SP,34,5,3.57,785,1,,
1984,1002,권두조,삼미,타자,,2B,33,2,2.59,423,1,,
1984,1166,이영구,삼미,타자,,2B,30,4,2.06,429,1,,
1984,1138,김진우,삼미,타자,,C,26,5,2.03,288,1,,
1984,1010,김우근,삼미,타자,,CF,28,2,2.42,264,1,,
1984,1183,박정후,삼미,투수,,SP,25,2,2.01,417,1,,
1984,1021,양승관,삼미,타자,,RF,25,4,1.78,146,1,,
1984,1014,김정수,삼미,타자,,1B,31,3,1.43,324,1,,
1984,1219,최계훈,삼미,투수,,SP,23,2,0.97,412,1,,
1984,1031,조흥운,삼미,타자,,SS,30,4,0.94,140,1,,3→4
1984,1017,백인천,삼미,타자,,LF,41,5,0.38,35,1,,
1984,1003,금광옥,삼미,타자,,C,28,4,0.04,202,1,,3→4
1984,1190,정성만,삼미,투수,,SP,29,2,-0.03,450,1,,
1984,1123,김재현,삼미,투수,,SP,25,2,-0.16,269,1,,
1984,1036,김유동,삼미,타자,,DH,30,1,0.74,82,1,,
1984,1164,이선웅,삼미,타자,,3B,23,1,0.41,30,1,,
1984,1075,박준영,삼미,타자,,LF,31,2,0.34,154,1,,
1984,1180,김상기,삼미,투수,,RP,23,1,0.32,67,1,,
1984,1028,정구왕,삼미,타자,,CF,30,1,0.18,135,1,,
1984,1170,최홍석,삼미,타자,,LF,24,1,0.05,80,1,,
1984,1155,김호근,삼미,타자,,C,24,1,0.02,94,1,,
1984,1129,오문현,삼미,투수,,RP,31,1,-0.16,87,1,,
1984,1132,인호봉,삼미,투수,,RP,26,1,-0.16,53,1,,
1984,1004,김경남,삼미,타자,,2B,25,2,-0.17,141,1,,
1984,1099,최영환,삼미,타자,,C,25,1,-0.17,50,1,,
1984,1136,김대진,삼미,타자,,LF,29,3,-0.22,83,1,,
1984,1161,우경하,삼미,타자,,1B,27,1,-0.86,224,1,,
1984,1081,신태중,삼미,투수,,SP,29,1,-1,145,1,,
1984,1218,김일융,삼성,투수,,SP,33,4,6.56,666,1,,
1984,1025,이만수,삼성,타자,,C,26,5,5.41,342,1,,
1984,1142,장효조,삼성,타자,,RF,28,5,4.64,365,1,,
1984,1173,김시진,삼성,투수,,SP,26,5,3.23,645,1,,
1984,1104,권영호,삼성,투수,,SP,30,5,2.82,412,1,,
1984,1112,황규봉,삼성,투수,,RP,31,5,2.13,324,1,,
1984,1196,김성래,삼성,타자,,2B,23,2,0.15,70,1,,
1984,1053,함학수,삼성,타자,,1B,29,2,2.58,342,1,,
1984,1027,장태수,삼성,타자,,CF,27,2,2.3,227,1,,
1984,1022,오대석,삼성,타자,,2B,24,2,2.29,267,1,,
1984,1149,김근석,삼성,타자,,2B,22,2,1.74,310,1,,
1984,1116,이선희,삼성,투수,,RP,29,4,0,155,1,,
1984,1034,허규옥,삼성,타자,,LF,28,3,-0.48,148,1,,
1984,1156,박승호,삼성,타자,,DH,26,2,1.79,267,1,,
1984,1051,정현발,삼성,타자,,3B,31,2,1.68,159,1,,
1984,1186,양일환,삼성,투수,,SP,23,3,0.37,192,1,,
1984,1115,성낙수,삼성,투수,,RP,27,2,-0.07,46,1,,
1984,1037,김한근,삼성,타자,,3B,29,2,-0.83,138,1,,
1984,1171,홍승규,삼성,타자,,LF,24,2,0.78,212,1,,
1984,1199,송일수,삼성,타자,,C,34,1,0.64,150,1,,
1984,1052,천보성,삼성,타자,,2B,31,2,0.62,208,1,,
1984,1168,정진호,삼성,타자,,CF,28,1,0.57,113,1,,
1984,1231,진동한,삼성,투수,,SP,23,1,0.22,15,1,,
1984,1229,전용권,삼성,투수,,RP,23,1,0.2,79,1,,
1984,1016,배대웅,삼성,타자,,SS,30,3,0.1,118,1,,
1984,1214,정성룡,삼성,타자,,LF,20,1,-0.07,36,1,,
1984,1197,김이수,삼성,타자,,LF,24,1,-0.16,127,1,,
1984,1222,권기홍,삼성,투수,,RP,23,1,-0.19,24,1,,
1984,1079,송진호,삼성,투수,,RP,27,1,-0.32,99,1,,
1984,1172,황병일,삼성,타자,,2B,24,2,-0.34,61,1,,
1984,1041,박찬,삼성,타자,,RF,29,2,-0.35,38,1,,
1984,1150,김동재,삼성,타자,,2B,24,1,-0.38,40,1,,
1984,1085,이상윤,해태,투수,,SP,24,5,5.08,635,1,,
1984,12726,김성한,해태,타자,,1B,26,4,1.78,410,1,,
1984,1064,김종모,해태,타자,,RF,25,5,3.03,310,1,,
1984,1083,유승안,해태,타자,,C,28,3,2.33,144,1,,2→3
1984,1059,김용남,해태,투수,,SP,26,5,2.02,398,1,,
1984,1005,김봉연,해태,타자,,DH,32,5,1.52,400,1,,
1984,1178,주동식,해태,투수,,SP,36,4,2.77,250,1,,
1984,1042,서정환,해태,타자,,2B,29,2,1.59,364,1,,
1984,1061,김일환,해태,타자,,1B,30,2,1.93,361,1,,
1984,1137,김무종,해태,타자,,C,30,3,1.92,246,1,,
1984,1119,강만식,해태,투수,,SP,27,3,1.83,389,1,,
1984,1230,조도연,해태,투수,,SP,23,2,1.47,388,1,,
1984,1015,김준환,해태,타자,,LF,29,2,0.68,336,1,,
1984,1013,김일권,해태,타자,,CF,28,3,0.49,274,1,,
1984,1192,황기선,해태,투수,,RP,26,2,0.3,373,1,,
1984,1076,방수원,해태,투수,,SP,24,2,0.06,198,1,,
1984,1159,송일섭,해태,타자,,LF,25,1,0.13,214,1,,
1984,1225,문희수,해태,투수,,RP,19,1,0.07,38,1,,
1984,1033,차영화,해태,타자,,SS,27,3,-0.07,185,1,,2→3
1984,1074,박전섭,해태,타자,,C,25,1,-0.12,35,1,,
1984,1147,양승호,해태,타자,,3B,24,1,-0.17,77,1,,
1984,1181,김현재,해태,투수,,RP,28,1,-0.25,20,1,,
1984,1030,조충열,해태,타자,,2B,25,1,-0.53,110,1,,
1984,1167,장진범,해태,타자,,3B,25,1,-0.56,87,1,,
1984,1201,강정남,해태,타자,,1B,24,1,-0.63,54,1,,
1984,1065,김종윤,해태,타자,,RF,27,2,-1.18,113,1,,
1985,1062,김재박,MBC,타자,,SS,31,5,5.17,431,1,,
1985,1111,하기룡,MBC,투수,,SP,30,4,1.38,333,1,,
1985,1258,정삼흠,MBC,투수,,SP,24,2,3.31,578,1,,
1985,1024,이광은,MBC,타자,,3B,30,5,1,358,1,,
1985,1259,김용수,MBC,투수,,RP,25,2,0.19,65,1,,
1985,1116,이선희,MBC,투수,,SP,30,2,3.32,414,1,,
1985,1107,유종겸,MBC,투수,,SP,29,4,2.15,406,1,,
1985,1174,오영일,MBC,투수,,SP,25,4,1.23,382,1,,
1985,1108,이길환,MBC,투수,,SP,26,4,0.3,106,1,,
1985,1247,윤덕규,MBC,타자,,LF,22,2,-0.48,50,1,,
1985,1193,김상훈,MBC,타자,,1B,25,2,2.22,395,1,,
1985,1012,김인식,MBC,타자,,3B,32,3,1.7,455,1,,
1985,1223,김봉근,MBC,투수,,SP,24,3,1.41,340,1,,
1985,14223,박흥식,MBC,타자,,LF,23,2,0.53,259,1,,
1985,1080,신언호,MBC,타자,,RF,30,2,-1.8,398,1,,
1985,1078,송영운,MBC,타자,,RF,33,2,1.53,230,1,,
1985,1007,김용달,MBC,타자,,DH,29,2,0.52,166,1,,
1985,1032,차동열,MBC,타자,,C,29,1,0.33,167,1,,
1985,1245,유고웅,MBC,타자,,2B,27,1,0.06,262,1,,
1985,1160,심재원,MBC,타자,,C,32,2,0.01,209,1,,
1985,1130,이광권,MBC,투수,,RP,31,2,0,28,1,,
1985,1243,안언학,MBC,타자,,3B,23,1,-0.35,109,1,,
1985,1109,정순명,MBC,투수,,SP,31,1,-0.37,54,1,,
1985,1146,김정수,MBC,타자,,DH,25,1,-0.39,102,1,,
1985,1151,김문영,MBC,타자,,LF,25,1,-0.43,97,1,,
1985,1170,최홍석,MBC,타자,,LF,25,1,-0.6,83,1,,
1985,1206,김영균,MBC,타자,,LF,24,1,-0.67,59,1,,
1985,1202,김경표,MBC,타자,,1B,25,2,-0.71,61,1,,
1985,1246,유지홍,MBC,타자,,1B,23,1,-0.84,146,1,,
1985,1232,최일언,OB,투수,,RP,24,4,2.88,434,1,,
1985,1023,윤동균,OB,타자,,LF,36,5,2.76,335,1,,
1985,1177,장호연,OB,투수,,SP,25,4,1.52,386,1,,
1985,1105,박철순,OB,투수,,SP,29,5,1.11,151,1,,
1985,1144,한대화,OB,타자,,3B,25,2,-0.05,54,1,,
1985,1139,박종훈,OB,타자,,CF,26,4,4.73,395,1,,
1985,1114,계형철,OB,투수,,SP,32,5,4.54,582,1,,
1985,1227,윤석환,OB,투수,,RP,24,4,1.64,331,1,,
1985,1011,김우열,OB,타자,,RF,36,5,1.35,177,1,,
1985,1203,김광림,OB,타자,,CF,24,2,0.76,179,1,,
1985,12962,김진욱,OB,투수,,SP,25,2,2.94,429,1,,
1985,1019,신경식,OB,타자,,1B,24,3,2.58,457,1,,2→3
1985,1035,김광수,OB,타자,,SS,26,3,2.38,455,1,,
1985,1001,구천서,OB,타자,,2B,22,3,1.72,326,1,,
1985,1026,이종도,OB,타자,,RF,33,4,1.54,322,1,,
1985,1071,박상열,OB,투수,,SP,30,5,0.97,327,1,,
1985,1239,김형석,OB,타자,,RF,23,2,2.21,248,1,,
1985,1117,황태환,OB,투수,,RP,33,3,1.51,291,1,,
1985,1045,유지훤,OB,타자,,SS,30,2,-0.6,356,1,,
1985,11476,조범현,OB,타자,,C,25,1,0.7,262,1,,
1985,11469,김경문,OB,타자,,C,27,1,0.13,97,1,,
1985,1113,강철원,OB,투수,,SP,27,2,0.12,16,1,,
1985,1216,홍신차,OB,타자,,DH,26,1,0.09,69,1,,
1985,1189,정선두,OB,투수,,RP,26,2,0.07,29,1,,
1985,1208,박해종,OB,타자,,C,33,1,-0.08,30,1,,
1985,1049,정종현,OB,타자,,C,26,1,-0.11,39,1,,
1985,1048,이홍범,OB,타자,,CF,32,1,-0.17,118,1,,
1985,1046,이근식,OB,타자,,RF,26,1,-0.22,69,1,,
1985,1251,이승희,OB,타자,,3B,26,1,-0.43,45,1,,
1985,1136,김대진,OB,타자,,RF,30,2,-0.6,82,1,,
1985,1191,최동원,롯데,투수,,SP,27,5,7.51,675,1,,
1985,1009,김용철,롯데,타자,,2B,28,5,0.69,417,1,,
1985,1194,홍문종,롯데,타자,,CF,31,5,2.99,445,1,,
1985,11471,김용희,롯데,타자,,3B,30,3,3.83,404,1,,
1985,1140,유두열,롯데,타자,,DH,29,3,2.69,425,1,,
1985,1260,김정행,롯데,투수,,SP,33,3,2.51,346,1,,
1985,1175,임호균,롯데,투수,,SP,29,4,2.03,435,1,,
1985,1195,김민호,롯데,타자,,1B,24,2,0.31,125,1,,
1985,1262,박동수,롯데,투수,,SP,24,2,2.78,504,1,,
1985,1029,정영기,롯데,타자,,SS,29,2,2.64,306,1,,
1985,1184,배경환,롯데,투수,,SP,29,3,2.14,296,1,,
1985,1145,한문연,롯데,타자,,C,24,2,1.1,313,1,,
1985,1072,박용성,롯데,타자,,RF,27,3,0.87,184,1,,
1985,1157,박영태,롯데,타자,,RF,26,2,0.74,314,1,,
1985,11470,양상문,롯데,투수,,RP,24,2,0.1,303,1,,
1985,1110,천창호,롯데,투수,,RP,31,2,0.02,69,1,,
1985,1131,이진우,롯데,투수,,RP,29,2,-0.02,207,1,,
1985,1256,한영준,롯데,타자,,RF,23,2,-0.57,406,1,,
1985,1152,김석일,롯데,타자,,C,26,2,1.57,133,1,,
1985,1200,조성옥,롯데,타자,,LF,24,1,0.94,260,1,,
1985,1008,김용운,롯데,타자,,C,30,1,0.29,108,1,,
1985,1198,김한조,롯데,타자,,LF,23,2,0,116,1,,
1985,1220,안창완,롯데,투수,,SP,24,3,-0.14,26,1,,
1985,1221,조용철,롯데,투수,,RP,20,1,-0.28,22,1,,
1985,1265,이충우,롯데,투수,,RP,27,1,-0.41,88,1,,
1985,1153,김성호,롯데,타자,,1B,25,1,-0.45,124,1,,
1985,1161,우경하,삼미,타자,,1B,28,1,-0.08,129,1,,
1985,1244,양후승,삼미,타자,,DH,24,1,-0.16,36,1,,
1985,1183,박정후,삼미,투수,,RP,26,2,-0.4,112,1,,
1985,1036,김유동,삼미,타자,,DH,31,2,-0.65,32,1,,
1985,1143,정구선,삼미·청보,타자,,2B,29,5,3.75,468,1,,
1985,1176,장명부,삼미·청보,투수,,SP,35,5,-1.16,738,1,,
1985,1164,이선웅,삼미·청보,타자,,3B,24,2,2.08,378,1,,
1985,1138,김진우,삼미·청보,타자,,C,27,4,1.88,316,1,,
1985,1010,김우근,삼미·청보,타자,,CF,29,2,2.89,460,1,,
1985,1003,금광옥,삼미·청보,타자,,C,29,2,2.61,272,1,,
1985,15155,김바위,삼미·청보,타자,,2B,30,2,2.46,306,1,,
1985,1166,이영구,삼미·청보,타자,,3B,31,4,2.18,281,1,,
1985,1219,최계훈,삼미·청보,투수,,SP,24,2,2.01,356,1,,
1985,1266,정은배,삼미·청보,투수,,SP,23,2,1.88,423,1,,
1985,1002,권두조,삼미·청보,타자,,SS,34,2,0.81,346,1,,
1985,1014,김정수,삼미·청보,타자,,1B,32,3,0.72,237,1,,
1985,1190,정성만,삼미·청보,투수,,SP,30,2,0.26,518,1,,
1985,1081,신태중,삼미·청보,투수,,RP,30,2,-0.46,311,1,,
1985,1129,오문현,삼미·청보,투수,,RP,32,2,-0.53,226,1,,
1985,1021,양승관,삼미·청보,타자,,RF,26,3,-0.62,268,1,,
1985,1031,조흥운,삼미·청보,타자,,1B,31,3,-0.72,105,1,,
1985,1123,김재현,삼미·청보,투수,,RP,26,1,0.45,139,1,,
1985,1028,정구왕,삼미·청보,타자,,CF,31,1,0.32,160,1,,
1985,1234,김명성,삼미·청보,타자,,LF,24,1,0.02,74,1,,
1985,1155,김호근,삼미·청보,타자,,C,25,1,-0.22,160,1,,
1985,1118,감사용,삼미·청보,투수,,RP,28,1,-0.3,92,1,,
1985,1173,김시진,삼성,투수,,SP,27,5,10.83,809,1,,
1985,1142,장효조,삼성,타자,,RF,29,5,6.12,422,1,,
1985,1025,이만수,삼성,타자,,C,27,5,5.14,423,1,,
1985,1218,김일융,삼성,투수,,SP,34,5,5,678,1,,
1985,1112,황규봉,삼성,투수,,SP,32,4,3.41,497,1,,
1985,1104,권영호,삼성,투수,,CL,31,4,2.95,524,1,,
1985,1196,김성래,삼성,타자,,2B,24,2,3.2,359,1,,
1985,1034,허규옥,삼성,타자,,LF,29,2,2.94,344,1,,
1985,1141,이해창,삼성,타자,,CF,32,5,2.27,413,1,,
1985,1027,장태수,삼성,타자,,CF,28,4,1.5,297,1,,
1985,1022,오대석,삼성,타자,,2B,25,4,-0.06,76,1,,
1985,1231,진동한,삼성,투수,,RP,24,2,1.3,245,1,,
1985,1156,박승호,삼성,타자,,DH,27,3,0.81,150,1,,
1985,1051,정현발,삼성,타자,,CF,32,3,0.77,138,1,,
1985,1237,김용국,삼성,타자,,3B,23,2,0.4,352,1,,
1985,1252,이종두,삼성,타자,,RF,23,2,0.28,211,1,,
1985,1186,양일환,삼성,투수,,RP,24,2,0.06,185,1,,
1985,1053,함학수,삼성,타자,,1B,30,4,0.03,251,1,,
1985,1016,배대웅,삼성,타자,,SS,31,2,1.22,178,1,,
1985,1168,정진호,삼성,타자,,2B,29,1,1.08,186,1,,
1985,1199,송일수,삼성,타자,,C,35,2,0.22,157,1,,
1985,1079,송진호,삼성,투수,,RP,28,1,-0.02,38,1,,
1985,1150,김동재,삼성,타자,,2B,25,1,-0.17,33,1,,
1985,1149,김근석,삼성,타자,,2B,23,3,-0.28,97,1,,
1985,1171,홍승규,삼성,타자,,LF,25,2,-0.77,102,1,,
1985,1004,김경남,청보,타자,,2B,26,1,-0.16,36,1,,
1985,1132,인호봉,청보,투수,,RP,27,1,-0.18,16,1,,
1985,12726,김성한,해태,타자,,1B,27,4,5.46,455,1,,
1985,1085,이상윤,해태,투수,,SP,25,5,-0.16,15,1,,
1985,1250,이순철,해태,타자,,3B,24,2,3.88,411,1,,
1985,1263,선동열,해태,투수,,RP,22,4,3.79,333,1,,
1985,1159,송일섭,해태,타자,,LF,26,2,3.63,390,1,,
1985,1005,김봉연,해태,타자,,DH,33,4,1.84,363,1,,
1985,1083,유승안,해태,타자,,C,29,3,1.54,167,1,,
1985,1059,김용남,해태,투수,,SP,27,4,0.62,404,1,,
1985,1042,서정환,해태,타자,,2B,30,2,2.37,422,1,,
1985,1064,김종모,해태,타자,,3B,26,5,-0.62,160,1,,
1985,1119,강만식,해태,투수,,SP,28,3,4.12,596,1,,
1985,1013,김일권,해태,타자,,CF,29,2,1.93,361,1,,
1985,1230,조도연,해태,투수,,SP,24,2,1.75,371,1,,
1985,1225,문희수,해태,투수,,SP,20,2,1.7,434,1,,
1985,1015,김준환,해태,타자,,LF,30,2,1.62,373,1,,
1985,1137,김무종,해태,타자,,C,31,3,1.38,301,1,,
1985,1076,방수원,해태,투수,,RP,25,1,0.49,70,1,,
1985,1267,최상주,해태,투수,,SP,23,2,0.4,281,1,,
1985,1264,신태순,해태,투수,,RP,23,2,0.34,215,1,,
1985,1033,차영화,해태,타자,,SS,28,2,-0.01,266,1,,
1985,1233,김기철,해태,투수,,RP,23,1,-0.19,22,1,,
1985,1147,양승호,해태,타자,,3B,25,1,-0.22,121,1,,
1985,1065,김종윤,해태,타자,,RF,28,1,-0.23,71,1,,
1985,1192,황기선,해태,투수,,RP,27,1,-0.44,104,1,,
1985,1061,김일환,해태,타자,,1B,31,2,-0.46,116,1,,
1985,1030,조충열,해태,타자,,2B,26,1,-0.5,97,1,,
1985,1238,김태업,해태,타자,,LF,23,1,-0.51,53,1,,
1985,1167,장진범,해태,타자,,3B,26,1,-0.66,40,1,,
1986,1062,김재박,MBC,타자,,SS,32,5,3.07,447,1,,
1986,1111,하기룡,MBC,투수,,SP,31,4,0.31,302,1,,
1986,1258,정삼흠,MBC,투수,,SP,25,4,-0.33,158,1,,
1986,1259,김용수,MBC,투수,,CL,26,2,5.95,534,1,,
1986,1024,이광은,MBC,타자,,3B,31,5,5.48,467,1,,
1986,1289,김태원,MBC,투수,,SP,22,2,2.35,321,1,,
1986,1193,김상훈,MBC,타자,,1B,26,3,2.11,402,1,,
1986,1247,윤덕규,MBC,타자,,LF,23,2,2.07,399,1,,
1986,1174,오영일,MBC,투수,,SP,26,4,1.63,396,1,,
1986,1107,유종겸,MBC,투수,,SP,30,4,1.6,437,1,,
1986,1108,이길환,MBC,투수,,RP,27,3,0.02,30,1,,
1986,1116,이선희,MBC,투수,,RP,31,4,-0.21,53,1,,
1986,1319,김건우,MBC,투수,,SP,23,2,6.81,689,1,,
1986,1245,유고웅,MBC,타자,,2B,28,2,1.81,399,1,,
1986,1012,김인식,MBC,타자,,3B,33,3,1.16,343,1,,
1986,14223,박흥식,MBC,타자,,CF,24,2,0.72,430,1,,
1986,1010,김우근,MBC,타자,,RF,30,3,-0.15,156,1,,
1986,1170,최홍석,MBC,타자,,LF,26,1,1.1,152,1,,
1986,1158,박철영,MBC,타자,,C,26,1,0.59,150,1,,
1986,1078,송영운,MBC,타자,,RF,34,2,0.53,104,1,,
1986,1032,차동열,MBC,타자,,C,30,2,0.51,128,1,,
1986,1080,신언호,MBC,타자,,RF,31,1,0.47,78,1,,
1986,1160,심재원,MBC,타자,,C,33,2,0.32,111,1,,
1986,1328,예병준,MBC,투수,,RP,24,1,-0.34,33,1,,
1986,1151,김문영,MBC,타자,,LF,26,1,-0.4,77,1,,
1986,1007,김용달,MBC,타자,,2B,30,2,-0.54,52,1,,
1986,1243,안언학,MBC,타자,,3B,24,1,-0.88,191,1,,
1986,1232,최일언,OB,투수,,SP,25,4,7.63,665,1,,
1986,1177,장호연,OB,투수,,SP,26,3,4.43,497,1,,
1986,1023,윤동균,OB,타자,,LF,37,5,2.45,392,1,,
1986,1105,박철순,OB,투수,,SP,30,4,0.44,160,1,,
1986,1139,박종훈,OB,타자,,CF,27,5,3.79,372,1,,
1986,1203,김광림,OB,타자,,CF,25,2,1.02,307,1,,
1986,1114,계형철,OB,투수,,SP,33,5,0.91,333,1,,
1986,1227,윤석환,OB,투수,,SP,25,4,0.44,190,1,,
1986,1239,김형석,OB,타자,,RF,24,3,2.12,405,1,,
1986,1035,김광수,OB,타자,,SS,27,3,2.05,341,1,,
1986,1019,신경식,OB,타자,,1B,25,3,1.27,427,1,,
1986,1026,이종도,OB,타자,,RF,34,3,0.37,124,1,,
1986,1001,구천서,OB,타자,,2B,23,3,0.22,94,1,,
1986,1071,박상열,OB,투수,,RP,31,4,0.19,193,1,,
1986,12962,김진욱,OB,투수,,RP,26,4,-0.13,245,1,,
1986,1045,유지훤,OB,타자,,SS,31,2,2.45,367,1,,
1986,1117,황태환,OB,투수,,RP,34,3,1.4,220,1,,
1986,1292,박노준,OB,타자,,LF,24,1,-0.5,54,1,,
1986,1251,이승희,OB,타자,,3B,27,1,2.2,239,1,,
1986,1155,김호근,OB,타자,,C,26,1,1.52,179,1,,
1986,1136,김대진,OB,타자,,2B,31,2,0.35,91,1,,
1986,11476,조범현,OB,타자,,C,26,2,0.02,71,1,,
1986,1274,박창언,OB,타자,,3B,28,1,-0.11,148,1,,
1986,1192,황기선,OB,투수,,RP,28,2,-0.16,73,1,,
1986,11469,김경문,OB,타자,,C,28,2,-0.26,202,1,,
1986,1147,양승호,OB,타자,,3B,26,1,-0.45,147,1,,
1986,1191,최동원,롯데,투수,,SP,28,5,9.47,801,1,,
1986,1009,김용철,롯데,타자,,1B,29,5,2.04,409,1,,
1986,1194,홍문종,롯데,타자,,RF,32,5,3.4,439,1,,
1986,1330,윤학길,롯데,투수,,RP,25,2,1.29,264,1,,
1986,11471,김용희,롯데,타자,,3B,31,5,3.36,321,1,,
1986,1260,김정행,롯데,투수,,SP,34,4,2.53,354,1,,
1986,1095,정학수,롯데,타자,,1B,30,4,2.05,352,1,,
1986,1195,김민호,롯데,타자,,1B,25,2,1.31,306,1,,
1986,1175,임호균,롯데,투수,,SP,30,4,0.84,268,1,,
1986,1125,노상수,롯데,투수,,SP,28,4,-0.53,148,1,,
1986,1262,박동수,롯데,투수,,SP,25,3,2.84,446,1,,
1986,1145,한문연,롯데,타자,,C,25,2,1.66,257,1,,
1986,11470,양상문,롯데,투수,,RP,25,1,1.35,112,1,,
1986,1200,조성옥,롯데,타자,,LF,25,2,1.18,337,1,,
1986,1184,배경환,롯데,투수,,RP,30,3,0.96,174,1,,
1986,1256,한영준,롯데,타자,,3B,24,1,0.77,262,1,,
1986,1140,유두열,롯데,타자,,DH,30,4,0.68,302,1,,
1986,1329,오명록,롯데,투수,,RP,24,2,0.25,214,1,,
1986,1072,박용성,롯데,타자,,RF,28,2,-0.18,86,1,,
1986,1131,이진우,롯데,투수,,RP,30,1,0.79,120,1,,
1986,1008,김용운,롯데,타자,,C,31,2,0.58,132,1,,
1986,1309,최계영,롯데,타자,,CF,23,1,0.36,71,1,,
1986,1284,김성현,롯데,타자,,C,23,1,0.27,57,1,,
1986,1152,김석일,롯데,타자,,C,27,2,0.18,96,1,,
1986,1029,정영기,롯데,타자,,2B,30,2,0.09,233,1,,
1986,1198,김한조,롯데,타자,,LF,24,2,0.02,96,1,,
1986,1306,임경택,롯데,타자,,LF,23,1,-0.03,55,1,,
1986,1157,박영태,롯데,타자,,RF,27,2,-0.06,232,1,,
1986,1220,안창완,롯데,투수,,RP,25,2,-0.24,20,1,,
1986,1265,이충우,롯데,투수,,RP,28,1,-0.36,30,1,,
1986,1176,장명부,빙그레,투수,,SP,36,4,-0.92,325,1,,
1986,12994,이상군,빙그레,투수,,SP,24,2,4.52,730,1,,
1986,1336,한희민,빙그레,투수,,SP,24,2,2.84,526,1,,
1986,1083,유승안,빙그레,타자,,C,30,3,1.8,291,1,,
1986,1011,김우열,빙그레,타자,,RF,37,4,-0.22,72,1,,
1986,1299,이강돈,빙그레,타자,,LF,25,2,4.07,395,1,,
1986,1282,김상국,빙그레,타자,,C,23,2,3.01,314,1,,
1986,1278,고원부,빙그레,타자,,CF,24,2,1.94,356,1,,
1986,1163,이광길,빙그레,타자,,CF,26,2,1.74,314,1,,
1986,1326,손문곤,빙그레,투수,,SP,21,2,1.19,351,1,,
1986,1172,황병일,빙그레,타자,,2B,26,2,1.08,288,1,,
1986,1037,김한근,빙그레,타자,,3B,31,2,0.72,247,1,,
1986,1322,김연철,빙그레,투수,,RP,28,2,0.72,264,1,,
1986,1115,성낙수,빙그레,투수,,RP,29,2,0.08,127,1,,
1986,1224,김재열,빙그레,투수,,RP,25,2,-0.04,269,1,,
1986,1288,김종수,빙그레,타자,,SS,29,1,2.25,228,1,,
1986,1269,전대영,빙그레,타자,,1B,24,1,1.64,236,1,,
1986,1235,김성갑,빙그레,타자,,3B,24,1,0.76,232,1,,
1986,1065,김종윤,빙그레,타자,,RF,29,1,0.44,81,1,,
1986,1276,강정길,빙그레,타자,,1B,24,1,0.37,211,1,,
1986,1165,이성수,빙그레,타자,,LF,26,1,0.31,84,1,,
1986,1286,김정태,빙그레,타자,,1B,29,1,0.16,215,1,,
1986,1205,김성호,빙그레,타자,,C,31,1,0.15,36,1,,
1986,1304,이정은,빙그레,타자,,LF,24,1,0.08,77,1,,
1986,1213,이석규,빙그레,타자,,2B,29,1,0.05,62,1,,
1986,1298,윤홍식,빙그레,타자,,1B,24,1,0,53,1,,
1986,1324,민문식,빙그레,투수,,SP,25,1,-0.1,48,1,,
1986,1297,유해덕,빙그레,타자,,DH,24,1,-0.13,37,1,,
1986,1332,임재준,빙그레,투수,,RP,24,1,-0.2,82,1,,
1986,1334,조호표,빙그레,투수,,RP,28,1,-0.44,21,1,,
1986,1285,김수길,빙그레,타자,,DH,23,1,-0.65,64,1,,
1986,1110,천창호,빙그레,투수,,RP,32,2,-0.77,116,1,,
1986,1142,장효조,삼성,타자,,LF,30,5,4.77,367,1,,
1986,1173,김시진,삼성,투수,,SP,28,5,4.72,590,1,,
1986,1025,이만수,삼성,타자,,C,28,5,3.93,239,1,,
1986,1104,권영호,삼성,투수,,CL,32,5,3.86,439,1,,
1986,1218,김일융,삼성,투수,,SP,35,5,3.45,416,1,,
1986,1196,김성래,삼성,타자,,2B,25,3,3.23,391,1,,
1986,1112,황규봉,삼성,투수,,SP,33,5,0.27,150,1,,
1986,1315,성준,삼성,투수,,SP,24,2,3.98,447,1,,
1986,1141,이해창,삼성,타자,,LF,33,4,2.36,260,1,,
1986,1027,장태수,삼성,타자,,CF,29,3,2.11,239,1,,
1986,1034,허규옥,삼성,타자,,LF,30,4,2.01,419,1,,
1986,1022,오대석,삼성,타자,,2B,26,3,0.63,244,1,,
1986,1231,진동한,삼성,투수,,SP,25,2,2.11,328,1,,
1986,1252,이종두,삼성,타자,,RF,24,2,2.01,360,1,,
1986,1051,정현발,삼성,타자,,CF,33,2,1.81,157,1,,
1986,1156,박승호,삼성,타자,,DH,28,2,1.24,204,1,,
1986,1186,양일환,삼성,투수,,SP,25,2,1.13,290,1,,
1986,1053,함학수,삼성,타자,,2B,31,2,0.63,123,1,,
1986,1237,김용국,삼성,타자,,3B,24,2,-1.46,314,1,,
1986,1150,김동재,삼성,타자,,LF,26,1,0.95,109,1,,
1986,1214,정성룡,삼성,타자,,LF,22,2,0.61,104,1,,
1986,1044,손상득,삼성,타자,,C,30,2,0.42,98,1,,
1986,1229,전용권,삼성,투수,,RP,25,2,0.3,86,1,,
1986,1079,송진호,삼성,투수,,RP,29,1,0.22,41,1,,
1986,1323,김훈기,삼성,투수,,RP,24,1,0.06,24,1,,
1986,1171,홍승규,삼성,타자,,LF,26,2,0.01,47,1,,
1986,1272,구윤,삼성,타자,,RF,23,1,-0.05,71,1,,
1986,1261,김준희,삼성,투수,,RP,26,1,-0.16,41,1,,
1986,1222,권기홍,삼성,투수,,RP,25,1,-0.42,38,1,,
1986,1199,송일수,삼성,타자,,C,36,2,-0.45,93,1,,
1986,1149,김근석,삼성,타자,,2B,24,2,-0.58,103,1,,
1986,1197,김이수,삼성,타자,,LF,26,2,-0.58,30,1,,
1986,1016,배대웅,삼성,타자,,SS,32,2,-0.91,103,1,,
1986,1143,정구선,청보,타자,,2B,30,5,4.56,443,1,,
1986,1281,김동기,청보,타자,,C,22,1,2.17,253,1,,
1986,1138,김진우,청보,타자,,C,28,4,3.92,353,1,,
1986,15155,김바위,청보,타자,,2B,31,3,3.27,355,1,,
1986,1321,김신부,청보,투수,,SP,23,2,3.15,699,1,,
1986,1161,우경하,청보,타자,,3B,29,2,2.25,337,1,,
1986,1320,김기태,청보,투수,,SP,34,2,1.97,526,1,,
1986,1223,김봉근,청보,투수,,SP,25,3,0.95,153,1,,
1986,1219,최계훈,청보,투수,,SP,25,3,0.61,478,1,,
1986,1014,김정수,청보,타자,,DH,33,2,0.14,65,1,,
1986,1021,양승관,청보,타자,,RF,27,2,0.06,330,1,,
1986,1003,금광옥,청보,타자,,C,30,3,0.03,140,1,,
1986,1333,조병천,청보,투수,,RP,26,2,-0.19,284,1,,
1986,1164,이선웅,청보,타자,,3B,25,2,-1.02,139,1,,
1986,1266,정은배,청보,투수,,SP,24,3,-1.02,316,1,,
1986,1002,권두조,청보,타자,,1B,35,2,-1.32,358,1,,
1986,1279,김경갑,청보,타자,,SS,26,1,1.96,152,1,,
1986,1206,김영균,청보,타자,,LF,25,1,1.02,151,1,,
1986,1028,정구왕,청보,타자,,CF,32,2,0.96,170,1,,
1986,1004,김경남,청보,타자,,2B,27,1,0.42,170,1,,
1986,1244,양후승,청보,타자,,DH,25,1,0.26,111,1,,
1986,1301,이광근,청보,타자,,LF,24,1,0.14,62,1,,
1986,1234,김명성,청보,타자,,LF,25,2,-0.08,81,1,,
1986,1335,천성호,청보,투수,,RP,23,1,-0.11,19,1,,
1986,1331,이우상,청보,투수,,RP,28,1,-0.13,28,1,,
1986,1296,오덕환,청보,타자,,3B,27,1,-0.14,111,1,,
1986,1081,신태중,청보,투수,,RP,31,1,-0.17,74,1,,
1986,1180,김상기,청보,투수,,RP,25,2,-0.21,19,1,,
1986,1089,이철성,청보,타자,,1B,29,2,-0.32,108,1,,
1986,1113,강철원,청보,투수,,RP,28,2,-0.33,36,1,,
1986,1189,정선두,청보,투수,,RP,27,2,-0.33,77,1,,
1986,1190,정성만,청보,투수,,SP,31,1,-0.95,143,1,,
1986,1263,선동열,해태,투수,,SP,23,5,12.29,788,1,,
1986,1144,한대화,해태,타자,,3B,26,2,4.29,394,1,,
1986,12726,김성한,해태,타자,,1B,28,5,2.92,449,1,,
1986,1250,이순철,해태,타자,,CF,25,5,2.37,358,1,,
1986,1085,이상윤,해태,투수,,SP,26,5,1.79,345,1,,
1986,1005,김봉연,해태,타자,,DH,34,4,4.16,453,1,,
1986,1059,김용남,해태,투수,,RP,28,3,-0.2,92,1,,
1986,1064,김종모,해태,타자,,3B,27,4,4.05,427,1,,
1986,1042,서정환,해태,타자,,2B,31,3,2.74,432,1,,
1986,1314,김정수,해태,투수,,SP,24,2,1.48,377,1,,
1986,1316,차동철,해태,투수,,SP,23,2,2.62,393,1,,
1986,1137,김무종,해태,타자,,C,32,3,2,362,1,,
1986,1225,문희수,해태,투수,,SP,21,2,1.43,225,1,,
1986,1159,송일섭,해태,타자,,LF,27,2,0.99,259,1,,
1986,1076,방수원,해태,투수,,RP,26,2,0.64,189,1,,
1986,1015,김준환,해태,타자,,LF,31,3,0.63,96,1,,
1986,1271,장채근,해태,타자,,C,22,1,0.24,48,1,,
1986,1119,강만식,해태,투수,,SP,29,5,0.08,218,1,,
1986,1013,김일권,해태,타자,,CF,30,3,-0.41,297,1,,
1986,1327,신동수,해태,투수,,RP,20,1,-0.53,57,1,,
1986,1030,조충열,해태,타자,,2B,27,1,0.49,117,1,,
1986,1270,김평호,해태,타자,,SS,23,1,0.11,64,1,,
1986,1313,김대현,해태,투수,,RP,24,1,0.06,161,1,,
1986,1061,김일환,해태,타자,,1B,32,2,-0.16,50,1,,
1986,1300,이건열,해태,타자,,LF,23,1,-0.31,30,1,,
1986,1317,강상진,해태,투수,,RP,24,1,-0.33,68,1,,
1986,1267,최상주,해태,투수,,RP,24,2,-0.34,22,1,,
1986,1033,차영화,해태,타자,,SS,29,2,-0.4,192,1,,
1987,1259,김용수,MBC,투수,,CL,27,5,4.56,423,1,,
1987,1062,김재박,MBC,타자,,SS,33,5,4.18,448,1,,
1987,1258,정삼흠,MBC,투수,,SP,26,3,4.17,586,1,,
1987,1111,하기룡,MBC,투수,,RP,32,2,0.52,171,1,,
1987,1024,이광은,MBC,타자,,3B,32,5,2.88,463,1,,
1987,1247,윤덕규,MBC,타자,,LF,24,3,1.04,389,1,,
1987,1289,김태원,MBC,투수,,RP,23,2,-0.89,96,1,,
1987,1319,김건우,MBC,투수,,SP,24,4,3.85,490,1,,
1987,1193,김상훈,MBC,타자,,1B,27,4,2.2,436,1,,
1987,1107,유종겸,MBC,투수,,SP,31,4,1.86,265,1,,
1987,1174,오영일,MBC,투수,,SP,27,4,0.41,430,1,,
1987,1108,이길환,MBC,투수,,RP,28,2,-0.03,220,1,,
1987,1116,이선희,MBC,투수,,SP,32,3,-0.14,115,1,,
1987,14223,박흥식,MBC,타자,,CF,25,2,4.06,418,1,,
1987,1010,김우근,MBC,타자,,RF,31,3,0.51,84,1,,
1987,1245,유고웅,MBC,타자,,2B,29,2,0.39,326,1,,
1987,1012,김인식,MBC,타자,,3B,34,3,-1.72,309,1,,
1987,1007,김용달,MBC,타자,,2B,31,1,0.53,49,1,,
1987,1078,송영운,MBC,타자,,RF,35,2,0.49,36,1,,
1987,1080,신언호,MBC,타자,,RF,32,2,0.26,261,1,,
1987,1160,심재원,MBC,타자,,C,34,2,0.21,146,1,,
1987,1032,차동열,MBC,타자,,C,31,2,0.17,96,1,,
1987,1170,최홍석,MBC,타자,,LF,27,2,0.14,125,1,,
1987,1342,김영직,MBC,타자,,2B,27,1,0.09,69,1,,
1987,1158,박철영,MBC,타자,,C,27,1,0.02,82,1,,
1987,1293,서효인,MBC,타자,,C,25,1,-0.04,36,1,,
1987,1328,예병준,MBC,투수,,RP,25,1,-0.09,119,1,,
1987,1291,민경삼,MBC,타자,,SS,24,1,-0.1,149,1,,
1987,1177,장호연,OB,투수,,SP,27,5,4.01,565,1,,
1987,1232,최일언,OB,투수,,SP,26,5,3.66,464,1,,
1987,1023,윤동균,OB,타자,,LF,38,4,1.14,334,1,,
1987,1105,박철순,OB,투수,,SP,31,3,0.7,72,1,,
1987,1203,김광림,OB,타자,,CF,26,2,4.76,398,1,,
1987,1114,계형철,OB,투수,,SP,34,4,2.45,445,1,,
1987,1139,박종훈,OB,타자,,CF,28,5,1.83,294,1,,
1987,1227,윤석환,OB,투수,,SP,26,3,0.83,315,1,,
1987,12962,김진욱,OB,투수,,SP,27,2,3.72,451,1,,
1987,1239,김형석,OB,타자,,RF,25,4,2.24,337,1,,
1987,1035,김광수,OB,타자,,SS,28,4,1.72,454,1,,
1987,1019,신경식,OB,타자,,1B,26,3,1.04,378,1,,
1987,1071,박상열,OB,투수,,SP,32,2,0.08,176,1,,
1987,1001,구천서,OB,타자,,2B,24,2,-0.07,177,1,,
1987,1026,이종도,OB,타자,,RF,35,3,-0.29,146,1,,
1987,1251,이승희,OB,타자,,3B,28,2,1.33,224,1,,
1987,1292,박노준,OB,타자,,LF,25,1,0.81,100,1,,
1987,1117,황태환,OB,투수,,RP,35,3,-0.45,197,1,,
1987,1045,유지훤,OB,타자,,SS,32,2,-0.61,294,1,,
1987,1020,양세종,OB,타자,,3B,29,2,-0.89,175,1,,
1987,11469,김경문,OB,타자,,C,29,1,1.4,259,1,,
1987,1275,이복근,OB,타자,,SS,25,1,1.15,75,1,,
1987,1155,김호근,OB,타자,,C,27,2,1,164,1,,
1987,1136,김대진,OB,타자,,1B,32,2,0.17,41,1,,
1987,1268,한오종,OB,투수,,RP,26,1,-0.03,15,1,,
1987,1362,김경남,OB,투수,,RP,24,1,-0.1,15,1,,
1987,1361,김강익,OB,투수,,RP,26,1,-0.19,111,1,,
1987,11476,조범현,OB,타자,,C,27,1,-0.77,88,1,,
1987,1191,최동원,롯데,투수,,SP,29,5,5.37,672,1,,
1987,1009,김용철,롯데,타자,,2B,30,4,4.59,428,1,,
1987,1143,정구선,롯데,타자,,2B,31,5,3.94,397,1,,
1987,1330,윤학길,롯데,투수,,SP,26,2,5.41,600,1,,
1987,1194,홍문종,롯데,타자,,RF,33,5,3.7,466,1,,
1987,1195,김민호,롯데,타자,,1B,26,2,1.87,397,1,,
1987,1125,노상수,롯데,투수,,SP,29,4,0.69,198,1,,
1987,11471,김용희,롯데,타자,,3B,32,5,-0.21,128,1,,
1987,1095,정학수,롯데,타자,,1B,31,4,-0.36,119,1,,
1987,1256,한영준,롯데,타자,,3B,25,2,3.86,416,1,,
1987,1329,오명록,롯데,투수,,SP,25,2,1.99,230,1,,
1987,1029,정영기,롯데,타자,,2B,31,2,1.66,312,1,,
1987,1260,김정행,롯데,투수,,SP,35,4,1.53,306,1,,
1987,1008,김용운,롯데,타자,,C,32,2,1.43,312,1,,
1987,1140,유두열,롯데,타자,,DH,31,3,1.31,263,1,,
1987,1262,박동수,롯데,투수,,SP,26,4,1.07,420,1,,
1987,1145,한문연,롯데,타자,,C,26,3,0.07,63,1,,
1987,1228,이문한,롯데,투수,,RP,26,1,1.07,108,1,,
1987,1309,최계영,롯데,타자,,CF,24,1,0.67,199,1,,
1987,1200,조성옥,롯데,타자,,LF,26,2,0.62,204,1,,
1987,1220,안창완,롯데,투수,,RP,26,2,0.41,154,1,,
1987,1265,이충우,롯데,투수,,RP,29,1,0.35,62,1,,
1987,1364,김종석,롯데,투수,,SP,23,1,0.32,128,1,,
1987,1346,박태호,롯데,타자,,1B,24,1,0.1,79,1,,
1987,1157,박영태,롯데,타자,,2B,28,1,0.05,54,1,,
1987,1306,임경택,롯데,타자,,LF,24,1,-0.01,68,1,,
1987,1063,김재상,롯데,타자,,LF,28,2,-0.08,83,1,,
1987,1215,정인교,롯데,타자,,C,30,1,-0.15,34,1,,
1987,1190,정성만,롯데,투수,,SP,32,1,-0.37,49,1,,
1987,1161,우경하,롯데,타자,,3B,30,2,-0.57,83,1,,
1987,12994,이상군,빙그레,투수,,SP,25,3,6.95,740,1,,
1987,1336,한희민,빙그레,투수,,SP,25,2,6.42,618,1,,
1987,1352,이정훈,빙그레,타자,,RF,24,2,4.31,441,1,,
1987,1083,유승안,빙그레,타자,,C,31,3,2.8,360,1,,
1987,1354,장종훈,빙그레,타자,,SS,19,2,2.29,331,1,,
1987,1059,김용남,빙그레,투수,,SP,29,3,0.56,263,1,,
1987,1299,이강돈,빙그레,타자,,LF,26,3,0.03,407,1,,
1987,1278,고원부,빙그레,타자,,RF,25,2,3.62,446,1,,
1987,1282,김상국,빙그레,타자,,C,24,2,1.62,300,1,,
1987,1110,천창호,빙그레,투수,,RP,33,2,1.9,292,1,,
1987,1363,김대중,빙그레,투수,,SP,24,2,0.7,227,1,,
1987,1322,김연철,빙그레,투수,,RP,29,2,0.02,223,1,,
1987,1235,김성갑,빙그레,타자,,3B,25,2,-0.01,434,1,,
1987,1119,강만식,빙그레,투수,,SP,30,3,-0.18,84,1,,
1987,1037,김한근,빙그레,타자,,3B,32,2,-0.32,61,1,,
1987,1269,전대영,빙그레,타자,,1B,25,2,0.71,205,1,,
1987,1276,강정길,빙그레,타자,,1B,25,1,0.69,266,1,,
1987,1358,조용호,빙그레,타자,,RF,22,1,0.51,57,1,,
1987,1287,김종문,빙그레,타자,,C,23,1,0.37,31,1,,
1987,1285,김수길,빙그레,타자,,DH,24,1,0.16,79,1,,
1987,1092,임정면,빙그레,타자,,3B,29,1,0.03,77,1,,
1987,1224,김재열,빙그레,투수,,RP,26,1,0.03,118,1,,
1987,1324,민문식,빙그레,투수,,RP,26,1,0.02,17,1,,
1987,1288,김종수,빙그레,타자,,SS,30,2,-0.11,78,1,,
1987,1353,이중화,빙그레,타자,,CF,23,1,-0.17,74,1,,
1987,1356,정상진,빙그레,타자,,1B,23,1,-0.19,130,1,,
1987,1332,임재준,빙그레,투수,,SP,25,1,-0.26,24,1,,
1987,1172,황병일,빙그레,타자,,2B,27,2,-0.57,62,1,,
1987,1326,손문곤,빙그레,투수,,RP,22,2,-0.58,148,1,,
1987,1163,이광길,빙그레,타자,,CF,27,2,-0.66,188,1,,
1987,1366,이동석,빙그레,투수,,RP,23,1,-0.74,106,1,,
1987,1025,이만수,삼성,타자,,C,29,5,5.29,357,1,,
1987,1196,김성래,삼성,타자,,2B,26,5,5.02,385,1,,
1987,1173,김시진,삼성,투수,,SP,29,5,4.76,580,1,,
1987,1142,장효조,삼성,타자,,LF,31,5,4.55,335,1,,
1987,1104,권영호,삼성,투수,,CL,33,5,2.88,269,1,,
1987,1315,성준,삼성,투수,,SP,25,3,2.36,327,1,,
1987,1360,김성길,삼성,투수,,RP,31,1,0.59,93,1,,
1987,1034,허규옥,삼성,타자,,LF,31,4,2.96,345,1,,
1987,11467,류중일,삼성,타자,,SS,24,2,2.2,401,1,,
1987,1022,오대석,삼성,타자,,2B,27,2,2.05,272,1,,
1987,1027,장태수,삼성,타자,,CF,30,4,1.64,311,1,,
1987,1252,이종두,삼성,타자,,RF,25,3,0.37,336,1,,
1987,1231,진동한,삼성,투수,,SP,26,3,3.36,432,1,,
1987,1186,양일환,삼성,투수,,SP,26,2,3.23,258,1,,
1987,1150,김동재,삼성,타자,,LF,27,2,2.01,192,1,,
1987,1171,홍승규,삼성,타자,,LF,27,2,1.67,357,1,,
1987,1156,박승호,삼성,타자,,DH,29,3,1.02,222,1,,
1987,1323,김훈기,삼성,투수,,RP,25,2,0.75,242,1,,
1987,1368,장태수,삼성,투수,,RP,23,2,0.5,191,1,,
1987,1320,김기태,삼성,투수,,SP,35,5,0.26,285,1,,
1987,1053,함학수,삼성,타자,,2B,32,2,0.17,134,1,,
1987,1237,김용국,삼성,타자,,3B,25,1,0.31,204,1,,
1987,1345,김종갑,삼성,타자,,RF,23,1,0.17,43,1,,
1987,1044,손상득,삼성,타자,,C,31,2,0.16,65,1,,
1987,1182,박동경,삼성,투수,,SP,23,1,0.14,89,1,,
1987,1039,박정환,삼성,타자,,2B,30,2,0.07,84,1,,
1987,1312,최무영,삼성,타자,,LF,25,1,0.07,39,1,,
1987,1261,김준희,삼성,투수,,RP,27,1,-0.3,21,1,,
1987,1222,권기홍,삼성,투수,,SP,26,1,-0.49,77,1,,
1987,1272,구윤,삼성,타자,,RF,24,1,-0.54,74,1,,
1987,1281,김동기,청보,타자,,C,23,2,4.46,414,1,,
1987,1370,최창호,청보,투수,,RP,21,1,-0.28,50,1,,
1987,11470,양상문,청보,투수,,SP,26,2,3.49,628,1,,
1987,1141,이해창,청보,타자,,SS,34,4,2.81,372,1,,
1987,15155,김바위,청보,타자,,2B,32,4,2.29,396,1,,
1987,1175,임호균,청보,투수,,SP,31,3,2.09,521,1,,
1987,1138,김진우,청보,타자,,C,29,5,1.13,212,1,,
1987,1051,정현발,청보,타자,,CF,34,3,3.2,329,1,,
1987,1343,김윤환,청보,타자,,LF,30,2,2.91,282,1,,
1987,1321,김신부,청보,투수,,SP,24,2,1.2,341,1,,
1987,1164,이선웅,청보,타자,,3B,26,2,1.08,303,1,,
1987,1168,정진호,청보,타자,,DH,31,2,0.93,338,1,,
1987,1184,배경환,청보,투수,,SP,31,3,0.69,314,1,,
1987,1021,양승관,청보,타자,,CF,28,1,0.32,84,1,,
1987,1333,조병천,청보,투수,,RP,27,2,0.11,235,1,,
1987,1003,금광옥,청보,타자,,C,31,3,0.01,57,1,,
1987,1223,김봉근,청보,투수,,SP,26,3,-0.14,405,1,,
1987,1266,정은배,청보,투수,,RP,25,2,-0.32,182,1,,
1987,1301,이광근,청보,타자,,LF,25,1,1.13,167,1,,
1987,1198,김한조,청보,타자,,LF,25,1,0.67,83,1,,
1987,1244,양후승,청보,타자,,DH,26,1,0.43,153,1,,
1987,1206,김영균,청보,타자,,LF,26,2,0.42,106,1,,
1987,1296,오덕환,청보,타자,,3B,28,1,-0.01,113,1,,
1987,1279,김경갑,청보,타자,,3B,27,2,-0.03,48,1,,
1987,1002,권두조,청보,타자,,1B,36,1,-0.15,231,1,,
1987,1189,정선두,청보,투수,,RP,28,1,-0.19,29,1,,
1987,1349,이상훈,청보,투수,,RP,24,1,-0.21,18,1,,
1987,1004,김경남,청보,타자,,2B,28,1,-0.22,77,1,,
1987,1131,이진우,청보,투수,,RP,31,2,-0.64,90,1,,
1987,1348,이동수,청보,투수,,RP,25,1,-0.64,48,1,,
1987,1149,김근석,청보,타자,,2B,25,2,-1.3,207,1,,
1987,1263,선동열,해태,투수,,SP,24,5,8.05,486,1,,
1987,12726,김성한,해태,타자,,1B,29,5,4.34,342,1,,
1987,1144,한대화,해태,타자,,3B,27,5,3.11,358,1,,
1987,1250,이순철,해태,타자,,CF,26,4,0.82,299,1,,
1987,1085,이상윤,해태,투수,,SP,27,4,-0.2,126,1,,
1987,1005,김봉연,해태,타자,,DH,35,5,0.41,380,1,,
1987,1314,김정수,해태,투수,,SP,25,2,-0.25,241,1,,
1987,1042,서정환,해태,타자,,2B,32,4,2.93,383,1,,
1987,1064,김종모,해태,타자,,3B,28,5,2.87,360,1,,
1987,1338,백인수,해태,타자,,SS,24,2,3.58,328,1,,
1987,1313,김대현,해태,투수,,SP,25,2,3.21,427,1,,
1987,1225,문희수,해태,투수,,SP,22,3,2.82,328,1,,
1987,1316,차동철,해태,투수,,SP,24,2,2.36,479,1,,
1987,1327,신동수,해태,투수,,SP,21,2,2.32,383,1,,
1987,1137,김무종,해태,타자,,C,33,4,1.29,280,1,,
1987,1271,장채근,해태,타자,,C,23,1,0.4,88,1,,
1987,1337,박철우,해태,타자,,LF,23,1,0.23,54,1,,
1987,1159,송일섭,해태,타자,,LF,28,2,0.16,200,1,,
1987,1013,김일권,해태,타자,,CF,31,2,0.07,204,1,Y,
1987,1365,송유석,해태,투수,,RP,21,1,0.06,47,1,,
1987,1015,김준환,해태,타자,,LF,32,2,-0.12,188,1,,
1987,1076,방수원,해태,투수,,RP,27,2,-0.43,197,1,,
1987,1340,조재환,해태,타자,,CF,23,1,0.89,269,1,,
1987,1061,김일환,해태,타자,,1B,33,1,0.26,102,1,,
1987,1300,이건열,해태,타자,,LF,24,1,-0.07,81,1,,
1987,1033,차영화,해태,타자,,2B,30,1,-0.12,83,1,,
1987,1267,최상주,해태,투수,,RP,25,1,-0.23,16,1,,
1987,1230,조도연,해태,투수,,RP,26,3,-0.54,81,1,,
1987,1317,강상진,해태,투수,,RP,25,1,-0.65,135,1,,
1987,1030,조충열,해태,타자,,2B,28,1,-1.02,61,1,,
1988,1062,김재박,MBC,타자,,SS,34,5,2.44,447,1,,
1988,1259,김용수,MBC,투수,,RP,28,5,0.66,296,1,,
1988,1258,정삼흠,MBC,투수,,SP,27,5,-0.94,419,1,,
1988,1247,윤덕규,MBC,타자,,LF,25,3,2.16,405,1,,
1988,1024,이광은,MBC,타자,,3B,33,5,1.36,276,1,,
1988,1193,김상훈,MBC,타자,,1B,28,4,3.73,341,1,,
1988,14223,박흥식,MBC,타자,,CF,26,4,3.15,356,1,,5→4
1988,1174,오영일,MBC,투수,,SP,28,3,2.04,528,1,,
1988,1380,김상호,MBC,타자,,3B,23,2,1.69,297,1,,
1988,1108,이길환,MBC,투수,,SP,29,2,1.09,367,1,,
1988,1107,유종겸,MBC,투수,,SP,32,4,0.63,327,1,,
1988,1414,이용철,MBC,투수,,SP,22,2,2.21,433,1,,
1988,1406,문병권,MBC,투수,,RP,23,2,0.94,196,1,,
1988,1412,이국성,MBC,투수,,RP,23,2,0.56,167,1,,
1988,1080,신언호,MBC,타자,,RF,33,2,-0.29,368,1,,
1988,1202,김경표,MBC,타자,,2B,28,2,0.99,167,1,,
1988,1158,박철영,MBC,타자,,C,28,1,0.9,141,1,,
1988,1328,예병준,MBC,투수,,SP,26,1,0.66,151,1,,
1988,1291,민경삼,MBC,타자,,SS,25,1,0.58,126,1,,
1988,1245,유고웅,MBC,타자,,2B,30,2,0.42,190,1,,
1988,1160,심재원,MBC,타자,,C,35,2,0.31,187,1,,
1988,1246,유지홍,MBC,타자,,1B,26,1,0.23,178,1,,
1988,1342,김영직,MBC,타자,,RF,28,1,0.01,180,1,,
1988,1396,유광진,MBC,타자,,1B,23,1,-0.02,30,1,,
1988,1293,서효인,MBC,타자,,C,26,1,-0.03,44,1,,
1988,1399,조상헌,MBC,타자,,1B,24,1,-0.03,47,1,,
1988,1032,차동열,MBC,타자,,C,32,2,-0.06,36,1,,
1988,1359,황윤태,MBC,타자,,LF,25,1,-0.48,43,1,,
1988,1170,최홍석,MBC,타자,,LF,28,2,-0.63,45,1,,
1988,1012,김인식,MBC,타자,,1B,35,1,-1.12,100,1,,
1988,1203,김광림,OB,타자,,CF,27,4,3.69,355,1,,5→4
1988,1232,최일언,OB,투수,,SP,27,5,3.67,347,1,,
1988,1177,장호연,OB,투수,,SP,28,5,0.86,438,1,,
1988,1023,윤동균,OB,타자,,LF,39,3,-0.47,50,1,,
1988,1227,윤석환,OB,투수,,RP,27,3,3.67,324,1,,
1988,1139,박종훈,OB,타자,,CF,29,5,2.21,381,1,,
1988,1114,계형철,OB,투수,,SP,35,4,1.6,389,1,,
1988,12962,김진욱,OB,투수,,SP,28,4,2.96,418,1,,
1988,1035,김광수,OB,타자,,SS,29,4,2.95,467,1,,
1988,1019,신경식,OB,타자,,1B,27,3,2.14,408,1,,
1988,1001,구천서,OB,타자,,2B,25,2,1.32,147,1,,
1988,1239,김형석,OB,타자,,RF,26,4,-0.23,121,1,,
1988,1390,송재박,OB,타자,,3B,32,2,4.29,308,1,,
1988,1020,양세종,OB,타자,,SS,30,2,2.05,293,1,,
1988,1268,한오종,OB,투수,,SP,27,2,1.29,347,1,,
1988,1292,박노준,OB,타자,,LF,26,1,0.57,163,1,,
1988,1349,이상훈,OB,투수,,RP,25,2,0.37,252,1,,
1988,11469,김경문,OB,타자,,C,30,2,0.29,276,1,,
1988,1071,박상열,OB,투수,,RP,33,1,-0.48,140,1,,
1988,1251,이승희,OB,타자,,3B,29,3,-0.52,241,1,,
1988,1117,황태환,OB,투수,,RP,36,1,-0.64,149,1,,
1988,1275,이복근,OB,타자,,SS,26,2,0.53,123,1,,
1988,1206,김영균,OB,타자,,LF,27,2,0.26,113,1,,
1988,1204,김명구,OB,타자,,LF,27,1,0.18,34,1,,
1988,1361,김강익,OB,투수,,RP,27,1,0,46,1,,
1988,1155,김호근,OB,타자,,C,28,2,-0.14,138,1,,
1988,1419,하창우,OB,투수,,SP,19,1,-0.24,49,1,,
1988,1045,유지훤,OB,타자,,SS,33,1,-0.43,267,1,,
1988,11476,조범현,OB,타자,,C,28,1,-0.43,80,1,,
1988,1330,윤학길,롯데,투수,,SP,27,4,5.57,702,1,,
1988,1009,김용철,롯데,타자,,2B,31,5,3.84,422,1,,
1988,1191,최동원,롯데,투수,,RP,30,5,2.85,250,1,,
1988,1143,정구선,롯데,타자,,2B,32,5,2.37,393,1,,
1988,1195,김민호,롯데,타자,,1B,27,3,4.56,417,1,,
1988,1194,홍문종,롯데,타자,,RF,34,5,2.08,359,1,,
1988,1256,한영준,롯데,타자,,3B,26,4,3.11,320,1,,
1988,1125,노상수,롯데,투수,,SP,30,3,0.51,314,1,,
1988,11471,김용희,롯데,타자,,3B,33,5,0.17,176,1,,
1988,1309,최계영,롯데,타자,,CF,25,2,2.26,299,1,,
1988,1228,이문한,롯데,투수,,RP,27,2,1.65,171,1,,
1988,1260,김정행,롯데,투수,,SP,36,4,1.48,282,1,,
1988,1262,박동수,롯데,투수,,SP,27,3,1.14,343,1,,
1988,1140,유두열,롯데,타자,,DH,32,3,1.02,374,1,,
1988,1145,한문연,롯데,타자,,C,27,2,0.94,140,1,,
1988,1220,안창완,롯데,투수,,RP,27,2,0.71,187,1,,
1988,1329,오명록,롯데,투수,,SP,26,2,0.67,270,1,,
1988,1364,김종석,롯데,투수,,SP,24,2,-0.01,165,1,,
1988,1409,서정용,롯데,투수,,RP,19,1,1.1,141,1,,
1988,1305,이창원,롯데,타자,,LF,25,1,0.31,41,1,,
1988,1063,김재상,롯데,타자,,LF,29,2,0.22,95,1,,
1988,1008,김용운,롯데,타자,,C,33,3,0.2,244,1,,
1988,1029,정영기,롯데,타자,,2B,32,3,0.1,179,1,,
1988,1284,김성현,롯데,타자,,C,25,1,0.1,37,1,,
1988,1351,이재성,롯데,타자,,2B,26,1,-0.01,58,1,,
1988,1157,박영태,롯데,타자,,2B,29,1,-0.07,148,1,,
1988,1403,구명근,롯데,투수,,RP,23,1,-0.12,15,1,,
1988,1200,조성옥,롯데,타자,,LF,27,2,-0.17,153,1,,
1988,1346,박태호,롯데,타자,,1B,25,1,-0.44,149,1,,
1988,12994,이상군,빙그레,투수,,CL,26,4,4.87,405,1,,
1988,1336,한희민,빙그레,투수,,SP,26,4,4.66,564,1,,
1988,1354,장종훈,빙그레,타자,,SS,20,2,3.5,406,1,,
1988,1352,이정훈,빙그레,타자,,RF,25,4,3.22,414,1,,
1988,1083,유승안,빙그레,타자,,C,32,5,3.14,350,1,,
1988,1299,이강돈,빙그레,타자,,LF,27,2,2.87,418,1,,
1988,13282,한용덕,빙그레,투수,,RP,23,1,1.07,122,1,,
1988,1059,김용남,빙그레,투수,,SP,30,2,1.05,368,1,,
1988,1278,고원부,빙그레,타자,,RF,26,3,1.21,368,1,,
1988,1282,김상국,빙그레,타자,,C,25,3,1,191,1,,
1988,1363,김대중,빙그레,투수,,SP,25,2,2.07,357,1,,
1988,1401,김홍명,빙그레,투수,,SP,26,2,2.03,455,1,,
1988,1037,김한근,빙그레,타자,,2B,33,2,1.58,218,1,,
1988,1366,이동석,빙그레,투수,,SP,24,2,1.37,228,1,,
1988,1276,강정길,빙그레,타자,,1B,26,2,0.79,342,1,,
1988,1110,천창호,빙그레,투수,,RP,34,2,0.76,65,1,,
1988,1235,김성갑,빙그레,타자,,3B,26,2,0.67,291,1,,
1988,1415,장정순,빙그레,투수,,RP,24,1,-0.01,97,1,,
1988,1159,송일섭,빙그레,타자,,CF,29,2,-0.1,138,1,,
1988,1163,이광길,빙그레,타자,,2B,28,2,1.2,198,1,,
1988,1172,황병일,빙그레,타자,,2B,28,2,0.4,59,1,,
1988,1353,이중화,빙그레,타자,,CF,24,1,0.36,116,1,,
1988,1418,지성규,빙그레,투수,,RP,19,1,0.26,41,1,,
1988,1285,김수길,빙그레,타자,,DH,25,1,0.12,31,1,,
1988,1371,곽동열,빙그레,타자,,DH,33,1,0.08,30,1,,
1988,1358,조용호,빙그레,타자,,LF,23,2,-0.11,142,1,,
1988,1322,김연철,빙그레,투수,,RP,30,1,-0.11,21,1,,
1988,1373,조양근,빙그레,타자,,2B,24,1,-0.26,205,1,,
1988,1326,손문곤,빙그레,투수,,RP,23,1,-0.28,162,1,,
1988,1269,전대영,빙그레,타자,,1B,26,2,-0.33,96,1,,
1988,1196,김성래,삼성,타자,,2B,27,5,5.56,386,1,,
1988,1025,이만수,삼성,타자,,C,30,5,4.57,334,1,,
1988,1142,장효조,삼성,타자,,LF,32,5,3.3,334,1,,
1988,1173,김시진,삼성,투수,,SP,30,5,2.93,433,1,,
1988,1104,권영호,삼성,투수,,RP,34,5,1.35,217,1,,
1988,1360,김성길,삼성,투수,,SP,32,2,4.61,454,1,,
1988,1315,성준,삼성,투수,,SP,26,3,3.41,479,1,,
1988,11467,류중일,삼성,타자,,SS,25,3,0.46,134,1,,
1988,1252,이종두,삼성,타자,,RF,26,2,2.64,348,1,,
1988,1027,장태수,삼성,타자,,CF,31,3,2.18,344,1,,
1988,1034,허규옥,삼성,타자,,CF,32,4,0.66,209,1,,
1988,1022,오대석,삼성,타자,,2B,28,3,-0.38,258,1,,
1988,1323,김훈기,삼성,투수,,SP,26,2,3.11,354,1,,
1988,1156,박승호,삼성,타자,,DH,30,3,0.99,216,1,,
1988,1237,김용국,삼성,타자,,3B,26,2,0.8,378,1,,
1988,1231,진동한,삼성,투수,,SP,27,4,0.63,163,1,,
1988,1150,김동재,삼성,타자,,LF,28,3,-0.4,158,1,,
1988,1186,양일환,삼성,투수,,RP,27,4,-0.64,88,1,,
1988,1171,홍승규,삼성,타자,,LF,28,2,0.31,218,1,,
1988,1039,박정환,삼성,타자,,2B,31,2,0.18,124,1,,
1988,1229,전용권,삼성,투수,,RP,27,2,0.15,138,1,,
1988,1272,구윤,삼성,타자,,RF,25,1,0.14,261,1,,
1988,1344,김정수,삼성,타자,,LF,25,1,-0.01,66,1,,
1988,1345,김종갑,삼성,타자,,RF,24,1,-0.03,136,1,,
1988,1182,박동경,삼성,투수,,RP,24,1,-0.04,113,1,,
1988,1417,정윤수,삼성,투수,,RP,24,1,-0.2,65,1,,
1988,1374,이홍식,삼성,타자,,1B,24,1,-0.25,102,1,,
1988,1368,장태수,삼성,투수,,RP,24,2,-0.31,113,1,,
1988,1416,정용생,삼성,투수,,RP,24,1,-0.44,84,1,,
1988,1214,정성룡,삼성,타자,,LF,24,2,-0.5,45,1,,
1988,1402,홍성연,삼성,투수,,RP,23,1,-0.53,158,1,,
1988,1044,손상득,삼성,타자,,C,32,2,-0.67,77,1,,
1988,1281,김동기,태평양,타자,,C,24,4,4.45,248,1,,
1988,1370,최창호,태평양,투수,,RP,22,1,-0.1,20,1,,
1988,1408,박정현,태평양,투수,,RP,19,1,-0.3,56,1,,
1988,15155,김바위,태평양,타자,,3B,33,4,1.92,297,1,,
1988,11470,양상문,태평양,투수,,SP,27,4,1.8,508,1,,
1988,1141,이해창,태평양,타자,,DH,35,4,0.88,231,1,,
1988,1175,임호균,태평양,투수,,SP,32,4,-0.24,42,1,,
1988,1333,조병천,태평양,투수,,SP,28,2,2.15,384,1,,
1988,1164,이선웅,태평양,타자,,SS,27,2,2.1,343,1,,
1988,1410,신완근,태평양,투수,,RP,22,2,1.62,417,1,,
1988,1343,김윤환,태평양,타자,,RF,31,2,1.48,318,1,,
1988,1321,김신부,태평양,투수,,SP,25,2,1.48,370,1,,
1988,1013,김일권,태평양,타자,,CF,32,2,1.37,343,1,,
1988,1393,여태구,태평양,타자,,LF,24,2,0.92,281,1,,
1988,1405,김일부,태평양,투수,,RP,25,2,0.74,216,1,,
1988,1413,이상구,태평양,투수,,RP,25,2,0.27,261,1,,
1988,1223,김봉근,태평양,투수,,SP,27,2,0.02,281,1,,
1988,1051,정현발,태평양,타자,,CF,35,4,-0.36,158,1,,
1988,1184,배경환,태평양,투수,,SP,32,3,-0.39,157,1,,
1988,1301,이광근,태평양,타자,,LF,26,2,2.29,234,1,,
1988,1395,원원근,태평양,타자,,SS,21,1,1.2,223,1,,
1988,1149,김근석,태평양,타자,,2B,26,1,0.49,96,1,,
1988,1386,박상국,태평양,타자,,1B,28,1,0.48,159,1,,
1988,1385,김진규,태평양,타자,,RF,23,1,0.43,54,1,,
1988,1003,금광옥,태평양,타자,,C,32,2,0.41,103,1,,
1988,1168,정진호,태평양,타자,,DH,32,2,0.26,166,1,,
1988,1397,유동효,태평양,타자,,3B,23,1,0.23,105,1,,
1988,1099,최영환,태평양,타자,,C,29,1,0.19,90,1,,
1988,1348,이동수,태평양,투수,,RP,26,1,0.11,15,1,,
1988,1377,곽권희,태평양,타자,,DH,22,1,-0.06,166,1,,
1988,1061,김일환,태평양,타자,,1B,34,2,-0.13,68,2,,
1988,1350,이연수,태평양,타자,,RF,25,1,-0.17,39,1,,
1988,1244,양후승,태평양,타자,,DH,27,2,-0.21,63,1,,
1988,1407,박상범,태평양,투수,,RP,23,1,-0.3,99,1,,
1988,1296,오덕환,태평양,타자,,3B,29,1,-0.58,161,1,,
1988,1004,김경남,태평양,타자,,2B,29,1,-0.59,42,1,,
1988,1263,선동열,해태,투수,,SP,25,5,9.01,535,1,,
1988,1250,이순철,해태,타자,,CF,27,3,5.02,477,1,,
1988,1144,한대화,해태,타자,,3B,28,5,4.84,415,1,,
1988,12726,김성한,해태,타자,,1B,30,5,4.68,457,1,,
1988,1085,이상윤,해태,투수,,SP,28,3,2.76,411,1,,
1988,1314,김정수,해태,투수,,SP,26,1,1.46,163,1,,
1988,1005,김봉연,해태,타자,,DH,36,4,0.18,209,1,,
1988,1042,서정환,해태,타자,,2B,33,4,2.8,336,1,,
1988,1327,신동수,해태,투수,,SP,22,2,2.58,244,1,,
1988,1338,백인수,해태,타자,,2B,25,2,1.43,325,1,,
1988,1064,김종모,해태,타자,,3B,29,5,1.29,393,1,,
1988,1076,방수원,해태,투수,,RP,28,2,3.46,240,1,,
1988,1271,장채근,해태,타자,,C,24,2,3.42,383,1,,
1988,1225,문희수,해태,투수,,SP,23,4,2.23,331,1,,
1988,1316,차동철,해태,투수,,SP,25,3,2.03,437,1,,
1988,1313,김대현,해태,투수,,SP,26,2,1.11,410,1,,
1988,1015,김준환,해태,타자,,LF,33,2,1.03,357,1,,
1988,1365,송유석,해태,투수,,RP,22,1,0.34,46,1,,
1988,1337,박철우,해태,타자,,1B,24,1,-0.62,72,1,,
1988,1372,김성규,해태,타자,,CF,23,1,1.2,233,1,,
1988,1230,조도연,해태,투수,,RP,27,2,0.19,29,1,,
1988,1340,조재환,해태,타자,,LF,24,2,-0.11,45,1,,
1988,1061,김일환,해태,타자,,1B,34,2,-0.32,45,1,,
1988,1033,차영화,해태,타자,,2B,31,1,-0.34,85,1,,
1988,1030,조충열,해태,타자,,2B,29,1,-0.38,105,1,,
1988,1267,최상주,해태,투수,,RP,26,1,-0.44,57,1,,
1988,1270,김평호,해태,타자,,CF,25,1,-0.84,62,1,,
1988,1300,이건열,해태,타자,,LF,25,1,-1.29,85,1,,
1989,1062,김재박,MBC,타자,,SS,35,5,4.28,425,1,,
1989,1259,김용수,MBC,투수,,CL,29,4,1.6,313,1,,
1989,1258,정삼흠,MBC,투수,,SP,28,2,1.27,302,1,,
1989,1247,윤덕규,MBC,타자,,LF,26,3,3.13,372,1,,
1989,1289,김태원,MBC,투수,,SP,25,2,2.83,296,1,,
1989,1380,김상호,MBC,타자,,RF,24,2,2.82,425,1,,
1989,1024,이광은,MBC,타자,,3B,34,5,0.84,319,1,,
1989,1193,김상훈,MBC,타자,,1B,29,5,1.97,421,1,,
1989,1107,유종겸,MBC,투수,,SP,33,4,1.14,306,1,,
1989,14223,박흥식,MBC,타자,,CF,27,4,0.88,231,1,,
1989,1319,김건우,MBC,투수,,RP,26,3,0.53,115,1,,
1989,1138,김진우,MBC,타자,,C,31,4,-0.1,108,1,,
1989,1108,이길환,MBC,투수,,SP,30,2,-0.51,131,1,,
1989,1174,오영일,MBC,투수,,SP,29,3,-0.65,129,1,,
1989,1439,노찬엽,MBC,타자,,LF,24,2,2.23,422,1,,
1989,1150,김동재,MBC,타자,,LF,29,2,1.48,308,1,,
1989,1412,이국성,MBC,투수,,SP,24,2,0.32,365,1,,
1989,1469,김기범,MBC,투수,,SP,24,2,0.04,311,1,,
1989,1414,이용철,MBC,투수,,SP,23,4,-0.79,362,1,,
1989,1293,서효인,MBC,타자,,C,27,1,1.3,145,1,,
1989,1457,최훈재,MBC,타자,,1B,22,1,1.24,177,1,,
1989,1493,한명수,MBC,투수,,RP,23,1,0.86,48,1,,
1989,1485,이재홍,MBC,투수,,RP,26,1,0.59,81,1,,
1989,1342,김영직,MBC,타자,,RF,29,1,0.37,187,1,,
1989,1431,김기홍,MBC,타자,,1B,19,1,0.24,34,1,,
1989,1291,민경삼,MBC,타자,,SS,26,2,0.17,210,1,,
1989,1406,문병권,MBC,투수,,RP,24,2,0.05,156,1,,
1989,1246,유지홍,MBC,타자,,1B,27,1,0.01,164,1,,
1989,1442,박성훈,MBC,타자,,1B,22,1,-0.01,47,1,,
1989,1080,신언호,MBC,타자,,RF,34,1,-0.29,108,1,,
1989,1032,차동열,MBC,타자,,C,33,1,-0.34,150,1,,
1989,1202,김경표,MBC,타자,,2B,29,2,-0.36,110,1,,
1989,1470,김덕근,MBC,투수,,RP,25,1,-0.47,130,1,,
1989,1160,심재원,MBC,타자,,C,36,2,-0.66,92,1,,
1989,1328,예병준,MBC,투수,,RP,27,2,-0.68,122,1,,
1989,1177,장호연,OB,투수,,SP,29,4,2.69,513,1,,
1989,1203,김광림,OB,타자,,CF,28,5,1.58,235,1,,
1989,1232,최일언,OB,투수,,SP,28,5,0.41,409,1,,
1989,1105,박철순,OB,투수,,RP,33,2,-0.13,49,1,,
1989,1139,박종훈,OB,타자,,CF,30,4,1.3,334,1,,
1989,1114,계형철,OB,투수,,SP,36,5,1.05,263,1,,
1989,1227,윤석환,OB,투수,,RP,28,4,0.3,162,1,,
1989,1239,김형석,OB,타자,,RF,27,3,3.33,468,1,,
1989,1450,이명수,OB,타자,,SS,23,2,3.03,307,1,,
1989,12962,김진욱,OB,투수,,SP,29,5,2.89,475,1,,
1989,1019,신경식,OB,타자,,1B,28,3,2.62,479,1,,
1989,1035,김광수,OB,타자,,SS,30,4,1.11,369,1,,
1989,1001,구천서,OB,타자,,SS,26,2,0.82,127,1,,
1989,1468,구동우,OB,투수,,RP,23,2,3.18,316,1,,
1989,1292,박노준,OB,타자,,LF,27,2,2.42,383,1,,
1989,1390,송재박,OB,타자,,3B,33,3,2.09,271,1,,
1989,15156,김진규,OB,투수,,RP,27,2,1.41,263,1,,
1989,1020,양세종,OB,타자,,2B,31,3,0.78,284,1,,
1989,1471,김동현,OB,투수,,RP,23,2,0.69,218,1,,
1989,1461,이진,OB,투수,,RP,23,2,0.56,291,1,,
1989,1251,이승희,OB,타자,,3B,30,2,-0.88,92,1,,
1989,1311,최동창,OB,타자,,LF,24,1,1.4,116,1,,
1989,1474,김형균,OB,투수,,RP,20,1,0.68,129,1,,
1989,1155,김호근,OB,타자,,C,29,2,0.44,107,1,,
1989,1361,김강익,OB,투수,,RP,28,1,0.24,17,1,,
1989,1067,김진홍,OB,타자,,C,27,1,0.21,33,1,,
1989,1490,조진구,OB,투수,,RP,20,1,0.16,56,1,,
1989,11469,김경문,OB,타자,,C,31,1,0.15,251,1,,
1989,1466,강규성,OB,투수,,RP,20,1,0.08,21,1,,
1989,1383,김용희,OB,타자,,LF,25,1,-0.03,42,1,,
1989,1436,김종석,OB,타자,,1B,18,1,-0.09,62,1,,
1989,1378,길홍규,OB,타자,,DH,24,1,-0.1,37,1,,
1989,1430,곽연수,OB,타자,,LF,22,1,-0.25,47,1,,
1989,1275,이복근,OB,타자,,SS,27,2,-0.27,188,1,,
1989,11476,조범현,OB,타자,,C,29,1,-0.27,97,1,,
1989,1347,박현영,OB,타자,,C,21,1,-0.59,36,1,,
1989,1339,안대환,OB,타자,,LF,27,1,-0.66,100,1,,
1989,1330,윤학길,롯데,투수,,SP,28,5,6.14,750,1,,
1989,1142,장효조,롯데,타자,,LF,33,5,3.45,393,1,,
1989,1173,김시진,롯데,투수,,SP,31,5,1.52,335,1,,
1989,1143,정구선,롯데,타자,,2B,33,5,0.81,335,1,,
1989,1195,김민호,롯데,타자,,1B,28,5,3.59,429,1,,
1989,1256,한영준,롯데,타자,,3B,27,4,3.08,516,1,,
1989,1034,허규옥,롯데,타자,,CF,33,3,2.47,372,1,,
1989,1404,김응국,롯데,타자,,LF,23,1,0.63,30,1,,
1989,1022,오대석,롯데,타자,,2B,29,2,-0.11,305,1,,
1989,1125,노상수,롯데,투수,,RP,31,2,-0.56,111,1,,
1989,1473,김청수,롯데,투수,,SP,23,2,4.65,631,1,,
1989,1409,서정용,롯데,투수,,SP,20,2,2.07,263,1,,
1989,1200,조성옥,롯데,타자,,RF,28,2,1.94,339,1,,
1989,1478,서호진,롯데,투수,,RP,23,2,1.82,353,1,,
1989,1309,최계영,롯데,타자,,CF,26,3,1.81,376,1,,
1989,1145,한문연,롯데,타자,,C,28,2,1.12,197,1,,
1989,1262,박동수,롯데,투수,,SP,28,3,0.3,208,1,,
1989,1483,이상번,롯데,투수,,RP,19,2,0.2,213,1,,
1989,1140,유두열,롯데,타자,,DH,33,3,-0.57,156,1,,
1989,1346,박태호,롯데,타자,,SS,26,1,0.92,140,1,,
1989,1460,현남수,롯데,타자,,1B,24,1,0.92,94,1,,
1989,1386,박상국,롯데,타자,,1B,29,2,0.91,176,1,,
1989,1351,이재성,롯데,타자,,2B,27,1,0.51,66,1,,
1989,1008,김용운,롯데,타자,,C,34,2,0.38,206,1,,
1989,11473,이종운,롯데,타자,,RF,23,1,0.34,70,1,,
1989,1432,김상우,롯데,타자,,LF,23,1,0.33,50,1,,
1989,1482,윤동배,롯데,투수,,RP,23,1,0.02,25,1,,
1989,1355,정국헌,롯데,타자,,LF,25,1,0.01,41,1,,
1989,1220,안창완,롯데,투수,,RP,28,2,-0.02,113,1,,
1989,1063,김재상,롯데,타자,,LF,30,2,-0.14,35,1,,
1989,1368,장태수,롯데,투수,,RP,25,1,-0.18,98,1,,
1989,1229,전용권,롯데,투수,,RP,28,2,-0.3,38,1,,
1989,1435,김인호,롯데,타자,,2B,22,1,-0.39,98,1,,
1989,1157,박영태,롯데,타자,,2B,30,1,-0.44,34,1,,
1989,1305,이창원,롯데,타자,,LF,26,1,-0.44,61,1,,
1989,1433,김선일,롯데,타자,,C,24,1,-0.49,49,1,,
1989,1403,구명근,롯데,투수,,RP,24,1,-0.51,76,1,,
1989,1336,한희민,빙그레,투수,,SP,27,5,6.35,530,1,,
1989,12994,이상군,빙그레,투수,,SP,27,5,4.62,421,1,,
1989,1354,장종훈,빙그레,타자,,SS,21,4,2.89,301,1,,
1989,1352,이정훈,빙그레,타자,,RF,26,4,2.49,219,1,,
1989,1083,유승안,빙그레,타자,,C,33,4,5.08,429,1,,
1989,10597,송진우,빙그레,투수,,SP,23,2,4.38,470,1,,
1989,1299,이강돈,빙그레,타자,,LF,28,3,2.55,507,1,,
1989,13282,한용덕,빙그레,투수,,RP,24,2,1.79,201,1,,
1989,1278,고원부,빙그레,타자,,RF,27,3,2.86,395,1,,
1989,1282,김상국,빙그레,타자,,C,26,2,1.44,204,1,,
1989,1462,김락기,빙그레,투수,,SP,23,2,3.28,324,1,,
1989,1159,송일섭,빙그레,타자,,CF,30,2,2.59,245,1,,
1989,1353,이중화,빙그레,타자,,CF,25,2,1.95,301,1,,
1989,1235,김성갑,빙그레,타자,,3B,27,2,1.59,348,1,,
1989,1401,김홍명,빙그레,투수,,SP,27,2,1.57,377,1,,
1989,1373,조양근,빙그레,타자,,2B,25,2,1.39,374,1,,
1989,1415,장정순,빙그레,투수,,RP,25,1,1.37,154,1,,
1989,1363,김대중,빙그레,투수,,SP,26,3,1.19,280,1,,
1989,1276,강정길,빙그레,타자,,1B,27,2,1.04,384,1,,
1989,1421,강석천,빙그레,타자,,3B,22,1,0.96,148,1,,
1989,1366,이동석,빙그레,투수,,SP,25,2,-0.55,207,1,,
1989,1269,전대영,빙그레,타자,,1B,27,1,0.96,205,1,,
1989,1358,조용호,빙그레,타자,,LF,24,1,0.36,40,1,,
1989,1491,진정필,빙그레,투수,,RP,23,1,0.24,177,1,,
1989,1172,황병일,빙그레,타자,,2B,29,2,0.08,139,1,,
1989,1425,황대연,빙그레,타자,,SS,22,1,0,221,1,,
1989,1418,지성규,빙그레,투수,,RP,20,1,-0.06,28,1,,
1989,1444,성군철,빙그레,타자,,DH,21,1,-0.18,58,1,,
1989,1326,손문곤,빙그레,투수,,RP,24,1,-0.32,17,1,,
1989,1423,이종호,빙그레,타자,,DH,22,1,-0.5,44,1,,
1989,1360,김성길,삼성,투수,,SP,33,4,7.53,701,1,,
1989,1025,이만수,삼성,타자,,C,31,5,4.19,413,1,,
1989,1009,김용철,삼성,타자,,1B,32,5,1.86,382,1,,
1989,1104,권영호,삼성,투수,,CL,35,5,1.57,260,1,,
1989,1191,최동원,삼성,투수,,SP,31,5,0.73,90,1,,
1989,1196,김성래,삼성,타자,,2B,28,5,0.15,87,1,,
1989,11467,류중일,삼성,타자,,SS,26,2,1.53,380,1,,
1989,1315,성준,삼성,투수,,SP,27,4,1.46,175,1,,
1989,1472,김상엽,삼성,투수,,RP,19,1,0.09,172,1,,
1989,1027,장태수,삼성,타자,,CF,32,4,2.69,344,1,,
1989,1252,이종두,삼성,타자,,RF,27,4,1.53,382,1,,
1989,1420,강기웅,삼성,타자,,2B,25,2,3.06,385,1,,
1989,1465,유명선,삼성,투수,,SP,24,2,2.67,512,1,,
1989,1156,박승호,삼성,타자,,DH,31,2,2.47,333,1,,
1989,1237,김용국,삼성,타자,,3B,27,2,1.55,373,1,,
1989,1272,구윤,삼성,타자,,RF,26,2,1.44,333,1,,
1989,1402,홍성연,삼성,투수,,SP,24,2,0.37,278,1,,
1989,1119,강만식,삼성,투수,,RP,32,3,-0.16,34,1,,
1989,1186,양일환,삼성,투수,,SP,28,3,-0.85,154,1,,
1989,1231,진동한,삼성,투수,,RP,28,3,-1.03,130,1,,
1989,1284,김성현,삼성,타자,,C,26,1,1.34,92,1,,
1989,1329,오명록,삼성,투수,,RP,27,2,0.9,160,1,,
1989,1323,김훈기,삼성,투수,,SP,27,3,0.81,150,1,,
1989,1398,이현택,삼성,타자,,1B,25,1,0.72,145,1,,
1989,1345,김종갑,삼성,타자,,RF,25,1,0.63,88,1,,
1989,1228,이문한,삼성,투수,,RP,28,3,0.55,171,1,,
1989,1214,정성룡,삼성,타자,,LF,25,1,0.18,108,1,,
1989,1427,최해명,삼성,타자,,DH,25,1,0.12,190,1,,
1989,1039,박정환,삼성,타자,,2B,32,2,-0.02,98,1,,
1989,1476,박용준,삼성,투수,,SP,19,1,-0.16,24,1,,
1989,1486,이주헌,삼성,투수,,RP,20,1,-0.25,18,1,,
1989,11427,나광남,삼성,타자,,LF,22,1,-0.28,30,1,,
1989,1171,홍승규,삼성,타자,,LF,29,2,-0.29,50,1,,
1989,1447,안민석,삼성,타자,,LF,23,1,-0.35,46,1,,
1989,1344,김정수,삼성,타자,,LF,26,1,-0.43,38,1,,
1989,1428,강영수,삼성,타자,,CF,24,1,-0.46,143,1,,
1989,1480,송광훈,삼성,투수,,RP,27,1,-0.47,51,1,,
1989,1312,최무영,삼성,타자,,LF,27,1,-0.52,30,1,,
1989,1417,정윤수,삼성,투수,,RP,25,1,-0.7,114,1,,
1989,1429,강종필,삼성,타자,,LF,22,1,-0.74,41,1,,
1989,1281,김동기,태평양,타자,,C,25,5,4.68,489,1,,
1989,1408,박정현,태평양,투수,,SP,20,2,8.34,728,1,,
1989,1370,최창호,태평양,투수,,SP,23,2,6.91,670,1,,
1989,1464,정명원,태평양,투수,,SP,23,2,2.05,418,1,,
1989,1194,홍문종,태평양,타자,,LF,35,4,1.42,433,1,,
1989,11470,양상문,태평양,투수,,SP,28,4,3.44,485,1,,
1989,15155,김바위,태평양,타자,,3B,34,4,1.47,198,1,,
1989,1393,여태구,태평양,타자,,LF,25,2,1.32,156,1,,
1989,1463,박은진,태평양,투수,,RP,25,1,1.23,178,1,,
1989,1175,임호균,태평양,투수,,RP,33,2,0.16,45,1,,
1989,1395,원원근,태평양,타자,,SS,22,2,2.49,257,1,,
1989,1163,이광길,태평양,타자,,2B,29,2,2.38,458,1,,
1989,1164,이선웅,태평양,타자,,SS,28,3,2.22,394,1,,
1989,1037,김한근,태평양,타자,,2B,34,2,2.12,200,1,,
1989,1013,김일권,태평양,타자,,CF,33,2,1.79,437,1,,
1989,1343,김윤환,태평양,타자,,RF,32,2,0.93,314,1,,
1989,1223,김봉근,태평양,투수,,RP,28,1,-0.09,27,1,,
1989,1184,배경환,태평양,투수,,RP,33,2,-0.12,27,1,,
1989,1110,천창호,태평양,투수,,RP,35,2,-0.21,33,1,,
1989,1321,김신부,태평양,투수,,SP,26,3,-0.29,288,1,,
1989,1397,유동효,태평양,타자,,3B,24,1,1.56,240,1,,
1989,1301,이광근,태평양,타자,,LF,27,3,1.08,164,1,,
1989,1410,신완근,태평양,투수,,RP,23,2,0.56,140,1,,
1989,1385,김진규,태평양,타자,,RF,24,1,0.51,153,1,,
1989,1494,허정욱,태평양,투수,,RP,24,1,0.45,26,1,,
1989,1443,박준태,태평양,타자,,CF,22,1,0.37,62,1,,
1989,1029,정영기,태평양,타자,,2B,33,2,0.26,213,1,,
1989,1244,양후승,태평양,타자,,DH,28,1,0.06,35,1,,
1989,1377,곽권희,태평양,타자,,DH,23,1,0.05,103,1,,
1989,1455,이희성,태평양,타자,,3B,23,1,0,50,1,,
1989,1333,조병천,태평양,투수,,RP,29,2,-0.11,86,1,,
1989,1407,박상범,태평양,투수,,RP,24,1,-0.11,44,1,,
1989,1168,정진호,태평양,타자,,DH,33,2,-0.13,184,1,,
1989,1413,이상구,태평양,투수,,RP,26,1,-0.14,15,1,,
1989,1475,노민승,태평양,투수,,RP,24,1,-0.17,28,1,,
1989,1266,정은배,태평양,투수,,SP,27,2,-0.36,33,1,,
1989,1263,선동열,해태,투수,,SP,26,5,8.27,507,1,,
1989,12726,김성한,해태,타자,,1B,31,5,5.7,513,1,,
1989,1144,한대화,해태,타자,,3B,29,5,5.36,443,1,,
1989,1250,이순철,해태,타자,,CF,28,5,1.68,434,1,,
1989,13923,이강철,해태,투수,,SP,23,2,4.29,586,1,,
1989,12724,조계현,해태,투수,,SP,25,2,4.03,522,1,,
1989,1314,김정수,해태,투수,,SP,27,2,1.46,162,1,,
1989,1338,백인수,해태,타자,,2B,26,2,3.04,437,1,,
1989,1327,신동수,해태,투수,,SP,23,2,2.59,459,1,,
1989,1271,장채근,해태,타자,,C,25,4,2.02,357,1,,
1989,1042,서정환,해태,타자,,2B,34,4,1.11,153,1,,
1989,1064,김종모,해태,타자,,3B,30,5,-0.66,141,1,,
1989,1337,박철우,해태,타자,,LF,25,2,3.01,377,1,,
1989,1225,문희수,해태,투수,,SP,24,4,1.19,364,1,,
1989,1030,조충열,해태,타자,,2B,30,2,0.5,326,1,,
1989,1426,이광우,해태,투수,,RP,24,2,0.49,227,1,,
1989,1316,차동철,해태,투수,,RP,26,3,0.18,120,1,,
1989,1076,방수원,해태,투수,,RP,29,3,0.16,160,1,,
1989,1015,김준환,해태,타자,,LF,34,2,-0.05,364,1,,
1989,1365,송유석,해태,투수,,RP,23,2,-0.07,50,1,,
1989,11428,문승훈,해태,타자,,1B,23,1,0.86,117,1,,
1989,1340,조재환,해태,타자,,RF,25,1,0.45,234,1,,
1989,1448,윤재호,해태,타자,,2B,22,1,0.06,88,1,,
1989,1270,김평호,해태,타자,,CF,26,1,0.03,129,1,,
1989,1372,김성규,해태,타자,,CF,24,2,-0.22,63,1,,
1989,1422,김태완,해태,타자,,DH,23,1,-0.28,40,1,,
1989,1467,강태원,해태,투수,,RP,18,1,-0.51,68,1,,
1989,1424,장호익,해태,타자,,C,24,1,-0.62,71,1,,
1989,1300,이건열,해태,타자,,LF,26,1,-0.71,242,1,,
1990,1259,김용수,LG,투수,,SP,30,5,5.59,449,1,,
1990,1258,정삼흠,LG,투수,,CL,29,3,4.63,505,1,,
1990,1062,김재박,LG,타자,,SS,36,5,1.11,431,1,,
1990,1232,최일언,LG,투수,,SP,29,3,0.39,146,1,,
1990,1289,김태원,LG,투수,,SP,26,2,5.61,580,1,,
1990,10386,김동수,LG,타자,,C,22,2,5.06,416,1,,
1990,1247,윤덕규,LG,타자,,LF,27,4,3.65,426,1,,
1990,1024,이광은,LG,타자,,3B,35,4,2.39,393,1,,
1990,1439,노찬엽,LG,타자,,LF,25,2,2.81,380,1,,
1990,1193,김상훈,LG,타자,,1B,30,4,2.53,409,1,,
1990,14223,박흥식,LG,타자,,CF,28,3,1.27,334,1,,
1990,1107,유종겸,LG,투수,,RP,34,3,-0.21,68,1,,
1990,1319,김건우,LG,투수,,RP,27,2,-0.32,113,1,,
1990,1406,문병권,LG,투수,,SP,25,2,2.48,414,1,,
1990,1150,김동재,LG,타자,,LF,30,3,2.13,327,1,,
1990,1412,이국성,LG,투수,,SP,25,2,1.86,271,1,,
1990,1469,김기범,LG,투수,,RP,25,2,1.34,192,1,,
1990,1321,김신부,LG,투수,,SP,27,2,0.42,99,1,Y,
1990,1457,최훈재,LG,타자,,1B,23,2,0.4,44,1,,
1990,1316,차동철,LG,투수,,RP,27,2,0.06,147,1,,
1990,1021,양승관,LG,타자,,CF,31,2,0.04,41,1,,
1990,1342,김영직,LG,타자,,1B,30,1,1.33,245,1,,
1990,1414,이용철,LG,투수,,SP,24,1,0.72,98,1,,
1990,1291,민경삼,LG,타자,,2B,27,1,0.62,273,1,,
1990,1438,나웅,LG,타자,,3B,23,1,0.58,269,1,,
1990,1497,김선진,LG,타자,,1B,23,1,0.47,98,1,,
1990,1160,심재원,LG,타자,,C,37,1,0.33,99,1,,
1990,1493,한명수,LG,투수,,SP,24,2,0.01,20,1,,
1990,1548,김종철,LG,투수,,RP,22,1,-0.07,25,1,,
1990,1470,김덕근,LG,투수,,RP,26,1,-0.09,88,1,,
1990,1498,이병훈,LG,타자,,RF,23,1,-0.22,132,1,,
1990,1328,예병준,LG,투수,,RP,28,1,-0.3,34,1,,
1990,1431,김기홍,LG,타자,,1B,20,1,-0.31,54,1,,
1990,1246,유지홍,LG,타자,,1B,28,1,-0.36,44,1,,
1990,1080,신언호,LG,타자,,RF,35,1,-0.4,111,1,,
1990,1532,조필현,LG,타자,,LF,19,1,-0.68,60,1,,
1990,1105,박철순,OB,투수,,SP,34,2,0.37,288,1,,
1990,1177,장호연,OB,투수,,SP,30,5,0.26,332,1,,
1990,1203,김광림,OB,타자,,CF,29,4,-0.7,216,1,,
1990,1380,김상호,OB,타자,,RF,25,3,3.97,466,1,,
1990,1450,이명수,OB,타자,,SS,24,2,0.62,284,1,,
1990,1227,윤석환,OB,투수,,RP,29,3,-0.23,51,1,,
1990,1114,계형철,OB,투수,,SP,37,4,-0.43,344,1,,
1990,1239,김형석,OB,타자,,RF,28,4,3.54,483,1,,
1990,1035,김광수,OB,타자,,SS,31,3,3.26,444,1,,
1990,1001,구천서,OB,타자,,SS,27,2,1.36,89,1,,
1990,1019,신경식,OB,타자,,1B,29,4,1.26,428,1,,
1990,1292,박노준,OB,타자,,LF,28,3,0.98,379,1,,
1990,12962,김진욱,OB,투수,,SP,30,5,-1.12,235,1,,
1990,1468,구동우,OB,투수,,SP,24,2,2.71,465,1,,
1990,1325,박형열,OB,투수,,RP,23,2,0.83,228,1,,
1990,1390,송재박,OB,타자,,2B,34,3,0.77,130,1,,
1990,1471,김동현,OB,투수,,RP,24,2,0.65,376,1,,
1990,1020,양세종,OB,타자,,2B,32,2,0.03,66,1,,
1990,1524,임형석,OB,타자,,3B,22,1,1.39,188,1,,
1990,1311,최동창,OB,타자,,LF,25,1,1.27,196,1,,
1990,1551,손병희,OB,투수,,RP,19,1,0.37,28,1,,
1990,1530,정재호,OB,타자,,C,23,1,0.36,60,1,,
1990,1466,강규성,OB,투수,,RP,21,1,0.26,151,1,,
1990,1430,곽연수,OB,타자,,LF,23,1,0.2,194,1,,
1990,1339,안대환,OB,타자,,LF,28,1,0.18,77,1,,
1990,15156,김진규,OB,투수,,RP,28,2,0.18,168,1,,
1990,1546,김보선,OB,투수,,SP,24,1,0.11,117,1,,
1990,1558,조정수,OB,투수,,RP,21,1,0.11,89,1,,
1990,1275,이복근,OB,타자,,SS,28,1,0.06,104,1,,
1990,1388,서일권,OB,타자,,DH,29,1,0.02,35,1,,
1990,1436,김종석,OB,타자,,1B,19,1,-0.04,90,1,,
1990,1495,홍길남,OB,투수,,RP,19,1,-0.06,108,1,,
1990,1349,이상훈,OB,투수,,RP,27,1,-0.09,19,1,,
1990,1543,권영구,OB,투수,,RP,19,1,-0.22,15,1,,
1990,1474,김형균,OB,투수,,RP,21,1,-0.3,31,1,,
1990,1378,길홍규,OB,타자,,DH,25,1,-0.39,67,1,,
1990,11472,김태형,OB,타자,,C,23,1,-0.6,184,1,,
1990,11476,조범현,OB,타자,,C,30,1,-0.66,119,1,,
1990,1461,이진,OB,투수,,RP,24,1,-0.83,115,1,,
1990,1528,정삼룡,OB,타자,,DH,25,1,-1.09,102,1,,
1990,1142,장효조,롯데,타자,,LF,34,5,2.33,364,1,,
1990,1173,김시진,롯데,투수,,SP,32,5,2.13,454,1,,
1990,1330,윤학길,롯데,투수,,SP,29,5,1.39,431,1,,
1990,1143,정구선,롯데,타자,,2B,34,4,0.19,176,1,,
1990,1195,김민호,롯데,타자,,1B,29,5,3.2,328,1,,
1990,1404,김응국,롯데,타자,,LF,24,2,3.02,433,1,,
1990,1539,박동희,롯데,투수,,SP,22,2,3.73,435,1,,
1990,1256,한영준,롯데,타자,,3B,28,5,3.53,444,1,,
1990,1473,김청수,롯데,투수,,SP,24,3,2.38,438,1,,
1990,1034,허규옥,롯데,타자,,CF,34,4,0.7,164,1,,
1990,1125,노상수,롯데,투수,,RP,32,2,0.34,87,1,,
1990,1022,오대석,롯데,타자,,2B,30,1,0.14,87,1,,
1990,1309,최계영,롯데,타자,,CF,27,3,2.47,383,1,,
1990,1145,한문연,롯데,타자,,C,29,2,1.67,260,1,,
1990,1478,서호진,롯데,투수,,RP,24,2,1.11,262,1,,
1990,1200,조성옥,롯데,타자,,RF,29,3,0.56,305,1,,
1990,1140,유두열,롯데,타자,,DH,34,2,0.48,136,1,,
1990,1262,박동수,롯데,투수,,SP,29,2,-0.18,197,1,,
1990,1482,윤동배,롯데,투수,,RP,24,2,-0.59,233,1,,
1990,1507,김병수,롯데,타자,,RF,26,1,1.02,191,1,,
1990,1157,박영태,롯데,타자,,2B,31,1,1.01,238,1,,
1990,1483,이상번,롯데,투수,,RP,20,1,0.77,48,1,,
1990,1306,임경택,롯데,타자,,LF,27,1,0.72,114,1,,
1990,1503,공필성,롯데,타자,,DH,23,1,0.66,215,1,,
1990,1432,김상우,롯데,타자,,LF,24,1,0.48,79,1,,
1990,1409,서정용,롯데,투수,,RP,21,3,0.3,66,1,,
1990,1220,안창완,롯데,투수,,RP,29,2,0.27,93,1,,
1990,1364,김종석,롯데,투수,,RP,26,1,0.13,53,1,,
1990,1460,현남수,롯데,타자,,1B,25,2,0.08,57,1,,
1990,1229,전용권,롯데,투수,,RP,29,1,0.01,146,1,,
1990,1544,김도형,롯데,투수,,RP,23,1,-0.06,69,1,,
1990,1433,김선일,롯데,타자,,C,25,1,-0.07,126,1,,
1990,1008,김용운,롯데,타자,,C,35,2,-0.08,30,1,,
1990,1413,이상구,롯데,투수,,RP,27,1,-0.1,53,1,,
1990,1351,이재성,롯데,타자,,2B,28,1,-0.13,38,1,,
1990,1386,박상국,롯데,타자,,1B,30,2,-0.24,35,1,,
1990,1368,장태수,롯데,투수,,RP,26,1,-0.24,26,1,,
1990,1542,강민기,롯데,투수,,RP,20,1,-0.32,43,1,,
1990,1376,고정식,롯데,타자,,C,25,1,-0.38,52,1,,
1990,1063,김재상,롯데,타자,,LF,31,1,-0.47,63,1,,
1990,1516,손길호,롯데,타자,,1B,23,1,-1.21,148,1,,
1990,1354,장종훈,빙그레,타자,,SS,22,4,6.29,496,1,,
1990,10597,송진우,빙그레,투수,,CL,24,3,5.78,385,1,,
1990,1352,이정훈,빙그레,타자,,RF,27,4,2.97,459,1,,
1990,12994,이상군,빙그레,투수,,SP,28,5,2.19,259,1,,
1990,1336,한희민,빙그레,투수,,SP,28,5,1.86,471,1,,
1990,13282,한용덕,빙그레,투수,,SP,25,3,5.45,513,1,,
1990,1299,이강돈,빙그레,타자,,LF,29,5,4.4,496,1,,
1990,1083,유승안,빙그레,타자,,C,34,5,3.36,340,1,,
1990,1282,김상국,빙그레,타자,,C,27,3,3.74,372,1,,
1990,1415,장정순,빙그레,투수,,RP,26,2,2.49,177,1,,
1990,1278,고원부,빙그레,타자,,RF,28,5,1.03,334,1,,
1990,1421,강석천,빙그레,타자,,3B,23,2,3.82,429,1,,
1990,1401,김홍명,빙그레,투수,,SP,28,2,1.96,336,1,,
1990,1363,김대중,빙그레,투수,,SP,27,3,1.92,438,1,,
1990,1353,이중화,빙그레,타자,,CF,26,2,0.45,316,1,,
1990,1276,강정길,빙그레,타자,,1B,28,2,0.36,339,1,,
1990,1159,송일섭,빙그레,타자,,2B,31,2,0.23,166,1,,
1990,1462,김락기,빙그레,투수,,SP,24,2,0.12,331,1,,
1990,1366,이동석,빙그레,투수,,RP,26,1,0.83,130,1,,
1990,1269,전대영,빙그레,타자,,2B,28,2,0.81,67,1,,
1990,1491,진정필,빙그레,투수,,RP,24,1,0.5,96,1,,
1990,1235,김성갑,빙그레,타자,,3B,28,2,0.2,260,1,,
1990,1425,황대연,빙그레,타자,,3B,23,1,0.12,120,1,,
1990,1534,진상봉,빙그레,타자,,CF,25,1,0.05,45,1,,
1990,1423,이종호,빙그레,타자,,DH,23,1,0.01,47,1,,
1990,1373,조양근,빙그레,타자,,2B,26,2,-0.03,165,1,,
1990,1556,이효봉,빙그레,투수,,RP,27,1,-0.18,32,1,,
1990,1533,지화동,빙그레,타자,,SS,23,1,-0.25,35,1,,
1990,1172,황병일,빙그레,타자,,CF,30,1,-0.93,80,1,,
1990,1025,이만수,삼성,타자,,C,32,5,4.61,421,1,,
1990,1360,김성길,삼성,투수,,SP,34,5,2.87,499,1,,
1990,1009,김용철,삼성,타자,,1B,33,4,0.74,294,1,,
1990,1196,김성래,삼성,타자,,2B,29,5,0.53,164,1,,
1990,1191,최동원,삼성,투수,,SP,32,5,-0.03,276,1,,
1990,11467,류중일,삼성,타자,,SS,27,2,6.45,503,1,,
1990,1472,김상엽,삼성,투수,,CL,20,2,4.29,481,1,,
1990,1315,성준,삼성,투수,,RP,28,4,1.35,108,1,,
1990,1252,이종두,삼성,타자,,RF,28,3,3.07,323,1,,
1990,1420,강기웅,삼성,타자,,2B,26,3,3.07,438,1,,
1990,1027,장태수,삼성,타자,,LF,33,5,0.83,295,1,,
1990,1156,박승호,삼성,타자,,DH,32,4,3.56,456,1,,
1990,1540,이태일,삼성,투수,,SP,23,2,2.44,339,1,,
1990,1398,이현택,삼성,타자,,1B,26,2,1.59,318,1,,
1990,1465,유명선,삼성,투수,,SP,25,2,1.49,441,1,,
1990,1417,정윤수,삼성,투수,,RP,26,2,1.29,387,1,,
1990,1237,김용국,삼성,타자,,3B,28,2,0.67,278,1,,
1990,1553,이상목,삼성,투수,,RP,19,1,0.02,69,1,,
1990,1428,강영수,삼성,타자,,CF,25,1,1.43,223,1,,
1990,1171,홍승규,삼성,타자,,LF,30,1,0.95,265,1,,
1990,1228,이문한,삼성,투수,,RP,29,2,0.73,156,1,,
1990,1402,홍성연,삼성,투수,,RP,25,1,0.59,182,1,,
1990,1427,최해명,삼성,타자,,DH,26,1,0.43,140,1,,
1990,1214,정성룡,삼성,타자,,LF,26,1,0.35,74,1,,
1990,1345,김종갑,삼성,타자,,RF,26,2,0.18,92,1,,
1990,1039,박정환,삼성,타자,,2B,33,1,0.03,150,1,,
1990,1476,박용준,삼성,투수,,RP,20,1,0.01,65,1,,
1990,1329,오명록,삼성,투수,,RP,28,2,-0.11,60,1,,
1990,11427,나광남,삼성,타자,,LF,23,1,-0.15,59,1,,
1990,1560,최현준,삼성,투수,,RP,23,1,-0.15,39,1,,
1990,1480,송광훈,삼성,투수,,SP,28,1,-0.36,47,1,,
1990,1554,이상훈,삼성,투수,,SP,19,1,-0.44,48,1,,
1990,1408,박정현,태평양,투수,,SP,21,3,5.25,575,1,,
1990,1281,김동기,태평양,타자,,C,26,5,3.64,394,1,,
1990,1370,최창호,태평양,투수,,SP,24,3,3.36,590,1,,
1990,1464,정명원,태평양,투수,,RP,24,2,-0.67,82,1,,
1990,1463,박은진,태평양,투수,,RP,26,2,3.75,306,1,,
1990,1194,홍문종,태평양,타자,,CF,36,4,0.91,219,1,,
1990,1393,여태구,태평양,타자,,LF,26,2,2.68,293,1,,
1990,11470,양상문,태평양,투수,,SP,29,5,2.66,487,1,,
1990,15155,김바위,태평양,타자,,1B,35,3,-0.26,46,1,,
1990,1174,오영일,태평양,투수,,RP,30,2,-0.38,26,1,,
1990,1108,이길환,태평양,투수,,RP,31,2,-0.44,68,1,,
1990,1505,김경기,태평양,타자,,1B,22,2,2.16,476,1,,
1990,1333,조병천,태평양,투수,,SP,30,2,1.43,298,1,,
1990,1164,이선웅,태평양,타자,,SS,29,4,1.35,474,1,,
1990,1037,김한근,태평양,타자,,2B,35,3,1.29,217,1,,
1990,1343,김윤환,태평양,타자,,CF,33,2,1.08,391,1,,
1990,1494,허정욱,태평양,투수,,RP,25,2,0.77,197,1,,
1990,1013,김일권,태평양,타자,,CF,34,4,0.55,376,1,,
1990,1175,임호균,태평양,투수,,RP,34,2,0.04,47,1,,
1990,1395,원원근,태평양,타자,,SS,23,3,-0.26,140,1,,
1990,1435,김인호,태평양,타자,,2B,23,1,1.77,290,1,,
1990,1301,이광근,태평양,타자,,LF,28,3,1.51,189,1,,
1990,1455,이희성,태평양,타자,,3B,24,1,0.78,121,1,,
1990,1545,김력,태평양,투수,,RP,22,1,0.75,42,1,,
1990,1168,정진호,태평양,타자,,DH,34,1,0.53,122,1,,
1990,1184,배경환,태평양,투수,,RP,34,1,0.32,46,1,,
1990,1475,노민승,태평양,투수,,RP,25,1,0.26,33,1,,
1990,11469,김경문,태평양,타자,,C,32,2,0.23,99,1,,
1990,1557,조영상,태평양,투수,,SP,20,1,0.01,44,1,,
1990,1407,박상범,태평양,투수,,RP,25,1,0,116,1,,
1990,1488,정명진,태평양,투수,,RP,29,1,-0.04,167,1,,
1990,1451,이상대,태평양,타자,,RF,23,1,-0.06,48,1,,
1990,1266,정은배,태평양,투수,,RP,28,1,-0.1,23,1,,
1990,1377,곽권희,태평양,타자,,DH,24,1,-0.17,43,1,,
1990,1410,신완근,태평양,투수,,RP,24,2,-0.24,91,1,,
1990,1385,김진규,태평양,타자,,RF,25,2,-0.26,153,1,,
1990,1163,이광길,태평양,타자,,2B,30,3,-0.28,114,1,,
1990,1520,윤성훈,태평양,타자,,1B,24,1,-0.71,105,1,,
1990,1029,정영기,태평양,타자,,2B,34,2,-0.91,181,1,,
1990,1263,선동열,해태,투수,,SP,27,5,9.5,571,1,,
1990,1144,한대화,해태,타자,,3B,30,5,6.33,500,1,,
1990,13923,이강철,해태,투수,,SP,24,3,5.78,662,1,,
1990,12724,조계현,해태,투수,,SP,26,2,4.12,535,1,,
1990,12726,김성한,해태,타자,,1B,32,5,2.38,385,1,,
1990,1250,이순철,해태,타자,,CF,29,5,1.23,455,1,,
1990,1314,김정수,해태,투수,,SP,28,3,2.06,313,1,,
1990,1499,홍현우,해태,타자,,2B,18,1,-0.31,86,1,,
1990,1338,백인수,해태,타자,,2B,27,4,3.6,402,1,,
1990,1500,이호성,해태,타자,,LF,23,2,3.2,372,1,,
1990,1064,김종모,해태,타자,,3B,31,4,2.17,442,1,,
1990,1337,박철우,해태,타자,,LF,26,3,2.04,419,1,,
1990,1327,신동수,해태,투수,,SP,24,4,2.02,429,1,,
1990,1271,장채근,해태,타자,,C,26,3,0.77,218,1,,
1990,1365,송유석,해태,투수,,RP,24,2,1.6,294,1,,
1990,1448,윤재호,해태,타자,,SS,23,2,1.12,380,1,,
1990,1225,문희수,해태,투수,,RP,25,3,0.57,54,1,,
1990,10743,최향남,해태,투수,,RP,19,1,-0.25,16,1,,
1990,1496,정회열,해태,타자,,C,22,1,1.06,226,1,,
1990,1372,김성규,해태,타자,,CF,25,1,0.59,237,1,,
1990,11428,문승훈,해태,타자,,1B,24,2,0.22,34,1,,
1990,1541,강대성,해태,투수,,RP,19,1,0.1,33,1,,
1990,1426,이광우,해태,투수,,RP,25,1,-0.27,169,1,,
1990,1422,김태완,해태,타자,,DH,24,1,-0.41,71,1,,
1990,1467,강태원,해태,투수,,RP,19,1,-0.64,107,1,,
1990,1300,이건열,해태,타자,,LF,27,1,-0.78,213,1,,
1990,1030,조충열,해태,타자,,2B,31,1,-0.82,90,1,,
1991,1259,김용수,LG,투수,,SP,31,5,4.33,570,1,,
1991,1062,김재박,LG,타자,,SS,37,5,2.43,292,1,,
1991,1258,정삼흠,LG,투수,,SP,30,5,1.46,542,1,,
1991,10386,김동수,LG,타자,,C,23,4,0.82,294,1,,
1991,1247,윤덕규,LG,타자,,RF,28,5,3.93,437,1,,
1991,1024,이광은,LG,타자,,3B,36,5,1.2,378,1,,
1991,1289,김태원,LG,투수,,SP,27,4,0.72,407,1,,5→4
1991,1439,노찬엽,LG,타자,,LF,26,3,5.29,476,1,,
1991,1469,김기범,LG,투수,,SP,26,2,3.37,494,1,,
1991,1193,김상훈,LG,타자,,1B,31,4,0.06,396,1,,
1991,1319,김건우,LG,투수,,SP,28,2,-0.16,15,1,,
1991,14223,박흥식,LG,타자,,CF,29,3,-0.32,54,1,,
1991,1457,최훈재,LG,타자,,1B,24,2,0.93,227,1,,
1991,1150,김동재,LG,타자,,LF,31,4,0.26,244,1,,
1991,1589,송구홍,LG,타자,,3B,23,1,0.16,193,1,,
1991,1406,문병권,LG,투수,,SP,26,3,-0.11,393,1,,
1991,1013,김일권,LG,타자,,CF,35,3,-1.12,155,1,,2→3
1991,1414,이용철,LG,투수,,RP,25,2,-1.13,245,1,,
1991,1342,김영직,LG,타자,,1B,31,2,1.18,236,1,,
1991,1470,김덕근,LG,투수,,RP,27,1,0.7,126,1,,
1991,1291,민경삼,LG,타자,,2B,28,2,0.66,179,1,,
1991,1497,김선진,LG,타자,,1B,24,2,0.48,287,1,,
1991,1631,배현우,LG,투수,,RP,21,1,0.27,23,1,,
1991,1642,전태건,LG,투수,,RP,20,1,0.26,39,1,,
1991,1498,이병훈,LG,타자,,RF,24,1,0.24,104,1,,
1991,1640,이승배,LG,투수,,SP,23,1,0.14,27,1,,
1991,1637,이병석,LG,투수,,RP,20,1,0.13,67,1,,
1991,1536,최달호,LG,타자,,C,22,1,0.07,57,1,,
1991,1632,서왕권,LG,투수,,RP,23,1,0.06,18,1,,
1991,1618,김기덕,LG,투수,,RP,23,1,-0.04,23,1,,
1991,1532,조필현,LG,타자,,LF,20,1,-0.05,144,1,,
1991,1438,나웅,LG,타자,,3B,24,2,-0.07,83,1,,
1991,1548,김종철,LG,투수,,RP,23,1,-0.07,26,1,,
1991,1635,오종우,LG,투수,,RP,22,1,-0.07,45,1,,
1991,1594,이우수,LG,타자,,SS,19,1,-0.1,83,1,,
1991,1293,서효인,LG,타자,,CF,29,2,-0.24,52,1,,
1991,1570,강진규,LG,타자,,C,23,1,-0.39,40,1,,
1991,1412,이국성,LG,투수,,RP,26,3,-0.41,165,1,,
1991,1625,김성식,LG,투수,,RP,16,1,-0.75,123,1,,
1991,1508,김성일,LG,타자,,LF,24,1,-0.83,136,1,,
1991,1203,김광림,OB,타자,,CF,30,3,4.16,413,1,,
1991,1177,장호연,OB,투수,,SP,31,4,3.4,298,1,,
1991,1624,김상진,OB,투수,,SP,21,2,1.87,455,1,,
1991,1105,박철순,OB,투수,,SP,35,2,1.48,308,1,,
1991,1450,이명수,OB,타자,,SS,25,2,0.47,117,1,,
1991,1380,김상호,OB,타자,,RF,26,4,-0.29,358,1,,
1991,1114,계형철,OB,투수,,SP,38,2,-0.55,129,1,,
1991,1239,김형석,OB,타자,,RF,29,5,3.18,531,1,,
1991,1292,박노준,OB,타자,,LF,29,3,2.87,470,1,,
1991,1001,구천서,OB,타자,,2B,28,3,0.03,182,1,,
1991,12962,김진욱,OB,투수,,SP,31,3,-0.21,106,1,,
1991,1035,김광수,OB,타자,,SS,32,5,-0.64,509,1,,
1991,1428,강영수,OB,타자,,LF,26,2,2.55,361,1,,
1991,1471,김동현,OB,투수,,SP,25,2,2.26,464,1,,
1991,15156,김진규,OB,투수,,SP,29,2,1.71,443,1,,
1991,1524,임형석,OB,타자,,3B,23,2,0.58,383,1,,
1991,1468,구동우,OB,투수,,SP,25,3,-0.58,269,1,,
1991,1436,김종석,OB,타자,,1B,20,1,1.38,184,1,,
1991,1613,강병규,OB,투수,,RP,19,1,1.33,182,1,,
1991,1551,손병희,OB,투수,,RP,20,2,0.97,146,1,,
1991,1311,최동창,OB,타자,,LF,26,2,0.85,238,1,,
1991,1339,안대환,OB,타자,,LF,29,1,0.83,80,1,,
1991,1474,김형균,OB,투수,,RP,22,1,0.62,70,1,,
1991,11472,김태형,OB,타자,,C,24,1,0.54,221,1,,
1991,1347,박현영,OB,타자,,C,23,1,0.47,117,1,,
1991,1378,길홍규,OB,타자,,DH,26,1,0.31,70,1,,
1991,1325,박형열,OB,투수,,RP,24,2,0.31,79,1,,
1991,1501,강형석,OB,타자,,LF,23,1,0.14,44,1,,
1991,1558,조정수,OB,투수,,RP,22,1,0.12,21,1,,
1991,1605,최재룡,OB,타자,,DH,27,1,0.09,38,1,,
1991,1349,이상훈,OB,투수,,RP,28,1,0.08,116,1,,
1991,1595,이종민,OB,타자,,SS,19,1,0.06,122,1,,
1991,1430,곽연수,OB,타자,,LF,24,1,0.02,136,1,,
1991,1616,권영일,OB,투수,,SP,23,1,-0.04,55,1,,
1991,1388,서일권,OB,타자,,DH,30,1,-0.2,57,1,,
1991,1546,김보선,OB,투수,,RP,25,1,-0.23,30,1,,
1991,1419,하창우,OB,투수,,RP,22,1,-0.32,32,1,,
1991,1627,김익재,OB,투수,,RP,23,1,-0.39,99,1,,
1991,1495,홍길남,OB,투수,,RP,20,1,-0.48,69,1,,
1991,11469,김경문,OB,타자,,C,33,2,-0.79,120,1,,
1991,1142,장효조,롯데,타자,,LF,35,5,6.19,424,1,,
1991,1330,윤학길,롯데,투수,,SP,30,5,5.19,615,1,,
1991,1173,김시진,롯데,투수,,SP,33,4,-0.13,166,1,,
1991,1539,박동희,롯데,투수,,SP,23,2,5.77,569,1,,
1991,1404,김응국,롯데,타자,,LF,25,3,4.83,504,1,,
1991,1195,김민호,롯데,타자,,1B,30,5,4.79,419,1,,
1991,1561,박정태,롯데,타자,,2B,22,2,4.16,528,1,,
1991,10418,전준호,롯데,타자,,CF,22,2,3.29,451,1,,
1991,1473,김청수,롯데,투수,,SP,25,3,3.31,500,1,,
1991,1256,한영준,롯데,타자,,3B,29,5,0.82,171,1,,
1991,1610,김태형,롯데,투수,,SP,19,2,3.86,422,1,,
1991,1364,김종석,롯데,투수,,SP,27,2,1.35,194,1,,
1991,1022,오대석,롯데,타자,,2B,31,2,1.34,333,1,,
1991,1145,한문연,롯데,타자,,C,30,3,1.29,172,1,,
1991,1140,유두열,롯데,타자,,DH,35,2,0.82,256,1,,
1991,1262,박동수,롯데,투수,,RP,30,2,0.32,207,1,,
1991,1309,최계영,롯데,타자,,LF,28,4,0.18,170,1,,
1991,11473,이종운,롯데,타자,,RF,25,1,0.84,258,1,,
1991,1503,공필성,롯데,타자,,DH,24,2,0.51,190,1,,
1991,1200,조성옥,롯데,타자,,RF,30,2,0.47,71,1,,
1991,1157,박영태,롯데,타자,,2B,32,2,0.14,127,1,,
1991,1220,안창완,롯데,투수,,RP,30,2,0.1,33,1,,
1991,1409,서정용,롯데,투수,,RP,22,2,0.05,124,1,,
1991,1516,손길호,롯데,타자,,1B,24,1,0.01,46,1,,
1991,1229,전용권,롯데,투수,,RP,30,1,-0.01,18,1,,
1991,1511,김종헌,롯데,타자,,LF,25,1,-0.02,42,1,,
1991,1544,김도형,롯데,투수,,RP,24,1,-0.04,30,1,,
1991,1568,안명호,롯데,타자,,C,20,1,-0.09,70,1,,
1991,1386,박상국,롯데,타자,,1B,31,2,-0.11,43,1,,
1991,1346,박태호,롯데,타자,,SS,28,2,-0.12,36,1,,
1991,1433,김선일,롯데,타자,,C,26,1,-0.12,275,1,,
1991,1507,김병수,롯데,타자,,RF,27,2,-0.23,41,1,,
1991,1518,유충돌,롯데,타자,,DH,24,1,-0.23,44,1,,
1991,1628,김태석,롯데,투수,,RP,24,1,-0.25,154,1,,
1991,1482,윤동배,롯데,투수,,RP,25,1,-0.4,121,1,,
1991,1478,서호진,롯데,투수,,RP,25,3,-0.41,71,1,,
1991,1522,이동채,롯데,타자,,1B,20,1,-0.42,64,1,,
1991,1413,이상구,롯데,투수,,RP,28,1,-0.56,97,1,,
1991,13282,한용덕,빙그레,투수,,SP,26,5,7.56,605,1,,
1991,1354,장종훈,빙그레,타자,,1B,23,5,7.23,558,1,,
1991,1352,이정훈,빙그레,타자,,RF,28,5,5.99,433,1,,
1991,10597,송진우,빙그레,투수,,SP,25,5,5.38,553,1,,
1991,1336,한희민,빙그레,투수,,SP,29,5,2.25,345,1,,
1991,12994,이상군,빙그레,투수,,SP,29,5,0.02,113,1,,
1991,1299,이강돈,빙그레,타자,,LF,30,5,1.76,437,1,,
1991,1083,유승안,빙그레,타자,,C,35,5,-0.36,100,1,,
1991,1282,김상국,빙그레,타자,,C,28,4,3.54,352,1,,
1991,1415,장정순,빙그레,투수,,SP,27,4,2.8,384,1,,
1991,1421,강석천,빙그레,타자,,3B,24,3,1.87,523,1,,
1991,1278,고원부,빙그레,타자,,RF,29,4,-0.35,93,1,,3→4
1991,1609,김인권,빙그레,투수,,SP,23,2,3.31,430,1,,
1991,1276,강정길,빙그레,타자,,1B,29,2,2.68,338,1,,
1991,1425,황대연,빙그레,타자,,3B,24,2,2.56,380,1,,
1991,1353,이중화,빙그레,타자,,CF,27,2,2.38,351,1,,
1991,1363,김대중,빙그레,투수,,SP,28,4,1.69,315,1,,
1991,1491,진정필,빙그레,투수,,RP,25,2,1.1,251,1,,
1991,1269,전대영,빙그레,타자,,2B,29,2,2.22,264,1,,
1991,1366,이동석,빙그레,투수,,RP,27,2,1.53,177,1,,
1991,1565,임성우,빙그레,타자,,LF,23,1,0.21,36,1,,
1991,1484,이은승,빙그레,투수,,RP,20,1,0.15,26,1,,
1991,1563,양용모,빙그레,타자,,C,24,1,0.02,88,1,,
1991,1534,진상봉,빙그레,타자,,CF,26,1,0,110,1,,
1991,1566,임주택,빙그레,타자,,LF,23,1,0,175,1,,
1991,1373,조양근,빙그레,타자,,2B,27,2,-0.12,235,1,,
1991,1620,김기열,빙그레,투수,,RP,23,1,-0.29,16,1,,
1991,1562,김석연,빙그레,타자,,LF,23,1,-0.33,53,1,,
1991,1401,김홍명,빙그레,투수,,RP,29,3,-0.35,166,1,,
1991,1444,성군철,빙그레,타자,,DH,23,1,-0.48,34,1,,
1991,1423,이종호,빙그레,타자,,DH,24,1,-0.63,160,1,,
1991,1533,지화동,빙그레,타자,,SS,24,1,-1.05,79,1,,
1991,1025,이만수,삼성,타자,,C,33,5,6.19,446,1,,
1991,1360,김성길,삼성,투수,,CL,35,5,5.16,564,1,,
1991,1232,최일언,삼성,투수,,RP,30,4,0.93,290,1,,
1991,1009,김용철,삼성,타자,,DH,34,4,0.72,307,1,,
1991,1472,김상엽,삼성,투수,,SP,21,3,0.57,298,1,,
1991,1196,김성래,삼성,타자,,2B,30,5,0.06,68,1,,
1991,1315,성준,삼성,투수,,SP,29,3,3.59,446,1,,
1991,11467,류중일,삼성,타자,,SS,28,4,2.86,393,1,,5→4
1991,1227,윤석환,삼성,투수,,RP,30,2,-0.11,87,1,,
1991,1019,신경식,삼성,타자,,1B,30,3,2.55,527,1,,
1991,1420,강기웅,삼성,타자,,2B,27,4,2.33,260,1,,
1991,1540,이태일,삼성,투수,,SP,24,2,1.44,378,1,,
1991,1252,이종두,삼성,타자,,RF,29,4,1.37,89,1,,
1991,1027,장태수,삼성,타자,,LF,34,4,1.21,219,1,,
1991,1034,허규옥,삼성,타자,,CF,35,3,0.89,354,1,,
1991,1237,김용국,삼성,타자,,3B,29,2,3.55,468,1,,
1991,1465,유명선,삼성,투수,,SP,26,2,3.41,382,1,,
1991,1156,박승호,삼성,타자,,DH,33,5,1.51,370,1,,
1991,1476,박용준,삼성,투수,,SP,21,2,0.79,287,1,,
1991,1417,정윤수,삼성,투수,,RP,27,2,0.51,242,1,,
1991,1214,정성룡,삼성,타자,,LF,27,2,1.78,157,1,,
1991,1429,강종필,삼성,타자,,LF,24,1,1.21,301,1,,
1991,1633,손영철,삼성,투수,,RP,19,1,0.78,42,1,,
1991,1560,최현준,삼성,투수,,RP,24,1,0.75,36,1,,
1991,1527,정경훈,삼성,타자,,SS,19,1,0.71,237,1,,
1991,1567,윤용하,삼성,타자,,RF,23,1,0.62,118,1,,
1991,11476,조범현,삼성,타자,,C,31,1,0.37,66,1,,
1991,1345,김종갑,삼성,타자,,RF,27,2,0.35,54,1,,
1991,1398,이현택,삼성,타자,,1B,27,3,0.22,80,1,,
1991,1039,박정환,삼성,타자,,2B,34,2,0.13,111,1,,
1991,1427,최해명,삼성,타자,,DH,27,2,0.12,111,1,,
1991,1163,이광길,삼성,타자,,2B,31,2,0.04,45,1,,
1991,1554,이상훈,삼성,투수,,RP,20,1,-0.09,128,1,,
1991,1228,이문한,삼성,투수,,RP,30,2,-0.11,57,1,,
1991,1402,홍성연,삼성,투수,,RP,26,2,-0.15,40,1,,
1991,1344,김정수,삼성,타자,,LF,28,1,-0.45,31,1,,
1991,1608,조규제,쌍방울,투수,,CL,24,2,6.88,427,1,,
1991,11474,김기태,쌍방울,타자,,1B,22,2,3.16,508,1,,
1991,14890,김원형,쌍방울,투수,,SP,19,2,1.58,409,1,,
1991,1581,김호,쌍방울,타자,,SS,24,2,3.04,517,1,,
1991,1358,조용호,쌍방울,타자,,LF,26,2,2.45,406,1,,
1991,1592,윤혁,쌍방울,타자,,CF,24,2,1.95,413,1,,
1991,1612,강길용,쌍방울,투수,,SP,23,2,1.93,504,1,,
1991,1629,박성기,쌍방울,투수,,SP,22,2,1.86,449,1,,
1991,1155,김호근,쌍방울,타자,,C,31,2,1.73,375,1,,
1991,1251,이승희,쌍방울,타자,,3B,32,2,1.5,336,1,,
1991,1231,진동한,쌍방울,투수,,SP,30,3,1.02,334,1,,
1991,1270,김평호,쌍방울,타자,,CF,28,2,0.94,404,1,,
1991,1630,박진석,쌍방울,투수,,SP,23,2,0.54,326,1,,
1991,1619,김기덕,쌍방울,투수,,RP,23,1,0.41,100,1,,
1991,1223,김봉근,쌍방울,투수,,RP,30,2,-0.1,46,1,,
1991,1485,이재홍,쌍방울,투수,,SP,28,2,-0.13,237,1,,
1991,1590,송인호,쌍방울,타자,,2B,23,1,1.13,145,1,,
1991,1341,김만후,쌍방울,타자,,3B,27,1,0.66,295,1,,
1991,1572,공봉구,쌍방울,타자,,C,24,1,0.6,123,1,,
1991,1305,이창원,쌍방울,타자,,LF,28,1,0.48,200,1,,
1991,1615,구대진,쌍방울,투수,,RP,24,1,0.44,38,1,,
1991,12713,전종화,쌍방울,타자,,C,26,1,0.36,77,1,,
1991,1621,김기완,쌍방울,투수,,RP,25,1,0.36,56,1,,
1991,1244,양후승,쌍방울,타자,,DH,30,1,0.34,91,1,,
1991,11436,박기택,쌍방울,타자,,LF,23,1,0.29,72,1,,
1991,1451,이상대,쌍방울,타자,,RF,24,1,0.28,188,1,,
1991,11440,박종철,쌍방울,투수,,RP,20,1,0.16,118,1,,
1991,1389,서창기,쌍방울,타자,,CF,26,1,0.12,264,1,,
1991,1622,김동수,쌍방울,투수,,RP,23,1,0.03,93,1,,
1991,1350,이연수,쌍방울,타자,,RF,28,1,-0.01,34,1,,
1991,1601,정학원,쌍방울,타자,,DH,23,1,-0.3,88,1,,
1991,1645,최한림,쌍방울,투수,,SP,20,1,-0.33,41,1,,
1991,1397,유동효,쌍방울,타자,,3B,26,2,-0.34,170,1,,
1991,1326,손문곤,쌍방울,투수,,RP,26,1,-0.91,98,1,,
1991,1370,최창호,태평양,투수,,SP,25,4,5.98,700,1,,
1991,1464,정명원,태평양,투수,,RP,25,2,3.97,396,1,,
1991,1408,박정현,태평양,투수,,SP,22,4,2.83,552,1,,
1991,1281,김동기,태평양,타자,,C,27,5,2.13,333,1,,
1991,1505,김경기,태평양,타자,,1B,23,2,2.58,431,1,,
1991,1463,박은진,태평양,투수,,SP,27,3,1.18,385,1,,
1991,11470,양상문,태평양,투수,,SP,30,4,2,370,1,,
1991,1393,여태구,태평양,타자,,LF,27,4,0.76,236,1,,
1991,10158,조웅천,태평양,투수,,RP,20,1,-0.2,30,1,,
1991,1395,원원근,태평양,타자,,2B,24,2,4.49,431,1,,
1991,1385,김진규,태평양,타자,,RF,26,2,2.67,324,1,,
1991,1455,이희성,태평양,타자,,3B,25,2,2.02,467,1,,
1991,1598,정문언,태평양,타자,,DH,29,2,1.91,379,1,,
1991,1343,김윤환,태평양,타자,,CF,34,2,0.86,97,1,,
1991,1164,이선웅,태평양,타자,,DH,30,3,0.73,307,1,,
1991,1623,김민태,태평양,투수,,RP,20,2,0.15,227,1,,
1991,11468,염경엽,태평양,타자,,SS,23,2,0.03,321,1,,
1991,1390,송재박,태평양,타자,,2B,35,2,-0.06,55,1,,
1991,1435,김인호,태평양,타자,,2B,24,2,-0.59,167,1,,
1991,1437,김진한,태평양,타자,,C,27,1,1.04,197,1,,
1991,1443,박준태,태평양,타자,,CF,24,1,0.95,179,1,,
1991,1599,정영진,태평양,타자,,LF,26,1,0.31,63,1,,
1991,1602,주경업,태평양,타자,,LF,23,1,0.23,45,1,,
1991,1266,정은배,태평양,투수,,RP,29,1,0.23,77,1,,
1991,1520,윤성훈,태평양,타자,,1B,25,1,0,151,1,,
1991,11435,전일수,태평양,투수,,RP,23,1,-0.07,15,1,,
1991,1410,신완근,태평양,투수,,RP,25,1,-0.17,28,1,,
1991,1235,김성갑,태평양,타자,,3B,29,2,-0.31,250,1,,
1991,1488,정명진,태평양,투수,,RP,30,1,-0.41,34,1,,
1991,1356,정상진,태평양,타자,,1B,27,1,-0.47,190,1,,
1991,1494,허정욱,태평양,투수,,SP,26,2,-0.53,185,1,,
1991,1557,조영상,태평양,투수,,RP,21,1,-0.53,176,1,,
1991,1333,조병천,태평양,투수,,SP,31,2,-0.63,162,1,,
1991,1263,선동열,해태,투수,,SP,28,5,9.08,609,1,,
1991,1250,이순철,해태,타자,,CF,30,4,5.52,513,1,,3→4
1991,12726,김성한,해태,타자,,1B,33,5,5.06,482,1,,
1991,1144,한대화,해태,타자,,3B,31,5,4.99,398,1,,
1991,13923,이강철,해태,투수,,SP,25,4,4.66,644,1,,
1991,12724,조계현,해태,투수,,SP,27,3,3.13,391,1,,
1991,1500,이호성,해태,타자,,LF,24,3,5.8,520,1,,
1991,1499,홍현우,해태,타자,,2B,19,1,3.59,261,1,,
1991,1314,김정수,해태,투수,,SP,29,4,3.15,266,1,,
1991,1327,신동수,해태,투수,,SP,25,4,5.77,530,1,,
1991,1337,박철우,해태,타자,,DH,27,3,4.2,483,1,,
1991,1365,송유석,해태,투수,,RP,25,2,3.57,437,1,,
1991,1271,장채근,해태,타자,,C,27,3,2.29,401,1,,
1991,1338,백인수,해태,타자,,RF,28,5,-0.03,419,1,,
1991,1064,김종모,해태,타자,,3B,32,5,-0.35,170,1,,
1991,1448,윤재호,해태,타자,,SS,24,2,2.66,332,1,,
1991,1225,문희수,해태,투수,,RP,26,3,2.1,225,1,,
1991,1496,정회열,해태,타자,,C,23,2,1.24,223,1,,
1991,1626,김승남,해태,투수,,RP,19,1,0.32,85,1,,
1991,1300,이건열,해태,타자,,LF,28,1,0.14,310,1,,
1991,1513,박현수,해태,타자,,LF,19,1,-0.06,38,1,,
1991,1506,김병두,해태,타자,,DH,19,1,-0.11,76,1,,
1991,11428,문승훈,해태,타자,,1B,25,2,-0.19,31,1,,
1991,1426,이광우,해태,투수,,RP,26,1,-0.19,114,1,,
1991,1636,오희주,해태,투수,,RP,23,1,-0.2,37,1,,
1991,1372,김성규,해태,타자,,CF,26,2,-0.31,90,1,,
1991,1467,강태원,해태,투수,,RP,20,1,-0.42,51,1,,
1992,10386,김동수,LG,타자,,C,24,3,4.07,433,1,,2→3
1992,1258,정삼흠,LG,투수,,SP,31,4,2.56,541,1,,
1992,1259,김용수,LG,투수,,SP,32,5,0.24,183,1,,
1992,1289,김태원,LG,투수,,SP,28,3,3.18,532,1,,
1992,1247,윤덕규,LG,타자,,RF,29,5,0.64,190,1,,
1992,1469,김기범,LG,투수,,SP,27,4,3.57,435,1,,
1992,1193,김상훈,LG,타자,,1B,32,2,2.23,529,1,,
1992,1439,노찬엽,LG,타자,,LF,27,5,1.66,465,1,,
1992,14223,박흥식,LG,타자,,LF,30,2,-0.02,285,1,,
1992,1668,박종호,LG,타자,,SS,19,1,-0.09,81,1,,
1992,1589,송구홍,LG,타자,,3B,24,2,3.63,493,1,,
1992,1342,김영직,LG,타자,,1B,32,2,2.23,406,1,,
1992,1686,차명석,LG,투수,,RP,23,2,1.4,255,1,,
1992,1443,박준태,LG,타자,,CF,25,2,0.99,235,2,,
1992,1150,김동재,LG,타자,,LF,32,2,0.45,64,1,,
1992,1316,차동철,LG,투수,,RP,29,2,0.37,84,1,,
1992,1406,문병권,LG,투수,,SP,27,2,0.05,300,1,,
1992,1632,서왕권,LG,투수,,SP,24,2,0.03,276,1,,
1992,1618,김기덕,LG,투수,,SP,24,2,-0.39,236,1,,
1992,1498,이병훈,LG,타자,,RF,25,1,2.09,286,1,,
1992,1548,김종철,LG,투수,,RP,24,1,1.11,156,1,,
1992,1707,민원기,LG,투수,,RP,23,1,0.61,142,1,,
1992,1293,서효인,LG,타자,,CF,30,1,0.39,160,1,,
1992,1438,나웅,LG,타자,,3B,25,1,0.2,67,1,,
1992,1678,윤찬,LG,타자,,1B,25,1,0.14,61,1,,
1992,10478,이종열,LG,타자,,2B,19,1,0.09,117,1,,
1992,1497,김선진,LG,타자,,1B,25,2,0.05,119,1,,
1992,1470,김덕근,LG,투수,,RP,28,2,-0.07,60,1,,
1992,1412,이국성,LG,투수,,RP,27,2,-0.11,66,1,,
1992,1625,김성식,LG,투수,,RP,17,1,-0.23,67,1,,
1992,1431,김기홍,LG,타자,,1B,22,1,-0.3,77,1,,
1992,1414,이용철,LG,투수,,RP,26,1,-0.35,51,1,,
1992,1594,이우수,LG,타자,,SS,20,1,-0.61,156,1,,
1992,1291,민경삼,LG,타자,,2B,29,2,-0.74,270,1,,
1992,1508,김성일,LG,타자,,LF,25,1,-0.81,79,1,,
1992,1177,장호연,OB,투수,,SP,32,5,4.85,675,1,,
1992,1105,박철순,OB,투수,,RP,36,3,2.92,299,1,,
1992,1624,김상진,OB,투수,,SP,22,2,2.83,506,1,,
1992,1203,김광림,OB,타자,,CF,31,4,2.58,428,1,,
1992,1380,김상호,OB,타자,,RF,27,2,4.25,416,1,,
1992,1450,이명수,OB,타자,,2B,26,2,1.1,288,1,,
1992,1239,김형석,OB,타자,,1B,30,5,2.38,518,1,,
1992,1035,김광수,OB,타자,,SS,33,2,1.8,282,1,,
1992,1001,구천서,OB,타자,,2B,29,2,0.32,221,1,,
1992,1278,고원부,OB,타자,,RF,30,2,-0.47,178,1,,
1992,1524,임형석,OB,타자,,3B,24,2,4.05,460,1,,
1992,1428,강영수,OB,타자,,LF,27,3,2.41,435,1,,
1992,1426,이광우,OB,투수,,SP,27,2,0.89,305,1,,
1992,12962,김진욱,OB,투수,,SP,32,3,0.65,209,1,,
1992,1613,강병규,OB,투수,,RP,20,2,0.44,203,1,,
1992,1436,김종석,OB,타자,,1B,21,2,0.28,131,1,,
1992,1695,권명철,OB,투수,,RP,23,2,0.24,238,1,,
1992,1468,구동우,OB,투수,,RP,26,1,0.06,159,1,,
1992,1546,김보선,OB,투수,,RP,26,2,-0.13,221,1,,
1992,10099,안경현,OB,타자,,3B,22,1,-0.45,33,1,,
1992,1627,김익재,OB,투수,,RP,24,1,0.93,85,1,,
1992,1419,하창우,OB,투수,,RP,23,1,0.78,78,1,,
1992,1347,박현영,OB,타자,,C,24,2,0.73,174,1,,
1992,1311,최동창,OB,타자,,LF,27,2,0.64,122,1,,
1992,1378,길홍규,OB,타자,,DH,27,1,0.57,65,1,,
1992,1682,장원진,OB,타자,,LF,23,1,0.5,56,1,,
1992,1501,강형석,OB,타자,,LF,24,1,0.48,90,1,,
1992,11472,김태형,OB,타자,,C,25,1,0.47,292,1,,
1992,1471,김동현,OB,투수,,SP,26,3,0.37,74,1,,
1992,1461,이진,OB,투수,,RP,26,1,0.24,91,1,,
1992,1528,정삼룡,OB,타자,,DH,27,1,0.1,43,1,,
1992,15156,김진규,OB,투수,,RP,30,3,0.1,41,1,,
1992,1717,조중석,OB,투수,,RP,20,1,0.09,23,1,,
1992,1616,권영일,OB,투수,,RP,24,1,0.04,16,1,,
1992,1349,이상훈,OB,투수,,RP,29,1,-0.01,82,1,,
1992,1339,안대환,OB,타자,,LF,30,2,-0.08,172,1,,
1992,1705,노석기,OB,투수,,RP,21,1,-0.08,17,1,,
1992,1712,이상현,OB,투수,,RP,23,1,-0.16,39,1,,
1992,1495,홍길남,OB,투수,,RP,21,1,-0.17,17,1,,
1992,1430,곽연수,OB,타자,,LF,25,1,-0.24,195,1,,
1992,1595,이종민,OB,타자,,2B,20,1,-0.55,211,1,,
1992,1330,윤학길,롯데,투수,,SP,31,5,6.33,636,1,,
1992,1561,박정태,롯데,타자,,2B,23,3,6.14,529,1,,
1992,10418,전준호,롯데,타자,,CF,23,2,3.85,537,1,,
1992,1142,장효조,롯데,타자,,LF,36,5,1.01,242,1,,
1992,1173,김시진,롯데,투수,,SP,34,3,-0.33,31,1,,
1992,1404,김응국,롯데,타자,,LF,26,5,4.42,486,1,,
1992,1195,김민호,롯데,타자,,1B,31,5,4.19,495,1,,
1992,1539,박동희,롯데,투수,,SP,24,4,2.36,294,1,,
1992,1689,염종석,롯데,투수,,SP,19,2,7.78,614,1,,
1992,1256,한영준,롯데,타자,,3B,30,4,1.72,279,1,,
1992,1473,김청수,롯데,투수,,RP,26,4,0.4,124,1,,
1992,11473,이종운,롯데,타자,,RF,26,2,2.42,444,1,,
1992,1690,윤형배,롯데,투수,,SP,23,2,1.79,339,1,,
1992,1691,김상현,롯데,투수,,SP,24,2,1.72,340,1,,
1992,1646,박계원,롯데,타자,,SS,22,2,0.81,393,1,,
1992,1364,김종석,롯데,투수,,SP,28,2,0.76,230,1,,
1992,1610,김태형,롯데,투수,,SP,20,2,0.69,330,1,,
1992,1503,공필성,롯데,타자,,3B,25,2,0.68,320,1,,
1992,1309,최계영,롯데,타자,,LF,29,3,0.16,76,1,,
1992,10550,김민재,롯데,타자,,SS,19,1,-0.69,100,1,,
1992,1648,강성우,롯데,타자,,C,22,1,1.5,226,1,,
1992,1483,이상번,롯데,투수,,RP,22,2,1.15,125,1,,
1992,1200,조성옥,롯데,타자,,RF,31,2,0.66,286,1,,
1992,1157,박영태,롯데,타자,,2B,33,2,0.43,75,1,,
1992,1262,박동수,롯데,투수,,RP,31,1,0.41,88,1,,
1992,1376,고정식,롯데,타자,,C,27,1,0.02,32,1,,
1992,1628,김태석,롯데,투수,,RP,25,1,-0.02,78,1,,
1992,1433,김선일,롯데,타자,,C,27,1,-0.13,229,1,,
1992,10123,가득염,롯데,투수,,RP,23,1,-0.13,91,1,,
1992,1386,박상국,롯데,타자,,1B,32,1,-0.55,65,1,,
1992,1354,장종훈,빙그레,타자,,1B,24,5,7.52,556,1,,
1992,1352,이정훈,빙그레,타자,,RF,29,5,6.75,437,1,,
1992,13282,한용덕,빙그레,투수,,SP,27,5,5.58,559,1,,
1992,10597,송진우,빙그레,투수,,CL,26,5,4.85,574,1,,
1992,12994,이상군,빙그레,투수,,RP,30,3,1.83,290,1,,
1992,1336,한희민,빙그레,투수,,SP,30,4,-0.12,200,1,,
1992,10613,정민철,빙그레,투수,,SP,20,2,7.14,587,1,,
1992,1299,이강돈,빙그레,타자,,LF,31,5,4.06,454,1,,
1992,1415,장정순,빙그레,투수,,SP,28,4,3.95,466,1,,
1992,1282,김상국,빙그레,타자,,C,29,5,1.63,331,1,,
1992,1421,강석천,빙그레,타자,,3B,25,3,0.84,430,1,,
1992,1276,강정길,빙그레,타자,,1B,30,3,1,428,1,,
1992,1533,지화동,빙그레,타자,,SS,25,2,0.54,399,1,,
1992,1609,김인권,빙그레,투수,,RP,24,2,0.36,193,1,,
1992,1363,김대중,빙그레,투수,,RP,29,3,-0.07,43,1,,
1992,1563,양용모,빙그레,타자,,C,25,1,2.03,236,1,,
1992,1423,이종호,빙그레,타자,,DH,25,1,0.87,223,1,,
1992,1269,전대영,빙그레,타자,,2B,30,3,0.66,218,1,,
1992,1491,진정필,빙그레,투수,,RP,26,2,0.61,122,1,,
1992,1534,진상봉,빙그레,타자,,CF,27,1,0.53,156,1,,
1992,1657,김일혁,빙그레,타자,,LF,22,1,0.4,44,1,,
1992,1566,임주택,빙그레,타자,,LF,24,1,0.06,264,1,,
1992,1701,김재성,빙그레,투수,,RP,23,1,0.04,46,1,,
1992,1434,김용선,빙그레,타자,,2B,22,1,0,105,1,,
1992,1685,지연규,빙그레,투수,,SP,23,1,-0.01,86,1,,
1992,1444,성군철,빙그레,타자,,2B,24,1,-0.12,62,1,,
1992,1373,조양근,빙그레,타자,,SS,28,1,-0.24,202,1,,
1992,1401,김홍명,빙그레,투수,,RP,30,2,-0.32,183,1,,
1992,1353,이중화,빙그레,타자,,CF,28,3,-0.87,266,1,,
1992,1025,이만수,삼성,타자,,C,34,5,3.88,368,1,,
1992,1196,김성래,삼성,타자,,2B,31,4,2.97,266,1,,
1992,1472,김상엽,삼성,투수,,CL,22,2,2.68,432,1,,
1992,1232,최일언,삼성,투수,,RP,31,3,0.4,88,1,,
1992,1009,김용철,삼성,타자,,2B,35,3,0.34,136,1,,
1992,1360,김성길,삼성,투수,,SP,36,5,0.23,210,1,,
1992,1315,성준,삼성,투수,,SP,30,4,2.71,372,1,,
1992,11467,류중일,삼성,타자,,SS,29,5,0.95,341,1,,
1992,1540,이태일,삼성,투수,,SP,25,2,4.47,462,1,,
1992,1420,강기웅,삼성,타자,,2B,28,5,3.78,455,1,,
1992,1019,신경식,삼성,타자,,1B,31,4,0.47,469,1,,
1992,1693,김태한,삼성,투수,,RP,23,2,0,239,1,,
1992,1034,허규옥,삼성,타자,,CF,36,2,-0.11,89,1,,
1992,1252,이종두,삼성,타자,,RF,30,3,-0.25,314,1,,
1992,1027,장태수,삼성,타자,,LF,35,4,-0.28,191,1,,
1992,1651,동봉철,삼성,타자,,CF,22,2,5.47,511,1,,
1992,1694,오봉옥,삼성,투수,,RP,24,2,2.79,380,1,,
1992,1237,김용국,삼성,타자,,3B,30,4,2.04,356,1,,
1992,1156,박승호,삼성,타자,,DH,34,4,1.77,306,1,,
1992,1465,유명선,삼성,투수,,SP,27,4,1.3,277,1,,
1992,1284,김성현,삼성,타자,,C,29,2,0,171,1,,
1992,1527,정경훈,삼성,타자,,SS,20,2,3.26,312,1,,
1992,1567,윤용하,삼성,타자,,LF,24,2,1.26,143,1,,
1992,1272,구윤,삼성,타자,,CF,29,2,0.3,90,1,,
1992,1476,박용준,삼성,투수,,RP,22,2,0.2,183,1,,
1992,1708,박철수,삼성,투수,,RP,23,1,0.18,30,1,,
1992,1214,정성룡,삼성,타자,,LF,28,3,-0.1,119,1,,
1992,1305,이창원,삼성,타자,,LF,29,2,-0.23,77,1,,
1992,1417,정윤수,삼성,투수,,RP,28,2,-0.24,32,1,,
1992,1554,이상훈,삼성,투수,,RP,21,1,-0.48,73,1,,
1992,1633,손영철,삼성,투수,,RP,20,2,-0.48,191,1,,
1992,1039,박정환,삼성,타자,,3B,35,2,-0.55,63,1,,
1992,11474,김기태,쌍방울,타자,,1B,23,2,5.87,525,1,,
1992,1608,조규제,쌍방울,투수,,RP,25,4,1.26,162,1,,
1992,14890,김원형,쌍방울,투수,,SP,20,2,3.65,415,1,,
1992,1581,김호,쌍방울,타자,,SS,25,2,1.46,484,1,,
1992,1619,김기덕,쌍방울,투수,,RP,24,1,0.46,133,1,,
1992,10080,박경완,쌍방울,타자,,C,20,1,-0.13,55,1,,
1992,1629,박성기,쌍방울,투수,,SP,23,2,2.6,457,1,,
1992,1251,이승희,쌍방울,타자,,3B,33,2,2.4,311,1,,
1992,1612,강길용,쌍방울,투수,,SP,24,2,1.28,411,1,,
1992,1645,최한림,쌍방울,투수,,SP,21,2,1.22,322,1,,
1992,1698,김석기,쌍방울,투수,,RP,25,2,1.08,307,1,,
1992,1451,이상대,쌍방울,타자,,RF,25,2,0.85,355,1,,
1992,1485,이재홍,쌍방울,투수,,RP,29,2,0.71,345,1,,
1992,1358,조용호,쌍방울,타자,,LF,27,2,0.64,334,1,,
1992,1350,이연수,쌍방울,타자,,RF,29,2,0.4,326,1,,
1992,1231,진동한,쌍방울,투수,,RP,31,2,-0.33,148,1,,
1992,1630,박진석,쌍방울,투수,,SP,24,2,-0.4,224,1,,
1992,1155,김호근,쌍방울,타자,,C,32,2,1.28,228,1,,
1992,1590,송인호,쌍방울,타자,,2B,24,2,0.96,264,1,,
1992,12713,전종화,쌍방울,타자,,C,27,1,0.89,215,1,,
1992,1715,임창식,쌍방울,투수,,RP,23,1,0.39,109,1,,
1992,1341,김만후,쌍방울,타자,,3B,28,2,0.07,302,1,,
1992,1270,김평호,쌍방울,타자,,LF,29,2,-0.03,214,1,,
1992,1601,정학원,쌍방울,타자,,DH,24,1,-0.09,71,1,,
1992,1592,윤혁,쌍방울,타자,,CF,25,2,-0.19,169,1,,
1992,1326,손문곤,쌍방울,투수,,RP,27,1,-0.19,64,1,,
1992,1710,신현대,쌍방울,투수,,RP,23,1,-0.21,33,1,,
1992,1372,김성규,쌍방울,타자,,CF,27,1,-0.24,83,1,,
1992,1427,최해명,쌍방울,타자,,DH,28,2,-0.45,173,1,,
1992,1397,유동효,쌍방울,타자,,3B,27,1,-0.49,142,1,,
1992,1366,이동석,쌍방울,투수,,RP,28,3,-0.58,138,1,,
1992,1655,김상재,쌍방울,타자,,2B,24,1,-0.61,124,1,,
1992,11436,박기택,쌍방울,타자,,LF,24,1,-0.75,113,1,,
1992,1389,서창기,쌍방울,타자,,CF,27,1,-0.88,177,1,,
1992,1281,김동기,태평양,타자,,C,28,4,4.05,391,1,,
1992,1408,박정현,태평양,투수,,SP,23,4,3.43,497,1,,
1992,1370,최창호,태평양,투수,,SP,26,5,1.19,293,1,,
1992,1062,김재박,태평양,타자,,SS,38,4,1.1,311,1,,
1992,1464,정명원,태평양,투수,,RP,26,2,1.03,115,1,,
1992,1463,박은진,태평양,투수,,SP,28,3,5.89,518,1,,
1992,1247,윤덕규,태평양,타자,,RF,29,5,2.15,247,2,,
1992,1505,김경기,태평양,타자,,1B,24,3,1.05,509,1,,
1992,1716,정민태,태평양,투수,,RP,22,4,0.42,78,1,,
1992,1393,여태구,태평양,타자,,CF,28,3,5.2,417,1,,
1992,11470,양상문,태평양,투수,,SP,31,4,1.78,433,1,,
1992,1711,안병원,태평양,투수,,SP,19,2,1.61,380,1,,
1992,1443,박준태,태평양,타자,,CF,25,2,0.58,192,1,,
1992,1435,김인호,태평양,타자,,2B,25,1,0.57,126,1,,
1992,1623,김민태,태평양,투수,,RP,21,2,0.55,230,1,,
1992,1611,가내영,태평양,투수,,SP,21,2,0.38,321,1,,
1992,1455,이희성,태평양,타자,,2B,26,3,0.14,320,1,,
1992,1395,원원근,태평양,타자,,3B,25,4,0,45,1,,5→4
1992,1164,이선웅,태평양,타자,,3B,31,2,-0.28,295,1,,
1992,1235,김성갑,태평양,타자,,3B,30,1,1.52,289,1,,
1992,1598,정문언,태평양,타자,,DH,30,2,1.42,239,1,,
1992,12722,장광호,태평양,타자,,C,25,1,1.23,185,1,,
1992,1437,김진한,태평양,타자,,C,28,2,1.11,72,1,,
1992,1410,신완근,태평양,투수,,RP,26,1,0.82,191,1,,
1992,1301,이광근,태평양,타자,,LF,30,2,0.54,228,1,,
1992,1504,권준헌,태평양,타자,,3B,21,1,0.51,114,1,,
1992,1582,김홍기,태평양,타자,,C,24,1,0.22,150,1,,
1992,1599,정영진,태평양,타자,,LF,27,1,0.1,185,1,,
1992,11468,염경엽,태평양,타자,,SS,24,1,0.06,257,1,,
1992,1676,유영환,태평양,타자,,DH,23,1,-0.04,41,1,,
1992,1333,조병천,태평양,투수,,RP,32,2,-0.2,51,1,,
1992,1703,김흥만,태평양,투수,,RP,20,1,-0.31,28,1,,
1992,1634,신상윤,태평양,투수,,RP,20,1,-0.32,82,1,,
1992,1602,주경업,태평양,타자,,LF,24,1,-0.45,56,1,,
1992,1557,조영상,태평양,투수,,RP,22,1,-0.75,79,1,,
1992,1499,홍현우,해태,타자,,2B,20,2,7.21,520,1,,
1992,13923,이강철,해태,투수,,SP,26,5,6.1,652,1,,
1992,1250,이순철,해태,타자,,CF,31,5,4.67,566,1,,
1992,12724,조계현,해태,투수,,RP,28,4,4.29,468,1,,
1992,1144,한대화,해태,타자,,3B,32,5,3.12,436,1,,
1992,1263,선동열,해태,투수,,RP,29,5,2.41,98,1,,
1992,12726,김성한,해태,타자,,1B,34,5,0.96,458,1,,
1992,1314,김정수,해태,투수,,SP,30,4,4.53,496,1,,
1992,1500,이호성,해태,타자,,RF,25,5,3.3,451,1,,
1992,1271,장채근,해태,타자,,C,28,4,4.25,396,1,,
1992,1327,신동수,해태,투수,,SP,26,5,2.25,412,1,,
1992,1337,박철우,해태,타자,,DH,28,4,0.99,409,1,,
1992,1365,송유석,해태,투수,,RP,26,4,0.08,352,1,,
1992,1292,박노준,해태,타자,,LF,30,4,-0.06,263,1,,
1992,1225,문희수,해태,투수,,SP,27,3,1.09,436,1,,
1992,1300,이건열,해태,타자,,LF,29,2,0.54,399,1,,
1992,1448,윤재호,해태,타자,,SS,25,3,1.21,314,1,,
1992,1496,정회열,해태,타자,,C,24,2,1.16,241,1,,
1992,1647,박재벌,해태,타자,,LF,24,1,0.54,152,1,,
1992,1702,김형택,해태,투수,,RP,21,1,0.26,42,1,,
1992,1449,이경복,해태,타자,,DH,22,1,0.21,61,1,,
1992,1706,문귀석,해태,투수,,RP,21,1,0.15,41,1,,
1992,1692,양승철,해태,투수,,RP,19,1,0.03,76,1,,
1992,1649,구한성,해태,타자,,2B,22,1,0.02,70,1,,
1992,1564,양회열,해태,타자,,2B,21,1,-0.05,79,1,,
1992,1626,김승남,해태,투수,,RP,20,1,-0.05,146,1,,
1992,1467,강태원,해태,투수,,RP,21,1,-0.22,23,1,,
1992,1697,김봉영,해태,투수,,RP,19,1,-0.37,74,1,,
1993,10386,김동수,LG,타자,,C,25,3,5.63,427,1,,
1993,1259,김용수,LG,투수,,CL,33,4,2.27,227,1,,
1993,1258,정삼흠,LG,투수,,SP,32,4,2.23,596,1,,
1993,1289,김태원,LG,투수,,SP,29,4,3.36,424,1,,
1993,1762,이상훈,LG,투수,,SP,22,4,1.3,452,1,,
1993,1668,박종호,LG,타자,,SS,20,2,4.1,368,1,,
1993,1589,송구홍,LG,타자,,3B,25,4,3.93,433,1,Y,
1993,1469,김기범,LG,투수,,SP,28,4,3.26,468,1,,
1993,1193,김상훈,LG,타자,,1B,33,4,3.25,505,1,,
1993,1439,노찬엽,LG,타자,,LF,28,4,0.45,267,1,,
1993,1443,박준태,LG,타자,,CF,26,3,4.36,478,1,,
1993,1764,강봉수,LG,투수,,RP,22,2,2.24,237,1,,
1993,1316,차동철,LG,투수,,RP,30,2,0.82,177,1,,
1993,10478,이종열,LG,타자,,2B,20,2,0.25,317,1,,
1993,1457,최훈재,LG,타자,,1B,26,2,-0.05,222,1,,
1993,14223,박흥식,LG,타자,,3B,31,2,-0.05,32,1,,
1993,1686,차명석,LG,투수,,SP,24,2,-1.02,376,1,,
1993,1342,김영직,LG,타자,,1B,33,3,1.11,255,1,,
1993,1723,김경하,LG,타자,,LF,23,1,0.43,252,1,,
1993,1497,김선진,LG,타자,,1B,26,1,0.37,112,1,,
1993,11435,전일수,LG,투수,,RP,25,1,0.36,36,1,,
1993,1498,이병훈,LG,타자,,RF,26,2,0.32,300,1,,
1993,10458,김정민,LG,타자,,C,23,1,0.25,74,1,,
1993,1707,민원기,LG,투수,,RP,24,2,0.24,174,1,,
1993,1373,조양근,LG,타자,,SS,29,1,0.13,172,1,,
1993,1594,이우수,LG,타자,,SS,21,1,0.03,53,1,,
1993,1636,오희주,LG,투수,,RP,25,1,-0.05,43,1,,
1993,1293,서효인,LG,타자,,CF,31,2,-0.13,42,1,,
1993,1406,문병권,LG,투수,,RP,28,1,-0.27,130,1,,
1993,1678,윤찬,LG,타자,,1B,26,1,-0.87,121,1,,
1993,1203,김광림,OB,타자,,CF,32,5,4.36,492,1,,
1993,1177,장호연,OB,투수,,SP,33,5,3.66,485,1,,
1993,1105,박철순,OB,투수,,SP,37,5,3.52,350,1,,
1993,1624,김상진,OB,투수,,SP,23,3,2.3,562,1,,
1993,1450,이명수,OB,타자,,2B,27,2,5.38,494,1,,
1993,1380,김상호,OB,타자,,RF,28,4,2.26,495,1,,5→4
1993,1761,김경원,OB,투수,,CL,22,2,5.78,388,1,,
1993,1239,김형석,OB,타자,,1B,31,5,4.86,529,1,,
1993,1695,권명철,OB,투수,,SP,24,2,2.21,403,1,,
1993,1613,강병규,OB,투수,,SP,21,2,2.17,419,1,,
1993,1426,이광우,OB,투수,,RP,28,2,1.79,374,1,,
1993,1428,강영수,OB,타자,,LF,28,3,1.29,290,1,,
1993,1724,김민호,OB,타자,,SS,24,1,0.72,314,1,,
1993,1524,임형석,OB,타자,,3B,25,3,0.59,254,1,,
1993,10099,안경현,OB,타자,,3B,23,1,0.26,170,1,,
1993,1468,구동우,OB,투수,,RP,27,2,-0.36,98,1,,
1993,1436,김종석,OB,타자,,1B,22,2,-1.48,159,1,,
1993,11472,김태형,OB,타자,,C,26,2,2.36,278,1,,
1993,1347,박현영,OB,타자,,C,25,2,1.72,232,1,,
1993,1311,최동창,OB,타자,,LF,28,2,1.4,236,1,,
1993,1627,김익재,OB,투수,,RP,25,2,1.06,102,1,,
1993,1682,장원진,OB,타자,,LF,24,1,0.74,86,1,,
1993,1757,추성건,OB,타자,,3B,23,1,0.62,153,1,,
1993,1501,강형석,OB,타자,,LF,25,2,0.34,34,1,,
1993,1339,안대환,OB,타자,,LF,31,1,0.07,77,1,,
1993,1595,이종민,OB,타자,,2B,21,1,0.07,123,1,,
1993,1419,하창우,OB,투수,,RP,24,2,-0.01,26,1,,
1993,1773,박상근,OB,투수,,RP,23,1,-0.09,41,1,,
1993,1760,황일권,OB,타자,,2B,24,1,-0.37,121,1,,
1993,1378,길홍규,OB,타자,,DH,28,2,-0.44,41,1,,
1993,1557,조영상,OB,투수,,RP,23,1,-0.48,50,1,,
1993,1430,곽연수,OB,타자,,LF,26,1,-0.59,125,1,,
1993,1461,이진,OB,투수,,SP,27,1,-0.7,56,1,,
1993,1330,윤학길,롯데,투수,,SP,32,5,4.83,609,1,,
1993,10418,전준호,롯데,타자,,CF,24,3,4.25,465,1,,
1993,1561,박정태,롯데,타자,,2B,24,5,2.01,123,1,,
1993,1404,김응국,롯데,타자,,LF,27,5,3.13,420,1,,
1993,1689,염종석,롯데,투수,,SP,20,5,2.1,475,1,,
1993,1195,김민호,롯데,타자,,1B,32,5,1.92,404,1,,
1993,1539,박동희,롯데,투수,,SP,25,4,0.78,271,1,,
1993,1256,한영준,롯데,타자,,3B,31,4,0.97,279,1,,
1993,1690,윤형배,롯데,투수,,SP,24,2,4.35,581,1,,
1993,1691,김상현,롯데,투수,,SP,25,2,3.27,490,1,,
1993,1646,박계원,롯데,타자,,SS,23,3,2.64,461,1,,
1993,1511,김종헌,롯데,타자,,LF,27,2,2.63,415,1,,
1993,10550,김민재,롯데,타자,,SS,20,1,2.31,286,1,,
1993,1503,공필성,롯데,타자,,3B,26,2,1.65,428,1,,
1993,11473,이종운,롯데,타자,,RF,27,3,1.65,440,1,,
1993,1483,이상번,롯데,투수,,RP,23,2,1.27,225,1,,
1993,1309,최계영,롯데,타자,,LF,30,2,0.04,74,1,,
1993,10123,가득염,롯데,투수,,RP,24,1,0.9,156,1,,
1993,1478,서호진,롯데,투수,,RP,27,2,0.85,130,1,,
1993,1628,김태석,롯데,투수,,RP,26,1,0.48,112,1,,
1993,1200,조성옥,롯데,타자,,RF,32,2,0.31,112,1,,
1993,1610,김태형,롯데,투수,,RP,21,2,0.23,179,1,,
1993,1376,고정식,롯데,타자,,C,28,1,0.17,32,1,,
1993,1653,김미호,롯데,타자,,DH,26,1,0.11,64,1,,
1993,1648,강성우,롯데,타자,,C,23,2,0.04,168,1,,
1993,1669,박지환,롯데,타자,,1B,24,1,-0.05,36,1,,
1993,1262,박동수,롯데,투수,,RP,32,2,-0.15,17,1,,
1993,1364,김종석,롯데,투수,,RP,29,2,-0.2,25,1,,
1993,1751,정호진,롯데,타자,,C,19,1,-0.23,97,1,,
1993,1432,김상우,롯데,타자,,LF,27,1,-0.34,75,1,,
1993,1743,송태일,롯데,타자,,1B,23,1,-0.47,84,1,,
1993,1433,김선일,롯데,타자,,C,28,1,-0.62,119,1,,
1993,1767,김정훈,롯데,투수,,RP,23,1,-0.64,75,1,,
1993,1354,장종훈,빙그레,타자,,1B,25,5,5.52,412,1,,
1993,10613,정민철,빙그레,투수,,SP,21,3,4.36,445,1,,
1993,13282,한용덕,빙그레,투수,,SP,28,5,3.26,517,1,,
1993,12994,이상군,빙그레,투수,,SP,31,5,2.94,385,1,,
1993,1352,이정훈,빙그레,타자,,RF,30,5,0.64,129,1,,
1993,10597,송진우,빙그레,투수,,RP,27,5,-0.16,218,1,,
1993,1299,이강돈,빙그레,타자,,LF,32,5,1.69,391,1,,
1993,10580,구대성,빙그레,투수,,SP,24,1,0.59,64,1,,
1993,1421,강석천,빙그레,타자,,3B,26,3,1.44,296,1,,
1993,1282,김상국,빙그레,타자,,C,30,4,0.07,274,1,,
1993,1415,장정순,빙그레,투수,,SP,29,5,0.06,344,1,,
1993,1771,노장진,빙그레,투수,,SP,19,2,-0.29,300,1,,
1993,1534,진상봉,빙그레,타자,,CF,28,2,3.56,347,1,,
1993,1754,지화선,빙그레,타자,,LF,23,2,2.16,337,1,,
1993,1759,허준,빙그레,타자,,SS,23,2,1.62,424,1,,
1993,1276,강정길,빙그레,타자,,1B,31,3,1.55,331,1,,
1993,1491,진정필,빙그레,투수,,SP,27,2,1.45,449,1,,
1993,1553,이상목,빙그레,투수,,RP,22,1,0.2,117,2,,
1993,1412,이국성,빙그레,투수,,RP,28,2,0.11,267,1,,
1993,1563,양용모,빙그레,타자,,C,26,2,0.08,391,1,,
1993,1269,전대영,빙그레,타자,,2B,31,3,1.56,90,1,,
1993,1533,지화동,빙그레,타자,,2B,26,1,0.82,310,1,,
1993,1748,이민호,빙그레,타자,,3B,24,1,0.56,167,1,,
1993,1566,임주택,빙그레,타자,,LF,25,1,0.45,88,1,,
1993,1685,지연규,빙그레,투수,,SP,24,1,0.28,72,1,,
1993,1425,황대연,빙그레,타자,,3B,26,2,0.19,48,1,,
1993,1657,김일혁,빙그레,타자,,LF,23,1,0.09,71,1,,
1993,1423,이종호,빙그레,타자,,DH,26,2,0.07,89,1,,
1993,1434,김용선,빙그레,타자,,2B,23,1,0.05,142,1,,
1993,1462,김락기,빙그레,투수,,RP,27,2,0.05,16,1,,
1993,1577,김원근,빙그레,타자,,DH,25,1,0.03,60,1,,
1993,1727,고기성,빙그레,타자,,LF,23,1,-0.06,145,1,,
1993,1484,이은승,빙그레,투수,,RP,22,1,-0.15,95,1,,
1993,1733,김성열,빙그레,타자,,DH,24,1,-0.18,44,1,,
1993,1562,김석연,빙그레,타자,,LF,25,1,-0.58,35,1,,
1993,1609,김인권,빙그레,투수,,RP,25,1,-0.83,94,1,,
1993,1196,김성래,삼성,타자,,2B,32,5,5.77,521,1,,
1993,1472,김상엽,삼성,투수,,SP,23,4,4.28,544,1,,
1993,1336,한희민,삼성,투수,,RP,31,2,0.7,120,1,,
1993,1025,이만수,삼성,타자,,C,35,5,0.58,219,1,,
1993,10339,양준혁,삼성,타자,,1B,24,2,7.11,456,1,,
1993,1315,성준,삼성,투수,,SP,31,5,5.17,417,1,,
1993,11467,류중일,삼성,타자,,SS,30,4,5.01,444,1,,3→4
1993,1763,박충식,삼성,투수,,SP,23,2,4.16,467,1,,
1993,1420,강기웅,삼성,타자,,2B,29,5,5.13,420,1,,
1993,1693,김태한,삼성,투수,,SP,24,2,4.11,486,1,,
1993,1651,동봉철,삼성,타자,,CF,23,3,3.59,295,1,,
1993,1252,이종두,삼성,타자,,RF,31,2,2.65,413,1,,
1993,1694,오봉옥,삼성,투수,,RP,25,2,1.09,223,1,,
1993,1540,이태일,삼성,투수,,SP,26,4,0.88,211,1,,5→4
1993,1768,김현욱,삼성,투수,,RP,23,1,0.24,33,1,,
1993,1284,김성현,삼성,타자,,C,30,2,2.66,321,1,,
1993,1722,정영규,삼성,타자,,RF,23,2,1.66,425,1,,
1993,1554,이상훈,삼성,투수,,RP,22,2,1.35,253,1,,
1993,1465,유명선,삼성,투수,,SP,28,3,1.21,311,1,,
1993,1527,정경훈,삼성,타자,,SS,21,3,1.18,293,1,,
1993,1237,김용국,삼성,타자,,3B,31,4,0.29,236,1,,
1993,1553,이상목,삼성,투수,,RP,22,1,-0.21,23,1,,
1993,1156,박승호,삼성,타자,,DH,35,3,-0.4,65,1,,
1993,1441,박선일,삼성,타자,,C,27,1,0.61,87,1,,
1993,1661,김태룡,삼성,타자,,SS,25,1,0.56,173,1,,
1993,1476,박용준,삼성,투수,,RP,23,2,0.43,174,1,,
1993,1781,최한경,삼성,투수,,RP,19,1,0.41,47,1,,
1993,1414,이용철,삼성,투수,,RP,27,1,0.36,44,1,,
1993,1633,손영철,삼성,투수,,RP,21,1,-0.33,49,1,,
1993,1719,강태윤,삼성,타자,,LF,28,1,-0.8,101,1,,
1993,1687,한기철,삼성,타자,,LF,24,1,-0.82,110,1,,
1993,1567,윤용하,삼성,타자,,LF,25,2,-2.66,181,1,,
1993,11474,김기태,쌍방울,타자,,1B,24,5,3.14,395,1,,
1993,1608,조규제,쌍방울,투수,,CL,26,4,2.96,266,1,,
1993,1360,김성길,쌍방울,투수,,RP,37,4,0.11,254,1,,
1993,1581,김호,쌍방울,타자,,SS,26,2,2.48,414,1,,
1993,14890,김원형,쌍방울,투수,,SP,21,3,2.4,406,1,,
1993,10080,박경완,쌍방울,타자,,C,21,1,0.25,57,1,,
1993,1619,김기덕,쌍방울,투수,,RP,25,2,-0.35,17,1,,
1993,13285,최태원,쌍방울,타자,,2B,23,2,3.54,431,1,,
1993,1019,신경식,쌍방울,타자,,1B,32,3,2.16,461,1,,
1993,1292,박노준,쌍방울,타자,,LF,31,3,0.97,366,1,,
1993,1338,백인수,쌍방울,타자,,RF,30,4,-0.43,114,1,,
1993,12962,김진욱,쌍방울,투수,,RP,33,2,-0.57,52,1,,
1993,1397,유동효,쌍방울,타자,,3B,28,2,1.3,329,1,,
1993,1698,김석기,쌍방울,투수,,SP,26,2,1.16,409,1,,
1993,1645,최한림,쌍방울,투수,,SP,22,2,0.92,468,1,,
1993,1629,박성기,쌍방울,투수,,SP,24,3,0.63,472,1,,
1993,1775,성영재,쌍방울,투수,,SP,22,2,0.38,348,1,,
1993,1612,강길용,쌍방울,투수,,SP,25,2,-0.37,409,1,,
1993,1350,이연수,쌍방울,타자,,RF,30,1,1.34,233,1,,
1993,1655,김상재,쌍방울,타자,,2B,25,1,0.46,265,1,,
1993,12713,전종화,쌍방울,타자,,C,28,2,0.42,118,1,,
1993,1155,김호근,쌍방울,타자,,C,33,3,0.4,204,1,,
1993,1737,김충민,쌍방울,타자,,C,23,1,0.31,109,1,,
1993,1607,최해식,쌍방울,타자,,C,25,1,0.11,32,1,,
1993,1372,김성규,쌍방울,타자,,1B,28,1,-0.03,255,1,,
1993,1366,이동석,쌍방울,투수,,RP,29,2,-0.09,44,1,,
1993,1492,최준호,쌍방울,타자,,RF,27,1,-0.1,68,1,,
1993,1772,노춘섭,쌍방울,투수,,RP,25,1,-0.18,75,1,,
1993,1715,임창식,쌍방울,투수,,RP,24,1,-0.22,51,1,,
1993,1758,한혁수,쌍방울,타자,,SS,23,1,-0.27,54,1,,
1993,1675,유영원,쌍방울,타자,,LF,24,1,-0.32,34,1,,
1993,1451,이상대,쌍방울,타자,,RF,26,2,-0.33,270,1,,
1993,1485,이재홍,쌍방울,투수,,RP,30,2,-0.7,47,1,,
1993,1590,송인호,쌍방울,타자,,2B,25,2,-1.25,273,1,,
1993,1370,최창호,태평양,투수,,SP,27,4,2.27,487,1,,
1993,1281,김동기,태평양,타자,,C,29,5,2.23,364,1,,
1993,1464,정명원,태평양,투수,,SP,27,2,0.26,18,1,,
1993,1716,정민태,태평양,투수,,RP,23,1,-0.19,28,1,,
1993,1247,윤덕규,태평양,타자,,RF,30,4,2.36,396,1,,
1993,1463,박은진,태평양,투수,,RP,29,5,1.78,257,1,,
1993,1505,김경기,태평양,타자,,1B,25,3,1.23,351,1,,
1993,1393,여태구,태평양,타자,,CF,29,5,0.21,196,1,,
1993,10158,조웅천,태평양,투수,,SP,22,1,0.09,126,1,,
1993,11470,양상문,태평양,투수,,SP,32,4,-0.51,303,1,,
1993,1711,안병원,태평양,투수,,SP,20,2,2.28,510,1,,
1993,1611,가내영,태평양,투수,,SP,22,2,1.92,386,1,,
1993,1455,이희성,태평양,타자,,2B,27,2,1.38,440,1,,
1993,1770,노승욱,태평양,투수,,SP,19,2,1.27,381,1,,
1993,1769,김홍집,태평양,투수,,SP,22,2,0.9,349,1,,
1993,1435,김인호,태평양,타자,,3B,26,2,0.43,226,1,,
1993,12722,장광호,태평양,타자,,C,26,2,0.33,321,1,,
1993,1395,원원근,태평양,타자,,3B,26,3,-0.23,127,1,,
1993,10020,이재주,태평양,타자,,C,20,1,2.17,201,1,,
1993,11468,염경엽,태평양,타자,,SS,25,1,1.21,294,1,,
1993,1704,나성열,태평양,투수,,SP,21,1,1.1,163,1,,
1993,1235,김성갑,태평양,타자,,3B,31,2,0.85,164,1,,
1993,1728,공의식,태평양,타자,,LF,23,1,0.81,150,1,,
1993,1599,정영진,태평양,타자,,LF,28,1,0.47,169,1,,
1993,1730,김갑중,태평양,타자,,LF,23,1,0.4,92,1,,
1993,1742,손차훈,태평양,타자,,2B,23,1,0.21,304,1,,
1993,1410,신완근,태평양,투수,,RP,27,2,0.21,158,1,,
1993,1634,신상윤,태평양,투수,,RP,21,1,-0.12,15,1,,
1993,1593,이근엽,태평양,타자,,3B,21,1,-0.16,78,1,,
1993,1582,김홍기,태평양,타자,,C,25,1,-0.17,32,1,,
1993,1504,권준헌,태평양,타자,,3B,22,1,-0.2,140,1,,
1993,1587,백성진,태평양,타자,,1B,25,1,-0.29,139,1,,
1993,1747,이경호,태평양,타자,,1B,20,1,-0.31,35,1,,
1993,1623,김민태,태평양,투수,,RP,22,2,-0.36,55,1,,
1993,1407,박상범,태평양,투수,,RP,28,1,-0.51,157,1,,
1993,1272,구윤,태평양,타자,,CF,30,2,-0.75,115,1,,
1993,1676,유영환,태평양,타자,,DH,24,1,-1.01,183,1,,
1993,1263,선동열,해태,투수,,CL,30,5,6.63,379,1,,
1993,12724,조계현,해태,투수,,SP,29,5,6.11,589,1,,
1993,1499,홍현우,해태,타자,,2B,21,4,4.48,527,1,,
1993,1144,한대화,해태,타자,,3B,33,5,3.61,394,1,,
1993,1250,이순철,해태,타자,,CF,32,5,3.29,430,1,,
1993,13923,이강철,해태,투수,,SP,27,5,2.74,462,1,,
1993,12726,김성한,해태,타자,,1B,35,5,1.48,403,1,,
1993,10036,이종범,해태,타자,,SS,23,2,5.82,525,1,,
1993,1500,이호성,해태,타자,,RF,26,5,2.63,256,1,,
1993,1314,김정수,해태,투수,,SP,31,5,2.58,383,1,,
1993,10062,이대진,해태,투수,,SP,19,2,2.24,373,1,,
1993,1365,송유석,해태,투수,,SP,27,2,2.42,373,1,,
1993,1337,박철우,해태,타자,,2B,29,3,1.63,227,1,,
1993,1271,장채근,해태,타자,,C,29,5,1,200,1,,
1993,1327,신동수,해태,투수,,RP,27,5,0.09,111,1,,
1993,1496,정회열,해태,타자,,C,25,2,2.74,372,1,,
1993,1225,문희수,해태,투수,,SP,28,3,0.49,191,1,,
1993,1300,이건열,해태,타자,,LF,30,2,0.38,350,1,,
1993,1720,김훈,해태,타자,,RF,23,2,0.02,344,1,,
1993,1692,양승철,해태,투수,,RP,20,2,-0.94,261,1,,
1993,1214,정성룡,해태,타자,,LF,29,2,3.53,304,1,,
1993,1467,강태원,해태,투수,,RP,22,1,0.26,138,1,,
1993,1721,이용석,해태,타자,,CF,23,1,0.07,129,1,,
1993,1650,김병조,해태,타자,,DH,24,1,-0.09,79,1,,
1993,1780,조용수,해태,투수,,RP,20,1,-0.11,15,1,,
1993,1779,이재만,해태,투수,,RP,23,1,-0.14,106,1,,
1993,1448,윤재호,해태,타자,,SS,26,3,-0.41,59,1,,
1994,10386,김동수,LG,타자,,C,26,5,4.76,369,1,,
1994,1258,정삼흠,LG,투수,,SP,33,4,4.03,559,1,,
1994,1144,한대화,LG,타자,,3B,34,5,3.12,414,1,,
1994,1259,김용수,LG,투수,,CL,34,5,1.2,190,1,,
1994,1783,류지현,LG,타자,,SS,23,2,7.49,574,1,,
1994,1289,김태원,LG,투수,,SP,30,4,6.13,572,1,,
1994,1762,이상훈,LG,투수,,SP,23,4,5.93,569,1,,
1994,10109,김재현,LG,타자,,RF,19,2,5.16,535,1,,
1994,1668,박종호,LG,타자,,2B,21,2,2.35,400,1,,
1994,1439,노찬엽,LG,타자,,LF,29,3,1.87,393,1,,
1994,1469,김기범,LG,투수,,SP,29,4,0.08,189,1,,
1994,1327,신동수,LG,투수,,RP,28,3,-0.05,29,1,,
1994,1782,서용빈,LG,타자,,1B,23,2,3.73,543,1,,
1994,1457,최훈재,LG,타자,,1B,27,1,2.98,271,1,,
1994,1443,박준태,LG,타자,,CF,27,4,1.38,339,1,,
1994,1857,인현배,LG,투수,,SP,23,2,1.2,374,1,,
1994,1316,차동철,LG,투수,,RP,31,2,0.93,177,1,,
1994,1686,차명석,LG,투수,,RP,25,1,0.4,183,1,,
1994,10478,이종열,LG,타자,,2B,21,2,-0.55,316,1,,
1994,10458,김정민,LG,타자,,C,24,1,1.29,136,1,,
1994,1342,김영직,LG,타자,,1B,34,3,1.19,198,1,,
1994,11435,전일수,LG,투수,,RP,26,2,0.65,135,1,,
1994,1707,민원기,LG,투수,,RP,25,2,0.57,99,1,,
1994,1764,강봉수,LG,투수,,RP,23,2,0.32,114,1,,
1994,1850,박철홍,LG,투수,,RP,24,1,0.3,117,1,,
1994,14566,허문회,LG,타자,,1B,22,1,-0.14,121,1,,
1994,1636,오희주,LG,투수,,RP,26,1,-0.17,30,1,,
1994,1678,윤찬,LG,타자,,1B,27,1,-0.18,43,1,,
1994,1497,김선진,LG,타자,,1B,27,2,-0.32,83,1,,
1994,1738,김태민,LG,타자,,LF,23,1,-0.57,83,1,,
1994,1624,김상진,OB,투수,,SP,24,3,5.05,582,1,,
1994,1105,박철순,OB,투수,,SP,38,5,2.39,279,1,,
1994,1177,장호연,OB,투수,,SP,34,5,-0.26,215,1,,
1994,1380,김상호,OB,타자,,RF,29,4,2.75,471,1,,
1994,1450,이명수,OB,타자,,2B,28,4,0.52,271,1,,5→4
1994,1761,김경원,OB,투수,,RP,23,3,-0.1,109,1,,
1994,1811,심정수,OB,타자,,RF,19,1,-0.12,66,1,,
1994,1239,김형석,OB,타자,,1B,32,5,0.52,444,1,,
1994,1724,김민호,OB,타자,,SS,25,2,4.01,491,1,,
1994,1426,이광우,OB,투수,,RP,29,3,2.42,248,1,,
1994,1864,홍우태,OB,투수,,SP,23,2,1.7,445,1,,
1994,1695,권명철,OB,투수,,SP,25,2,1.59,301,1,,
1994,1436,김종석,OB,타자,,1B,23,2,1.46,411,1,,
1994,10099,안경현,OB,타자,,3B,24,1,1.19,180,1,,
1994,10543,이도형,OB,타자,,C,19,1,0.95,123,1,,
1994,1524,임형석,OB,타자,,3B,26,2,0.32,386,1,,
1994,1613,강병규,OB,투수,,SP,22,3,-0.05,234,1,,
1994,1612,강길용,OB,투수,,RP,26,2,-0.49,206,1,,
1994,1428,강영수,OB,타자,,LF,29,3,-0.58,193,1,,
1994,1682,장원진,OB,타자,,LF,25,2,2.24,297,1,,
1994,1863,한태균,OB,투수,,RP,23,1,1.79,171,1,,
1994,1757,추성건,OB,타자,,3B,24,2,1.44,161,1,,
1994,1792,김광현,OB,타자,,C,23,1,1.21,74,1,,
1994,1347,박현영,OB,타자,,C,26,2,0.95,83,1,,
1994,1777,이용호,OB,투수,,SP,24,1,0.85,88,1,,
1994,1736,김종성,OB,타자,,LF,25,1,0.63,151,1,,
1994,11472,김태형,OB,타자,,C,27,3,0.55,224,1,,
1994,10507,류택현,OB,투수,,RP,23,1,0.39,79,1,,
1994,1595,이종민,OB,타자,,2B,22,1,0.35,222,1,,
1994,1846,나영철,OB,투수,,RP,23,1,0.21,39,1,,
1994,1679,이전진,OB,타자,,DH,22,1,0.01,35,1,,
1994,1790,공유선,OB,타자,,1B,20,1,-0.03,38,1,,
1994,1495,홍길남,OB,투수,,RP,23,1,-0.03,26,1,,
1994,1419,하창우,OB,투수,,SP,25,1,-0.14,26,1,,
1994,1604,최영술,OB,타자,,LF,22,1,-0.21,30,1,,
1994,1760,황일권,OB,타자,,2B,25,1,-0.22,30,1,,
1994,1847,마원성,OB,투수,,RP,20,1,-0.24,37,1,,
1994,1773,박상근,OB,투수,,RP,24,1,-0.25,42,1,,
1994,1741,소상영,OB,타자,,LF,21,1,-0.27,36,1,,
1994,12707,조경택,OB,타자,,C,24,1,-0.31,39,1,,
1994,1814,윤기수,OB,타자,,1B,23,1,-0.4,69,1,,
1994,1627,김익재,OB,투수,,RP,26,2,-0.42,180,1,,
1994,10418,전준호,롯데,타자,,CF,25,5,2.43,320,1,,
1994,1330,윤학길,롯데,투수,,SP,33,5,-0.26,338,1,,
1994,1834,주형광,롯데,투수,,SP,18,4,4.25,560,1,,
1994,1404,김응국,롯데,타자,,LF,28,5,4.17,407,1,,
1994,1195,김민호,롯데,타자,,1B,33,5,3.96,493,1,,
1994,1539,박동희,롯데,투수,,CL,26,3,1.98,224,1,,
1994,1689,염종석,롯데,투수,,SP,21,4,1.83,307,1,,
1994,1256,한영준,롯데,타자,,3B,32,4,1.05,210,1,,
1994,10550,김민재,롯데,타자,,SS,21,1,1.02,283,1,,
1994,1503,공필성,롯데,타자,,3B,27,2,3.7,488,1,,
1994,10123,가득염,롯데,투수,,SP,25,2,2.09,486,1,,
1994,1837,강상수,롯데,투수,,SP,23,2,1.68,281,1,,
1994,11473,이종운,롯데,타자,,RF,28,3,1.28,477,1,,
1994,1691,김상현,롯데,투수,,RP,26,3,0.84,146,1,,
1994,1511,김종헌,롯데,타자,,LF,28,2,0.64,343,1,,
1994,10511,박지철,롯데,투수,,RP,19,1,0.51,98,1,,
1994,1628,김태석,롯데,투수,,RP,27,2,0.29,263,1,,
1994,1690,윤형배,롯데,투수,,RP,25,3,-0.38,79,1,,
1994,1648,강성우,롯데,타자,,C,24,1,1.04,204,1,,
1994,1819,임수혁,롯데,타자,,C,25,1,0.52,48,1,,
1994,1646,박계원,롯데,타자,,SS,24,3,0.31,249,1,,
1994,1809,손동일,롯데,타자,,LF,23,1,0.31,183,1,,
1994,1765,고성범,롯데,투수,,RP,20,1,0.19,40,1,,
1994,1610,김태형,롯데,투수,,RP,22,2,0.18,121,1,,
1994,1855,윤민철,롯데,투수,,RP,19,1,0.14,17,1,,
1994,1767,김정훈,롯데,투수,,RP,24,1,0.03,39,1,,
1994,1752,조규철,롯데,타자,,2B,25,1,0.01,37,1,,
1994,1800,김종훈,롯데,타자,,LF,22,1,-0.03,97,1,,
1994,1200,조성옥,롯데,타자,,RF,33,2,-0.04,181,1,,
1994,1851,박태웅,롯데,투수,,RP,20,1,-0.04,27,1,,
1994,1653,김미호,롯데,타자,,DH,27,1,-0.13,71,1,,
1994,1397,유동효,롯데,타자,,3B,29,2,-0.14,43,1,,
1994,1433,김선일,롯데,타자,,C,29,1,-0.33,238,1,,
1994,1483,이상번,롯데,투수,,RP,24,2,-0.36,157,1,,
1994,1729,권재광,롯데,타자,,LF,23,1,-0.47,32,1,,
1994,1669,박지환,롯데,타자,,1B,25,1,-0.55,179,1,,
1994,1833,홍순기,롯데,타자,,1B,27,1,-0.55,45,1,,
1994,1482,윤동배,롯데,투수,,RP,28,1,-0.58,100,1,,
1994,1853,서정민,롯데,투수,,RP,20,1,-0.65,53,1,,
1994,1763,박충식,삼성,투수,,SP,24,2,6.68,610,1,,
1994,10339,양준혁,삼성,타자,,DH,25,4,4.91,496,1,,
1994,1196,김성래,삼성,타자,,2B,33,5,2.68,349,1,,
1994,1025,이만수,삼성,타자,,1B,36,5,1.48,269,1,,
1994,1472,김상엽,삼성,투수,,SP,24,5,0.27,74,1,,
1994,1693,김태한,삼성,투수,,SP,25,2,4.52,529,1,,
1994,1315,성준,삼성,투수,,SP,32,5,3.06,457,1,,
1994,11467,류중일,삼성,타자,,SS,31,5,2.23,152,1,,
1994,1540,이태일,삼성,투수,,SP,27,3,2.52,384,1,,
1994,1252,이종두,삼성,타자,,RF,32,3,1.98,472,1,,
1994,1651,동봉철,삼성,타자,,CF,24,3,1.44,375,1,,
1994,1420,강기웅,삼성,타자,,2B,30,5,1.27,385,1,,
1994,1694,오봉옥,삼성,투수,,RP,26,2,-0.37,99,1,,
1994,1527,정경훈,삼성,타자,,SS,22,2,2.01,341,1,,
1994,1781,최한경,삼성,투수,,RP,20,2,1.87,305,1,,
1994,1797,김실,삼성,타자,,LF,27,2,1.78,393,1,,
1994,12964,김한수,삼성,타자,,3B,23,1,1.65,309,1,,
1994,1284,김성현,삼성,타자,,C,31,2,1.59,278,1,,
1994,1554,이상훈,삼성,투수,,RP,23,2,0.78,211,1,,
1994,1465,유명선,삼성,투수,,RP,29,3,0.47,114,1,,
1994,1722,정영규,삼성,타자,,RF,24,2,0.34,138,1,,
1994,1441,박선일,삼성,타자,,C,28,2,0.82,206,1,,
1994,1626,김승남,삼성,투수,,RP,22,1,0.69,182,1,,
1994,1719,강태윤,삼성,타자,,LF,29,1,0.62,77,1,,
1994,1476,박용준,삼성,투수,,RP,24,2,0.58,56,1,,
1994,1841,곽채진,삼성,투수,,SP,21,1,0.57,136,1,,
1994,1803,김태균,삼성,타자,,SS,23,1,0.29,160,1,,
1994,1429,강종필,삼성,타자,,LF,27,2,0.25,68,1,,
1994,1661,김태룡,삼성,타자,,2B,26,2,0.23,139,1,,
1994,1687,한기철,삼성,타자,,LF,25,1,-0.01,71,1,,
1994,1860,최용희,삼성,투수,,RP,22,1,-0.07,69,1,,
1994,1672,신동주,삼성,타자,,CF,22,1,-0.31,33,1,,
1994,11474,김기태,쌍방울,타자,,1B,25,5,6.16,454,1,,
1994,1203,김광림,쌍방울,타자,,CF,33,5,2.81,444,1,,
1994,13285,최태원,쌍방울,타자,,2B,24,2,2.8,446,1,,
1994,1608,조규제,쌍방울,투수,,CL,27,4,2.79,294,1,,
1994,10080,박경완,쌍방울,타자,,C,22,1,2.66,274,1,,
1994,1619,김기덕,쌍방울,투수,,RP,26,2,0.52,342,1,,
1994,14890,김원형,쌍방울,투수,,SP,22,3,-0.42,396,1,,
1994,1292,박노준,쌍방울,타자,,LF,32,2,3.67,391,1,,
1994,1337,박철우,쌍방울,타자,,LF,30,3,1.5,197,1,,
1994,1019,신경식,쌍방울,타자,,1B,33,3,-0.47,249,1,,
1994,1338,백인수,쌍방울,타자,,RF,31,2,3.19,398,1,,
1994,1743,송태일,쌍방울,타자,,3B,24,2,2.24,403,1,,
1994,12657,조원우,쌍방울,타자,,RF,23,1,1.49,247,1,,
1994,1629,박성기,쌍방울,투수,,SP,25,2,0.83,548,1,,
1994,1630,박진석,쌍방울,투수,,SP,26,2,0.73,358,1,,
1994,1775,성영재,쌍방울,투수,,SP,23,2,0.39,442,1,,
1994,1854,유현승,쌍방울,투수,,SP,23,2,0.31,299,1,,
1994,1698,김석기,쌍방울,투수,,SP,27,2,-0.63,257,1,,
1994,1839,고형욱,쌍방울,투수,,RP,23,1,0.53,30,1,,
1994,1758,한혁수,쌍방울,타자,,SS,24,1,0.49,162,1,,
1994,1801,김주성,쌍방울,타자,,SS,22,1,0.49,95,1,,
1994,1838,강희석,쌍방울,투수,,RP,20,1,0.41,62,1,,
1994,12713,전종화,쌍방울,타자,,C,29,2,0.1,91,1,,
1994,1715,임창식,쌍방울,투수,,RP,25,1,-0.02,20,1,,
1994,1737,김충민,쌍방울,타자,,C,24,1,-0.04,117,1,,
1994,1856,이승환,쌍방울,투수,,RP,23,1,-0.07,38,1,,
1994,1448,윤재호,쌍방울,타자,,SS,27,2,-0.09,210,1,,
1994,1772,노춘섭,쌍방울,투수,,RP,26,1,-0.09,26,1,,
1994,1378,길홍규,쌍방울,타자,,DH,29,1,-0.16,227,1,,
1994,1824,정기창,쌍방울,타자,,LF,24,1,-0.18,55,1,,
1994,1350,이연수,쌍방울,타자,,RF,31,2,-0.27,52,1,,
1994,1451,이상대,쌍방울,타자,,LF,27,1,-0.47,48,1,,
1994,1843,김민국,쌍방울,투수,,RP,22,1,-0.5,37,1,,
1994,1645,최한림,쌍방울,투수,,RP,23,2,-0.9,189,1,,
1994,1464,정명원,태평양,투수,,CL,28,2,4.89,317,1,,
1994,1281,김동기,태평양,타자,,C,30,4,2.83,421,1,,
1994,1716,정민태,태평양,투수,,SP,24,2,2.11,436,1,,
1994,1370,최창호,태평양,투수,,SP,28,4,1.45,442,1,,
1994,1408,박정현,태평양,투수,,SP,25,4,-0.13,113,1,,
1994,1247,윤덕규,태평양,타자,,RF,31,4,4.9,407,1,,
1994,1505,김경기,태평양,타자,,1B,26,2,4.6,498,1,,
1994,1463,박은진,태평양,투수,,RP,30,4,0.92,228,1,,
1994,1393,여태구,태평양,타자,,RF,30,3,0.3,141,1,,
1994,10158,조웅천,태평양,투수,,RP,23,1,-0.25,45,1,,
1994,10616,최상덕,태평양,투수,,SP,23,2,5.19,474,1,,
1994,1711,안병원,태평양,투수,,SP,21,3,3.28,437,1,,
1994,1769,김홍집,태평양,투수,,SP,23,2,2.72,380,1,,
1994,11468,염경엽,태평양,타자,,SS,26,2,1.95,409,1,,
1994,10402,이숭용,태평양,타자,,1B,23,1,1.47,249,1,,
1994,1237,김용국,태평양,타자,,3B,32,2,0.69,346,1,,
1994,1435,김인호,태평양,타자,,3B,27,2,0.54,360,1,,
1994,10020,이재주,태평양,타자,,C,21,2,0.18,50,1,,
1994,1455,이희성,태평양,타자,,2B,28,2,2.05,201,1,,
1994,1848,문창환,태평양,투수,,RP,19,1,1.19,113,1,,
1994,1272,구윤,태평양,타자,,CF,31,1,1.03,93,1,,
1994,1671,서정민,태평양,타자,,LF,25,1,0.99,109,1,,
1994,1730,김갑중,태평양,타자,,LF,24,1,0.85,164,1,,
1994,1235,김성갑,태평양,타자,,3B,32,2,0.82,257,1,,
1994,1504,권준헌,태평양,타자,,3B,23,1,0.71,119,1,,
1994,1704,나성열,태평양,투수,,RP,22,2,0.42,59,1,,
1994,1818,임성주,태평양,타자,,LF,29,1,0.36,42,1,,
1994,1593,이근엽,태평양,타자,,3B,22,1,0.3,61,1,,
1994,12722,장광호,태평양,타자,,C,27,1,0.27,248,1,,
1994,1784,하득인,태평양,타자,,DH,28,1,0.16,87,1,,
1994,1770,노승욱,태평양,투수,,RP,20,2,0.02,150,1,,
1994,1611,가내영,태평양,투수,,RP,23,2,-0.12,102,1,,
1994,1726,계기범,태평양,타자,,LF,24,1,-0.28,111,1,,
1994,1840,곽병찬,태평양,투수,,RP,23,1,-0.31,49,1,,
1994,1742,손차훈,태평양,타자,,2B,24,1,-0.39,241,1,,
1994,10613,정민철,한화,투수,,SP,22,3,7.64,654,1,,
1994,13282,한용덕,한화,투수,,SP,29,5,3.55,532,1,,
1994,1354,장종훈,한화,타자,,1B,26,5,2.66,283,1,,
1994,1352,이정훈,한화,타자,,RF,31,5,0.96,272,1,,
1994,12994,이상군,한화,투수,,SP,32,4,0.57,323,1,,
1994,10597,송진우,한화,투수,,SP,28,3,0.42,399,1,,
1994,10580,구대성,한화,투수,,RP,25,2,3.1,363,1,,
1994,1299,이강돈,한화,타자,,LF,33,5,1.43,352,1,,
1994,1282,김상국,한화,타자,,C,31,3,2.47,400,1,,
1994,1415,장정순,한화,투수,,RP,30,3,0.3,45,1,,
1994,1421,강석천,한화,타자,,3B,27,3,-0.1,175,1,,
1994,1785,박지상,한화,타자,,CF,19,2,3.4,353,1,,
1994,1553,이상목,한화,투수,,SP,23,2,1.59,384,1,,
1994,1276,강정길,한화,타자,,1B,32,3,1.3,429,1,,
1994,1491,진정필,한화,투수,,SP,28,2,0.73,228,1,,
1994,1748,이민호,한화,타자,,3B,25,2,2.8,227,1,,
1994,1412,이국성,한화,투수,,RP,29,1,1.67,147,1,,
1994,1534,진상봉,한화,타자,,CF,29,3,0.95,230,1,,
1994,1434,김용선,한화,타자,,2B,24,1,0.76,220,1,,
1994,1786,정진식,한화,타자,,C,23,1,0.75,89,1,,
1994,1835,김성한,한화,투수,,RP,23,1,0.33,132,1,,
1994,1727,고기성,한화,타자,,LF,24,1,0.29,156,1,,
1994,1823,전형도,한화,타자,,2B,23,1,0.27,146,1,,
1994,1269,전대영,한화,타자,,2B,32,3,0.2,91,1,,
1994,1425,황대연,한화,타자,,3B,27,2,0.17,172,1,,
1994,1862,최호원,한화,투수,,RP,23,1,-0.02,36,1,,
1994,1423,이종호,한화,타자,,DH,27,1,-0.08,239,1,,
1994,1577,김원근,한화,타자,,DH,26,1,-0.17,68,1,,
1994,1701,김재성,한화,투수,,RP,25,1,-0.23,20,1,,
1994,1759,허준,한화,타자,,SS,24,2,-0.25,222,1,,
1994,1566,임주택,한화,타자,,LF,26,2,-0.28,142,1,,
1994,1714,임규대,한화,투수,,RP,22,1,-0.3,39,1,,
1994,1353,이중화,한화,타자,,RF,30,2,-0.63,256,1,,
1994,1842,길배진,한화,투수,,RP,23,1,-0.73,45,1,,
1994,1533,지화동,한화,타자,,2B,27,2,-0.94,80,1,,
1994,10036,이종범,해태,타자,,SS,24,4,11.83,561,1,,
1994,12724,조계현,해태,투수,,SP,30,5,6.67,630,1,,
1994,1499,홍현우,해태,타자,,3B,22,5,4.07,524,1,,
1994,1263,선동열,해태,투수,,RP,31,5,3.52,307,1,,
1994,1250,이순철,해태,타자,,CF,33,5,3.5,360,1,,
1994,13923,이강철,해태,투수,,SP,28,5,3.24,557,1,,
1994,10062,이대진,해태,투수,,SP,20,2,1.12,411,1,,
1994,12726,김성한,해태,타자,,1B,36,5,0.03,171,1,,
1994,1314,김정수,해태,투수,,SP,32,4,2.7,423,1,,
1994,1500,이호성,해태,타자,,RF,27,5,2.51,440,1,,
1994,1365,송유석,해태,투수,,RP,28,4,2.29,349,1,,
1994,1271,장채근,해태,타자,,C,30,5,-0.17,32,1,,
1994,1193,김상훈,해태,타자,,1B,34,4,-0.51,200,1,,
1994,1467,강태원,해태,투수,,SP,23,2,1.91,245,1,,
1994,1300,이건열,해태,타자,,LF,31,2,0.64,400,1,,
1994,1498,이병훈,해태,타자,,RF,27,2,0.56,355,1,,
1994,1225,문희수,해태,투수,,RP,29,2,-0.26,160,1,,
1994,1449,이경복,해태,타자,,DH,24,1,1.24,224,1,,
1994,1496,정회열,해태,타자,,C,26,3,1.09,291,1,,
1994,1440,박병호,해태,타자,,C,24,1,0.98,171,1,,
1994,1214,정성룡,해태,타자,,LF,30,3,0.7,219,1,,
1994,1650,김병조,해태,타자,,DH,25,1,0.69,158,1,,
1994,1779,이재만,해태,투수,,RP,24,1,0.45,97,1,,
1994,1861,최재영,해태,투수,,RP,23,1,0.32,25,1,,
1994,1778,이우혁,해태,투수,,RP,19,1,0.22,41,1,,
1994,1579,김재덕,해태,타자,,DH,21,1,0.07,31,1,,
1994,1697,김봉영,해태,투수,,RP,21,1,-0.02,57,1,,
1994,1787,박재용,해태,타자,,RF,25,1,-0.23,232,1,,
1994,1788,전성철,해태,타자,,2B,25,1,-1.11,120,1,,
1994,1590,송인호,해태,타자,,2B,26,1,-1.54,178,1,,
1995,1762,이상훈,LG,투수,,SP,24,5,7.79,685,1,,
1995,10386,김동수,LG,타자,,C,27,5,4,393,1,,
1995,1783,류지현,LG,타자,,SS,24,4,3.96,290,1,,
1995,1259,김용수,LG,투수,,CL,35,4,3.01,207,1,,
1995,10109,김재현,LG,타자,,RF,20,4,2.74,448,1,,
1995,1258,정삼흠,LG,투수,,SP,34,5,1.46,489,1,,
1995,1144,한대화,LG,타자,,3B,35,5,0.77,324,1,,
1995,1867,심재학,LG,타자,,RF,23,1,2.23,299,1,,
1995,1668,박종호,LG,타자,,2B,22,4,0.59,244,1,,
1995,1289,김태원,LG,투수,,SP,31,5,-0.22,372,1,,
1995,1469,김기범,LG,투수,,SP,30,4,3.5,482,1,,
1995,1782,서용빈,LG,타자,,1B,24,3,2.96,491,1,,
1995,1589,송구홍,LG,타자,,3B,27,3,0.77,198,1,,
1995,1327,신동수,LG,투수,,RP,29,2,0.75,58,1,,
1995,1439,노찬엽,LG,타자,,LF,30,3,0.52,333,1,,
1995,1850,박철홍,LG,투수,,SP,25,2,1.94,350,1,,
1995,1686,차명석,LG,투수,,RP,26,1,0.61,61,1,,
1995,1316,차동철,LG,투수,,RP,32,2,0.57,164,1,,
1995,1457,최훈재,LG,타자,,1B,28,2,-0.09,138,1,,
1995,1443,박준태,LG,타자,,CF,28,3,-0.22,146,1,,
1995,1497,김선진,LG,타자,,1B,28,1,3.08,292,1,,
1995,1594,이우수,LG,타자,,SS,23,1,1.86,252,1,,
1995,1636,오희주,LG,투수,,SP,27,1,1.63,184,1,,
1995,1866,조현,LG,타자,,CF,19,1,1.56,306,1,,
1995,10478,이종열,LG,타자,,2B,22,1,0.78,312,1,,
1995,1342,김영직,LG,타자,,1B,35,3,0.27,54,1,,
1995,1637,이병석,LG,투수,,RP,24,1,0.27,143,1,,
1995,1859,최승민,LG,투수,,RP,21,1,-0.01,27,1,,
1995,11238,신윤호,LG,투수,,RP,20,1,-0.02,15,1,,
1995,1293,서효인,LG,타자,,CF,33,1,-0.18,58,1,,
1995,1764,강봉수,LG,투수,,RP,24,2,-0.27,69,1,,
1995,1707,민원기,LG,투수,,RP,26,2,-0.37,49,1,,
1995,1738,김태민,LG,타자,,LF,24,1,-0.69,75,1,,
1995,1624,김상진,OB,투수,,SP,25,5,7.15,627,1,,
1995,1105,박철순,OB,투수,,SP,39,5,0.21,284,1,,
1995,1177,장호연,OB,투수,,SP,35,4,-0.65,238,1,,
1995,1380,김상호,OB,타자,,RF,30,4,3.75,565,1,,
1995,1811,심정수,OB,타자,,RF,20,2,2.94,405,1,,
1995,1450,이명수,OB,타자,,2B,29,3,2.75,431,1,,
1995,1894,진필중,OB,투수,,RP,23,2,2.17,328,1,,
1995,1761,김경원,OB,투수,,CL,24,2,1.48,221,1,,
1995,1724,김민호,OB,타자,,SS,26,3,3.93,455,1,,
1995,10099,안경현,OB,타자,,3B,25,2,1.55,299,1,,
1995,1239,김형석,OB,타자,,1B,33,5,1.21,464,1,,
1995,10264,정수근,OB,타자,,CF,18,1,-0.22,178,1,,
1995,1695,권명철,OB,투수,,SP,26,3,5.2,580,1,,
1995,1777,이용호,OB,투수,,RP,25,2,3.44,305,1,,
1995,10543,이도형,OB,타자,,C,20,2,3.06,307,1,,
1995,1436,김종석,OB,타자,,1B,24,2,2.59,433,1,,
1995,1682,장원진,OB,타자,,LF,26,3,1.87,439,1,,
1995,1524,임형석,OB,타자,,3B,27,1,0.65,287,1,,
1995,1613,강병규,OB,투수,,SP,23,2,0.51,311,1,,
1995,1426,이광우,OB,투수,,RP,30,4,-0.45,36,1,,
1995,1612,강길용,OB,투수,,RP,27,1,0.65,136,1,,
1995,1863,한태균,OB,투수,,RP,24,2,0.4,86,1,,
1995,1741,소상영,OB,타자,,LF,22,1,0.3,72,1,,
1995,1757,추성건,OB,타자,,3B,25,2,0.3,47,1,,
1995,11472,김태형,OB,타자,,C,28,2,0.23,215,1,,
1995,1864,홍우태,OB,투수,,RP,24,2,0.09,21,1,,
1995,1736,김종성,OB,타자,,LF,26,1,-0.09,34,1,,
1995,1903,송재용,OB,투수,,SP,23,1,-0.28,183,1,,
1995,1501,강형석,OB,타자,,LF,27,1,-0.3,33,1,,
1995,1495,홍길남,OB,투수,,RP,24,1,-0.34,61,1,,
1995,1814,윤기수,OB,타자,,1B,24,1,-0.67,51,1,,
1995,1347,박현영,OB,타자,,C,27,2,-1.1,101,1,,
1995,1834,주형광,롯데,투수,,SP,19,4,5.34,601,1,,
1995,10418,전준호,롯데,타자,,CF,26,4,5.28,540,1,,
1995,1330,윤학길,롯데,투수,,SP,34,5,3.19,478,1,,
1995,1561,박정태,롯데,타자,,2B,26,3,3.06,201,1,,
1995,1404,김응국,롯데,타자,,LF,29,5,4.27,435,1,,
1995,1865,마해영,롯데,타자,,1B,25,2,3.32,551,1,,
1995,1689,염종석,롯데,투수,,SP,22,3,3.2,381,1,,
1995,1539,박동희,롯데,투수,,RP,27,4,2.57,180,1,,
1995,1195,김민호,롯데,타자,,1B,34,5,-0.75,310,1,,
1995,1837,강상수,롯데,투수,,SP,24,2,1.99,306,1,,
1995,10550,김민재,롯데,타자,,SS,22,2,1.68,383,1,,
1995,1256,한영준,롯데,타자,,3B,33,3,-0.21,114,1,,
1995,1503,공필성,롯데,타자,,3B,28,4,3.54,476,1,,
1995,1691,김상현,롯데,투수,,RP,27,2,2.29,267,1,,
1995,10123,가득염,롯데,투수,,SP,26,3,0.86,290,1,,
1995,10246,박현승,롯데,타자,,3B,23,1,0.67,118,1,,
1995,1690,윤형배,롯데,투수,,SP,26,2,0.65,203,1,,
1995,10511,박지철,롯데,투수,,RP,20,2,0.31,232,1,,
1995,1819,임수혁,롯데,타자,,C,26,1,2.65,300,1,,
1995,11473,이종운,롯데,타자,,RF,29,3,1.34,198,1,,
1995,1482,윤동배,롯데,투수,,SP,29,1,1.02,85,1,,
1995,1908,장승익,롯데,투수,,RP,19,1,0.89,75,1,,
1995,1800,김종훈,롯데,타자,,LF,23,1,0.48,172,1,,
1995,1648,강성우,롯데,타자,,C,25,2,0.42,173,1,,
1995,1511,김종헌,롯데,타자,,LF,29,2,0.33,306,1,,
1995,1752,조규철,롯데,타자,,2B,26,1,0.28,86,1,,
1995,1617,권영진,롯데,투수,,RP,27,1,0.21,15,1,,
1995,1900,박부성,롯데,투수,,RP,19,1,0.18,104,1,,
1995,1899,박보현,롯데,투수,,RP,23,1,0.14,17,1,,
1995,1483,이상번,롯데,투수,,RP,25,2,0.08,44,1,,
1995,1893,김경환,롯데,투수,,RP,25,1,-0.02,55,1,,
1995,1809,손동일,롯데,타자,,LF,24,1,-0.03,219,1,,
1995,1200,조성옥,롯데,타자,,RF,34,1,-0.1,44,1,,
1995,1433,김선일,롯데,타자,,C,30,1,-0.13,49,1,,
1995,1653,김미호,롯데,타자,,DH,28,1,-0.24,64,1,,
1995,1628,김태석,롯데,투수,,RP,28,1,-0.27,65,1,,
1995,1472,김상엽,삼성,투수,,SP,25,4,7.23,575,1,,
1995,10339,양준혁,삼성,타자,,LF,26,5,7.06,527,1,,
1995,1763,박충식,삼성,투수,,SP,25,4,2.7,384,1,,
1995,1025,이만수,삼성,타자,,DH,37,5,1.72,192,1,,
1995,1196,김성래,삼성,타자,,2B,34,5,0.86,144,1,,
1995,1352,이정훈,삼성,타자,,RF,32,5,0.57,257,1,,
1995,10881,이승엽,삼성,타자,,1B,19,3,3.13,411,1,Y,
1995,1693,김태한,삼성,투수,,CL,26,4,2.46,291,1,,5→4
1995,1315,성준,삼성,투수,,SP,33,5,1.42,378,1,,
1995,11467,류중일,삼성,타자,,SS,32,5,0.65,172,1,,
1995,1694,오봉옥,삼성,투수,,SP,27,2,2.9,400,1,,
1995,1651,동봉철,삼성,타자,,CF,25,3,1.68,346,1,,
1995,12964,김한수,삼성,타자,,3B,24,2,0.65,100,1,,
1995,1420,강기웅,삼성,타자,,2B,31,5,0.53,199,1,,
1995,1901,박석진,삼성,투수,,SP,23,2,0.35,218,1,,
1995,1252,이종두,삼성,타자,,RF,33,3,-0.08,138,1,,
1995,1816,이동수,삼성,타자,,3B,22,2,4.06,478,1,,
1995,1284,김성현,삼성,타자,,C,32,3,1.93,252,1,,
1995,1672,신동주,삼성,타자,,CF,23,2,0.9,361,1,,
1995,1904,신성필,삼성,투수,,RP,19,2,0.55,203,1,,
1995,1797,김실,삼성,타자,,LF,28,2,-0.07,178,1,,
1995,1781,최한경,삼성,투수,,SP,21,2,-0.14,251,1,,
1995,10321,김재걸,삼성,타자,,SS,23,1,1.76,311,1,,
1995,1441,박선일,삼성,타자,,C,29,2,0.65,140,1,,
1995,1645,최한림,삼성,투수,,RP,24,1,0.45,125,2,,
1995,1429,강종필,삼성,타자,,LF,28,1,0.2,32,1,,
1995,1841,곽채진,삼성,투수,,RP,22,1,0.15,177,1,,
1995,1860,최용희,삼성,투수,,RP,23,1,0.03,20,1,,
1995,1874,김영진,삼성,타자,,C,23,1,-0.07,37,1,,
1995,1626,김승남,삼성,투수,,RP,23,2,-0.09,109,1,,
1995,1890,차상욱,삼성,타자,,2B,23,1,-0.14,61,1,,
1995,1652,강두곤,삼성,타자,,DH,26,1,-0.17,45,1,,
1995,1719,강태윤,삼성,타자,,LF,30,1,-0.24,62,1,,
1995,1803,김태균,삼성,타자,,SS,24,1,-0.5,127,1,,
1995,1820,임채영,삼성,타자,,C,24,1,-0.76,134,1,,
1995,1203,김광림,쌍방울,타자,,CF,34,4,5.93,489,1,,
1995,11474,김기태,쌍방울,타자,,1B,26,5,5.86,482,1,,
1995,13285,최태원,쌍방울,타자,,2B,25,3,4.76,548,1,,
1995,10080,박경완,쌍방울,타자,,C,23,2,4.73,429,1,,
1995,1608,조규제,쌍방울,투수,,RP,28,5,0,32,1,,
1995,1619,김기덕,쌍방울,투수,,RP,27,2,2.96,349,1,,
1995,1581,김호,쌍방울,타자,,SS,28,2,1.57,354,1,,
1995,14890,김원형,쌍방울,투수,,SP,23,2,0.38,431,1,,
1995,1338,백인수,쌍방울,타자,,RF,32,4,1.52,394,1,,
1995,1337,박철우,쌍방울,타자,,DH,31,3,1.01,315,1,,
1995,1271,장채근,쌍방울,타자,,C,31,3,0.13,140,1,,
1995,1292,박노준,쌍방울,타자,,LF,33,5,0.12,371,1,,
1995,12657,조원우,쌍방울,타자,,LF,24,2,-0.07,95,1,,
1995,1019,신경식,쌍방울,타자,,1B,34,2,-0.11,49,1,,
1995,1898,김진철,쌍방울,투수,,RP,23,2,1.25,240,1,,
1995,1883,심성보,쌍방울,타자,,RF,22,2,1.08,329,1,,
1995,1630,박진석,쌍방울,투수,,SP,27,2,0.82,342,1,,
1995,1775,성영재,쌍방울,투수,,SP,24,2,0.07,462,1,,
1995,1854,유현승,쌍방울,투수,,SP,24,2,0.01,429,1,,
1995,1698,김석기,쌍방울,투수,,SP,28,2,-0.09,298,1,,
1995,1629,박성기,쌍방울,투수,,SP,26,2,-0.15,324,1,,
1995,1465,유명선,쌍방울,투수,,RP,30,2,-0.6,174,1,,
1995,1824,정기창,쌍방울,타자,,LF,25,1,1.07,208,1,,
1995,1645,최한림,쌍방울,투수,,RP,24,1,0.32,17,1,,
1995,1801,김주성,쌍방울,타자,,SS,23,1,0.26,74,1,,
1995,1350,이연수,쌍방울,타자,,RF,32,1,0.17,38,1,,
1995,1839,고형욱,쌍방울,투수,,RP,24,1,0,53,1,,
1995,1911,조한철,쌍방울,투수,,RP,25,1,-0.01,95,1,,
1995,1378,길홍규,쌍방울,타자,,DH,30,1,-0.17,49,1,,
1995,1448,윤재호,쌍방울,타자,,SS,28,1,-0.23,176,1,,
1995,1743,송태일,쌍방울,타자,,2B,25,1,-0.33,93,1,,
1995,1843,김민국,쌍방울,투수,,RP,23,1,-0.48,47,1,,
1995,1464,정명원,태평양,투수,,CL,29,5,3.66,309,1,,
1995,1716,정민태,태평양,투수,,SP,25,2,2.19,564,1,,
1995,1281,김동기,태평양,타자,,C,31,5,0.21,200,1,,
1995,1370,최창호,태평양,투수,,SP,29,4,-0.45,82,1,,
1995,1505,김경기,태평양,타자,,1B,27,4,3.73,398,1,,5→4
1995,1886,위재영,태평양,투수,,SP,23,4,2.53,473,1,,
1995,10402,이숭용,태평양,타자,,1B,24,2,1.8,300,1,,
1995,1247,윤덕규,태평양,타자,,RF,32,5,0.1,258,1,,
1995,1463,박은진,태평양,투수,,RP,31,3,0.05,67,1,,
1995,10158,조웅천,태평양,투수,,RP,24,2,2.2,242,1,,
1995,10616,최상덕,태평양,투수,,SP,24,3,-0.54,88,1,,
1995,1428,강영수,태평양,타자,,LF,30,2,3.33,484,1,,
1995,1504,권준헌,태평양,타자,,3B,24,2,3.01,419,1,,
1995,1435,김인호,태평양,타자,,LF,28,2,1.79,305,1,,
1995,1769,김홍집,태평양,투수,,SP,24,3,1.7,282,1,,
1995,1770,노승욱,태평양,투수,,RP,21,2,0.89,215,1,,
1995,1711,안병원,태평양,투수,,SP,22,4,0.85,352,1,,
1995,1235,김성갑,태평양,타자,,3B,33,2,0.51,325,1,,
1995,1611,가내영,태평양,투수,,SP,24,2,0.12,291,1,,
1995,1237,김용국,태평양,타자,,3B,33,2,-0.17,152,1,,
1995,1754,지화선,태평양,타자,,LF,25,1,1.43,193,1,,
1995,1455,이희성,태평양,타자,,2B,29,3,1.26,265,1,,
1995,10153,전준호,태평양,투수,,RP,20,1,1.13,180,1,,
1995,1688,황윤성,태평양,타자,,1B,21,1,0.89,52,1,,
1995,1795,김성태,태평양,타자,,C,24,1,0.3,161,1,,
1995,1593,이근엽,태평양,타자,,3B,23,1,0.21,234,1,,
1995,1896,김억만,태평양,투수,,RP,19,1,0.18,93,1,,
1995,1784,하득인,태평양,타자,,DH,29,1,-0.03,299,1,,
1995,1868,김병철,태평양,타자,,LF,23,1,-0.07,30,1,,
1995,11468,염경엽,태평양,타자,,SS,27,3,-0.1,186,1,,
1995,12722,장광호,태평양,타자,,C,28,1,-0.1,112,1,,
1995,1848,문창환,태평양,투수,,RP,20,2,-0.13,48,1,,
1995,1889,이용주,태평양,타자,,1B,19,1,-0.16,63,1,,
1995,1726,계기범,태평양,타자,,LF,25,1,-0.24,33,1,,
1995,1749,장용대,태평양,타자,,LF,21,1,-0.29,71,1,,
1995,1844,김민범,태평양,투수,,RP,22,1,-0.36,34,1,,
1995,1423,이종호,태평양,타자,,DH,28,1,-0.46,51,1,,
1995,1354,장종훈,한화,타자,,1B,27,5,6.21,498,1,,
1995,13282,한용덕,한화,투수,,SP,30,5,3.4,541,1,,
1995,10613,정민철,한화,투수,,SP,23,5,3.06,488,1,,
1995,10597,송진우,한화,투수,,SP,29,3,2.91,549,1,,
1995,10580,구대성,한화,투수,,CL,26,2,1.29,465,1,,
1995,12994,이상군,한화,투수,,SP,33,3,0.13,291,1,,
1995,1299,이강돈,한화,타자,,LF,34,4,1.72,326,1,,
1995,1553,이상목,한화,투수,,SP,24,2,1.82,403,1,,
1995,1421,강석천,한화,타자,,3B,28,2,0.57,279,1,,
1995,1282,김상국,한화,타자,,C,32,4,0.45,149,1,,
1995,1722,정영규,한화,타자,,RF,25,2,3.71,446,1,,
1995,1434,김용선,한화,타자,,2B,25,2,2.84,432,1,,
1995,1527,정경훈,한화,타자,,SS,23,3,1.92,255,1,,
1995,1425,황대연,한화,타자,,3B,28,2,1.22,354,1,,
1995,14993,강인권,한화,타자,,C,23,1,1.53,297,1,,
1995,1785,박지상,한화,타자,,CF,20,2,1.42,285,1,,
1995,1566,임주택,한화,타자,,LF,27,1,0.93,157,1,,
1995,1748,이민호,한화,타자,,3B,26,2,0.81,175,1,,
1995,1810,신진수,한화,타자,,LF,23,1,0.35,164,1,,
1995,1759,허준,한화,타자,,SS,25,1,0.32,192,1,,
1995,1895,공용우,한화,투수,,RP,23,1,0.32,32,1,,
1995,1727,고기성,한화,타자,,LF,25,1,0.28,43,1,,
1995,1873,김영진,한화,타자,,DH,19,1,0.21,142,1,,
1995,1657,김일혁,한화,타자,,LF,25,1,0.18,75,1,,
1995,12707,조경택,한화,타자,,C,25,1,0.05,41,1,,
1995,1704,나성열,한화,투수,,RP,23,2,-0.02,26,1,,
1995,1905,신재웅,한화,투수,,SP,23,1,-0.04,159,1,,
1995,1871,김승권,한화,타자,,1B,19,1,-0.26,120,1,,
1995,1685,지연규,한화,투수,,SP,26,1,-0.32,84,1,,
1995,1412,이국성,한화,투수,,RP,30,2,-0.36,24,1,,
1995,1484,이은승,한화,투수,,RP,24,1,-0.36,30,1,,
1995,1623,김민태,한화,투수,,RP,24,1,-0.44,159,1,,
1995,1276,강정길,한화,타자,,1B,33,3,-0.55,269,1,,
1995,1910,정의성,한화,투수,,RP,23,1,-0.66,94,1,,
1995,1499,홍현우,해태,타자,,3B,23,5,7.39,531,1,,
1995,1263,선동열,해태,투수,,CL,32,5,6.3,328,1,,
1995,10036,이종범,해태,타자,,SS,25,5,5.45,272,1,,
1995,12724,조계현,해태,투수,,SP,31,5,5.3,378,1,,
1995,10062,이대진,해태,투수,,SP,21,2,4.87,505,1,,
1995,13923,이강철,해태,투수,,SP,29,5,3.24,450,1,,
1995,1250,이순철,해태,타자,,CF,34,5,-0.86,374,1,,
1995,12726,김성한,해태,타자,,1B,37,3,-1.47,255,1,,
1995,1314,김정수,해태,투수,,SP,33,5,1.78,326,1,,
1995,1500,이호성,해태,타자,,RF,28,5,0.59,205,1,,
1995,11281,임창용,해태,투수,,RP,19,1,-0.04,88,1,,
1995,1365,송유석,해태,투수,,RP,29,4,2.94,362,1,,
1995,1193,김상훈,해태,타자,,1B,35,3,0.6,200,1,,
1995,1467,강태원,해태,투수,,RP,24,2,2.09,260,1,,
1995,1564,양회열,해태,타자,,2B,24,2,1.41,405,1,,
1995,10743,최향남,해태,투수,,SP,24,2,0.67,203,1,,
1995,1907,이원식,해태,투수,,SP,23,2,0.64,311,1,,
1995,1647,박재벌,해태,타자,,LF,27,2,0.59,373,1,,
1995,1225,문희수,해태,투수,,RP,30,1,-0.28,44,1,,
1995,1787,박재용,해태,타자,,RF,26,1,2.34,251,1,,
1995,1300,이건열,해태,타자,,LF,32,2,1.51,302,1,,
1995,1498,이병훈,해태,타자,,RF,28,2,0.39,106,1,,
1995,1778,이우혁,해태,투수,,RP,20,1,0.39,109,1,,
1995,1649,구한성,해태,타자,,1B,25,1,0.27,133,1,,
1995,1590,송인호,해태,타자,,2B,27,1,0.1,210,1,,
1995,1650,김병조,해태,타자,,DH,26,2,0.01,144,1,,
1995,1607,최해식,해태,타자,,C,27,1,0,284,1,,
1995,1802,김지영,해태,타자,,C,21,1,-0.23,40,1,,
1995,1697,김봉영,해태,투수,,RP,22,1,-0.23,16,1,,
1995,1449,이경복,해태,타자,,DH,25,2,-0.27,198,1,,
1995,1720,김훈,해태,타자,,RF,25,1,-0.36,91,1,,
1995,1579,김재덕,해태,타자,,DH,22,1,-0.38,64,1,,
1995,1440,박병호,해태,타자,,C,25,1,-0.48,94,1,,
1996,1783,류지현,LG,타자,,SS,25,4,4.87,466,1,,
1996,1867,심재학,LG,타자,,RF,24,2,4.57,471,1,,
1996,10109,김재현,LG,타자,,LF,21,3,3.78,482,1,,
1996,10386,김동수,LG,타자,,C,28,5,2.96,385,1,,
1996,1762,이상훈,LG,투수,,RP,25,5,2.58,298,1,,
1996,1259,김용수,LG,투수,,RP,36,5,1.96,392,1,,
1996,1258,정삼흠,LG,투수,,SP,35,4,0.92,409,1,,
1996,1144,한대화,LG,타자,,3B,36,5,0.46,154,1,,
1996,1289,김태원,LG,투수,,SP,32,4,1.77,470,1,,
1996,1439,노찬엽,LG,타자,,LF,31,2,2.1,351,1,,
1996,1589,송구홍,LG,타자,,3B,28,2,1.83,414,1,,
1996,1469,김기범,LG,투수,,SP,31,4,0.43,309,1,,
1996,1327,신동수,LG,투수,,RP,30,2,0.38,123,1,,
1996,1782,서용빈,LG,타자,,1B,25,3,-0.05,282,1,,
1996,1457,최훈재,LG,타자,,1B,29,2,1.59,322,1,,
1996,1850,박철홍,LG,투수,,SP,26,2,1,394,1,,
1996,1686,차명석,LG,투수,,RP,27,2,0.56,214,1,,
1996,1497,김선진,LG,타자,,1B,29,2,0.07,374,1,,
1996,1316,차동철,LG,투수,,RP,33,2,-0.58,233,1,,
1996,10458,김정민,LG,타자,,C,26,2,1,72,1,,
1996,14566,허문회,LG,타자,,1B,24,1,0.57,89,1,,
1996,1882,신국환,LG,타자,,2B,24,1,0.4,31,1,,
1996,10478,이종열,LG,타자,,2B,23,2,0.36,210,1,,
1996,1866,조현,LG,타자,,CF,20,2,0.16,205,1,,
1996,1590,송인호,LG,타자,,2B,28,1,0.06,44,1,,
1996,1859,최승민,LG,투수,,RP,22,1,0.01,156,1,,
1996,14564,손혁,LG,투수,,SP,23,1,-0.08,31,1,,
1996,1707,민원기,LG,투수,,RP,27,1,-0.12,60,1,,
1996,1952,김기진,LG,투수,,RP,19,1,-0.15,21,1,,
1996,1425,황대연,LG,타자,,3B,29,2,-0.2,193,1,,
1996,1594,이우수,LG,타자,,SS,24,2,-0.21,77,1,,
1996,1637,이병석,LG,투수,,RP,25,1,-0.22,63,1,,
1996,1955,김정훈,LG,투수,,RP,20,1,-0.32,30,1,,
1996,10481,최동수,LG,타자,,C,25,1,-0.34,92,1,,
1996,10465,권용관,LG,타자,,SS,20,1,-0.46,37,1,,
1996,1618,김기덕,LG,투수,,RP,28,1,-0.49,35,1,,
1996,1953,김도완,LG,투수,,SP,25,1,-0.63,123,1,,
1996,1894,진필중,OB,투수,,SP,24,2,3.74,573,1,,
1996,1811,심정수,OB,타자,,RF,21,2,2.39,425,1,,
1996,1105,박철순,OB,투수,,SP,40,3,1.33,206,1,,
1996,1624,김상진,OB,투수,,SP,26,5,0.52,282,1,,
1996,1380,김상호,OB,타자,,RF,31,5,3.28,487,1,,
1996,1450,이명수,OB,타자,,2B,30,5,2.57,392,1,,
1996,1761,김경원,OB,투수,,RP,25,2,0.73,142,1,,
1996,10099,안경현,OB,타자,,3B,26,2,2.05,475,1,,
1996,10510,박명환,OB,투수,,SP,19,2,1.89,556,1,,
1996,10264,정수근,OB,타자,,CF,19,2,1.83,551,1,,
1996,1724,김민호,OB,타자,,SS,27,5,0.79,63,1,,
1996,1239,김형석,OB,타자,,1B,34,4,0.74,475,1,,
1996,1612,강길용,OB,투수,,RP,28,2,1.24,242,1,,
1996,1613,강병규,OB,투수,,SP,24,2,0.61,365,1,,
1996,14231,최기문,OB,타자,,C,23,1,0.01,95,1,,
1996,1426,이광우,OB,투수,,SP,31,2,-0.19,160,1,,
1996,1436,김종석,OB,타자,,1B,25,4,-0.26,192,1,,
1996,1524,임형석,OB,타자,,3B,28,2,-0.31,133,1,,
1996,1773,박상근,OB,투수,,RP,26,1,1.66,178,1,,
1996,10507,류택현,OB,투수,,RP,25,2,0.9,105,1,,
1996,11472,김태형,OB,타자,,C,29,2,0.64,263,1,,
1996,1863,한태균,OB,투수,,RP,25,2,0.54,152,1,,
1996,1501,강형석,OB,타자,,LF,28,1,0.47,230,1,,
1996,1347,박현영,OB,타자,,C,28,2,0.41,140,1,,
1996,1897,김유봉,OB,투수,,RP,20,1,0.3,58,1,,
1996,1847,마원성,OB,투수,,RP,22,1,0.26,47,1,,
1996,1823,전형도,OB,타자,,2B,25,1,0,261,1,,
1996,1814,윤기수,OB,타자,,1B,25,1,-0.01,92,1,,
1996,1495,홍길남,OB,투수,,RP,25,1,-0.02,26,1,,
1996,1777,이용호,OB,투수,,RP,26,3,-0.1,121,1,,
1996,1969,한명윤,OB,투수,,RP,19,1,-0.13,46,1,,
1996,1918,강영수,OB,타자,,LF,23,1,-0.24,77,1,,
1996,1888,이보형,OB,타자,,LF,24,1,-0.49,71,1,,
1996,1760,황일권,OB,타자,,2B,27,1,-0.5,109,1,,
1996,1864,홍우태,OB,투수,,RP,25,1,-0.64,78,1,,
1996,1741,소상영,OB,타자,,LF,23,1,-0.68,55,1,,
1996,1834,주형광,롯데,투수,,SP,20,4,5.43,650,1,,
1996,1561,박정태,롯데,타자,,2B,27,5,2.8,405,1,,
1996,10418,전준호,롯데,타자,,LF,27,5,2.2,377,1,,
1996,1865,마해영,롯데,타자,,1B,26,2,1.45,467,1,,
1996,1330,윤학길,롯데,투수,,SP,35,5,0.05,159,1,,
1996,1404,김응국,롯데,타자,,LF,30,5,5.16,518,1,,
1996,1539,박동희,롯데,투수,,SP,28,4,0.9,209,1,,
1996,1195,김민호,롯데,타자,,1B,35,5,0.14,108,1,,
1996,1837,강상수,롯데,투수,,SP,25,3,2.7,530,1,,
1996,10550,김민재,롯데,타자,,SS,23,2,1.22,349,1,,
1996,1819,임수혁,롯데,타자,,C,27,2,4.73,431,1,,
1996,1628,김태석,롯데,투수,,SP,29,2,3.59,384,1,,
1996,10246,박현승,롯데,타자,,3B,24,2,2.46,410,1,,
1996,1900,박부성,롯데,투수,,RP,20,2,1.77,269,1,,
1996,1923,김대익,롯데,타자,,CF,23,1,1.25,263,1,,
1996,1503,공필성,롯데,타자,,3B,29,5,0.8,344,1,,
1996,10511,박지철,롯데,투수,,SP,21,2,0.7,299,1,,
1996,1690,윤형배,롯데,투수,,RP,27,2,0.23,81,1,,
1996,1691,김상현,롯데,투수,,RP,28,4,0.07,103,1,,
1996,1800,김종훈,롯데,타자,,LF,24,1,1.81,269,1,,
1996,10123,가득염,롯데,투수,,RP,27,2,0.55,151,1,,
1996,1648,강성우,롯데,타자,,C,26,2,0.49,167,1,,
1996,1899,박보현,롯데,투수,,RP,24,1,0.36,138,1,,
1996,1872,김영일,롯데,타자,,LF,25,1,0.24,72,1,,
1996,1610,김태형,롯데,투수,,RP,24,1,0.04,73,1,,
1996,1954,김영복,롯데,투수,,RP,23,1,-0.06,15,1,,
1996,1511,김종헌,롯데,타자,,LF,30,2,-0.1,285,1,,
1996,1653,김미호,롯데,타자,,DH,29,1,-0.1,46,1,,
1996,1483,이상번,롯데,투수,,RP,26,1,-0.11,132,1,,
1996,1880,박종일,롯데,타자,,LF,24,1,-0.39,79,1,,
1996,1809,손동일,롯데,타자,,LF,25,1,-0.48,34,1,,
1996,1967,차명주,롯데,투수,,RP,23,4,-0.75,138,1,,
1996,10339,양준혁,삼성,타자,,RF,27,5,8.91,530,1,,
1996,10881,이승엽,삼성,타자,,1B,20,3,3.43,504,1,Y,
1996,1763,박충식,삼성,투수,,RP,26,4,3.39,269,1,,
1996,1025,이만수,삼성,타자,,DH,38,4,2.02,222,1,,
1996,1472,김상엽,삼성,투수,,RP,26,5,0.4,63,1,,
1996,1352,이정훈,삼성,타자,,RF,33,4,0.31,156,1,,3→4
1996,1196,김성래,삼성,타자,,2B,35,5,0.07,42,1,,
1996,11467,류중일,삼성,타자,,SS,33,4,2.29,413,1,,
1996,1315,성준,삼성,투수,,SP,34,5,0.9,150,1,,
1996,1693,김태한,삼성,투수,,SP,27,5,0.59,259,1,,
1996,1816,이동수,삼성,타자,,3B,23,2,1.67,277,1,,
1996,1415,장정순,삼성,투수,,RP,32,2,1.1,201,1,,
1996,1252,이종두,삼성,타자,,RF,34,2,0.82,156,1,,
1996,1651,동봉철,삼성,타자,,CF,26,3,-0.04,47,1,,
1996,1901,박석진,삼성,투수,,RP,24,1,-0.04,173,1,,
1996,1540,이태일,삼성,투수,,SP,29,3,-0.34,137,1,,
1996,12964,김한수,삼성,타자,,3B,25,2,-0.46,59,1,,
1996,1965,전병호,삼성,투수,,SP,23,2,3.34,326,1,,
1996,1554,이상훈,삼성,투수,,RP,25,2,1.73,229,1,,
1996,1968,최창양,삼성,투수,,SP,23,2,1.51,378,1,,
1996,10321,김재걸,삼성,타자,,2B,24,2,1,362,1,,
1996,1949,최재호,삼성,투수,,SP,23,2,0.62,379,1,,
1996,1828,최익성,삼성,타자,,CF,24,1,0.55,155,1,,
1996,10102,정경배,삼성,타자,,2B,22,1,0.15,220,1,,
1996,1284,김성현,삼성,타자,,C,33,3,-0.02,125,1,,
1996,1803,김태균,삼성,타자,,SS,25,1,1.52,259,1,,
1996,1672,신동주,삼성,타자,,CF,24,2,1,201,1,,
1996,1645,최한림,삼성,투수,,RP,25,2,0.45,153,1,,
1996,1441,박선일,삼성,타자,,C,30,2,0.36,79,1,,
1996,1870,김승관,삼성,타자,,1B,20,1,0.3,75,1,,
1996,1781,최한경,삼성,투수,,RP,22,1,0.23,128,1,,
1996,1353,이중화,삼성,타자,,RF,32,2,0.19,174,1,,
1996,1964,장형석,삼성,투수,,SP,20,1,0.01,52,1,,
1996,1830,최형현,삼성,타자,,C,24,1,-0.1,30,1,,
1996,1890,차상욱,삼성,타자,,2B,24,1,-0.12,43,1,,
1996,1720,김훈,삼성,타자,,RF,26,1,-0.16,98,1,,
1996,1498,이병훈,삼성,타자,,RF,29,2,-0.21,129,1,,
1996,10194,전상렬,삼성,타자,,LF,24,1,-0.25,39,1,,
1996,1945,하춘동,삼성,타자,,LF,19,1,-0.31,41,1,,
1996,1841,곽채진,삼성,투수,,RP,23,1,-0.45,80,1,,
1996,1904,신성필,삼성,투수,,RP,20,1,-0.59,99,1,,
1996,1874,김영진,삼성,타자,,C,24,1,-1,160,1,,
1996,1203,김광림,쌍방울,타자,,CF,35,5,3.95,509,1,,
1996,10080,박경완,쌍방울,타자,,C,24,4,3.86,480,1,,5→4
1996,1608,조규제,쌍방울,투수,,CL,29,4,2.56,179,1,,
1996,11474,김기태,쌍방울,타자,,1B,27,5,2.4,366,1,,
1996,13285,최태원,쌍방울,타자,,2B,26,5,1.97,523,1,,
1996,1619,김기덕,쌍방울,투수,,SP,28,3,3.66,338,1,,
1996,1581,김호,쌍방울,타자,,SS,29,3,1.17,447,1,,
1996,14890,김원형,쌍방울,투수,,SP,24,2,0.72,380,1,,
1996,1768,김현욱,쌍방울,투수,,RP,26,2,2.96,298,1,,
1996,1694,오봉옥,쌍방울,투수,,SP,28,3,2.81,406,1,,
1996,1292,박노준,쌍방울,타자,,LF,34,2,1.77,153,1,,
1996,1338,백인수,쌍방울,타자,,RF,33,3,0.43,148,1,,
1996,12657,조원우,쌍방울,타자,,LF,25,2,0.31,336,1,,
1996,1337,박철우,쌍방울,타자,,DH,32,2,-0.02,43,1,,
1996,1775,성영재,쌍방울,투수,,SP,25,2,5.05,444,1,,
1996,1797,김실,쌍방울,타자,,LF,29,2,3.05,487,1,,
1996,1883,심성보,쌍방울,타자,,RF,23,2,2.5,391,1,,
1996,1629,박성기,쌍방울,투수,,SP,27,2,1.33,281,1,,
1996,1914,석수철,쌍방울,타자,,3B,23,2,0.95,337,1,,
1996,1957,박주언,쌍방울,투수,,RP,23,2,0.17,200,1,,
1996,1465,유명선,쌍방울,투수,,SP,31,2,-0.12,20,1,,
1996,1951,최정환,쌍방울,투수,,RP,23,1,2,138,1,,
1996,1630,박진석,쌍방울,투수,,SP,28,2,1.25,178,1,,
1996,1843,김민국,쌍방울,투수,,RP,24,1,0.95,113,1,,
1996,1429,강종필,쌍방울,타자,,LF,29,1,0.69,116,1,,
1996,1854,유현승,쌍방울,투수,,SP,25,1,0.69,176,1,,
1996,1902,박성진,쌍방울,투수,,RP,24,1,0.33,20,1,,
1996,1534,진상봉,쌍방울,타자,,CF,31,2,0.32,82,1,,
1996,1698,김석기,쌍방울,투수,,RP,29,1,0.19,73,1,,
1996,1737,김충민,쌍방울,타자,,C,26,1,0.16,43,1,,
1996,1929,김현민,쌍방울,타자,,1B,23,1,0.16,111,1,,
1996,1824,정기창,쌍방울,타자,,LF,26,2,-0.06,52,1,,
1996,1960,신영균,쌍방울,투수,,RP,22,1,-0.62,108,1,,
1996,1378,길홍규,쌍방울,타자,,DH,31,1,-0.89,95,1,,
1996,10580,구대성,한화,투수,,CL,27,4,5.31,417,1,,
1996,10613,정민철,한화,투수,,SP,24,4,4.92,659,1,,
1996,10597,송진우,한화,투수,,SP,30,4,4.61,639,1,,
1996,1354,장종훈,한화,타자,,1B,28,5,2.71,340,1,,
1996,13282,한용덕,한화,투수,,SP,31,5,0.62,334,1,,
1996,12994,이상군,한화,투수,,SP,34,2,-0.69,71,1,Y,
1996,10412,송지만,한화,타자,,LF,23,2,4.26,460,1,,
1996,1299,이강돈,한화,타자,,LF,35,3,0.85,268,1,,
1996,10574,이영우,한화,타자,,LF,23,2,2.65,417,1,,
1996,1421,강석천,한화,타자,,3B,29,2,1.82,404,1,,
1996,1553,이상목,한화,투수,,SP,25,3,1.02,524,1,,
1996,14889,홍원기,한화,타자,,3B,23,2,2.13,450,1,,
1996,12707,조경택,한화,타자,,C,26,2,1.68,386,1,,
1996,1722,정영규,한화,타자,,RF,26,3,1.57,353,1,,
1996,1917,임수민,한화,타자,,2B,23,2,0.57,374,1,,
1996,1527,정경훈,한화,타자,,SS,24,3,0.52,115,1,,
1996,1905,신재웅,한화,투수,,SP,24,2,-0.14,249,1,,
1996,1801,김주성,한화,타자,,SS,24,1,0.54,116,1,,
1996,1566,임주택,한화,타자,,CF,28,2,0.47,145,1,,
1996,14993,강인권,한화,타자,,C,24,2,0.44,63,1,,
1996,1748,이민호,한화,타자,,3B,27,2,0.3,164,1,,
1996,1434,김용선,한화,타자,,2B,26,3,0.28,51,1,,
1996,1685,지연규,한화,투수,,RP,27,1,0.2,32,1,,
1996,1862,최호원,한화,투수,,RP,25,1,0.04,69,1,,
1996,1623,김민태,한화,투수,,RP,25,1,0.01,130,1,,
1996,1764,강봉수,한화,투수,,RP,25,1,-0.05,34,1,,
1996,1701,김재성,한화,투수,,RP,27,1,-0.07,65,1,,
1996,1810,신진수,한화,타자,,LF,24,1,-0.14,83,1,,
1996,1835,김성한,한화,투수,,RP,25,1,-0.15,70,1,,
1996,1484,이은승,한화,투수,,RP,25,1,-0.28,28,1,,
1996,1785,박지상,한화,타자,,CF,21,2,-0.29,42,1,,
1996,10449,이상열,한화,투수,,RP,19,1,-0.3,52,1,,
1996,1759,허준,한화,타자,,SS,26,1,-0.32,313,1,,
1996,1921,권오영,한화,타자,,1B,26,1,-0.4,64,1,,
1996,10036,이종범,해태,타자,,SS,26,5,9.94,525,1,,
1996,1499,홍현우,해태,타자,,3B,24,5,8.87,549,1,,
1996,12724,조계현,해태,투수,,SP,32,5,7.05,575,1,,
1996,13923,이강철,해태,투수,,SP,30,5,5.39,461,1,,
1996,10062,이대진,해태,투수,,SP,22,5,5.2,479,1,,
1996,1250,이순철,해태,타자,,CF,35,4,0.6,409,1,,
1996,1314,김정수,해태,투수,,CL,34,5,2.95,228,1,,
1996,11281,임창용,해태,투수,,RP,20,2,2.2,344,1,,
1996,1500,이호성,해태,타자,,RF,29,4,0.93,399,1,,3→4
1996,10032,장성호,해태,타자,,1B,19,1,0.02,211,1,,
1996,1365,송유석,해태,투수,,RP,30,4,0.58,214,1,,
1996,1651,동봉철,해태,타자,,CF,26,3,0.45,271,2,,
1996,10616,최상덕,해태,투수,,SP,25,1,-0.3,29,1,,
1996,10009,김종국,해태,타자,,2B,23,2,2.15,481,1,,
1996,1467,강태원,해태,투수,,SP,25,3,1.77,243,1,,
1996,1950,김상진,해태,투수,,SP,19,2,1.41,371,1,,
1996,1787,박재용,해태,타자,,RF,27,2,1.37,365,1,,
1996,10743,최향남,해태,투수,,RP,25,2,0.21,94,1,,
1996,1607,최해식,해태,타자,,C,28,2,-0.26,331,1,,
1996,1962,이용훈,해태,투수,,RP,21,1,0.91,57,1,,
1996,1779,이재만,해태,투수,,RP,26,1,0.82,99,1,,
1996,1647,박재벌,해태,타자,,LF,28,2,0.65,310,1,,
1996,1496,정회열,해태,타자,,C,28,2,0.61,128,1,,
1996,1650,김병조,해태,타자,,DH,27,1,0.48,87,1,,
1996,1944,최철민,해태,타자,,C,24,1,0.41,93,1,,
1996,1579,김재덕,해태,타자,,DH,23,1,-0.11,123,1,,
1996,1907,이원식,해태,투수,,SP,24,1,-0.17,178,1,,
1996,1958,박철웅,해태,투수,,RP,26,1,-0.21,17,1,,
1996,1300,이건열,해태,타자,,LF,33,2,-0.23,259,1,,
1996,1449,이경복,해태,타자,,DH,26,1,-0.89,90,1,,
1996,1716,정민태,현대,투수,,SP,26,3,5.8,631,1,,
1996,1886,위재영,현대,투수,,SP,24,4,4.76,545,1,,
1996,1464,정명원,현대,투수,,CL,30,5,3.27,291,1,,
1996,1370,최창호,현대,투수,,SP,30,2,1.63,421,1,,
1996,1281,김동기,현대,타자,,C,32,3,0.54,114,1,,
1996,1408,박정현,현대,투수,,RP,27,2,-0.26,47,1,,
1996,10113,박재홍,현대,타자,,CF,23,2,7.27,547,1,,
1996,10323,박진만,현대,타자,,SS,20,2,4.18,406,1,,
1996,1505,김경기,현대,타자,,1B,28,5,3.93,472,1,,
1996,10402,이숭용,현대,타자,,LF,25,2,3.59,442,1,,
1996,10158,조웅천,현대,투수,,RP,25,2,2.83,282,1,,
1996,1247,윤덕규,현대,타자,,RF,33,4,1.25,351,1,,
1996,1282,김상국,현대,타자,,C,33,3,-0.26,92,1,,2→3
1996,1435,김인호,현대,타자,,LF,29,2,3.66,499,1,,
1996,10153,전준호,현대,투수,,SP,21,2,2.1,414,1,,
1996,1611,가내영,현대,투수,,SP,25,2,1.81,400,1,,
1996,1428,강영수,현대,타자,,LF,31,4,0.15,86,1,,
1996,1711,안병원,현대,투수,,RP,23,3,-0.02,157,1,,
1996,10537,최원호,현대,투수,,RP,23,1,-0.1,47,1,,
1996,1423,이종호,현대,타자,,2B,29,1,0.52,113,1,,
1996,1728,공의식,현대,타자,,LF,26,1,0.4,81,1,,
1996,1754,지화선,현대,타자,,LF,26,2,0.25,39,1,,
1996,12966,장정석,현대,타자,,LF,23,1,0.15,191,1,,
1996,12722,장광호,현대,타자,,C,29,1,0.04,281,1,,
1996,1784,하득인,현대,타자,,DH,30,1,0,228,1,,
1996,1769,김홍집,현대,투수,,RP,25,3,-0.01,21,1,,
1996,1633,손영철,현대,투수,,RP,24,1,-0.1,36,1,,
1996,1455,이희성,현대,타자,,2B,30,3,-0.14,48,1,,
1996,1627,김익재,현대,투수,,RP,28,1,-0.18,91,1,,
1996,1742,손차훈,현대,타자,,2B,26,1,-0.2,120,1,,
1996,1504,권준헌,현대,타자,,3B,25,3,-0.24,289,1,,
1996,1913,안명성,현대,타자,,1B,23,1,-0.26,45,1,,
1996,1593,이근엽,현대,타자,,3B,24,1,-0.56,220,1,,
1997,10386,김동수,LG,타자,,C,29,5,4.58,472,1,,
1997,1783,류지현,LG,타자,,SS,26,5,4.26,569,1,,
1997,1867,심재학,LG,타자,,RF,25,4,3.81,478,1,,
1997,1762,이상훈,LG,투수,,CL,26,4,3.04,256,1,,
1997,1259,김용수,LG,투수,,SP,37,5,2.73,533,1,,
1997,10491,이병규,LG,타자,,CF,23,2,5.37,550,1,,
1997,1668,박종호,LG,타자,,2B,24,2,0.41,199,1,,
1997,1289,김태원,LG,투수,,SP,33,5,0.05,84,1,,
1997,1782,서용빈,LG,타자,,1B,26,2,3.28,459,1,,
1997,2013,임선동,LG,투수,,SP,24,4,2.9,407,1,,
1997,1651,동봉철,LG,타자,,CF,27,2,2.19,428,1,,
1997,1589,송구홍,LG,타자,,3B,29,3,0.74,258,1,,
1997,1365,송유석,LG,투수,,RP,31,3,0.66,235,1,,
1997,1327,신동수,LG,투수,,RP,31,1,0.36,37,1,,
1997,1319,김건우,LG,투수,,RP,34,1,0.1,35,1,,
1997,1439,노찬엽,LG,타자,,LF,32,3,-0.05,136,1,,
1997,1469,김기범,LG,투수,,RP,32,3,-0.37,114,1,,
1997,1686,차명석,LG,투수,,RP,28,2,3.67,358,1,,
1997,2014,전승남,LG,투수,,SP,23,2,3.05,369,1,,
1997,10743,최향남,LG,투수,,SP,26,2,2.76,361,1,,
1997,1882,신국환,LG,타자,,2B,25,2,1.68,455,1,,
1997,14564,손혁,LG,투수,,SP,24,2,1.09,336,1,,
1997,1443,박준태,LG,타자,,CF,30,2,-0.05,234,1,,
1997,1316,차동철,LG,투수,,RP,34,1,-0.52,33,1,,
1997,10069,장문석,LG,투수,,RP,23,1,-0.53,38,1,,
1997,1859,최승민,LG,투수,,RP,23,1,0.46,78,1,,
1997,1707,민원기,LG,투수,,RP,28,1,0.45,41,1,,
1997,10481,최동수,LG,타자,,C,26,1,0.29,130,1,,
1997,14566,허문회,LG,타자,,1B,25,1,0.05,180,1,,
1997,10465,권용관,LG,타자,,SS,21,1,0.01,60,1,,
1997,10504,김민기,LG,투수,,RP,20,1,0,24,1,,
1997,1497,김선진,LG,타자,,1B,30,1,-0.15,99,1,,
1997,1960,신영균,LG,투수,,RP,23,1,-0.19,15,1,,
1997,1624,김상진,OB,투수,,SP,27,5,2.61,409,1,,
1997,1894,진필중,OB,투수,,SP,25,3,1.24,392,1,,
1997,1811,심정수,OB,타자,,RF,22,3,1,145,1,,
1997,1352,이정훈,OB,타자,,RF,34,2,0.12,295,1,,
1997,1380,김상호,OB,타자,,RF,32,5,3.96,393,1,,
1997,1761,김경원,OB,투수,,CL,26,3,2.9,220,1,,
1997,10510,박명환,OB,투수,,SP,20,2,2.22,464,1,,
1997,1450,이명수,OB,타자,,2B,31,4,2.1,288,1,,
1997,10264,정수근,OB,타자,,CF,20,2,1.72,443,1,,
1997,1724,김민호,OB,타자,,SS,28,3,2.08,529,1,,
1997,10099,안경현,OB,타자,,3B,27,3,1,258,1,,
1997,10314,진갑용,OB,타자,,C,23,1,0.55,309,1,,
1997,1239,김형석,OB,타자,,1B,35,3,0.13,362,1,,
1997,10543,이도형,OB,타자,,C,22,2,0.04,229,1,,
1997,2011,이경필,OB,투수,,SP,23,2,2.4,380,1,,
1997,1613,강병규,OB,투수,,RP,25,2,1.57,309,1,,
1997,1426,이광우,OB,투수,,SP,32,2,0.92,357,1,,
1997,1682,장원진,OB,타자,,LF,28,3,0.72,377,1,,
1997,1695,권명철,OB,투수,,RP,28,4,0.62,88,1,,
1997,10046,김영수,OB,투수,,RP,22,2,0.12,196,1,,
1997,1612,강길용,OB,투수,,RP,29,2,0.08,200,1,,
1997,14231,최기문,OB,타자,,C,24,1,0.04,142,1,,
1997,1595,이종민,OB,타자,,2B,25,1,1.46,281,1,,
1997,10507,류택현,OB,투수,,RP,26,2,0.63,120,1,,
1997,11472,김태형,OB,타자,,C,30,2,0.52,92,1,,
1997,1979,문희성,OB,타자,,RF,24,1,0.49,196,1,,
1997,1969,한명윤,OB,투수,,RP,20,1,0.19,29,1,,
1997,2007,김환조,OB,투수,,RP,23,1,0.08,63,1,,
1997,1863,한태균,OB,투수,,RP,26,2,0,100,1,,
1997,1823,전형도,OB,타자,,2B,26,1,-0.04,44,1,,
1997,1888,이보형,OB,타자,,LF,25,1,-0.06,61,1,,
1997,1832,함석원,OB,타자,,RF,22,1,-0.08,33,1,,
1997,1741,소상영,OB,타자,,LF,24,1,-0.1,36,1,,
1997,1667,박상현,OB,타자,,LF,25,1,-0.11,89,1,,
1997,1798,김정규,OB,타자,,3B,24,1,-0.14,42,1,,
1997,1777,이용호,OB,투수,,RP,27,2,-0.28,36,1,,
1997,1970,강규철,OB,타자,,1B,23,1,-0.54,39,1,,
1997,1760,황일권,OB,타자,,2B,28,1,-0.57,32,1,,
1997,1865,마해영,롯데,타자,,1B,27,2,1.97,505,1,,
1997,1561,박정태,롯데,타자,,2B,28,5,0.04,384,1,,
1997,1834,주형광,롯데,투수,,SP,21,5,-0.11,395,1,,
1997,1689,염종석,롯데,투수,,SP,24,3,2.19,401,1,,
1997,1404,김응국,롯데,타자,,LF,31,5,1.06,236,1,,
1997,10284,손민한,롯데,투수,,RP,22,1,0.27,90,1,,
1997,10246,박현승,롯데,타자,,3B,25,3,4.13,430,1,,
1997,1923,김대익,롯데,타자,,CF,24,2,2.95,412,1,,
1997,10550,김민재,롯데,타자,,SS,24,3,0.81,316,1,,
1997,10593,문동환,롯데,투수,,RP,25,1,0.39,117,1,,
1997,1837,강상수,롯데,투수,,SP,26,4,0.3,305,1,,
1997,1816,이동수,롯데,타자,,3B,24,2,-0.38,50,2,,
1997,1901,박석진,롯데,투수,,RP,25,1,-0.38,120,1,,
1997,10511,박지철,롯데,투수,,SP,22,2,5.9,473,1,,
1997,1628,김태석,롯데,투수,,SP,30,2,1.72,329,1,,
1997,1819,임수혁,롯데,타자,,C,28,4,1.39,176,1,,5→4
1997,1503,공필성,롯데,타자,,3B,30,4,0.83,235,1,,
1997,1691,김상현,롯데,투수,,RP,29,3,0.7,90,1,,
1997,1967,차명주,롯데,투수,,SP,24,2,0.63,323,1,,
1997,1524,임형석,롯데,타자,,3B,29,1,0.23,73,1,,
1997,11473,이종운,롯데,타자,,RF,31,2,-0.18,317,1,,
1997,1899,박보현,롯데,투수,,RP,25,1,0.63,134,1,,
1997,2012,임봉춘,롯데,투수,,RP,23,1,0.31,101,1,,
1997,1939,유필선,롯데,타자,,LF,27,1,0.28,62,1,,
1997,1483,이상번,롯데,투수,,RP,27,1,0.22,39,1,,
1997,1809,손동일,롯데,타자,,LF,26,1,0.21,40,1,,
1997,1646,박계원,롯데,타자,,SS,27,2,0.14,114,1,,
1997,1880,박종일,롯데,타자,,LF,25,1,0.08,232,1,,
1997,1997,조유신,롯데,타자,,3B,22,1,0.07,81,1,,
1997,10123,가득염,롯데,투수,,RP,28,2,0.04,123,1,,
1997,1800,김종훈,롯데,타자,,LF,25,2,-0.03,91,1,,
1997,2004,김상현,롯데,투수,,RP,23,1,-0.1,122,1,,
1997,1900,박부성,롯데,투수,,RP,21,2,-0.11,66,1,,
1997,1752,조규철,롯데,타자,,2B,28,1,-0.18,56,1,,
1997,10296,이정훈,롯데,투수,,RP,20,1,-0.25,83,1,,
1997,1751,정호진,롯데,타자,,C,23,1,-0.28,32,1,,
1997,1934,배정훈,롯데,타자,,C,24,1,-0.34,114,1,,
1997,1648,강성우,롯데,타자,,C,27,2,-0.54,191,1,,
1997,1511,김종헌,롯데,타자,,LF,31,1,-0.66,147,1,,
1997,1555,이지환,롯데,타자,,1B,26,1,-0.7,94,1,,
1997,1872,김영일,롯데,타자,,LF,26,1,-0.84,162,1,,
1997,10339,양준혁,삼성,타자,,RF,28,5,7.53,561,1,,
1997,10881,이승엽,삼성,타자,,1B,21,4,6.3,577,1,Y,
1997,1472,김상엽,삼성,투수,,SP,27,5,4.25,452,1,,
1997,1763,박충식,삼성,투수,,SP,27,5,2.42,512,1,,
1997,1025,이만수,삼성,타자,,DH,39,5,0.29,57,1,,
1997,1693,김태한,삼성,투수,,CL,28,4,2.85,290,1,,
1997,1315,성준,삼성,투수,,SP,35,4,1.63,269,1,,
1997,11467,류중일,삼성,타자,,SS,34,5,1.4,248,1,,
1997,12964,김한수,삼성,타자,,3B,26,2,2.85,524,1,,
1997,1415,장정순,삼성,투수,,RP,33,3,0.14,38,1,,
1997,1816,이동수,삼성,타자,,3B,24,2,-0.98,54,1,,
1997,1828,최익성,삼성,타자,,CF,25,2,5.75,568,1,,
1997,1672,신동주,삼성,타자,,CF,25,2,5.05,452,1,,
1997,1803,김태균,삼성,타자,,SS,26,2,2.96,412,1,,
1997,10102,정경배,삼성,타자,,2B,23,2,2.94,486,1,,
1997,1949,최재호,삼성,투수,,RP,24,2,1.52,230,1,,
1997,1968,최창양,삼성,투수,,SP,24,2,1.04,250,1,,
1997,1965,전병호,삼성,투수,,SP,24,2,0.91,394,1,,
1997,10531,정성훈,삼성,투수,,SP,20,2,0.57,231,1,,
1997,1554,이상훈,삼성,투수,,RP,26,3,0.25,174,1,,
1997,1841,곽채진,삼성,투수,,RP,24,1,0.73,171,1,,
1997,1563,양용모,삼성,타자,,C,30,1,0.43,201,1,,
1997,2002,황성관,삼성,타자,,LF,23,1,0.26,210,1,,
1997,2008,변대수,삼성,투수,,RP,22,1,0.26,128,1,,
1997,1645,최한림,삼성,투수,,RP,26,2,0,48,1,,
1997,1836,감병훈,삼성,투수,,RP,26,1,-0.06,31,1,,
1997,1800,김종훈,삼성,타자,,LF,25,2,-0.08,156,2,,
1997,1347,박현영,삼성,타자,,C,29,2,-0.12,141,1,,
1997,1874,김영진,삼성,타자,,C,25,1,-0.26,180,1,,
1997,1959,박태순,삼성,투수,,RP,23,1,-0.28,61,1,,
1997,1945,하춘동,삼성,타자,,LF,20,1,-0.37,37,1,,
1997,11474,김기태,쌍방울,타자,,1B,28,5,7.08,478,1,,
1997,13285,최태원,쌍방울,타자,,2B,27,4,5.2,558,1,,
1997,10080,박경완,쌍방울,타자,,C,25,5,4.84,314,1,,
1997,1608,조규제,쌍방울,투수,,CL,30,4,2.46,233,1,,
1997,1196,김성래,쌍방울,타자,,2B,36,3,1.14,325,1,,
1997,1203,김광림,쌍방울,타자,,CF,36,5,0.35,88,1,,
1997,1144,한대화,쌍방울,타자,,3B,37,4,0.31,132,1,,
1997,1768,김현욱,쌍방울,투수,,RP,27,2,6.27,473,1,,
1997,14890,김원형,쌍방울,투수,,SP,25,2,3.96,471,1,,
1997,1619,김기덕,쌍방울,투수,,SP,29,4,0.5,315,1,,
1997,1581,김호,쌍방울,타자,,SS,30,3,0.29,405,1,,
1997,1775,성영재,쌍방울,투수,,SP,26,3,3.86,322,1,,
1997,12657,조원우,쌍방울,타자,,LF,26,2,2.61,489,1,,
1997,1337,박철우,쌍방울,타자,,DH,33,2,1.24,122,1,,
1997,1252,이종두,쌍방울,타자,,RF,35,2,0.12,38,1,,
1997,1694,오봉옥,쌍방울,투수,,RP,29,4,0.08,166,1,,
1997,1292,박노준,쌍방울,타자,,LF,35,3,-0.35,188,1,,
1997,1951,최정환,쌍방울,투수,,RP,24,2,1.9,324,1,,
1997,1797,김실,쌍방울,타자,,CF,30,2,1.5,418,1,,
1997,1883,심성보,쌍방울,타자,,RF,24,3,1.43,435,1,,
1997,1284,김성현,쌍방울,타자,,C,34,2,1.26,189,1,,
1997,10519,오상민,쌍방울,투수,,RP,23,2,0.58,231,1,,
1997,1690,윤형배,쌍방울,투수,,RP,28,2,0.53,52,1,,
1997,1428,강영수,쌍방울,타자,,LF,32,3,0.15,98,1,,
1997,1715,임창식,쌍방울,투수,,SP,28,1,1.35,179,1,,
1997,2015,정수찬,쌍방울,투수,,RP,24,1,0.67,134,1,,
1997,1902,박성진,쌍방울,투수,,RP,25,1,0.49,31,1,,
1997,1630,박진석,쌍방울,투수,,SP,29,2,0.39,88,1,,
1997,1429,강종필,쌍방울,타자,,LF,30,2,0.26,80,1,,
1997,1728,공의식,쌍방울,타자,,LF,27,1,0.02,127,1,,
1997,1929,김현민,쌍방울,타자,,1B,24,1,0.01,74,1,,
1997,1957,박주언,쌍방울,투수,,RP,24,1,-0.02,21,1,,
1997,1854,유현승,쌍방울,투수,,SP,26,2,-0.21,28,1,,
1997,1835,김성한,쌍방울,투수,,RP,26,1,-0.27,44,1,,
1997,1915,이봉우,쌍방울,타자,,3B,20,1,-0.52,80,1,,
1997,1843,김민국,쌍방울,투수,,RP,25,1,-0.58,179,1,,
1997,10613,정민철,한화,투수,,SP,25,5,6.19,626,1,,
1997,1354,장종훈,한화,타자,,1B,29,5,4.65,499,1,,
1997,10580,구대성,한화,투수,,CL,28,5,2.43,308,1,,
1997,10412,송지만,한화,타자,,LF,24,2,2.27,474,1,,
1997,13282,한용덕,한화,투수,,SP,32,4,1.21,279,1,,
1997,10597,송진우,한화,투수,,SP,31,5,0.62,440,1,,
1997,10574,이영우,한화,타자,,LF,24,2,-0.79,117,1,,
1997,1421,강석천,한화,타자,,3B,30,3,4.58,506,1,,
1997,1553,이상목,한화,투수,,SP,26,3,0.93,414,1,,
1997,1771,노장진,한화,투수,,SP,23,2,0.02,400,1,,
1997,1980,백재호,한화,타자,,2B,23,2,2.88,402,1,,
1997,1905,신재웅,한화,투수,,SP,25,2,2,405,1,,
1997,14889,홍원기,한화,타자,,3B,24,2,1.37,281,1,,
1997,10194,전상렬,한화,타자,,LF,25,2,1.31,378,1,,
1997,1527,정경훈,한화,타자,,SS,25,2,1.08,69,1,,
1997,1722,정영규,한화,타자,,RF,27,3,0.94,374,1,,
1997,1566,임주택,한화,타자,,CF,29,2,1.16,115,1,,
1997,2005,김해님,한화,투수,,RP,22,1,0.96,181,1,,
1997,10449,이상열,한화,투수,,RP,20,1,0.73,155,1,,
1997,1748,이민호,한화,타자,,3B,28,2,0.34,149,1,,
1997,1434,김용선,한화,타자,,2B,27,2,0.22,84,1,,
1997,12707,조경택,한화,타자,,C,27,2,0.16,130,1,,
1997,14993,강인권,한화,타자,,C,25,2,0.01,134,1,,
1997,1759,허준,한화,타자,,SS,27,1,-0.01,291,1,,
1997,1484,이은승,한화,투수,,RP,26,1,-0.02,18,1,,
1997,1862,최호원,한화,투수,,RP,26,1,-0.1,47,1,,
1997,1864,홍우태,한화,투수,,RP,26,1,-0.13,29,1,,
1997,1810,신진수,한화,타자,,LF,25,1,-0.14,63,1,,
1997,1895,공용우,한화,투수,,RP,25,1,-0.14,18,1,,
1997,1737,김충민,한화,타자,,C,27,1,-0.21,150,1,,
1997,1971,강대호,한화,타자,,LF,23,1,-0.21,54,1,,
1997,1824,정기창,한화,타자,,LF,27,1,-0.3,89,1,,
1997,1917,임수민,한화,타자,,2B,24,1,-0.71,224,1,,
1997,10036,이종범,해태,타자,,SS,27,5,9.53,577,1,,
1997,10062,이대진,해태,투수,,SP,23,5,4.97,542,1,,
1997,1499,홍현우,해태,타자,,3B,25,5,4.36,534,1,,
1997,13923,이강철,해태,투수,,SP,31,5,4.29,488,1,,
1997,11281,임창용,해태,투수,,CL,21,2,4.25,405,1,,
1997,12724,조계현,해태,투수,,SP,33,5,1.07,342,1,,
1997,1250,이순철,해태,타자,,CF,36,4,0.38,249,1,,
1997,1500,이호성,해태,타자,,RF,30,3,3.08,443,1,,
1997,1314,김정수,해태,투수,,RP,35,5,1.31,242,1,,
1997,10032,장성호,해태,타자,,1B,20,2,0.24,334,1,,
1997,10101,이호준,해태,타자,,1B,21,1,1.09,140,1,,
1997,10009,김종국,해태,타자,,2B,24,2,0.91,433,1,,
1997,1338,백인수,해태,타자,,RF,34,2,0.39,121,1,,
1997,1950,김상진,해태,투수,,SP,20,2,3.6,443,1,,
1997,1457,최훈재,해태,타자,,1B,30,2,2.03,394,1,,
1997,1467,강태원,해태,투수,,RP,26,3,1.75,211,1,,
1997,10334,김창희,해태,타자,,RF,24,2,1.65,350,1,,
1997,1907,이원식,해태,투수,,RP,25,2,1.64,225,1,,
1997,1787,박재용,해태,타자,,RF,28,3,0.35,331,1,,
1997,1607,최해식,해태,타자,,C,29,1,1.13,303,1,,
1997,1661,김태룡,해태,타자,,2B,29,1,0.9,71,1,,
1997,1802,김지영,해태,타자,,C,23,1,0.89,43,1,,
1997,1920,권오성,해태,타자,,C,27,1,0.4,93,1,,
1997,1995,조남기,해태,타자,,C,23,1,0.12,37,1,,
1997,2003,김동호,해태,투수,,RP,24,1,0.09,99,1,,
1997,1779,이재만,해태,투수,,RP,27,2,0.06,111,1,,
1997,1697,김봉영,해태,투수,,SP,24,1,0.05,100,1,,
1997,1958,박철웅,해태,투수,,RP,27,1,0.02,37,1,,
1997,1774,박진철,해태,투수,,RP,22,1,-0.03,65,1,,
1997,2010,오철민,해태,투수,,RP,24,1,-0.12,72,1,,
1997,1866,조현,해태,타자,,CF,21,1,-0.15,69,1,,
1997,1647,박재벌,해태,타자,,LF,29,2,-0.29,120,1,,
1997,1449,이경복,해태,타자,,DH,27,1,-0.48,41,1,,
1997,10113,박재홍,현대,타자,,CF,24,4,6.48,403,1,,
1997,1716,정민태,현대,투수,,SP,27,5,3.88,657,1,,
1997,1203,김광림,현대,타자,,CF,36,5,2.66,308,2,,
1997,1464,정명원,현대,투수,,CL,31,5,2.56,347,1,,
1997,1886,위재영,현대,투수,,SP,25,4,2.51,333,1,,
1997,10418,전준호,현대,타자,,LF,28,5,1.58,425,1,,
1997,1370,최창호,현대,투수,,SP,31,3,0.01,330,1,,
1997,1408,박정현,현대,투수,,RP,28,2,-0.24,76,1,,
1997,10323,박진만,현대,타자,,SS,21,2,-0.4,398,1,,
1997,10402,이숭용,현대,타자,,LF,26,4,4.8,420,1,,
1997,10158,조웅천,현대,투수,,RP,26,4,2.43,276,1,,
1997,1505,김경기,현대,타자,,1B,29,5,0.51,366,1,,
1997,1247,윤덕규,현대,타자,,RF,34,4,-0.74,218,1,,
1997,1282,김상국,현대,타자,,C,34,2,0.08,73,1,,
1997,1435,김인호,현대,타자,,LF,30,4,1.35,226,1,,
1997,10020,이재주,현대,타자,,C,24,1,0.48,72,1,,
1997,10537,최원호,현대,투수,,SP,24,2,0.33,236,1,,
1997,1711,안병원,현대,투수,,SP,24,2,0.28,369,1,,
1997,10617,최영필,현대,투수,,SP,23,2,0.13,304,1,,
1997,1611,가내영,현대,투수,,RP,26,3,-0.33,196,1,,
1997,12722,장광호,현대,타자,,C,30,1,0.9,225,1,,
1997,1784,하득인,현대,타자,,DH,31,1,0.56,171,1,,
1997,1634,신상윤,현대,투수,,RP,25,1,0.38,32,1,,
1997,10265,최만호,현대,타자,,CF,23,1,0.37,255,1,,
1997,1742,손차훈,현대,타자,,2B,27,1,0.15,109,1,,
1997,1587,백성진,현대,타자,,1B,29,1,0.07,120,1,,
1997,1627,김익재,현대,투수,,RP,29,1,-0.09,62,1,,
1997,1912,김형남,현대,타자,,C,24,1,-0.22,108,1,,
1997,12966,장정석,현대,타자,,LF,24,1,-0.27,117,1,,
1997,1913,안명성,현대,타자,,1B,24,1,-0.29,53,1,,
1997,1593,이근엽,현대,타자,,3B,25,1,-0.3,89,1,,
1997,1730,김갑중,현대,타자,,LF,27,1,-0.32,118,1,,
1997,1769,김홍집,현대,투수,,SP,26,2,-0.35,88,1,,
1997,2001,허유신,현대,타자,,1B,24,1,-0.37,51,1,,
1997,1504,권준헌,현대,타자,,3B,26,2,-0.52,242,1,,
1998,1783,류지현,LG,타자,,SS,27,5,7.03,564,1,,
1998,10386,김동수,LG,타자,,C,30,5,5.74,471,1,,
1998,10109,김재현,LG,타자,,LF,23,3,4.38,541,1,,
1998,1259,김용수,LG,투수,,SP,38,5,3.5,525,1,,
1998,1867,심재학,LG,타자,,RF,26,4,2.8,490,1,,
1998,10491,이병규,LG,타자,,CF,24,4,2.59,544,1,,
1998,1370,최창호,LG,투수,,RP,32,2,0.81,56,2,,
1998,1668,박종호,LG,타자,,2B,25,2,1.16,204,1,,
1998,2055,앤더슨,LG,투수,Y,CL,32,4,0.66,167,1,,
1998,1289,김태원,LG,투수,,RP,34,4,0.33,45,1,,
1998,10743,최향남,LG,투수,,SP,27,3,2.76,520,1,,
1998,1365,송유석,LG,투수,,RP,32,2,2.39,273,1,,
1998,2044,펠릭스,LG,타자,Y,DH,31,3,1.03,139,1,,
1998,2013,임선동,LG,투수,,SP,25,4,-0.97,179,1,,
1998,14564,손혁,LG,투수,,SP,25,2,2.3,430,1,,
1998,2014,전승남,LG,투수,,SP,24,2,1.28,338,1,,
1998,1882,신국환,LG,타자,,3B,26,2,1.24,330,1,,
1998,1686,차명석,LG,투수,,RP,29,3,0.77,232,1,,
1998,10463,조인성,LG,타자,,C,23,1,0.65,141,1,,
1998,1722,정영규,LG,타자,,RF,28,2,0.25,52,1,,
1998,1497,김선진,LG,타자,,1B,31,2,0.19,408,1,,
1998,1469,김기범,LG,투수,,RP,33,2,-0.2,109,1,,
1998,10478,이종열,LG,타자,,2B,25,2,-0.28,443,1,,
1998,11238,신윤호,LG,투수,,RP,23,1,0.52,192,1,,
1998,1511,김종헌,LG,타자,,LF,32,1,0.41,108,1,,
1998,10098,손지환,LG,타자,,SS,20,1,0.18,70,1,,
1998,2003,김동호,LG,투수,,RP,25,1,-0.18,73,1,,
1998,2035,이준용,LG,타자,,1B,24,1,-0.22,36,1,,
1998,1707,민원기,LG,투수,,RP,29,1,-0.22,16,1,,
1998,1960,신영균,LG,투수,,SP,24,1,-0.26,17,1,,
1998,1983,안재만,LG,타자,,3B,24,1,-0.34,53,1,,
1998,10504,김민기,LG,투수,,RP,21,1,-0.81,169,1,,
1998,10481,최동수,LG,타자,,1B,27,1,-0.89,60,1,,
1998,14566,허문회,LG,타자,,1B,26,1,-1.02,149,1,,
1998,1894,진필중,OB,투수,,CL,26,3,5.57,475,1,,
1998,1811,심정수,OB,타자,,RF,23,3,4.84,518,1,,
1998,1624,김상진,OB,투수,,SP,28,5,1.55,425,1,,
1998,2031,우즈,OB,타자,Y,1B,29,4,6.08,521,1,,
1998,10264,정수근,OB,타자,,CF,21,3,4.42,549,1,,
1998,10510,박명환,OB,투수,,SP,21,3,4,561,1,,
1998,10173,김동주,OB,타자,,3B,22,4,2.08,510,1,,
1998,1761,김경원,OB,투수,,RP,27,4,1.28,161,1,,
1998,2042,캐세레스,OB,타자,Y,2B,34,4,1.19,444,1,,
1998,1380,김상호,OB,타자,,RF,33,5,0.34,105,1,,
1998,2011,이경필,OB,투수,,SP,24,2,2.68,450,1,,
1998,10099,안경현,OB,타자,,3B,28,3,1.59,408,1,,
1998,1724,김민호,OB,타자,,SS,29,4,1.06,410,1,,
1998,10314,진갑용,OB,타자,,C,24,1,0.58,271,1,,
1998,1613,강병규,OB,투수,,SP,26,3,2.51,402,1,,
1998,1426,이광우,OB,투수,,SP,33,2,0.89,299,1,,
1998,1695,권명철,OB,투수,,SP,29,3,-0.38,78,1,,2→3
1998,1797,김실,OB,타자,,CF,31,3,-0.42,190,2,,
1998,1682,장원진,OB,타자,,LF,29,2,-0.91,279,1,,
1998,2017,최용호,OB,투수,,RP,22,1,0.9,164,1,,
1998,1863,한태균,OB,투수,,RP,27,1,0.53,87,1,,
1998,10642,이혜천,OB,투수,,RP,19,1,0.46,31,1,,
1998,1773,박상근,OB,투수,,RP,28,2,0.05,100,1,,
1998,11472,김태형,OB,타자,,C,31,2,-0.35,165,1,,
1998,10507,류택현,OB,투수,,RP,27,2,-0.55,93,1,,
1998,1595,이종민,OB,타자,,2B,26,2,-0.6,183,1,,
1998,1757,추성건,OB,타자,,3B,28,2,-0.68,49,1,,
1998,1561,박정태,롯데,타자,,2B,29,2,5.6,473,1,,
1998,1865,마해영,롯데,타자,,1B,28,3,3.71,534,1,,
1998,1834,주형광,롯데,투수,,SP,22,3,2.96,550,1,,
1998,1689,염종석,롯데,투수,,SP,25,4,2.88,491,1,,
1998,1404,김응국,롯데,타자,,LF,32,5,1.26,342,1,,
1998,1923,김대익,롯데,타자,,CF,25,3,4.15,527,1,,
1998,10593,문동환,롯데,투수,,SP,26,2,3.96,410,1,,
1998,1837,강상수,롯데,투수,,RP,27,2,1.33,333,1,,
1998,10550,김민재,롯데,타자,,SS,25,2,0.64,367,1,,
1998,2026,브래디,롯데,타자,Y,DH,29,3,0.16,169,1,,
1998,1816,이동수,롯데,타자,,3B,25,2,0,30,1,,
1998,1901,박석진,롯데,투수,,RP,26,1,-0.22,92,1,,
1998,10511,박지철,롯데,투수,,SP,23,4,-1.25,241,1,,5→4
1998,1819,임수혁,롯데,타자,,C,29,4,1.21,378,1,,
1998,1628,김태석,롯데,투수,,SP,31,3,0.93,414,1,,
1998,2038,조경환,롯데,타자,,RF,26,2,0.88,339,1,,
1998,1503,공필성,롯데,타자,,3B,31,3,0.46,428,1,,
1998,1967,차명주,롯데,투수,,SP,25,2,0.12,276,1,,
1998,10296,이정훈,롯데,투수,,RP,21,2,0.11,213,1,,
1998,10487,손인호,롯데,타자,,RF,23,1,1.82,259,1,,
1998,10123,가득염,롯데,투수,,RP,29,2,0.79,157,1,,
1998,1939,유필선,롯데,타자,,LF,28,1,0.78,230,1,,
1998,2060,홍의현,롯데,투수,,RP,20,1,0.27,60,1,,
1998,1934,배정훈,롯데,타자,,C,25,1,0.19,40,1,,
1998,1629,박성기,롯데,투수,,RP,29,2,0.06,30,2,,
1998,1997,조유신,롯데,타자,,3B,23,1,0.02,43,1,,
1998,2004,김상현,롯데,투수,,RP,24,1,-0.16,29,1,,
1998,1929,김현민,롯데,타자,,1B,25,1,-0.33,62,2,,
1998,1872,김영일,롯데,타자,,LF,27,1,-0.48,88,1,,
1998,10298,임경완,롯데,투수,,RP,23,1,-0.51,29,1,,
1998,2029,엄정대,롯데,타자,,LF,23,1,-0.57,71,1,,
1998,1555,이지환,롯데,타자,,1B,27,1,-0.79,104,1,,
1998,1648,강성우,롯데,타자,,C,28,1,-0.85,149,1,,
1998,10881,이승엽,삼성,타자,,1B,22,5,7.3,568,1,,
1998,10339,양준혁,삼성,타자,,DH,29,5,5.88,552,1,,
1998,1763,박충식,삼성,투수,,SP,28,4,3.71,478,1,,
1998,12724,조계현,삼성,투수,,SP,34,5,0.39,451,1,,
1998,1472,김상엽,삼성,투수,,SP,28,5,0.11,110,1,,
1998,1250,이순철,삼성,타자,,CF,37,2,-0.08,187,1,,
1998,2052,베이커,삼성,투수,Y,SP,28,4,3.15,516,1,,
1998,1315,성준,삼성,투수,,RP,36,4,0.5,122,1,,
1998,11467,류중일,삼성,타자,,SS,35,4,0.34,158,1,,
1998,1539,박동희,삼성,투수,,RP,30,4,-0.25,118,1,,
1998,10564,강동우,삼성,타자,,CF,24,2,4.64,468,1,,
1998,1828,최익성,삼성,타자,,CF,26,3,2.93,446,1,,
1998,12964,김한수,삼성,타자,,3B,27,2,2.09,503,1,,
1998,2058,파라,삼성,투수,Y,CL,26,3,2.05,287,1,,
1998,10102,정경배,삼성,타자,,2B,24,2,-0.24,405,1,,
1998,10357,김진웅,삼성,투수,,RP,18,2,2.36,230,1,,
1998,1841,곽채진,삼성,투수,,RP,25,2,2.2,334,1,,
1998,1672,신동주,삼성,타자,,CF,26,4,1.46,278,1,,5→4
1998,1803,김태균,삼성,타자,,SS,27,3,0.47,351,1,,
1998,1554,이상훈,삼성,투수,,RP,27,2,0.26,63,1,,
1998,1965,전병호,삼성,투수,,RP,25,2,0.23,263,1,,
1998,10377,정현욱,삼성,투수,,RP,20,1,0.09,23,1,,
1998,1800,김종훈,삼성,타자,,LF,26,2,1.48,314,1,,
1998,1949,최재호,삼성,투수,,RP,25,2,1.4,189,1,,
1998,1968,최창양,삼성,투수,,SP,25,2,0.83,83,1,,
1998,1959,박태순,삼성,투수,,RP,24,1,0.29,32,1,,
1998,1496,정회열,삼성,타자,,C,30,2,0.19,70,1,,
1998,10321,김재걸,삼성,타자,,2B,26,2,0.04,111,1,,
1998,10531,정성훈,삼성,투수,,RP,21,1,-0.25,79,1,,
1998,1874,김영진,삼성,타자,,C,26,1,-0.44,204,1,,
1998,1563,양용모,삼성,타자,,C,31,2,-0.57,167,1,,
1998,11474,김기태,쌍방울,타자,,1B,29,5,7.27,541,1,,
1998,13285,최태원,쌍방울,타자,,2B,28,5,3.76,537,1,,
1998,1408,박정현,쌍방울,투수,,RP,29,1,0.89,73,1,,
1998,1196,김성래,쌍방울,타자,,2B,37,2,0.7,281,1,,
1998,1608,조규제,쌍방울,투수,,RP,31,5,0.06,97,1,,
1998,14890,김원형,쌍방울,투수,,SP,26,4,4.25,450,1,,
1998,1768,김현욱,쌍방울,투수,,RP,28,5,3.1,388,1,,
1998,1619,김기덕,쌍방울,투수,,SP,30,3,2.52,414,1,,
1998,1581,김호,쌍방울,타자,,SS,31,2,1.15,360,1,,
1998,12657,조원우,쌍방울,타자,,CF,27,3,3.77,536,1,,
1998,1775,성영재,쌍방울,투수,,SP,27,4,2.32,423,1,,
1998,1816,이동수,쌍방울,타자,,3B,25,2,1.12,186,2,,
1998,1337,박철우,쌍방울,타자,,1B,34,2,0.11,138,1,,
1998,1694,오봉옥,쌍방울,투수,,SP,30,3,-0.08,266,1,,
1998,1883,심성보,쌍방울,타자,,RF,25,3,2.59,521,1,,
1998,1797,김실,쌍방울,타자,,CF,31,3,1.96,323,1,,
1998,1715,임창식,쌍방울,투수,,SP,29,2,0.85,250,1,,
1998,1690,윤형배,쌍방울,투수,,RP,29,2,0.75,139,1,,
1998,1284,김성현,쌍방울,타자,,C,35,2,0.06,151,1,,
1998,10519,오상민,쌍방울,투수,,RP,24,2,-0.15,206,1,,
1998,1700,김유진,쌍방울,투수,,RP,29,1,1.02,162,1,,
1998,1839,고형욱,쌍방울,투수,,RP,27,1,0.77,102,1,,
1998,1428,강영수,쌍방울,타자,,LF,33,2,0.7,161,1,,
1998,1611,가내영,쌍방울,투수,,RP,27,1,0.54,82,2,,
1998,1629,박성기,쌍방울,투수,,RP,29,2,0.41,99,1,,
1998,1593,이근엽,쌍방울,타자,,2B,26,1,0.25,129,1,,
1998,1821,장재중,쌍방울,타자,,C,27,1,0.17,270,1,,
1998,1929,김현민,쌍방울,타자,,1B,25,1,0.15,37,1,,
1998,1646,박계원,쌍방울,타자,,SS,28,2,0,152,1,,
1998,1930,박경호,쌍방울,타자,,DH,25,1,-0.05,34,1,,
1998,1630,박진석,쌍방울,투수,,SP,30,2,-0.09,21,1,,
1998,1915,이봉우,쌍방울,타자,,3B,21,1,-0.18,39,1,,
1998,1773,박상근,쌍방울,투수,,RP,28,2,-0.18,27,2,,
1998,2015,정수찬,쌍방울,투수,,RP,25,2,-0.26,33,1,,
1998,1951,최정환,쌍방울,투수,,RP,25,3,-0.44,80,1,,
1998,10117,윤재국,쌍방울,타자,,RF,23,1,-0.47,179,1,,
1998,1347,박현영,쌍방울,타자,,C,30,1,-0.56,135,1,,
1998,13282,한용덕,한화,투수,,RP,33,3,4.46,395,1,,
1998,10613,정민철,한화,투수,,SP,26,5,3.76,445,1,,
1998,10412,송지만,한화,타자,,LF,25,3,3.51,508,1,,
1998,10580,구대성,한화,투수,,CL,29,5,3.12,371,1,,
1998,1354,장종훈,한화,타자,,1B,30,5,1.82,489,1,,
1998,10597,송진우,한화,투수,,SP,32,4,0.59,344,1,,
1998,2041,치멜리스,한화,타자,Y,2B,31,4,3.95,455,1,,
1998,10574,이영우,한화,타자,,LF,25,2,2.05,342,1,,
1998,1421,강석천,한화,타자,,3B,31,5,1.79,510,1,,
1998,1553,이상목,한화,투수,,SP,27,2,0.6,524,1,,
1998,1771,노장진,한화,투수,,SP,24,2,0.35,448,1,,
1998,1651,동봉철,한화,타자,,CF,28,3,0.28,180,1,,
1998,2025,부시,한화,타자,Y,DH,30,3,-1.22,259,1,,
1998,1980,백재호,한화,타자,,2B,24,2,3.77,452,1,,
1998,1737,김충민,한화,타자,,C,28,2,2.17,358,1,,
1998,1748,이민호,한화,타자,,3B,29,2,0.79,319,1,,
1998,14889,홍원기,한화,타자,,3B,25,2,0.14,76,1,,
1998,1527,정경훈,한화,타자,,SS,26,2,-0.29,81,1,,
1998,10449,이상열,한화,투수,,RP,21,2,-0.37,78,1,,
1998,1905,신재웅,한화,투수,,SP,26,2,-0.5,334,1,,
1998,1566,임주택,한화,타자,,CF,30,2,0.67,119,1,,
1998,12707,조경택,한화,타자,,C,28,2,0.64,90,1,,
1998,1966,정영환,한화,투수,,RP,25,1,0.37,15,1,,
1998,1864,홍우태,한화,투수,,RP,27,1,0.35,110,1,,
1998,2005,김해님,한화,투수,,RP,23,1,0.33,181,1,,
1998,1942,조효상,한화,타자,,LF,24,1,0.29,32,1,,
1998,1917,임수민,한화,타자,,2B,25,1,0.17,77,1,,
1998,10194,전상렬,한화,타자,,LF,26,2,0.06,156,1,,
1998,1759,허준,한화,타자,,SS,28,1,-0.34,51,1,,
1998,1623,김민태,한화,투수,,RP,27,1,-0.35,92,1,,
1998,11473,이종운,한화,타자,,RF,32,1,-0.67,93,1,,
1998,11281,임창용,해태,투수,,CL,22,4,5.14,401,1,,
1998,13923,이강철,해태,투수,,SP,32,5,4.64,538,1,,
1998,10062,이대진,해태,투수,,SP,24,5,4.54,538,1,,
1998,1499,홍현우,해태,타자,,3B,26,5,4.44,533,1,,
1998,10032,장성호,해태,타자,,1B,21,2,3.81,529,1,,
1998,1500,이호성,해태,타자,,RF,31,5,1.13,286,1,,
1998,1314,김정수,해태,투수,,RP,36,5,1.02,118,1,,
1998,10101,이호준,해태,타자,,1B,22,2,3.21,465,1,,
1998,10616,최상덕,해태,투수,,SP,27,2,1.42,292,1,,
1998,1589,송구홍,해태,타자,,3B,30,2,1.05,298,1,,
1998,10009,김종국,해태,타자,,SS,25,2,0.21,139,1,,
1998,2045,헤어,해태,타자,Y,LF,31,3,-0.56,72,1,,
1998,10334,김창희,해태,타자,,CF,25,2,2.6,500,1,,
1998,1950,김상진,해태,투수,,SP,21,3,1.57,363,1,,
1998,1457,최훈재,해태,타자,,1B,31,3,1.05,424,1,,
1998,1637,이병석,해태,투수,,RP,27,2,0.93,283,1,,
1998,2010,오철민,해태,투수,,SP,25,2,0.79,310,1,,
1998,1607,최해식,해태,타자,,C,30,2,0.65,355,1,,
1998,1338,백인수,해태,타자,,LF,35,2,0.51,151,1,,
1998,1467,강태원,해태,투수,,RP,27,3,-0.33,73,1,,
1998,2048,곽현희,해태,투수,,RP,25,1,0.41,175,1,,
1998,1802,김지영,해태,타자,,C,24,2,0.06,37,1,,
1998,1976,김형성,해태,타자,,1B,22,1,0.06,100,1,,
1998,1920,권오성,해태,타자,,C,28,1,-0.01,50,1,,
1998,1779,이재만,해태,투수,,RP,28,1,-0.03,25,1,,
1998,2053,소소경,해태,투수,,RP,19,1,-0.05,47,1,,
1998,2040,지승준,해태,타자,,LF,21,1,-0.07,46,1,,
1998,1787,박재용,해태,타자,,RF,29,2,-0.08,231,1,,
1998,1774,박진철,해태,투수,,RP,23,1,-0.18,150,1,,
1998,1449,이경복,해태,타자,,DH,28,1,-0.83,65,1,,
1998,1661,김태룡,해태,타자,,2B,30,2,-1.54,308,1,,
1998,1464,정명원,현대,투수,,SP,32,5,6.13,552,1,,
1998,1716,정민태,현대,투수,,SP,28,5,5.26,602,1,,
1998,10418,전준호,현대,타자,,LF,29,5,4.32,518,1,,
1998,10113,박재홍,현대,타자,,RF,25,5,3.73,507,1,,
1998,10080,박경완,현대,타자,,C,26,5,3.62,458,1,,
1998,1886,위재영,현대,투수,,SP,26,4,3.45,493,1,,
1998,1203,김광림,현대,타자,,CF,37,5,0.86,266,1,,
1998,1608,조규제,현대,투수,,RP,31,5,0.74,71,2,,
1998,1370,최창호,현대,투수,,RP,32,2,0.31,82,1,,
1998,10323,박진만,현대,타자,,SS,22,2,-0.42,375,1,,
1998,2043,쿨바,현대,타자,Y,3B,32,4,6.28,471,1,,
1998,1450,이명수,현대,타자,,2B,32,4,3.76,371,1,,
1998,1505,김경기,현대,타자,,1B,30,4,2.91,493,1,,
1998,2054,스트롱,현대,투수,Y,CL,36,4,1.67,174,1,,
1998,10402,이숭용,현대,타자,,CF,27,5,1.6,412,1,,
1998,10158,조웅천,현대,투수,,RP,27,4,0.91,154,1,,
1998,1668,박종호,현대,타자,,2B,25,2,0.41,68,2,,
1998,10430,김수경,현대,투수,,SP,19,2,4.78,480,1,,
1998,10537,최원호,현대,투수,,SP,25,2,4.49,453,1,,
1998,10020,이재주,현대,타자,,C,25,2,0.33,48,1,,
1998,1711,안병원,현대,투수,,RP,25,1,0.32,109,1,,
1998,1435,김인호,현대,타자,,LF,31,4,-0.04,85,1,,
1998,11468,염경엽,현대,타자,,SS,30,2,0.63,100,1,,
1998,12722,장광호,현대,타자,,C,31,2,0.4,62,1,,
1998,1749,장용대,현대,타자,,LF,24,1,0.38,33,1,,
1998,1504,권준헌,현대,타자,,3B,27,1,0.34,55,1,,
1998,12966,장정석,현대,타자,,LF,25,1,0.21,253,1,,
1998,1611,가내영,현대,투수,,RP,27,1,0.05,39,1,,
1998,10617,최영필,현대,투수,,RP,24,1,0.03,52,1,,
1998,1769,김홍집,현대,투수,,RP,27,1,-0.02,64,1,,
1998,1742,손차훈,현대,타자,,2B,28,1,-0.13,47,1,,
1998,1770,노승욱,현대,투수,,RP,24,2,-0.15,15,1,,
1998,2028,안희봉,현대,타자,,1B,26,1,-0.31,40,1,,
1998,10265,최만호,현대,타자,,CF,24,1,-0.88,96,1,,
1999,10491,이병규,LG,타자,,CF,25,4,6.94,599,1,,
1999,1783,류지현,LG,타자,,SS,28,5,3.94,422,1,,
1999,10386,김동수,LG,타자,,C,31,5,3.02,389,1,,
1999,1259,김용수,LG,투수,,CL,39,5,2.71,206,1,,
1999,10109,김재현,LG,타자,,RF,24,5,2.13,520,1,,
1999,1370,최창호,LG,투수,,RP,33,2,0.3,79,1,,
1999,2066,대톨라,LG,타자,Y,RF,32,4,0.97,298,1,,
1999,1380,김상호,LG,타자,,RF,34,4,0.87,257,1,,
1999,2044,펠릭스,LG,타자,Y,DH,32,4,0.54,384,1,,
1999,10743,최향남,LG,투수,,SP,28,4,2.15,279,1,,
1999,1365,송유석,LG,투수,,RP,33,3,1.25,246,1,,
1999,10478,이종열,LG,타자,,2B,26,2,3.69,544,1,,
1999,14564,손혁,LG,투수,,SP,26,3,3.1,428,1,,
1999,1686,차명석,LG,투수,,RP,30,3,2.32,203,1,,
1999,10069,장문석,LG,투수,,RP,25,1,1.44,186,1,,
1999,1884,안상준,LG,타자,,3B,26,2,0.5,350,1,,
1999,1469,김기범,LG,투수,,RP,34,2,0.3,64,1,,
1999,1722,정영규,LG,타자,,RF,29,2,0.29,44,1,,
1999,10463,조인성,LG,타자,,C,24,2,0.04,157,1,,
1999,2014,전승남,LG,투수,,SP,25,2,-0.04,37,1,,
1999,10148,이승호,LG,투수,,RP,23,1,-0.18,32,1,,
1999,2095,김상태,LG,투수,,SP,23,2,-0.59,442,1,,
1999,1711,안병원,LG,투수,,SP,26,2,-0.93,84,1,,
1999,1882,신국환,LG,타자,,2B,27,3,-0.97,343,1,,
1999,14566,허문회,LG,타자,,1B,27,1,1.03,212,1,,
1999,1511,김종헌,LG,타자,,LF,33,1,0.89,157,1,,
1999,10504,김민기,LG,투수,,RP,22,1,0.81,113,1,,
1999,1960,신영균,LG,투수,,RP,25,1,0.67,65,1,,
1999,10507,류택현,LG,투수,,RP,28,1,0.49,130,1,,
1999,2096,김혁섭,LG,투수,,RP,25,1,0.37,93,1,,
1999,11238,신윤호,LG,투수,,RP,24,2,0.14,98,1,,
1999,10458,김정민,LG,타자,,C,29,2,0.13,117,1,,
1999,2082,정현택,LG,타자,,1B,19,1,0.1,42,1,,
1999,1850,박철홍,LG,투수,,RP,29,2,0.03,56,1,,
1999,1857,인현배,LG,투수,,RP,28,2,-0.01,48,1,,
1999,10500,김경태,LG,투수,,RP,24,1,-0.27,124,1,,
1999,2070,박연수,LG,타자,,LF,25,1,-0.31,37,1,,
1999,2107,이정길,LG,투수,,RP,26,1,-0.32,32,1,,
1999,10098,손지환,LG,타자,,2B,21,1,-0.53,36,1,,
1999,2003,김동호,LG,투수,,RP,26,1,-0.69,183,1,,
1999,10501,김광삼,LG,투수,,SP,19,1,-0.8,95,1,,
1999,1497,김선진,LG,타자,,1B,32,1,-0.88,238,1,,
1999,1894,진필중,두산,투수,,CL,27,5,5.35,342,1,,
1999,1811,심정수,두산,타자,,RF,24,5,4.93,544,1,,
1999,10173,김동주,두산,타자,,3B,23,4,4.35,455,1,,
1999,2031,우즈,두산,타자,Y,1B,30,5,3.95,544,1,,
1999,10264,정수근,두산,타자,,CF,22,5,4.93,589,1,,
1999,10256,홍성흔,두산,타자,,C,22,2,1,392,1,,
1999,1761,김경원,두산,투수,,RP,28,4,0.45,63,1,,
1999,10510,박명환,두산,투수,,SP,22,4,0.27,49,1,,
1999,2042,캐세레스,두산,타자,Y,2B,35,4,0.01,183,1,,
1999,2011,이경필,두산,투수,,SP,25,3,5.16,500,1,,
1999,1724,김민호,두산,타자,,SS,30,3,2.13,515,1,,
1999,10099,안경현,두산,타자,,2B,29,3,-0.24,337,1,,
1999,10314,진갑용,두산,타자,,C,25,2,-1.01,66,1,,
1999,2017,최용호,두산,투수,,SP,23,2,3.1,463,1,,
1999,2109,장성진,두산,투수,,RP,24,2,2.8,206,1,,
1999,1682,장원진,두산,타자,,LF,30,2,1.8,480,1,,
1999,10642,이혜천,두산,투수,,RP,20,2,1.73,357,1,,
1999,1967,차명주,두산,투수,,RP,26,2,1.71,229,1,,
1999,1613,강병규,두산,투수,,SP,27,3,1.22,430,1,,
1999,1457,최훈재,두산,타자,,1B,32,3,1.21,433,1,,
1999,1426,이광우,두산,투수,,SP,34,2,1.16,338,1,,
1999,1554,이상훈,두산,투수,,RP,28,2,0.94,128,2,,
1999,10348,구자운,두산,투수,,RP,19,1,0.19,77,1,,
1999,1797,김실,두산,타자,,CF,32,3,-0.05,232,1,,
1999,14889,홍원기,두산,타자,,3B,26,2,-0.55,105,1,,
1999,1897,김유봉,두산,투수,,RP,23,2,-0.7,266,1,,
1999,1863,한태균,두산,투수,,RP,28,2,0.06,18,1,,
1999,10194,전상렬,두산,타자,,LF,27,2,0.04,61,1,,
1999,1823,전형도,두산,타자,,2B,28,1,-0.06,41,1,,
1999,11472,김태형,두산,타자,,C,32,1,-0.1,89,1,,
1999,10046,김영수,두산,투수,,RP,24,1,-0.14,30,1,,
1999,2105,이경수,두산,투수,,RP,20,1,-0.16,24,1,,
1999,1595,이종민,두산,타자,,2B,27,2,-0.44,100,1,,
1999,1612,강길용,두산,투수,,RP,31,2,-0.56,43,1,,
1999,1865,마해영,롯데,타자,,1B,29,4,6.64,579,1,,
1999,1834,주형광,롯데,투수,,SP,23,4,5.34,570,1,,
1999,1561,박정태,롯데,타자,,2B,30,5,3.42,540,1,,
1999,10593,문동환,롯데,투수,,SP,27,3,6.57,568,1,,
1999,2090,호세,롯데,타자,Y,LF,34,4,6.26,553,1,,
1999,1689,염종석,롯데,투수,,SP,26,4,2.97,261,1,,
1999,1404,김응국,롯데,타자,,LF,33,4,2.66,555,1,,
1999,1315,성준,롯데,투수,,RP,37,3,0.21,70,1,,2→3
1999,10284,손민한,롯데,투수,,RP,24,1,0.2,58,1,,
1999,1901,박석진,롯데,투수,,SP,27,2,4.55,445,1,,
1999,1837,강상수,롯데,투수,,CL,28,3,3.34,233,1,,
1999,2093,기론,롯데,투수,Y,RP,27,3,2.6,221,1,,
1999,10246,박현승,롯데,타자,,3B,27,3,0.85,405,1,,
1999,10550,김민재,롯데,타자,,SS,26,2,0.83,447,1,,
1999,1923,김대익,롯데,타자,,CF,26,4,0.15,483,1,,
1999,2038,조경환,롯데,타자,,RF,27,2,1.65,383,1,,
1999,1899,박보현,롯데,투수,,SP,27,2,1.36,309,1,,
1999,14231,최기문,롯데,타자,,C,26,1,1.26,212,1,,
1999,1628,김태석,롯데,투수,,SP,32,3,0.96,234,1,,
1999,10487,손인호,롯데,타자,,RF,24,2,0.36,119,1,,
1999,1819,임수혁,롯데,타자,,C,30,3,0.03,126,1,,
1999,1503,공필성,롯데,타자,,3B,32,2,-0.73,275,1,,
1999,2111,정원욱,롯데,투수,,RP,23,1,1.5,193,1,,
1999,10123,가득염,롯데,투수,,RP,30,2,1.23,148,1,,
1999,10193,임재철,롯데,타자,,RF,23,1,0.52,70,1,,
1999,1648,강성우,롯데,타자,,C,29,1,0.28,208,1,,
1999,2050,김정열,롯데,투수,,RP,20,1,0.26,22,1,,
1999,1880,박종일,롯데,타자,,LF,27,1,0.18,96,1,,
1999,10296,이정훈,롯데,투수,,RP,22,1,-0.04,53,1,,
1999,1939,유필선,롯데,타자,,LF,29,2,-0.09,41,1,,
1999,10272,김사율,롯데,투수,,RP,19,1,-0.12,89,1,,
1999,2094,길포일,롯데,투수,,RP,31,1,-0.17,18,1,,
1999,2012,임봉춘,롯데,투수,,RP,25,1,-0.19,24,1,,
1999,1929,김현민,롯데,타자,,1B,26,1,-0.38,59,1,,
1999,10881,이승엽,삼성,타자,,1B,23,5,8.73,614,1,,
1999,11281,임창용,삼성,투수,,CL,23,5,7.48,416,1,,
1999,11474,김기태,삼성,타자,,DH,30,5,4.43,560,1,,
1999,1624,김상진,삼성,투수,,SP,29,4,3.24,538,1,,
1999,12724,조계현,삼성,투수,,RP,35,4,-0.48,61,1,,
1999,2073,스미스,삼성,타자,Y,LF,30,4,2.79,442,1,,
1999,1768,김현욱,삼성,투수,,RP,29,4,2.53,279,1,,
1999,2091,홀,삼성,타자,Y,CF,30,4,0.73,458,1,,
1999,11467,류중일,삼성,타자,,SS,36,3,0.12,70,1,,
1999,1539,박동희,삼성,투수,,RP,31,3,-0.25,36,1,,
1999,12964,김한수,삼성,타자,,3B,28,4,4.48,551,1,,
1999,1771,노장진,삼성,투수,,SP,25,2,4.2,565,1,,
1999,10102,정경배,삼성,타자,,2B,25,2,3.27,453,1,,
1999,10357,김진웅,삼성,투수,,SP,19,2,1.84,515,1,,
1999,10314,진갑용,삼성,타자,,C,25,2,0.15,106,2,,
1999,1803,김태균,삼성,타자,,SS,28,2,2.27,477,1,,
1999,1672,신동주,삼성,타자,,CF,27,3,1.36,484,1,,
1999,10377,정현욱,삼성,투수,,SP,21,2,0.75,236,1,,
1999,1965,전병호,삼성,투수,,RP,26,2,0.73,214,1,,
1999,1554,이상훈,삼성,투수,,RP,28,2,-0.25,177,1,,
1999,2002,황성관,삼성,타자,,LF,25,1,1.27,191,1,,
1999,2108,이준호,삼성,투수,,RP,23,1,0.57,122,1,,
1999,10531,정성훈,삼성,투수,,RP,22,1,0.23,59,1,,
1999,2098,문남열,삼성,투수,,RP,21,1,0.1,177,1,,
1999,2106,이동은,삼성,투수,,RP,22,1,0.08,84,1,,
1999,1981,송재익,삼성,타자,,1B,25,1,-0.27,130,1,,
1999,2065,김지훈,삼성,타자,,C,26,1,-0.39,47,1,,
1999,1800,김종훈,삼성,타자,,LF,27,3,-0.5,283,1,,
1999,2097,라형진,삼성,투수,,RP,22,1,-0.51,62,1,,
1999,1496,정회열,삼성,타자,,C,31,2,-0.6,102,1,,
1999,1874,김영진,삼성,타자,,C,27,1,-1.9,212,1,,
1999,1408,박정현,쌍방울,투수,,SP,30,2,2.9,372,1,,
1999,13285,최태원,쌍방울,타자,,2B,29,5,1.25,563,1,,
1999,1196,김성래,쌍방울,타자,,2B,38,2,0.89,401,1,,
1999,1203,김광림,쌍방울,타자,,CF,38,4,-0.12,162,1,,
1999,1619,김기덕,쌍방울,투수,,SP,31,4,2.91,450,1,,
1999,1581,김호,쌍방울,타자,,SS,32,2,2.06,351,1,,
1999,14890,김원형,쌍방울,투수,,RP,27,5,0.53,111,1,,
1999,10492,이진영,쌍방울,타자,,RF,19,1,0.09,210,1,,
1999,2055,앤더슨,쌍방울,투수,Y,SP,33,4,-0.18,208,1,,
1999,1816,이동수,쌍방울,타자,,3B,26,2,3.85,357,1,,
1999,12657,조원우,쌍방울,타자,,LF,28,4,1.71,202,1,,
1999,1651,동봉철,쌍방울,타자,,CF,29,2,1.08,206,1,,
1999,1775,성영재,쌍방울,투수,,SP,28,4,0.52,394,1,,
1999,2101,비아노,쌍방울,투수,Y,RP,26,3,-0.19,218,1,,
1999,1589,송구홍,쌍방울,타자,,3B,31,3,-1.06,267,1,,
1999,1611,가내영,쌍방울,투수,,RP,28,2,0.97,348,1,,
1999,1883,심성보,쌍방울,타자,,RF,26,4,0.61,174,1,,
1999,10519,오상민,쌍방울,투수,,RP,25,2,0.3,241,1,,
1999,1854,유현승,쌍방울,투수,,SP,28,2,0.27,364,1,,
1999,1690,윤형배,쌍방울,투수,,RP,30,2,-0.23,50,1,,
1999,1821,장재중,쌍방울,타자,,C,28,2,-0.48,380,1,,
1999,10117,윤재국,쌍방울,타자,,RF,24,1,1.07,304,1,,
1999,1748,이민호,쌍방울,타자,,3B,30,2,0.62,283,1,,
1999,1630,박진석,쌍방울,투수,,RP,31,2,0.56,76,1,,
1999,1839,고형욱,쌍방울,투수,,RP,28,2,0.29,118,1,,
1999,2049,김경진,쌍방울,투수,,RP,23,1,0.29,96,1,,
1999,2036,정원배,쌍방울,타자,,C,26,1,0.23,66,1,,
1999,1838,강희석,쌍방울,투수,,SP,25,1,0.16,147,1,,
1999,1849,박창현,쌍방울,투수,,RP,27,1,0.04,51,1,,
1999,1957,박주언,쌍방울,투수,,RP,26,1,-0.03,20,1,,
1999,1700,김유진,쌍방울,투수,,RP,30,2,-0.04,38,1,,
1999,1930,박경호,쌍방울,타자,,DH,26,1,-0.05,162,1,,
1999,11451,이계성,쌍방울,타자,,LF,22,1,-0.05,31,1,,
1999,1730,김갑중,쌍방울,타자,,LF,29,1,-0.1,109,1,,
1999,1749,장용대,쌍방울,타자,,LF,25,1,-0.13,38,1,,
1999,1859,최승민,쌍방울,투수,,RP,25,1,-0.16,29,1,,
1999,1593,이근엽,쌍방울,타자,,2B,27,1,-0.17,67,1,,
1999,2018,강민규,쌍방울,타자,,LF,24,1,-0.2,150,1,,
1999,1951,최정환,쌍방울,투수,,RP,26,2,-0.21,23,1,,
1999,1563,양용모,쌍방울,타자,,C,32,1,-0.27,199,1,,
1999,1787,박재용,쌍방울,타자,,RF,30,3,-0.41,330,1,,
1999,1773,박상근,쌍방울,투수,,RP,29,1,-0.83,123,1,,
1999,10613,정민철,한화,투수,,SP,27,5,5.6,605,1,,
1999,10580,구대성,한화,투수,,CL,30,5,4.45,358,1,,
1999,10597,송진우,한화,투수,,SP,33,3,3.89,560,1,,
1999,10412,송지만,한화,타자,,LF,26,4,2.77,515,1,,
1999,1354,장종훈,한화,타자,,1B,31,4,2.62,531,1,,
1999,12994,이상군,한화,투수,,RP,37,2,0.89,171,1,,
1999,13282,한용덕,한화,투수,,SP,34,5,-0.68,271,1,,
1999,2068,로마이어,한화,타자,Y,DH,34,4,5.15,572,1,,
1999,2067,데이비스,한화,타자,Y,CF,30,4,4.18,578,1,,
1999,10574,이영우,한화,타자,,LF,26,2,3.99,482,1,,
1999,1761,김경원,한화,투수,,SP,28,4,0.15,182,2,,
1999,1553,이상목,한화,투수,,SP,28,2,4.06,516,1,,
1999,1421,강석천,한화,타자,,3B,32,4,0.91,496,1,,
1999,1828,최익성,한화,타자,,CF,27,4,0.68,186,1,,
1999,1917,임수민,한화,타자,,2B,26,2,2.34,399,1,,
1999,2005,김해님,한화,투수,,RP,24,2,1.64,277,1,,
1999,1980,백재호,한화,타자,,2B,25,3,0.68,475,1,,
1999,10449,이상열,한화,투수,,RP,22,2,0.45,162,1,,
1999,1737,김충민,한화,타자,,C,29,2,1.07,127,1,,
1999,1715,임창식,한화,투수,,RP,30,2,0.5,148,1,,
1999,1566,임주택,한화,타자,,CF,31,2,0.46,88,1,,
1999,12707,조경택,한화,타자,,C,29,2,0.35,236,1,,
1999,14993,강인권,한화,타자,,C,27,1,0.26,89,1,,
1999,10596,박정진,한화,투수,,RP,23,1,-0.1,37,1,,
1999,1864,홍우태,한화,투수,,RP,28,1,-0.16,131,1,,
1999,2074,심재윤,한화,타자,,DH,24,1,-0.2,71,1,,
1999,1905,신재웅,한화,투수,,RP,27,1,-0.29,43,1,,
1999,1959,박태순,한화,투수,,RP,25,1,-0.32,22,1,,
1999,2092,황우구,한화,타자,,SS,23,1,-1,92,1,,
1999,10032,장성호,해태,타자,,1B,22,2,5.68,559,1,,
1999,1499,홍현우,해태,타자,,2B,27,5,5.51,561,1,,
1999,10339,양준혁,해태,타자,,DH,30,5,4.47,588,1,,
1999,2072,샌더스,해태,타자,Y,1B,30,4,4.49,526,1,,
1999,2071,브릭스,해태,타자,Y,CF,28,4,1.58,382,1,,
1999,1314,김정수,해태,투수,,RP,37,4,0.84,106,1,,
1999,1500,이호성,해태,타자,,RF,32,4,0.79,316,1,,
1999,10101,이호준,해태,타자,,1B,23,3,0.6,342,1,,
1999,10060,유동훈,해태,투수,,SP,22,2,3.12,466,1,,
1999,10616,최상덕,해태,투수,,SP,28,2,1.29,365,1,,
1999,10479,정성훈,해태,타자,,3B,19,2,1.27,416,1,,
1999,1694,오봉옥,해태,투수,,RP,31,2,3.74,338,1,,
1999,1841,곽채진,해태,투수,,RP,26,3,2.48,328,1,,
1999,10334,김창희,해태,타자,,CF,26,3,1.85,412,1,,
1999,1774,박진철,해태,투수,,SP,24,2,1.54,343,1,,
1999,2010,오철민,해태,투수,,SP,26,2,1.44,416,1,,
1999,2053,소소경,해태,투수,,SP,20,2,1.05,209,1,,
1999,2048,곽현희,해태,투수,,SP,26,2,1.01,439,1,,
1999,1646,박계원,해태,타자,,SS,29,2,0.77,380,1,,
1999,1467,강태원,해태,투수,,RP,28,2,0.2,93,1,,
1999,1607,최해식,해태,타자,,C,31,2,-0.85,362,1,,
1999,1637,이병석,해태,투수,,RP,28,2,0.55,188,1,,
1999,10457,황두성,해태,투수,,RP,23,1,0.25,25,1,,
1999,1802,김지영,해태,타자,,C,25,2,0.19,43,1,,
1999,2081,장일현,해태,타자,,LF,23,1,0.02,171,1,,
1999,1778,이우혁,해태,투수,,RP,24,1,-0.01,105,1,,
1999,2051,류기중,해태,투수,,RP,21,1,-0.12,43,1,,
1999,1661,김태룡,해태,타자,,2B,31,1,-0.15,39,1,,
1999,2056,엄병열,해태,투수,,RP,23,1,-0.16,30,1,,
1999,1920,권오성,해태,타자,,C,29,1,-0.41,60,1,,
1999,1716,정민태,현대,투수,,SP,29,5,9.74,692,1,,
1999,10113,박재홍,현대,타자,,RF,26,5,4.1,572,1,,
1999,10080,박경완,현대,타자,,C,27,5,3.59,467,1,,
1999,10418,전준호,현대,타자,,LF,30,5,3.21,562,1,,
1999,1886,위재영,현대,투수,,SP,27,4,2.19,349,1,,
1999,1464,정명원,현대,투수,,SP,33,5,2.06,253,1,,
1999,10323,박진만,현대,타자,,SS,23,2,1.79,459,1,,
1999,1608,조규제,현대,투수,,SP,32,4,0.45,168,1,,
1999,1668,박종호,현대,타자,,2B,26,3,3.79,473,1,,
1999,10430,김수경,현대,투수,,SP,20,4,3.52,554,1,,
1999,1450,이명수,현대,타자,,2B,33,4,2.24,400,1,,
1999,10402,이숭용,현대,타자,,CF,28,4,1.48,367,1,,
1999,10158,조웅천,현대,투수,,RP,28,3,1.03,134,1,,
1999,1505,김경기,현대,타자,,1B,31,5,0.47,308,1,,
1999,2069,바워스,현대,타자,Y,RF,28,3,0.03,134,1,,
1999,10537,최원호,현대,투수,,SP,26,4,-0.17,371,1,,
1999,2013,임선동,현대,투수,,RP,26,1,-0.25,57,1,,
1999,2087,카날리,현대,타자,Y,3B,34,3,-0.33,40,1,,
1999,2088,피어슨,현대,타자,,DH,25,2,2.11,561,1,,
1999,2100,박장희,현대,투수,,RP,23,2,1.45,352,1,,
1999,1435,김인호,현대,타자,,LF,32,2,1.42,356,1,,
1999,10617,최영필,현대,투수,,RP,25,2,0.62,266,1,,
1999,1844,김민범,현대,투수,,RP,26,2,0.98,88,1,,
1999,1769,김홍집,현대,투수,,RP,28,2,0.83,156,1,,
1999,12722,장광호,현대,타자,,C,32,2,0.69,82,1,,
1999,2059,홍민구,현대,투수,,RP,24,1,0.52,71,1,,
1999,12966,장정석,현대,타자,,LF,26,1,0.1,73,1,,
1999,1742,손차훈,현대,타자,,2B,29,1,0.06,86,1,,
1999,10265,최만호,현대,타자,,CF,25,1,0.05,70,1,,
1999,1688,황윤성,현대,타자,,1B,25,1,-0.02,35,1,,
1999,1504,권준헌,현대,타자,,3B,28,2,-0.15,63,1,,
1999,11468,염경엽,현대,타자,,SS,31,2,-0.48,55,1,,
2000,1783,류지현,LG,타자,,SS,29,5,5.26,592,1,,
2000,10339,양준혁,LG,타자,,DH,31,5,4.95,514,1,,
2000,10109,김재현,LG,타자,,RF,25,4,4.65,560,1,,
2000,10491,이병규,LG,타자,,CF,26,5,4.21,595,1,,
2000,1259,김용수,LG,투수,,SP,40,5,0.58,381,1,,
2000,1472,김상엽,LG,투수,,SP,30,4,-0.17,20,1,,
2000,1370,최창호,LG,투수,,RP,34,1,-0.22,28,1,,
2000,2161,해리거,LG,투수,Y,SP,31,4,6.88,675,1,,
2000,2073,스미스,LG,타자,Y,LF,31,4,1.8,176,2,,
2000,1380,김상호,LG,타자,,RF,35,3,-0.22,41,1,,
2000,10069,장문석,LG,투수,,SP,26,2,3.85,411,1,,
2000,10743,최향남,LG,투수,,SP,29,3,1.91,234,1,,
2000,2139,테이텀,LG,타자,Y,3B,33,3,0.76,84,1,,
2000,1782,서용빈,LG,타자,,1B,29,3,0.56,333,1,,
2000,1828,최익성,LG,타자,,CF,28,3,0.43,214,1,,
2000,10537,최원호,LG,투수,,SP,27,2,0.32,232,1,,
2000,2136,쿡슨,LG,타자,Y,RF,31,3,-0.25,86,1,,
2000,10478,이종열,LG,타자,,2B,27,2,2.07,492,1,,
2000,10148,이승호,LG,투수,,RP,24,1,2.06,194,1,,
2000,2014,전승남,LG,투수,,RP,26,2,1.5,121,1,,
2000,10498,경헌호,LG,투수,,SP,23,2,1.32,256,1,,
2000,1686,차명석,LG,투수,,RP,31,3,1.18,224,1,,
2000,10504,김민기,LG,투수,,RP,23,2,0.91,215,1,,
2000,1711,안병원,LG,투수,,SP,27,2,0.51,204,1,,
2000,1722,정영규,LG,타자,,1B,30,2,0.12,36,1,,
2000,10463,조인성,LG,타자,,C,25,1,-0.18,258,1,,
2000,1983,안재만,LG,타자,,3B,26,1,1.35,236,1,,
2000,2070,박연수,LG,타자,,LF,26,1,0.88,146,1,,
2000,10458,김정민,LG,타자,,C,30,2,0.74,242,1,,
2000,2155,장준관,LG,투수,,RP,19,1,0.26,84,1,,
2000,10481,최동수,LG,타자,,C,29,1,0.16,46,1,,
2000,1884,안상준,LG,타자,,3B,27,1,0.07,250,1,,
2000,1857,인현배,LG,투수,,RP,29,1,0.04,31,1,,
2000,10507,류택현,LG,투수,,RP,29,2,-0.01,129,1,,
2000,10098,손지환,LG,타자,,SS,22,1,-0.12,70,1,,
2000,1850,박철홍,LG,투수,,RP,30,2,-0.12,21,1,,
2000,10501,김광삼,LG,투수,,RP,20,1,-0.12,54,1,,
2000,1497,김선진,LG,타자,,1B,33,1,-0.19,78,1,,
2000,10041,최경환,LG,타자,,RF,28,1,-0.21,153,1,,
2000,1196,김성래,SK,타자,,2B,39,2,0.43,75,1,,
2000,1408,박정현,SK,투수,,RP,31,3,0.24,169,1,,
2000,2120,브리또,SK,타자,Y,SS,28,4,5.66,452,1,,
2000,13285,최태원,SK,타자,,2B,30,4,2.44,568,1,,
2000,2141,풀리엄,SK,타자,Y,LF,33,4,1.38,326,1,,
2000,10492,이진영,SK,타자,,RF,20,1,0.68,316,1,,
2000,10101,이호준,SK,타자,,1B,24,2,0.16,169,2,,
2000,14890,김원형,SK,투수,,SP,28,4,-0.02,279,1,,
2000,1314,김정수,SK,투수,,RP,38,3,-0.14,93,1,,
2000,10147,이승호,SK,투수,,SP,19,2,2.18,419,1,,
2000,1816,이동수,SK,타자,,3B,27,4,1.76,274,1,,
2000,1619,김기덕,SK,투수,,SP,32,4,1.29,414,1,,
2000,1505,김경기,SK,타자,,1B,32,4,1.08,177,1,,
2000,2143,혼즈,SK,타자,Y,LF,30,3,0.29,89,1,,
2000,2135,콜,SK,투수,Y,SP,32,3,0.12,343,1,,
2000,2115,뮬렌,SK,타자,Y,3B,33,3,-0.11,54,1,,
2000,1775,성영재,SK,투수,,RP,29,3,-0.49,45,1,,
2000,12657,조원우,SK,타자,,LF,29,3,-0.69,88,1,,
2000,10519,오상민,SK,투수,,RP,26,2,1.46,302,1,,
2000,10117,윤재국,SK,타자,,LF,25,2,0.89,381,1,,
2000,10039,채종범,SK,타자,,RF,23,2,0.24,518,1,,
2000,1628,김태석,SK,투수,,RP,33,2,-0.05,161,1,,
2000,1854,유현승,SK,투수,,SP,29,2,-0.12,281,1,,
2000,1613,강병규,SK,투수,,RP,28,3,-0.3,80,1,,
2000,1883,심성보,SK,타자,,RF,27,3,-0.71,49,1,,
2000,1838,강희석,SK,투수,,SP,26,2,-0.85,293,1,,
2000,1695,권명철,SK,투수,,RP,31,2,-0.88,135,1,,
2000,1757,추성건,SK,타자,,3B,30,1,1.89,248,1,,
2000,1563,양용모,SK,타자,,C,33,1,1.06,238,1,,
2000,1773,박상근,SK,투수,,RP,30,1,0.9,132,1,,
2000,1748,이민호,SK,타자,,3B,31,2,0.56,88,1,,
2000,1957,박주언,SK,투수,,RP,27,1,0.34,56,1,,
2000,1630,박진석,SK,투수,,RP,32,2,0.22,114,1,,
2000,1742,손차훈,SK,타자,,2B,30,1,0.2,226,1,,
2000,2015,정수찬,SK,투수,,RP,27,1,0.09,36,1,,
2000,1737,김충민,SK,타자,,C,30,2,0,43,1,,
2000,1821,장재중,SK,타자,,C,29,1,-0.01,237,1,,
2000,2122,신주일,SK,타자,,1B,23,1,-0.01,75,1,,
2000,2152,배홍철,SK,투수,,RP,18,1,-0.03,38,1,,
2000,10139,엄정욱,SK,투수,,RP,19,1,-0.04,17,1,,
2000,1646,박계원,SK,타자,,SS,30,2,-0.09,157,2,,
2000,1611,가내영,SK,투수,,RP,29,2,-0.09,65,1,,
2000,10138,신승현,SK,투수,,RP,17,1,-0.09,21,1,,
2000,1511,김종헌,SK,타자,,LF,34,2,-0.19,143,1,,
2000,10173,김동주,두산,타자,,3B,24,4,5.78,539,1,,
2000,1811,심정수,두산,타자,,RF,25,5,4.73,542,1,,
2000,1894,진필중,두산,투수,,CL,28,5,2.89,219,1,,
2000,2031,우즈,두산,타자,Y,1B,31,4,5.56,565,1,,
2000,10264,정수근,두산,타자,,CF,23,5,2.48,567,1,,
2000,10256,홍성흔,두산,타자,,C,23,4,2.28,484,1,,
2000,12724,조계현,두산,투수,,SP,36,4,2.13,267,1,,
2000,2160,파머,두산,투수,Y,SP,32,4,1.62,458,1,,
2000,10510,박명환,두산,투수,,RP,23,3,0.41,35,1,,
2000,10099,안경현,두산,타자,,2B,30,2,1.95,377,1,,
2000,10543,이도형,두산,타자,,C,25,2,0.58,138,1,,
2000,1724,김민호,두산,타자,,SS,31,3,0.13,328,1,,
2000,10348,구자운,두산,투수,,RP,20,2,4.15,295,1,,
2000,1682,장원진,두산,타자,,LF,31,2,3.48,579,1,,
2000,1426,이광우,두산,투수,,SP,35,2,3.18,452,1,,
2000,1863,한태균,두산,투수,,SP,29,2,1.58,307,1,,
2000,2017,최용호,두산,투수,,SP,24,3,1.4,363,1,,
2000,14889,홍원기,두산,타자,,3B,27,1,0.99,258,1,,
2000,10642,이혜천,두산,투수,,RP,21,2,0.84,253,1,,
2000,1554,이상훈,두산,투수,,RP,29,2,0.1,266,1,,
2000,2062,강혁,두산,타자,,1B,26,4,-0.19,381,1,,
2000,1457,최훈재,두산,타자,,1B,33,3,-0.93,124,1,,
2000,1897,김유봉,두산,투수,,RP,24,1,1.63,146,1,,
2000,2109,장성진,두산,투수,,RP,25,2,1.25,100,1,,
2000,1979,문희성,두산,타자,,RF,27,1,0.22,36,1,,
2000,1899,박보현,두산,투수,,RP,28,2,0.08,129,2,,
2000,1967,차명주,두산,투수,,RP,27,2,-0.03,120,1,,
2000,1777,이용호,두산,투수,,RP,30,1,-0.05,29,1,,
2000,10194,전상렬,두산,타자,,LF,28,1,-0.17,90,1,,
2000,10046,김영수,두산,투수,,RP,25,1,-0.2,53,1,,
2000,1595,이종민,두산,타자,,2B,28,1,-0.48,132,1,,
2000,1834,주형광,롯데,투수,,SP,24,5,4.4,449,1,,
2000,1865,마해영,롯데,타자,,1B,30,5,3.52,569,1,,
2000,1561,박정태,롯데,타자,,2B,31,5,2.58,439,1,,
2000,10284,손민한,롯데,투수,,SP,25,2,5.31,523,1,,
2000,1901,박석진,롯데,투수,,RP,28,2,4.08,283,1,,
2000,10593,문동환,롯데,투수,,SP,28,5,1.7,216,1,,
2000,2144,화이트,롯데,타자,Y,RF,31,4,1.69,322,1,,
2000,2093,기론,롯데,투수,Y,SP,28,4,1.67,507,1,,
2000,1404,김응국,롯데,타자,,RF,34,5,1.03,439,1,,
2000,1689,염종석,롯데,투수,,RP,27,5,0.19,29,1,,
2000,1837,강상수,롯데,투수,,CL,29,4,3.19,213,1,,
2000,1923,김대익,롯데,타자,,CF,27,2,2.88,534,1,,
2000,10246,박현승,롯데,타자,,3B,28,2,2.14,407,1,,
2000,10511,박지철,롯데,투수,,SP,25,2,1.5,329,1,,
2000,14231,최기문,롯데,타자,,C,27,2,1.49,391,1,,
2000,10550,김민재,롯데,타자,,SS,27,2,1.24,437,1,,
2000,2124,우드,롯데,타자,Y,CF,33,3,0.28,122,1,,
2000,10046,김영수,롯데,투수,,RP,25,2,2.99,253,2,,
2000,2038,조경환,롯데,타자,,LF,28,2,2.36,438,1,,
2000,10487,손인호,롯데,타자,,RF,25,2,0.81,271,1,,
2000,10254,조성환,롯데,타자,,SS,24,1,0.32,106,1,,
2000,1503,공필성,롯데,타자,,3B,33,1,-0.48,177,1,,
2000,10298,임경완,롯데,투수,,RP,25,1,0.81,91,1,,
2000,2111,정원욱,롯데,투수,,RP,24,2,0.69,118,1,,
2000,2117,박경진,롯데,타자,,C,24,1,0.28,81,1,,
2000,10272,김사율,롯데,투수,,RP,20,1,0.28,144,1,,
2000,10123,가득염,롯데,투수,,RP,31,2,0.23,146,1,,
2000,2012,임봉춘,롯데,투수,,RP,26,1,0.2,42,1,,
2000,2089,한규식,롯데,타자,,SS,24,1,0.17,93,1,,
2000,1899,박보현,롯데,투수,,RP,28,2,-0.07,81,1,,
2000,1939,유필선,롯데,타자,,LF,30,1,-0.09,38,1,,
2000,10296,이정훈,롯데,투수,,RP,23,1,-0.09,42,1,,
2000,13432,이동욱,롯데,타자,,2B,26,1,-0.15,33,1,,
2000,2146,강민영,롯데,투수,,RP,19,1,-0.36,113,1,,
2000,1648,강성우,롯데,타자,,C,30,1,-0.39,87,1,,
2000,10193,임재철,롯데,타자,,RF,24,1,-0.59,68,1,,
2000,1880,박종일,롯데,타자,,LF,28,1,-0.66,74,1,,
2000,10881,이승엽,삼성,타자,,1B,24,5,5.51,544,1,,
2000,11281,임창용,삼성,투수,,CL,24,5,4.67,266,1,,
2000,11474,김기태,삼성,타자,,DH,31,5,4.37,395,1,,
2000,1624,김상진,삼성,투수,,SP,30,4,2.07,267,1,,
2000,10386,김동수,삼성,타자,,C,32,5,0.68,238,1,,
2000,13923,이강철,삼성,투수,,SP,34,5,-0.27,111,1,,
2000,2142,프랑코,삼성,타자,Y,RF,39,4,4.79,549,1,,
2000,1768,김현욱,삼성,투수,,RP,30,4,3.6,327,1,,
2000,1771,노장진,삼성,투수,,SP,26,2,2.74,415,1,,
2000,2073,스미스,삼성,타자,Y,LF,31,4,1.48,308,1,,
2000,1693,김태한,삼성,투수,,RP,31,3,0.39,65,1,,
2000,10362,배영수,삼성,투수,,RP,19,1,-0.05,136,1,,
2000,10102,정경배,삼성,타자,,2B,26,3,3.32,426,1,,
2000,10357,김진웅,삼성,투수,,SP,20,2,2.65,520,1,,
2000,10314,진갑용,삼성,타자,,C,26,1,1.73,330,1,,
2000,2145,가르시아,삼성,투수,Y,SP,32,3,1.38,167,1,,
2000,12964,김한수,삼성,타자,,3B,29,5,1.34,519,1,,
2000,1539,박동희,삼성,투수,,RP,32,2,0.3,172,1,,
2000,1672,신동주,삼성,타자,,CF,28,3,1.69,360,1,,
2000,10291,이용훈,삼성,투수,,SP,23,2,1.41,417,1,,
2000,1800,김종훈,삼성,타자,,LF,28,2,1.09,504,1,,
2000,10239,김주찬,삼성,타자,,3B,19,1,0.36,52,1,,
2000,1803,김태균,삼성,타자,,SS,29,3,0.3,446,1,,
2000,10377,정현욱,삼성,투수,,RP,22,2,-0.1,15,1,,
2000,1968,최창양,삼성,투수,,SP,27,2,-0.22,224,1,,
2000,2150,박영진,삼성,투수,,RP,21,1,1.25,118,1,,
2000,10531,정성훈,삼성,투수,,RP,23,1,1,137,1,,
2000,10097,박정환,삼성,타자,,3B,23,1,0.35,68,1,,
2000,1949,최재호,삼성,투수,,RP,27,2,0.26,114,1,,
2000,2097,라형진,삼성,투수,,RP,23,1,0.18,63,1,,
2000,2114,남기헌,삼성,타자,,LF,23,1,0.11,131,1,,
2000,1547,김인철,삼성,타자,,RF,29,1,-0.19,96,1,,
2000,11451,이계성,삼성,타자,,LF,23,1,-0.21,146,1,,
2000,2021,김수관,삼성,타자,,2B,25,1,-0.56,54,1,,
2000,10412,송지만,한화,타자,,LF,27,4,5.61,530,1,,
2000,10580,구대성,한화,투수,,CL,31,5,4.94,400,1,,
2000,10597,송진우,한화,투수,,SP,34,5,3.7,405,1,,
2000,2067,데이비스,한화,타자,Y,CF,31,5,2.91,458,1,,
2000,2068,로마이어,한화,타자,Y,DH,35,5,2.51,534,1,,
2000,13282,한용덕,한화,투수,,SP,35,3,1.48,392,1,,
2000,1354,장종훈,한화,타자,,1B,32,4,0.91,512,1,,
2000,12994,이상군,한화,투수,,SP,38,2,0.33,91,1,,
2000,10574,이영우,한화,타자,,LF,27,3,4.6,542,1,,
2000,1761,김경원,한화,투수,,SP,29,3,0.17,247,1,,
2000,10559,이범호,한화,타자,,2B,19,1,-0.33,86,1,,
2000,1421,강석천,한화,타자,,3B,33,3,0.33,487,1,,
2000,1365,송유석,한화,투수,,RP,34,3,0.16,192,1,,
2000,10226,조규수,한화,투수,,SP,19,2,1.98,508,1,,
2000,1436,김종석,한화,타자,,1B,29,2,0.66,210,1,,
2000,10449,이상열,한화,투수,,SP,23,2,0.28,265,1,,
2000,2149,김장백,한화,투수,,SP,25,2,0.11,302,1,,
2000,1980,백재호,한화,타자,,2B,26,2,-0.56,345,1,,
2000,14993,강인권,한화,타자,,C,28,1,1,143,1,,
2000,2092,황우구,한화,타자,,SS,24,1,0.67,163,1,,
2000,12707,조경택,한화,타자,,C,30,2,0.42,189,1,,
2000,10310,심광호,한화,타자,,C,23,1,0.11,100,1,,
2000,1871,김승권,한화,타자,,1B,24,1,0.08,90,1,,
2000,2157,전하진,한화,투수,,RP,21,1,0.08,35,1,,
2000,10596,박정진,한화,투수,,RP,24,1,0.08,43,1,,
2000,1864,홍우태,한화,투수,,RP,29,1,-0.05,133,1,,
2000,2147,김병준,한화,투수,,RP,23,1,-0.08,119,1,,
2000,2074,심재윤,한화,타자,,DH,25,1,-0.14,102,1,,
2000,2154,장재혁,한화,투수,,RP,24,1,-0.17,17,1,,
2000,2162,허진석,한화,투수,,RP,19,1,-0.17,54,1,,
2000,1905,신재웅,한화,투수,,SP,28,1,-0.18,180,1,,
2000,2103,오창선,한화,투수,,RP,24,1,-0.19,40,1,,
2000,1926,김수연,한화,타자,,LF,23,1,-0.21,45,1,,
2000,1566,임주택,한화,타자,,CF,32,2,-0.25,193,1,,
2000,2005,김해님,한화,투수,,RP,25,2,-0.56,110,1,,
2000,10542,신경현,한화,타자,,C,25,1,-0.59,77,1,,
2000,1882,신국환,한화,타자,,2B,28,1,-0.61,73,1,,
2000,1759,허준,한화,타자,,SS,30,1,-0.78,307,1,,
2000,10032,장성호,해태,타자,,1B,23,4,5.81,546,1,,5→4
2000,10062,이대진,해태,투수,,RP,26,4,3.35,315,1,,
2000,1499,홍현우,해태,타자,,3B,28,5,1.61,361,1,,
2000,2138,타바레스,해태,타자,Y,CF,29,4,2.64,334,1,,
2000,1500,이호성,해태,타자,,RF,33,3,2,468,1,,
2000,10060,유동훈,해태,투수,,RP,23,2,-0.42,169,1,,
2000,10101,이호준,해태,타자,,1B,24,2,-0.62,40,1,,
2000,1694,오봉옥,해태,투수,,RP,32,3,3.55,340,1,,
2000,10616,최상덕,해태,투수,,SP,29,2,3.09,557,1,,
2000,1775,성영재,해태,투수,,SP,29,3,2.65,290,2,,
2000,10009,김종국,해태,타자,,2B,27,2,1.05,258,1,,
2000,10479,정성훈,해태,타자,,3B,20,2,0.79,499,1,,
2000,2116,미첼,해태,타자,Y,LF,31,3,0.76,279,1,,
2000,2119,배스,해태,타자,Y,LF,26,3,0.36,68,1,,
2000,2140,포조,해태,타자,Y,2B,27,3,-0.65,130,1,,
2000,2048,곽현희,해태,투수,,SP,27,2,1.29,315,1,,
2000,1581,김호,해태,타자,,SS,33,3,1.17,216,1,,
2000,10334,김창희,해태,타자,,CF,27,3,1.15,307,1,,
2000,1841,곽채진,해태,투수,,RP,27,4,1,114,1,,
2000,1467,강태원,해태,투수,,RP,29,2,0.58,99,1,,
2000,10026,홍세완,해태,타자,,SS,22,1,0.48,191,1,,
2000,2081,장일현,해태,타자,,LF,24,2,0.41,373,1,,
2000,2153,윤형진,해태,투수,,SP,23,2,0.35,295,1,,
2000,1637,이병석,해태,투수,,RP,29,2,1.3,158,1,,
2000,1607,최해식,해태,타자,,C,32,1,0.82,289,1,,
2000,1907,이원식,해태,투수,,SP,28,2,0.34,176,1,,
2000,2053,소소경,해태,투수,,RP,21,2,0.17,159,1,,
2000,10001,김상훈,해태,타자,,C,23,1,0.13,199,1,,
2000,2056,엄병열,해태,투수,,RP,24,1,0.07,23,1,,
2000,1774,박진철,해태,투수,,RP,25,2,0,192,1,,
2000,2159,최영완,해태,투수,,RP,24,1,0,42,1,,
2000,10269,강영식,해태,투수,,RP,19,1,-0.22,139,1,,
2000,2123,양현석,해태,타자,,LF,23,1,-0.36,191,1,,
2000,1646,박계원,해태,타자,,SS,30,2,-0.49,101,1,,
2000,1661,김태룡,해태,타자,,2B,32,1,-0.5,146,1,,
2000,2132,조홍준,해태,타자,,1B,23,1,-0.54,38,1,,
2000,2034,이우석,해태,타자,,LF,25,1,-0.69,79,1,,
2000,2010,오철민,해태,투수,,RP,27,2,-1.02,199,1,,
2000,10080,박경완,현대,타자,,C,28,5,7.29,517,1,,
2000,1716,정민태,현대,투수,,SP,30,5,5.53,621,1,,
2000,10113,박재홍,현대,타자,,CF,27,5,5.26,572,1,,
2000,10323,박진만,현대,타자,,SS,24,2,3.81,477,1,,
2000,1886,위재영,현대,투수,,CL,28,4,3.42,220,1,,
2000,10418,전준호,현대,타자,,LF,31,5,3.35,334,1,,
2000,1867,심재학,현대,타자,,RF,28,3,3.15,502,1,,
2000,1464,정명원,현대,투수,,SP,34,4,0.66,183,1,,
2000,1668,박종호,현대,타자,,2B,27,4,7.06,541,1,,
2000,10430,김수경,현대,투수,,SP,21,4,4.49,585,1,,
2000,10158,조웅천,현대,투수,,RP,29,3,3.14,283,1,,
2000,2137,퀸란,현대,타자,Y,3B,32,4,2.16,537,1,,
2000,1450,이명수,현대,타자,,2B,34,4,1.95,236,1,,
2000,10402,이숭용,현대,타자,,CF,29,3,1.46,325,1,,
2000,2013,임선동,현대,투수,,SP,27,2,5.77,586,1,,
2000,2125,윌리엄스,현대,타자,Y,1B,36,3,1.07,164,1,,
2000,2134,카펜터,현대,타자,Y,LF,32,3,0.82,158,1,,
2000,2121,브링클리,현대,타자,Y,LF,32,3,-0.62,100,1,,
2000,10592,마일영,현대,투수,,SP,19,2,2.43,280,1,,
2000,2100,박장희,현대,투수,,SP,24,2,1.83,298,1,,
2000,10153,전준호,현대,투수,,RP,25,5,1.23,145,1,,
2000,10444,신철인,현대,투수,,RP,23,2,1.23,227,1,,
2000,1435,김인호,현대,타자,,LF,33,3,0.18,324,1,,
2000,10020,이재주,현대,타자,,C,27,2,0.06,132,1,,
2000,10575,전근표,현대,타자,,1B,23,4,0.22,49,1,,
2000,10617,최영필,현대,투수,,RP,26,2,0.21,31,1,,
2000,10398,김일경,현대,타자,,2B,22,1,0.06,32,1,,
2000,1688,황윤성,현대,타자,,1B,26,1,0.03,60,1,,
2000,12966,장정석,현대,타자,,LF,27,1,-0.06,38,1,,
2000,10439,박승민,현대,투수,,RP,23,1,-0.11,17,1,,
2000,2129,장교성,현대,타자,,1B,23,1,-0.19,71,1,,
2000,1769,김홍집,현대,투수,,RP,29,2,-0.21,18,1,,
2000,1844,김민범,현대,투수,,RP,27,2,-0.33,34,1,,
2001,10036,이종범,KIA,타자,,3B,31,5,2.16,214,1,,
2001,13923,이강철,KIA,투수,,RP,35,4,-0.14,79,2,,
2001,2201,리치,KIA,투수,Y,RP,35,3,-0.01,22,1,,
2001,2220,젠슨,KIA,투수,Y,SP,28,3,-0.17,26,1,,
2001,14564,손혁,KIA,투수,,RP,28,3,0.6,32,1,,
2001,10339,양준혁,LG,타자,,DH,32,5,5.49,531,1,,
2001,1783,류지현,LG,타자,,SS,30,5,5.21,580,1,,
2001,10109,김재현,LG,타자,,LF,26,5,4.89,534,1,,
2001,10491,이병규,LG,타자,,CF,27,5,3.62,607,1,,
2001,2161,해리거,LG,투수,Y,SP,32,5,2.67,485,1,,
2001,1499,홍현우,LG,타자,,3B,29,5,-0.55,213,1,,
2001,2207,발데스,LG,투수,Y,SP,35,4,2.31,494,1,,
2001,2068,로마이어,LG,타자,Y,DH,36,4,0.01,239,1,,
2001,1370,최창호,LG,투수,,RP,35,2,-0.03,106,1,,
2001,2202,린튼,LG,투수,Y,SP,36,3,2.17,230,1,,
2001,1782,서용빈,LG,타자,,1B,30,2,0.29,421,1,,
2001,10743,최향남,LG,투수,,RP,30,4,0,24,1,,
2001,10069,장문석,LG,투수,,SP,27,3,-0.33,129,1,,
2001,10148,이승호,LG,투수,,RP,25,2,-0.55,53,1,,
2001,11238,신윤호,LG,투수,,CL,26,2,4.37,433,1,,
2001,10498,경헌호,LG,투수,,RP,24,2,1.51,241,1,,
2001,10504,김민기,LG,투수,,RP,24,2,0.91,323,1,,
2001,10524,이동현,LG,투수,,SP,18,2,0.54,317,1,,
2001,1883,심성보,LG,타자,,RF,28,2,0.45,247,1,,
2001,10463,조인성,LG,타자,,C,26,1,0.35,210,1,,
2001,1686,차명석,LG,투수,,RP,32,3,-0.15,25,1,,
2001,2014,전승남,LG,투수,,RP,27,2,-0.23,85,1,,
2001,10478,이종열,LG,타자,,2B,28,3,-0.4,246,1,,
2001,1711,안병원,LG,투수,,SP,28,2,-0.72,241,1,,
2001,2070,박연수,LG,타자,,LF,27,2,1.26,114,1,,
2001,1854,유현승,LG,투수,,RP,30,1,1.13,94,1,,
2001,10481,최동수,LG,타자,,C,30,1,0.79,173,1,,
2001,2095,김상태,LG,투수,,RP,25,1,0.35,66,1,,
2001,2096,김혁섭,LG,투수,,RP,27,1,0.32,35,1,,
2001,10098,손지환,LG,타자,,2B,23,1,0.3,211,1,,
2001,10458,김정민,LG,타자,,C,31,2,0.14,122,1,,
2001,10465,권용관,LG,타자,,3B,25,1,0.12,212,1,,
2001,1983,안재만,LG,타자,,3B,27,2,0.11,31,1,,
2001,1933,방동민,LG,투수,,RP,24,1,0,36,1,,
2001,10507,류택현,LG,투수,,RP,30,1,-0.17,105,1,,
2001,10265,최만호,LG,타자,,RF,27,1,-0.22,62,1,,
2001,2018,강민규,LG,타자,,LF,26,1,-0.41,47,1,,
2001,1884,안상준,LG,타자,,3B,28,1,-0.83,194,1,,
2001,1821,장재중,LG,타자,,C,30,1,-1.3,208,1,,
2001,2120,브리또,SK,타자,Y,SS,29,5,6.2,510,1,,
2001,1608,조규제,SK,투수,,SP,34,3,2.96,319,1,,
2001,2209,에르난데스,SK,투수,Y,SP,30,4,5.4,701,1,,
2001,10147,이승호,SK,투수,,SP,20,4,5.37,662,1,,
2001,2179,에레라,SK,타자,Y,CF,29,4,3.79,450,1,,
2001,14890,김원형,SK,투수,,SP,29,2,2.34,463,1,,
2001,13285,최태원,SK,타자,,2B,31,4,1.82,382,1,,
2001,10492,이진영,SK,타자,,LF,21,2,1.51,369,1,,
2001,10158,조웅천,SK,투수,,RP,30,4,0.62,230,1,,
2001,10101,이호준,SK,타자,,1B,25,2,-0.42,308,1,,
2001,12657,조원우,SK,타자,,LF,30,3,1.65,363,1,,
2001,1619,김기덕,SK,투수,,SP,33,3,0.42,203,1,,
2001,10154,정대현,SK,투수,,RP,23,1,0.2,50,1,,
2001,1505,김경기,SK,타자,,1B,33,3,-0.18,97,1,,
2001,10519,오상민,SK,투수,,RP,27,2,3.83,401,1,,
2001,10117,윤재국,SK,타자,,LF,26,2,1.49,356,1,,
2001,1983,안재만,SK,타자,,3B,27,2,1.17,407,2,,
2001,10039,채종범,SK,타자,,RF,24,2,0.53,460,1,,
2001,1695,권명철,SK,투수,,RP,32,1,0.45,78,1,,
2001,10083,정상호,SK,타자,,C,19,1,0.23,49,1,,
2001,2062,강혁,SK,타자,,1B,27,1,0.22,224,1,,
2001,1838,강희석,SK,투수,,RP,27,1,0.15,67,1,,
2001,2123,양현석,SK,타자,,LF,24,1,0.1,245,2,,
2001,1757,추성건,SK,타자,,RF,31,2,0.09,39,1,,
2001,1742,손차훈,SK,타자,,2B,31,1,0.02,79,1,,
2001,1773,박상근,SK,투수,,RP,31,2,-0.09,86,1,,
2001,10138,신승현,SK,투수,,RP,18,1,-0.21,57,1,,
2001,2015,정수찬,SK,투수,,SP,28,1,-0.35,44,1,,
2001,10045,김건한,SK,투수,,RP,20,1,-0.36,128,1,,
2001,1563,양용모,SK,타자,,C,34,2,-0.57,221,1,,
2001,1981,송재익,SK,타자,,1B,27,1,-0.97,208,1,,
2001,1648,강성우,SK,타자,,C,31,1,-1.45,222,1,,
2001,1867,심재학,두산,타자,,RF,29,4,6.89,469,1,,
2001,10173,김동주,두산,타자,,DH,25,5,3.64,421,1,,
2001,1894,진필중,두산,투수,,CL,29,5,2.13,268,1,,
2001,12724,조계현,두산,투수,,SP,37,4,0.84,261,1,,
2001,10256,홍성흔,두산,타자,,C,24,4,0.71,452,1,,
2001,10264,정수근,두산,타자,,CF,24,4,4.5,546,1,,
2001,2031,우즈,두산,타자,,1B,32,5,4.26,525,1,,
2001,10510,박명환,두산,투수,,RP,24,2,1.33,233,1,,
2001,2135,콜,두산,투수,Y,SP,33,4,0.82,359,1,,
2001,2160,파머,두산,투수,Y,SP,33,4,-0.22,33,1,,
2001,10099,안경현,두산,타자,,2B,31,3,2.99,539,1,,
2001,10348,구자운,두산,투수,,SP,21,2,0.53,163,1,,
2001,2011,이경필,두산,투수,,RP,27,4,0.37,19,1,,
2001,1724,김민호,두산,타자,,SS,32,2,0.15,357,1,,
2001,10543,이도형,두산,타자,,C,26,2,0.13,93,1,,
2001,2208,베넷,두산,투수,Y,SP,29,3,-0.1,59,1,,
2001,2169,니일,두산,타자,Y,1B,36,3,-0.19,68,1,,
2001,10642,이혜천,두산,투수,,SP,22,2,2.68,425,1,,
2001,1967,차명주,두산,투수,,RP,28,2,2.64,292,1,,
2001,14889,홍원기,두산,타자,,3B,28,2,1.74,284,1,,
2001,2017,최용호,두산,투수,,SP,25,3,0.8,255,1,,
2001,2158,정진용,두산,투수,,SP,24,2,0.8,300,1,,
2001,1426,이광우,두산,투수,,RP,36,4,0.61,175,1,,
2001,1682,장원진,두산,타자,,LF,32,4,0.44,559,1,,
2001,1581,김호,두산,타자,,SS,34,3,-0.07,65,1,,
2001,10219,이재우,두산,투수,,RP,21,1,-0.16,20,1,,
2001,1457,최훈재,두산,타자,,DH,34,2,-0.22,196,1,,
2001,10029,김원섭,두산,타자,,LF,23,1,-0.33,42,1,,
2001,1554,이상훈,두산,투수,,RP,30,1,-0.5,102,1,,
2001,10194,전상렬,두산,타자,,LF,29,1,0.47,220,1,,
2001,1899,박보현,두산,투수,,RP,29,2,0.28,150,1,,
2001,10198,김태영,두산,투수,,RP,21,1,0.28,29,1,,
2001,2222,최경훈,두산,투수,,RP,22,1,0.14,89,1,,
2001,2109,장성진,두산,투수,,RP,26,2,0.1,114,1,,
2001,10332,강봉규,두산,타자,,RF,23,1,0.07,97,1,,
2001,1979,문희성,두산,타자,,1B,28,1,0.02,49,1,,
2001,2194,김태구,두산,투수,,RP,19,1,-0.18,15,1,,
2001,1595,이종민,두산,타자,,2B,29,1,-0.35,147,1,,
2001,2176,송원국,두산,타자,,2B,22,1,-0.68,86,1,,
2001,1863,한태균,두산,투수,,RP,30,2,-0.73,171,1,,
2001,2090,호세,롯데,타자,Y,RF,36,5,7.88,499,1,,
2001,10284,손민한,롯데,투수,,SP,26,3,3.58,520,1,,
2001,1561,박정태,롯데,타자,,2B,32,5,-0.15,415,1,,
2001,1901,박석진,롯데,투수,,SP,29,3,4.57,399,1,,
2001,1689,염종석,롯데,투수,,SP,28,4,2.19,267,1,,
2001,2178,얀,롯데,타자,Y,1B,35,4,1.49,390,1,,
2001,2093,기론,롯데,투수,Y,SP,29,4,0.33,143,1,,
2001,10593,문동환,롯데,투수,,RP,29,4,-0.04,111,1,,
2001,1404,김응국,롯데,타자,,1B,35,4,-0.06,300,1,,
2001,10511,박지철,롯데,투수,,SP,26,3,4.02,469,1,,
2001,10246,박현승,롯데,타자,,3B,29,3,3.34,521,1,,
2001,14231,최기문,롯데,타자,,C,28,3,3.13,451,1,,
2001,10550,김민재,롯데,타자,,SS,28,2,1.54,374,1,,
2001,1837,강상수,롯데,투수,,RP,30,5,1.34,267,1,,
2001,1923,김대익,롯데,타자,,CF,28,4,0.73,458,1,,
2001,2197,레이,롯데,투수,Y,SP,28,3,0.41,151,1,,
2001,2038,조경환,롯데,타자,,LF,29,3,3.73,497,1,,
2001,10298,임경완,롯데,투수,,RP,26,2,1.3,186,1,,
2001,10272,김사율,롯데,투수,,RP,21,2,1.28,206,1,,
2001,10239,김주찬,롯데,타자,,3B,20,2,1.24,333,1,,
2001,11451,이계성,롯데,타자,,LF,24,2,0.49,335,1,,
2001,10046,김영수,롯데,투수,,SP,26,2,-0.08,284,1,,
2001,10254,조성환,롯데,타자,,SS,25,1,-0.26,112,1,,
2001,10193,임재철,롯데,타자,,CF,25,1,0.87,270,1,,
2001,10123,가득염,롯데,투수,,RP,32,2,0.62,152,1,,
2001,10277,김장현,롯데,투수,,RP,23,1,0.31,149,1,,
2001,14566,허문회,롯데,타자,,1B,29,2,0.22,64,1,,
2001,2146,강민영,롯데,투수,,RP,20,1,0.08,141,1,,
2001,2012,임봉춘,롯데,투수,,RP,27,1,-0.03,29,1,,
2001,10296,이정훈,롯데,투수,,RP,24,1,-0.06,15,1,,
2001,2117,박경진,롯데,타자,,C,25,1,-0.15,66,1,,
2001,10327,신명철,롯데,타자,,SS,23,1,-0.36,35,1,,
2001,10241,박기혁,롯데,타자,,SS,20,1,-0.59,61,1,,
2001,10881,이승엽,삼성,타자,,1B,25,5,5.13,574,1,,
2001,11281,임창용,삼성,투수,,SP,25,5,4.68,554,1,,
2001,1865,마해영,삼성,타자,,DH,31,5,4.45,547,1,,
2001,10386,김동수,삼성,타자,,C,33,5,1.46,217,1,,
2001,13923,이강철,삼성,투수,,RP,35,4,0.25,89,1,,
2001,1624,김상진,삼성,투수,,RP,31,4,-0.1,92,1,,
2001,11474,김기태,삼성,타자,,1B,32,5,-0.3,102,1,,
2001,2189,갈베스,삼성,투수,Y,SP,37,4,4.28,350,1,,
2001,10362,배영수,삼성,투수,,SP,20,2,4.2,509,1,,
2001,10314,진갑용,삼성,타자,,C,27,2,3.09,349,1,,
2001,2199,리베라,삼성,투수,Y,CL,32,4,2.5,175,1,,
2001,1768,김현욱,삼성,투수,,RP,31,4,2.19,287,1,,
2001,10336,박한이,삼성,타자,,RF,22,2,2.15,501,1,,
2001,2170,마르티네스,삼성,타자,Y,CF,31,4,2.08,550,1,,
2001,1771,노장진,삼성,투수,,SP,27,4,1.62,257,1,,
2001,10564,강동우,삼성,타자,,LF,27,2,1.32,403,1,,
2001,10357,김진웅,삼성,투수,,SP,21,3,3.79,423,1,,
2001,12964,김한수,삼성,타자,,3B,30,5,2.68,478,1,,
2001,10102,정경배,삼성,타자,,2B,27,4,0.67,333,1,,
2001,2171,바에르가,삼성,타자,Y,2B,33,3,0.19,131,1,,
2001,1539,박동희,삼성,투수,,RP,33,2,-0.06,136,1,,
2001,2224,토레스,삼성,투수,Y,SP,29,3,-0.25,16,1,,
2001,2097,라형진,삼성,투수,,RP,24,2,0.84,209,1,,
2001,1965,전병호,삼성,투수,,RP,28,2,0.6,120,1,,
2001,10291,이용훈,삼성,투수,,SP,24,2,0.27,215,1,,
2001,1803,김태균,삼성,타자,,SS,30,2,-0.29,136,1,Y,
2001,1800,김종훈,삼성,타자,,LF,29,2,1.06,283,1,,
2001,10321,김재걸,삼성,타자,,SS,29,2,0.42,153,1,,
2001,10097,박정환,삼성,타자,,SS,24,1,0.39,249,1,,
2001,10450,이정호,삼성,투수,,RP,19,4,0.22,29,1,,
2001,10531,정성훈,삼성,투수,,RP,24,2,0.15,30,1,,
2001,2021,김수관,삼성,타자,,2B,26,1,0.01,37,1,,
2001,2106,이동은,삼성,투수,,RP,24,1,-0.02,25,1,,
2001,2080,장영균,삼성,타자,,LF,25,1,-0.34,34,1,,
2001,1871,김승권,삼성,타자,,1B,25,1,-0.44,144,1,,
2001,13282,한용덕,한화,투수,,SP,36,3,3.92,432,1,,
2001,10597,송진우,한화,투수,,SP,35,5,3.6,556,1,,
2001,10412,송지만,한화,타자,,RF,28,5,1.28,391,1,,
2001,1354,장종훈,한화,타자,,1B,33,4,0.93,421,1,,
2001,12994,이상군,한화,투수,,RP,39,2,-0.03,21,1,,
2001,2067,데이비스,한화,타자,Y,CF,32,4,4.34,564,1,,
2001,10552,김태균,한화,타자,,3B,19,1,3.91,289,1,,
2001,10574,이영우,한화,타자,,LF,28,4,2.91,448,1,,
2001,2200,리스,한화,투수,Y,SP,26,4,2.81,299,1,,
2001,1314,김정수,한화,투수,,RP,39,2,0.82,131,1,,
2001,1761,김경원,한화,투수,,RP,30,2,-0.2,67,1,Y,
2001,10559,이범호,한화,타자,,2B,20,1,-0.78,159,1,,
2001,1553,이상목,한화,투수,,SP,30,3,0.69,303,1,,
2001,2221,차베스,한화,투수,Y,RP,29,3,0.29,24,1,,
2001,2213,워렌,한화,투수,Y,RP,34,3,0.19,44,1,,
2001,2195,누네스,한화,투수,Y,RP,37,3,0.06,88,1,,
2001,2214,윈스턴,한화,투수,Y,RP,35,3,-0.15,23,1,,
2001,2210,에반스,한화,투수,Y,SP,33,3,-0.17,16,1,,
2001,1421,강석천,한화,타자,,3B,34,4,-0.46,450,1,,
2001,1436,김종석,한화,타자,,1B,30,2,2.81,445,1,,
2001,10226,조규수,한화,투수,,SP,20,2,2.8,408,1,,
2001,1926,김수연,한화,타자,,LF,24,2,1.28,446,1,,
2001,1980,백재호,한화,타자,,2B,27,1,0.97,255,1,,
2001,12707,조경택,한화,타자,,C,31,2,0.91,163,1,,
2001,10596,박정진,한화,투수,,RP,25,1,0.8,171,1,,
2001,2147,김병준,한화,투수,,RP,24,1,0.75,92,1,,
2001,10617,최영필,한화,투수,,SP,27,2,0.7,202,1,,
2001,14993,강인권,한화,타자,,C,29,2,0.66,265,1,,
2001,2205,박정근,한화,투수,,RP,19,1,0.64,63,1,,
2001,1769,김홍집,한화,투수,,RP,30,1,0.57,35,2,,
2001,10542,신경현,한화,타자,,C,26,1,0.55,45,1,,
2001,1566,임주택,한화,타자,,RF,33,1,0.34,118,1,,
2001,10584,김백만,한화,투수,,RP,19,1,0.1,129,1,,
2001,1759,허준,한화,타자,,SS,31,1,0.08,263,1,,
2001,1864,홍우태,한화,투수,,RP,30,1,-0.05,88,1,,
2001,2149,김장백,한화,투수,,RP,26,1,-0.2,31,1,,
2001,2104,윤근주,한화,투수,,RP,25,1,-0.23,77,1,,
2001,1905,신재웅,한화,투수,,RP,29,1,-0.24,53,1,,
2001,2092,황우구,한화,타자,,SS,25,1,-0.56,240,1,,
2001,2173,방진호,한화,타자,,2B,24,1,-0.59,41,1,,
2001,10228,지승민,한화,투수,,RP,23,1,-0.65,184,1,,
2001,1882,신국환,한화,타자,,RF,29,1,-0.67,84,1,,
2001,2186,조정권,한화,타자,,LF,25,1,-0.98,109,1,,
2001,1763,박충식,해태,투수,,RP,31,4,0.92,83,1,,
2001,2138,타바레스,해태,타자,Y,CF,30,4,-0.1,197,1,,
2001,10060,유동훈,해태,투수,,SP,24,1,-0.53,126,1,,
2001,2198,루이스,해태,투수,Y,SP,29,3,0.83,72,1,,
2001,10479,정성훈,해태,타자,,3B,21,2,0.26,179,1,,
2001,1467,강태원,해태,투수,,RP,30,2,-0.11,31,1,,
2001,1841,곽채진,해태,투수,,RP,28,3,-0.29,27,1,,
2001,2010,오철민,해태,투수,,SP,28,2,0.85,158,1,,
2001,2056,엄병열,해태,투수,,RP,25,1,0.37,36,1,,
2001,10028,김경언,해태,타자,,LF,19,1,0.3,88,1,,
2001,2219,정원,해태,투수,,RP,19,1,0.15,42,1,,
2001,2159,최영완,해태,투수,,RP,25,1,0.14,26,1,,
2001,1722,정영규,해태,타자,,1B,31,2,0.13,65,1,,
2001,2053,소소경,해태,투수,,SP,22,2,0.09,16,1,,
2001,2048,곽현희,해태,투수,,RP,28,2,0.02,16,1,,
2001,10006,김민철,해태,타자,,2B,19,1,-0.62,48,1,,
2001,1661,김태룡,해태,타자,,2B,33,1,-1.13,186,1,,
2001,10032,장성호,해태·KIA,타자,,1B,24,5,5.82,591,1,,
2001,2196,레스,해태·KIA,투수,Y,SP,28,4,3.08,460,1,,
2001,2174,산토스,해태·KIA,타자,Y,DH,35,4,2.45,541,1,,
2001,10616,최상덕,해태·KIA,투수,,SP,30,4,3.69,556,1,,
2001,1816,이동수,해태·KIA,타자,,1B,28,3,1.96,292,1,,
2001,1694,오봉옥,해태·KIA,투수,,RP,33,4,1.9,319,1,,
2001,10009,김종국,해태·KIA,타자,,2B,28,2,1.68,416,1,,
2001,1775,성영재,해태·KIA,투수,,RP,30,3,0.45,184,1,,
2001,1828,최익성,해태·KIA,타자,,RF,29,2,-0.01,176,1,,
2001,1637,이병석,해태·KIA,투수,,RP,30,2,2.94,205,1,,
2001,10026,홍세완,해태·KIA,타자,,SS,23,2,2.34,508,1,,
2001,1672,신동주,해태·KIA,타자,,RF,29,3,1.87,435,1,,
2001,1774,박진철,해태·KIA,투수,,RP,26,2,1.37,257,1,,
2001,1907,이원식,해태·KIA,투수,,SP,29,2,0.8,241,1,,
2001,10334,김창희,해태·KIA,타자,,CF,28,3,0.66,271,1,,
2001,2153,윤형진,해태·KIA,투수,,RP,24,2,0.24,266,1,,
2001,10001,김상훈,해태·KIA,타자,,C,24,2,0.07,437,1,,
2001,2123,양현석,해태·KIA,타자,,LF,24,1,0.7,178,1,,
2001,1611,가내영,해태·KIA,투수,,RP,30,2,0.14,118,1,,
2001,2081,장일현,해태·KIA,타자,,LF,25,1,0.08,238,1,,
2001,2193,김주철,해태·KIA,투수,,SP,19,1,-0.47,99,1,,
2001,10080,박경완,현대,타자,,C,29,5,4.33,528,1,,
2001,10418,전준호,현대,타자,,LF,32,4,3.71,490,1,,
2001,10323,박진만,현대,타자,,SS,25,4,3.32,449,1,,
2001,10113,박재홍,현대,타자,,DH,28,5,3,570,1,,
2001,1811,심정수,현대,타자,,RF,26,5,2.86,453,1,,
2001,1886,위재영,현대,투수,,CL,29,5,2.32,148,1,,
2001,10402,이숭용,현대,타자,,CF,30,3,2.79,496,1,,
2001,2223,테일러,현대,투수,Y,SP,30,4,2.14,466,1,,
2001,2137,퀸란,현대,타자,Y,3B,33,4,1.59,474,1,,
2001,10430,김수경,현대,투수,,SP,22,5,1.06,291,1,,
2001,1668,박종호,현대,타자,,2B,28,5,0.23,542,1,,
2001,1450,이명수,현대,타자,,1B,35,4,0.15,190,1,,
2001,2013,임선동,현대,투수,,SP,28,5,3.05,479,1,,
2001,2188,필립스,현대,타자,Y,1B,31,3,0.23,260,1,,
2001,2211,엔리케스,현대,투수,Y,RP,27,3,-0.12,27,1,,
2001,10444,신철인,현대,투수,,RP,24,2,3.58,289,1,,
2001,10592,마일영,현대,투수,,SP,20,2,2.93,457,1,,
2001,10443,송신영,현대,투수,,RP,25,2,2.39,346,1,,
2001,10153,전준호,현대,투수,,SP,26,4,1.79,430,1,,
2001,2100,박장희,현대,투수,,SP,25,3,0.59,283,1,,
2001,10449,이상열,현대,투수,,RP,24,1,0.53,51,1,,
2001,10020,이재주,현대,타자,,C,28,1,0.24,86,1,,
2001,1435,김인호,현대,타자,,LF,34,2,-0.54,190,1,,
2001,10575,전근표,현대,타자,,1B,24,1,0.61,165,1,,
2001,1844,김민범,현대,투수,,RP,28,1,0.33,51,1,,
2001,1769,김홍집,현대,투수,,RP,30,1,0.29,20,1,,
2001,12966,장정석,현대,타자,,LF,28,1,0.22,38,1,,
2001,1848,문창환,현대,투수,,RP,26,1,0.08,43,1,,
2001,2086,채종국,현대,타자,,SS,26,1,-0.15,49,1,,
2001,2082,정현택,현대,타자,,1B,21,1,-0.41,38,1,,
2001,1688,황윤성,현대,타자,,1B,27,1,-0.46,43,1,,
2001,2129,장교성,현대,타자,,1B,24,1,-1.19,65,1,,
2002,10032,장성호,KIA,타자,,1B,25,5,5.93,586,1,,
2002,10036,이종범,KIA,타자,,RF,32,5,4.14,546,1,,
2002,1763,박충식,KIA,투수,,RP,32,3,1.12,143,1,,
2002,2266,키퍼,KIA,투수,Y,SP,34,4,5.35,607,1,,
2002,10695,김진우,KIA,투수,,SP,19,4,3.37,564,1,,
2002,13923,이강철,KIA,투수,,CL,36,4,3.01,315,1,,
2002,2247,펨버튼,KIA,타자,Y,LF,33,4,0.66,316,1,,
2002,10009,김종국,KIA,타자,,2B,29,3,5.22,595,1,,
2002,2254,리오스,KIA,투수,Y,SP,30,3,4.84,473,1,,
2002,10479,정성훈,KIA,타자,,3B,22,2,2.81,385,1,,
2002,1694,오봉옥,KIA,투수,,RP,34,4,1.47,163,1,,
2002,10026,홍세완,KIA,타자,,SS,24,2,1.45,449,1,,
2002,10616,최상덕,KIA,투수,,SP,31,4,1.24,399,1,,
2002,10497,강철민,KIA,투수,,SP,23,2,0.33,233,1,,
2002,2231,뉴선,KIA,타자,Y,DH,38,3,0.15,133,1,,
2002,1816,이동수,KIA,타자,,1B,29,3,-0.27,56,1,,
2002,1672,신동주,KIA,타자,,LF,30,3,1.35,273,1,,
2002,14564,손혁,KIA,투수,,SP,29,2,0.22,58,1,,
2002,1841,곽채진,KIA,투수,,RP,29,2,0.19,44,1,,
2002,10020,이재주,KIA,타자,,C,29,1,-0.15,37,1,,
2002,10001,김상훈,KIA,타자,,C,25,2,-0.41,391,1,,
2002,10334,김창희,KIA,타자,,CF,29,2,-1.78,350,1,,
2002,10028,김경언,KIA,타자,,LF,20,1,1.78,323,1,,
2002,10055,신용운,KIA,투수,,RP,19,1,0.97,114,1,,
2002,2048,곽현희,KIA,투수,,RP,29,2,0.61,98,1,,
2002,1611,가내영,KIA,투수,,RP,31,2,0.6,75,1,,
2002,10007,김상현,KIA,타자,,3B,22,1,0.44,34,1,,
2002,2010,오철민,KIA,투수,,RP,29,2,0.38,57,1,,
2002,1774,박진철,KIA,투수,,SP,27,2,0.34,81,1,,
2002,2193,김주철,KIA,투수,,RP,20,1,0.34,55,1,,
2002,10022,이현곤,KIA,타자,,3B,22,1,0.28,122,1,,
2002,1547,김인철,KIA,타자,,RF,31,1,0.08,41,1,,
2002,1637,이병석,KIA,투수,,RP,31,4,0.08,21,1,,
2002,1661,김태룡,KIA,타자,,2B,34,1,0.02,105,1,,
2002,10006,김민철,KIA,타자,,2B,20,1,0.02,53,1,,
2002,12966,장정석,KIA,타자,,LF,29,1,0.02,108,1,,
2002,2081,장일현,KIA,타자,,LF,26,1,0,145,1,,
2002,1907,이원식,KIA,투수,,SP,30,2,-0.17,52,1,,
2002,2065,김지훈,KIA,타자,,C,29,1,-0.24,52,1,,
2002,10109,김재현,LG,타자,,DH,27,5,4.92,370,1,,
2002,1762,이상훈,LG,투수,,CL,31,5,4.05,257,1,,
2002,10491,이병규,LG,타자,,CF,28,5,3.41,444,1,,
2002,1783,류지현,LG,타자,,2B,31,5,3.29,386,1,,
2002,1499,홍현우,LG,타자,,3B,30,4,-0.88,76,1,,
2002,2170,마르티네스,LG,타자,Y,RF,32,4,2.76,468,1,,
2002,10485,박용택,LG,타자,,LF,23,2,2.41,424,1,,
2002,2255,만자니오,LG,투수,Y,SP,39,4,2.03,487,1,,
2002,2265,케펜,LG,투수,Y,SP,28,4,0.18,198,1,,
2002,1370,최창호,LG,투수,,RP,36,1,-0.07,36,1,,
2002,10069,장문석,LG,투수,,RP,28,2,4.7,304,1,,
2002,10537,최원호,LG,투수,,SP,29,2,1.99,416,1,,
2002,1782,서용빈,LG,타자,,1B,31,1,0.92,301,1,,
2002,10743,최향남,LG,투수,,SP,31,3,0.91,327,1,,
2002,10148,이승호,LG,투수,,RP,26,1,0.78,138,1,,
2002,10515,서승화,LG,투수,,RP,23,1,-0.05,109,1,,
2002,10524,이동현,LG,투수,,RP,19,2,4.33,374,1,,
2002,10504,김민기,LG,투수,,SP,25,2,2.55,297,1,,
2002,10463,조인성,LG,타자,,C,27,2,1.8,391,1,,
2002,10478,이종열,LG,타자,,3B,29,2,1.67,400,1,,
2002,1883,심성보,LG,타자,,RF,29,2,0.03,166,1,,
2002,2014,전승남,LG,투수,,RP,28,2,-0.03,34,1,,
2002,1426,이광우,LG,투수,,RP,37,3,-0.17,16,1,,
2002,1711,안병원,LG,투수,,SP,29,1,-0.2,76,1,,
2002,11238,신윤호,LG,투수,,RP,27,4,-0.46,180,1,Y,
2002,10507,류택현,LG,투수,,RP,31,2,0.48,138,1,,
2002,10265,최만호,LG,타자,,RF,28,1,0.47,158,1,,
2002,1821,장재중,LG,타자,,C,31,1,0.45,120,1,,
2002,10498,경헌호,LG,투수,,RP,25,2,0.4,157,1,,
2002,10458,김정민,LG,타자,,C,32,2,-0.02,39,1,,
2002,1884,안상준,LG,타자,,3B,29,1,-0.09,59,1,,
2002,2070,박연수,LG,타자,,LF,28,2,-0.1,94,1,,
2002,10481,최동수,LG,타자,,1B,31,2,-0.17,300,1,,
2002,2238,이일의,LG,타자,,LF,31,1,-0.2,137,1,,
2002,10465,권용관,LG,타자,,SS,26,1,-0.38,327,1,,
2002,2227,김우석,LG,타자,,SS,27,1,-0.4,31,1,,
2002,10098,손지환,LG,타자,,2B,24,1,-0.51,330,1,,
2002,10386,김동수,SK,타자,,C,34,4,2.18,299,1,,
2002,11474,김기태,SK,타자,,1B,33,4,1.89,337,1,,
2002,1624,김상진,SK,투수,,SP,32,4,1.5,350,1,,
2002,1608,조규제,SK,투수,,RP,35,4,1.18,236,1,,
2002,2209,에르난데스,SK,투수,Y,SP,31,5,1.04,134,1,,
2002,2246,페르난데스,SK,타자,Y,3B,28,4,6.08,556,1,,
2002,10492,이진영,SK,타자,,LF,22,2,4.06,475,1,,
2002,10147,이승호,SK,투수,,SP,21,4,3.91,428,1,,
2002,10101,이호준,SK,타자,,1B,26,2,3.28,499,1,,
2002,10158,조웅천,SK,투수,,RP,31,3,2.33,248,1,,
2002,13285,최태원,SK,타자,,2B,32,4,1.57,300,1,,
2002,1693,김태한,SK,투수,,RP,33,3,0.01,93,1,,
2002,14890,김원형,SK,투수,,SP,30,4,0.01,175,1,,
2002,10161,채병용,SK,투수,,SP,20,2,4.22,423,1,,
2002,10550,김민재,SK,타자,,SS,29,4,2.37,548,1,,
2002,2241,잉글린,SK,타자,Y,LF,27,3,1.44,279,1,,
2002,10154,정대현,SK,투수,,RP,24,1,1.27,126,1,,
2002,12657,조원우,SK,타자,,LF,31,3,1.08,329,1,,
2002,10102,정경배,SK,타자,,2B,28,3,0.91,174,1,,
2002,1619,김기덕,SK,투수,,RP,34,2,0.72,69,1,,
2002,2253,러핀,SK,투수,Y,RP,31,3,0.66,52,1,,
2002,2256,매기,SK,투수,Y,SP,34,3,-0.35,156,2,,
2002,10039,채종범,SK,타자,,CF,25,2,3.25,557,1,,
2002,10157,제춘모,SK,투수,,SP,20,2,0.8,438,1,,
2002,2038,조경환,SK,타자,,LF,30,4,0.09,63,2,,
2002,2123,양현석,SK,타자,,LF,25,2,0.7,223,1,,
2002,10139,엄정욱,SK,투수,,RP,21,1,0.32,18,1,,
2002,10138,신승현,SK,투수,,RP,19,1,0.29,17,1,,
2002,1563,양용모,SK,타자,,C,35,1,0.21,116,1,,
2002,10045,김건한,SK,투수,,RP,21,1,0.15,16,1,,
2002,1695,권명철,SK,투수,,RP,33,2,-0.05,164,1,,
2002,10083,정상호,SK,타자,,C,20,1,-0.21,43,1,,
2002,1981,송재익,SK,타자,,1B,28,1,-0.3,78,1,,
2002,1648,강성우,SK,타자,,C,32,1,-0.39,100,1,,
2002,2212,오승준,SK,투수,,RP,20,1,-0.39,86,1,,
2002,10142,윤길현,SK,투수,,SP,19,1,-0.47,174,1,,
2002,2062,강혁,SK,타자,,1B,28,1,-0.58,49,1,,
2002,10291,이용훈,SK,투수,,RP,25,1,-0.73,125,1,,
2002,10173,김동주,두산,타자,,3B,26,4,6.46,487,1,,
2002,10256,홍성흔,두산,타자,,C,25,4,3.74,484,1,Y,
2002,1867,심재학,두산,타자,,RF,30,5,2.63,463,1,,
2002,1894,진필중,두산,투수,,CL,30,5,1.13,187,1,,
2002,10510,박명환,두산,투수,,SP,25,3,3.98,557,1,,
2002,2196,레스,두산,투수,Y,SP,29,4,3.1,607,1,,
2002,2135,콜,두산,투수,Y,SP,34,4,2.84,471,1,,
2002,2031,우즈,두산,타자,,1B,33,5,2.23,469,1,,
2002,10264,정수근,두산,타자,,CF,25,5,0.9,482,1,,
2002,10099,안경현,두산,타자,,2B,32,5,4.1,548,1,,
2002,10348,구자운,두산,투수,,SP,22,2,2.02,399,1,,
2002,2011,이경필,두산,투수,,SP,28,2,-0.06,74,1,,
2002,10529,이재영,두산,투수,,RP,23,2,2.6,292,1,,
2002,1554,이상훈,두산,투수,,RP,31,5,2.56,401,1,,
2002,10041,최경환,두산,타자,,LF,30,2,2.18,403,1,,
2002,1581,김호,두산,타자,,SS,35,2,0.87,179,1,,
2002,1682,장원진,두산,타자,,LF,33,2,0.44,488,1,,
2002,10642,이혜천,두산,투수,,RP,23,4,0.44,237,1,,
2002,10219,이재우,두산,투수,,RP,22,1,0.11,24,1,,
2002,1724,김민호,두산,타자,,SS,33,1,-0.57,185,1,,
2002,14889,홍원기,두산,타자,,3B,29,3,-1.06,191,1,,
2002,1967,차명주,두산,투수,,RP,29,3,0.93,154,1,,
2002,2176,송원국,두산,타자,,2B,23,1,0.76,70,1,,
2002,10332,강봉규,두산,타자,,RF,24,1,0.57,182,1,,
2002,14993,강인권,두산,타자,,C,30,2,0.51,56,1,,
2002,10194,전상렬,두산,타자,,LF,30,2,0.31,290,1,,
2002,2222,최경훈,두산,투수,,RP,23,1,0.21,24,1,,
2002,2017,최용호,두산,투수,,RP,26,2,0.13,44,1,,
2002,2109,장성진,두산,투수,,RP,27,2,0.01,42,1,,
2002,10191,유재웅,두산,타자,,RF,23,1,-0.23,61,1,,
2002,10500,김경태,두산,투수,,RP,27,1,-0.38,24,1,,
2002,10284,손민한,롯데,투수,,SP,27,5,2.48,427,1,,
2002,1561,박정태,롯데,타자,,2B,33,3,2.25,308,1,,
2002,2179,에레라,롯데,타자,Y,RF,30,5,1.1,222,1,,
2002,1404,김응국,롯데,타자,,1B,36,3,1.52,412,1,,
2002,1689,염종석,롯데,투수,,SP,29,4,1.18,477,1,,
2002,10251,이대호,롯데,타자,,DH,20,1,1.16,281,1,,
2002,10593,문동환,롯데,투수,,SP,30,3,-0.04,201,1,,
2002,14231,최기문,롯데,타자,,C,29,4,3.18,415,1,,
2002,2256,매기,롯데,투수,Y,SP,34,3,1.34,241,1,,
2002,1923,김대익,롯데,타자,,CF,29,3,0.82,332,1,,
2002,10246,박현승,롯데,타자,,3B,30,4,0.76,379,1,,
2002,1837,강상수,롯데,투수,,RP,31,4,0.25,165,1,,
2002,10511,박지철,롯데,투수,,SP,27,4,0.22,74,1,,
2002,2234,베로아,롯데,타자,Y,LF,37,3,-0.37,35,1,,
2002,2250,해처,롯데,타자,Y,DH,33,3,-0.73,73,1,,
2002,10239,김주찬,롯데,타자,,LF,21,2,-0.8,291,1,,
2002,10046,김영수,롯데,투수,,SP,27,2,0.48,355,1,,
2002,10254,조성환,롯데,타자,,SS,26,1,0.47,293,1,,
2002,10277,김장현,롯데,투수,,SP,24,2,0.39,359,1,,
2002,2038,조경환,롯데,타자,,LF,30,4,0.33,247,1,,
2002,10272,김사율,롯데,투수,,SP,22,2,-0.19,325,1,,
2002,10298,임경완,롯데,투수,,RP,27,2,-0.53,146,1,,
2002,2252,김풍철,롯데,투수,,RP,26,1,1.11,162,1,,
2002,14566,허문회,롯데,타자,,1B,30,1,0.52,233,1,,
2002,10290,이명우,롯데,투수,,RP,20,1,0.26,49,1,,
2002,1770,노승욱,롯데,투수,,RP,28,1,0.23,106,1,,
2002,2229,김정현,롯데,타자,,1B,23,1,0.16,76,1,,
2002,10295,이정민,롯데,투수,,RP,23,1,0.12,33,1,,
2002,10086,허일상,롯데,타자,,C,23,1,0.07,58,1,,
2002,13432,이동욱,롯데,타자,,2B,28,1,0.02,189,1,,
2002,1803,김태균,롯데,타자,,SS,31,2,0.01,163,1,,
2002,2258,변인재,롯데,투수,,RP,23,1,0.01,36,1,,
2002,2117,박경진,롯데,타자,,C,26,1,-0.03,42,1,,
2002,2164,권오현,롯데,타자,,LF,24,1,-0.04,84,1,,
2002,2111,정원욱,롯데,투수,,RP,26,2,-0.04,15,1,,
2002,10296,이정훈,롯데,투수,,RP,25,1,-0.07,94,1,,
2002,2029,엄정대,롯데,타자,,LF,27,1,-0.1,74,1,,
2002,10243,박종윤,롯데,타자,,1B,20,1,-0.1,31,1,,
2002,10123,가득염,롯데,투수,,RP,33,2,-0.12,77,1,,
2002,2172,박상민,롯데,타자,,LF,24,1,-0.21,43,1,,
2002,2251,김제빈,롯데,투수,,RP,20,1,-0.21,66,1,,
2002,10242,박준서,롯데,타자,,SS,21,1,-0.26,30,1,,
2002,11451,이계성,롯데,타자,,LF,25,2,-0.27,135,1,,
2002,10241,박기혁,롯데,타자,,SS,21,1,-0.32,146,1,,
2002,10327,신명철,롯데,타자,,SS,24,1,-0.4,134,1,,
2002,10193,임재철,롯데,타자,,RF,26,2,-0.45,31,1,,
2002,11398,이우민,롯데,타자,,LF,20,1,-0.76,174,1,,
2002,10881,이승엽,삼성,타자,,1B,26,5,8.93,617,1,,
2002,1865,마해영,삼성,타자,,DH,32,5,5.84,596,1,,
2002,11281,임창용,삼성,투수,,SP,26,5,5.7,613,1,,
2002,2120,브리또,삼성,타자,Y,SS,30,5,4.79,545,1,,
2002,10339,양준혁,삼성,타자,,RF,33,5,2.37,437,1,,
2002,10336,박한이,삼성,타자,,CF,23,2,1.85,586,1,,
2002,10362,배영수,삼성,투수,,SP,21,2,0.26,244,1,,
2002,2260,엘비라,삼성,투수,Y,SP,35,4,4.99,411,1,,
2002,1771,노장진,삼성,투수,,CL,28,3,4.93,382,1,,
2002,10314,진갑용,삼성,타자,,C,28,4,4.45,517,1,,
2002,1768,김현욱,삼성,투수,,RP,32,4,3.29,230,1,,
2002,10564,강동우,삼성,타자,,LF,28,2,3.26,521,1,,
2002,2268,패트릭,삼성,투수,Y,SP,32,4,0.25,231,1,,
2002,12964,김한수,삼성,타자,,3B,31,5,3.74,541,1,,
2002,10357,김진웅,삼성,투수,,RP,22,4,-0.25,151,1,,
2002,10269,강영식,삼성,투수,,SP,21,2,2.06,285,1,,
2002,1965,전병호,삼성,투수,,RP,29,2,1.26,188,1,,
2002,10097,박정환,삼성,타자,,2B,25,2,1.18,372,1,,
2002,2097,라형진,삼성,투수,,SP,25,2,0.84,296,1,,
2002,10377,정현욱,삼성,투수,,RP,24,1,0.47,108,1,,
2002,10519,오상민,삼성,투수,,RP,28,4,0,192,1,,
2002,10435,노병오,삼성,투수,,RP,19,1,1.24,143,1,,
2002,1800,김종훈,삼성,타자,,LF,30,2,0.95,229,1,,
2002,2108,이준호,삼성,투수,,RP,26,1,0.35,24,1,,
2002,10193,임재철,삼성,타자,,RF,26,2,0.25,51,2,,
2002,10321,김재걸,삼성,타자,,2B,30,2,0.1,106,1,,
2002,10349,권오원,삼성,투수,,RP,23,1,-0.03,15,1,,
2002,10450,이정호,삼성,투수,,RP,20,1,-0.04,31,1,,
2002,2098,문남열,삼성,투수,,RP,24,1,-0.08,37,1,,
2002,1871,김승권,삼성,타자,,1B,26,1,-0.73,92,1,,
2002,10597,송진우,한화,투수,,SP,36,5,6.31,660,1,,
2002,10412,송지만,한화,타자,,LF,29,4,5,557,1,,
2002,2067,데이비스,한화,타자,Y,CF,33,5,4.05,456,1,,
2002,1354,장종훈,한화,타자,,1B,34,4,1.07,331,1,,
2002,13282,한용덕,한화,투수,,SP,37,5,0.94,350,1,,
2002,10613,정민철,한화,투수,,SP,30,5,0.9,414,1,,
2002,10552,김태균,한화,타자,,1B,20,3,0.11,344,1,,4→3
2002,10574,이영우,한화,타자,,LF,29,4,5.44,564,1,,
2002,10559,이범호,한화,타자,,3B,21,1,2.04,329,1,,
2002,1314,김정수,한화,투수,,RP,40,2,0.64,75,1,,
2002,2058,파라,한화,투수,Y,RP,30,4,-0.17,117,1,,
2002,2269,피코타,한화,투수,Y,RP,36,3,2.54,308,1,,
2002,10543,이도형,한화,타자,,C,27,2,1.47,392,1,,
2002,2225,가르시아,한화,타자,Y,SS,27,3,0.38,77,1,,
2002,1553,이상목,한화,투수,,RP,31,2,-0.04,186,1,,
2002,1421,강석천,한화,타자,,3B,35,3,1.23,266,1,,
2002,1917,임수민,한화,타자,,2B,29,2,1,427,1,,
2002,1980,백재호,한화,타자,,2B,28,2,0.77,210,1,,
2002,10226,조규수,한화,투수,,SP,21,3,0.53,341,1,,
2002,1685,지연규,한화,투수,,SP,33,2,0.3,232,1,,
2002,10596,박정진,한화,투수,,RP,26,2,-0.5,142,1,,
2002,1436,김종석,한화,타자,,1B,31,3,-1.11,209,1,,
2002,2092,황우구,한화,타자,,SS,26,1,1.01,91,1,,
2002,1759,허준,한화,타자,,SS,32,1,0.82,227,1,,
2002,10584,김백만,한화,투수,,RP,20,1,0.48,95,1,,
2002,2149,김장백,한화,투수,,RP,27,1,0.44,23,1,,
2002,2244,조윤채,한화,타자,,LF,25,1,0.43,32,1,,
2002,2154,장재혁,한화,투수,,RP,26,1,0.34,98,1,,
2002,1769,김홍집,한화,투수,,RP,31,2,0.23,79,1,,
2002,10436,마정길,한화,투수,,RP,23,2,0.22,180,1,,
2002,12707,조경택,한화,타자,,C,32,2,0.21,177,1,,
2002,10228,지승민,한화,투수,,RP,24,1,0.11,81,1,,
2002,2147,김병준,한화,투수,,RP,25,2,-0.07,79,1,,
2002,2245,조현수,한화,타자,,LF,23,1,-0.1,47,1,,
2002,10617,최영필,한화,투수,,RP,28,2,-0.31,66,1,,
2002,10315,채상병,한화,타자,,C,23,1,-0.55,34,1,,
2002,1926,김수연,한화,타자,,LF,25,2,-0.94,217,1,,
2002,1811,심정수,현대,타자,,RF,27,4,7.58,577,1,,
2002,10418,전준호,현대,타자,,LF,33,5,4.42,501,1,,
2002,10113,박재홍,현대,타자,,CF,29,5,3.1,481,1,,
2002,10323,박진만,현대,타자,,SS,26,5,2.59,466,1,,
2002,10080,박경완,현대,타자,,C,30,5,1.75,398,1,,
2002,1886,위재영,현대,투수,,SP,30,5,1.12,312,1,,
2002,10455,조용준,현대,투수,,CL,23,2,4.07,327,1,,
2002,10402,이숭용,현대,타자,,1B,31,4,2.91,480,1,,
2002,1668,박종호,현대,타자,,2B,29,3,2.83,468,1,,
2002,2267,토레스,현대,투수,Y,SP,25,4,2.27,541,1,,
2002,2248,폴,현대,타자,Y,DH,33,4,1.71,441,1,,
2002,10430,김수경,현대,투수,,SP,23,4,1.67,454,1,,3→4
2002,2249,프랭클린,현대,타자,Y,3B,30,3,2.85,198,1,,
2002,2013,임선동,현대,투수,,SP,29,4,1.22,317,1,,3→4
2002,1828,최익성,현대,타자,,CF,30,2,0.61,94,1,,
2002,2257,베라스,현대,투수,Y,RP,29,3,-0.25,70,1,,
2002,10443,송신영,현대,투수,,RP,26,2,1.71,314,1,,
2002,10449,이상열,현대,투수,,RP,25,2,1.14,220,1,,
2002,10592,마일영,현대,투수,,SP,21,3,1.12,391,1,,
2002,10444,신철인,현대,투수,,RP,25,3,0.77,167,1,,
2002,10153,전준호,현대,투수,,RP,27,3,-0.18,88,1,,
2002,1844,김민범,현대,투수,,RP,29,1,0.76,30,1,,
2002,10446,이대환,현대,투수,,RP,23,1,0.58,39,1,,
2002,1688,황윤성,현대,타자,,1B,28,1,0.48,39,1,,
2002,2086,채종국,현대,타자,,3B,27,1,0.38,224,1,,
2002,10385,강귀태,현대,타자,,C,23,1,0.36,155,1,,
2002,10420,조재호,현대,타자,,RF,22,1,0.33,104,1,,
2002,10457,황두성,현대,투수,,RP,26,1,0.2,18,1,,
2002,10398,김일경,현대,타자,,2B,24,1,0.12,91,1,,
2002,10397,김민우,현대,타자,,3B,23,1,0.07,47,1,,
2002,2100,박장희,현대,투수,,RP,26,2,0.01,66,1,,
2002,1996,조승현,현대,타자,,DH,24,1,-0.34,50,1,,
2002,10408,강병식,현대,타자,,RF,25,1,-0.36,147,1,,
2002,2027,서한규,현대,타자,,SS,29,1,-0.37,50,1,,
2002,2102,서성민,현대,타자,,LF,26,1,-0.57,50,1,,
2003,10036,이종범,KIA,타자,,CF,33,5,6.77,595,1,,
2003,10032,장성호,KIA,타자,,1B,26,5,6.31,571,1,,
2003,10113,박재홍,KIA,타자,,RF,30,5,3.76,461,1,,
2003,2254,리오스,KIA,투수,Y,SP,31,5,3.23,566,1,,
2003,13923,이강철,KIA,투수,,RP,37,4,2.51,205,1,,
2003,1894,진필중,KIA,투수,,CL,31,5,1.89,193,1,,
2003,2266,키퍼,KIA,투수,Y,SP,35,5,1.05,232,1,,
2003,10062,이대진,KIA,투수,,SP,29,4,-0.31,40,1,,
2003,10695,김진우,KIA,투수,,SP,20,4,4.45,508,1,,
2003,10060,유동훈,KIA,투수,,RP,26,1,0.52,64,1,,
2003,10026,홍세완,KIA,타자,,SS,25,3,4.48,549,1,,
2003,10616,최상덕,KIA,투수,,SP,32,3,3.09,379,1,,
2003,10009,김종국,KIA,타자,,2B,30,5,2.79,539,1,,
2003,10159,존슨,KIA,투수,Y,SP,28,3,2.21,207,1,,
2003,10497,강철민,KIA,투수,,SP,24,2,0.69,271,1,,
2003,10055,신용운,KIA,투수,,RP,20,2,2.81,357,1,,
2003,10001,김상훈,KIA,타자,,C,26,2,2.8,467,1,,
2003,10022,이현곤,KIA,타자,,3B,23,2,1.36,397,1,,
2003,10020,이재주,KIA,타자,,DH,30,1,1.24,296,1,,
2003,10028,김경언,KIA,타자,,LF,21,2,1.16,388,1,,
2003,1672,신동주,KIA,타자,,LF,31,3,0.91,238,1,,
2003,10042,고우석,KIA,투수,,RP,19,1,1.25,174,1,,
2003,2010,오철민,KIA,투수,,RP,30,2,1.14,76,1,,
2003,1907,이원식,KIA,투수,,RP,31,1,1.03,114,1,,
2003,10074,조태수,KIA,투수,,RP,20,1,0.39,76,1,,
2003,2065,김지훈,KIA,타자,,C,30,1,0.12,39,1,,
2003,2219,정원,KIA,투수,,RP,21,1,0.12,19,1,,
2003,1759,허준,KIA,타자,,SS,33,2,0.07,98,1,,
2003,12966,장정석,KIA,타자,,LF,30,1,-0.09,109,1,,
2003,1547,김인철,KIA,타자,,RF,32,1,-0.19,85,1,,
2003,2274,김주호,KIA,타자,,DH,19,1,-0.25,37,1,,
2003,1688,황윤성,KIA,타자,,1B,29,1,-0.44,58,2,,
2003,10006,김민철,KIA,타자,,2B,21,1,-0.46,41,1,,
2003,10486,서동욱,KIA,타자,,2B,19,1,-0.52,48,1,,
2003,10491,이병규,LG,타자,,CF,29,5,1.7,178,1,,
2003,10485,박용택,LG,타자,,LF,24,2,1.58,555,1,,
2003,1762,이상훈,LG,투수,,CL,32,5,1.43,170,1,,
2003,10109,김재현,LG,타자,,RF,28,5,1.21,166,1,,
2003,1783,류지현,LG,타자,,2B,32,5,0.55,386,1,,
2003,2170,마르티네스,LG,타자,Y,RF,33,4,3.6,552,1,,
2003,2282,알칸트라,LG,타자,Y,DH,32,4,1.22,325,1,,
2003,1499,홍현우,LG,타자,,3B,31,4,1,333,1,,
2003,2136,쿡슨,LG,타자,Y,RF,34,4,-0.04,86,1,,
2003,10148,이승호,LG,투수,,SP,27,2,4.65,575,1,,
2003,10069,장문석,LG,투수,,SP,29,4,1.48,301,1,,5→4
2003,10524,이동현,LG,투수,,SP,20,3,1.39,287,1,,
2003,10463,조인성,LG,타자,,C,28,3,1.01,456,1,,
2003,1775,성영재,LG,투수,,RP,32,2,0.85,81,2,,
2003,10537,최원호,LG,투수,,SP,30,3,0.68,229,1,,
2003,10515,서승화,LG,투수,,RP,24,2,-0.28,247,1,,
2003,2014,전승남,LG,투수,,RP,29,2,3.53,320,1,,
2003,10501,김광삼,LG,투수,,SP,23,2,1.18,333,1,,
2003,10478,이종열,LG,타자,,2B,30,3,1.08,305,1,,
2003,10469,박경수,LG,타자,,2B,19,4,0.8,197,1,,
2003,10498,경헌호,LG,투수,,RP,26,2,0.63,212,1,,
2003,10502,김광수,LG,투수,,SP,22,2,0.2,249,1,,
2003,10007,김상현,LG,타자,,3B,23,1,1.42,209,1,,
2003,10507,류택현,LG,투수,,RP,32,2,1.02,113,1,,
2003,2297,박만채,LG,투수,,RP,25,1,0.64,67,1,,
2003,2291,김광우,LG,투수,,RP,24,1,0.39,70,1,,
2003,1637,이병석,LG,투수,,SP,32,3,0.27,198,1,,
2003,1884,안상준,LG,타자,,3B,30,1,0.23,245,1,,
2003,10481,최동수,LG,타자,,1B,32,1,0.14,240,1,,
2003,10490,이대형,LG,타자,,CF,20,1,0.14,58,1,,
2003,10091,김용우,LG,타자,,DH,24,1,0.04,84,1,,
2003,2294,김진유,LG,투수,,RP,24,1,-0.09,16,1,,
2003,10098,손지환,LG,타자,,SS,25,1,-0.31,86,1,,
2003,10488,안치용,LG,타자,,LF,24,1,-0.32,49,1,,
2003,1821,장재중,LG,타자,,C,32,1,-0.37,62,1,,
2003,10265,최만호,LG,타자,,CF,29,2,-0.39,88,1,,
2003,10465,권용관,LG,타자,,SS,27,1,-0.68,232,1,,
2003,10492,이진영,SK,타자,,LF,23,4,6.12,562,1,,
2003,10080,박경완,SK,타자,,C,31,5,3.42,428,1,,
2003,11474,김기태,SK,타자,,1B,34,4,0.98,265,1,,
2003,1624,김상진,SK,투수,,SP,33,3,0.77,268,1,,
2003,10101,이호준,SK,타자,,1B,27,2,5.11,554,1,,
2003,10158,조웅천,SK,투수,,CL,32,4,3.49,233,1,,
2003,2275,디아즈,SK,타자,Y,3B,32,4,3.18,485,1,,
2003,10147,이승호,SK,투수,,SP,22,4,1.82,291,1,,
2003,10154,정대현,SK,투수,,RP,25,2,1.79,153,1,,
2003,14890,김원형,SK,투수,,RP,31,4,1.77,238,1,,
2003,2298,스미스,SK,투수,Y,SP,31,4,1.55,456,1,,
2003,10161,채병용,SK,투수,,SP,21,2,0.9,342,1,,
2003,1314,김정수,SK,투수,,RP,41,2,0.18,36,1,,
2003,10102,정경배,SK,타자,,2B,29,2,2.6,425,1,,
2003,12657,조원우,SK,타자,,CF,32,3,2.06,518,1,,
2003,10550,김민재,SK,타자,,SS,30,3,0.08,452,1,,
2003,1693,김태한,SK,투수,,RP,34,2,-0.27,36,1,Y,
2003,2038,조경환,SK,타자,,LF,31,3,2.91,441,1,,
2003,10157,제춘모,SK,투수,,SP,21,2,0.87,381,1,,
2003,10379,조진호,SK,투수,,SP,28,2,0.31,239,1,,
2003,10137,송은범,SK,투수,,RP,19,2,-0.69,215,1,,
2003,10142,윤길현,SK,투수,,RP,20,1,1.78,118,1,,
2003,10045,김건한,SK,투수,,RP,22,1,1.01,180,1,,
2003,1983,안재만,SK,타자,,3B,29,2,0.64,209,1,,
2003,2062,강혁,SK,타자,,1B,29,1,0.47,219,1,,
2003,10083,정상호,SK,타자,,C,21,1,0.21,45,1,,
2003,10046,김영수,SK,투수,,RP,28,2,0.12,109,2,,
2003,10139,엄정욱,SK,투수,,RP,22,1,0.07,75,1,,
2003,2292,김장준,SK,투수,,RP,21,1,-0.01,39,1,,
2003,1648,강성우,SK,타자,,C,33,1,-0.09,59,1,,
2003,10138,신승현,SK,투수,,RP,20,1,-0.24,126,1,,
2003,2123,양현석,SK,타자,,LF,26,2,-0.33,89,1,,
2003,1981,송재익,SK,타자,,1B,29,1,-0.41,93,1,,
2003,10039,채종범,SK,타자,,RF,26,3,-0.51,247,1,,
2003,10173,김동주,두산,타자,,DH,27,5,5.91,504,1,,
2003,2266,키퍼,두산,투수,Y,SP,35,5,2.33,274,2,,
2003,10256,홍성흔,두산,타자,,C,26,4,1.4,263,1,,
2003,1867,심재학,두산,타자,,RF,31,5,0.27,322,1,,
2003,2302,이리키,두산,투수,Y,SP,36,4,3.68,477,1,,
2003,10264,정수근,두산,타자,,CF,26,5,1.93,294,1,,
2003,10510,박명환,두산,투수,,SP,26,4,0.28,302,1,,
2003,10099,안경현,두산,타자,,2B,33,4,3.77,539,1,,
2003,10348,구자운,두산,투수,,CL,23,3,1.45,285,1,,
2003,2011,이경필,두산,투수,,SP,29,2,0.1,318,1,,
2003,1775,성영재,두산,투수,,RP,32,2,0.03,19,1,,
2003,2289,쿨바,두산,타자,Y,3B,31,3,-0.02,162,1,,
2003,1816,이동수,두산,타자,,1B,30,2,-0.32,59,1,,
2003,14889,홍원기,두산,타자,,3B,30,2,2.83,453,1,,
2003,10529,이재영,두산,투수,,SP,24,2,2.13,348,1,,
2003,1695,권명철,두산,투수,,RP,34,2,1.22,238,1,,
2003,1682,장원진,두산,타자,,LF,34,2,1.15,429,1,,
2003,14564,손혁,두산,투수,,SP,30,2,1.15,185,1,,
2003,10041,최경환,두산,타자,,DH,31,2,1.1,344,1,,
2003,10642,이혜천,두산,투수,,RP,24,2,0.92,165,1,,
2003,10219,이재우,두산,투수,,RP,23,1,0.53,138,1,,
2003,10203,노경은,두산,투수,,SP,19,1,0.39,59,1,,
2003,10194,전상렬,두산,타자,,LF,31,2,0.14,436,1,,
2003,1841,곽채진,두산,투수,,SP,30,2,-0.06,106,1,,
2003,10334,김창희,두산,타자,,CF,30,1,-0.27,328,1,,
2003,1724,김민호,두산,타자,,SS,34,1,-0.36,218,1,,
2003,1554,이상훈,두산,투수,,RP,32,5,-0.53,50,1,,
2003,10177,손시헌,두산,타자,,SS,23,1,-1.19,154,1,,
2003,10531,정성훈,두산,투수,,RP,26,2,2.25,175,1,,
2003,14993,강인권,두산,타자,,C,31,2,1.19,207,1,,
2003,10202,김승회,두산,투수,,RP,22,1,0.68,154,1,,
2003,2194,김태구,두산,투수,,RP,21,1,0.33,74,1,,
2003,1967,차명주,두산,투수,,RP,30,3,0.26,93,1,,
2003,2284,이승준,두산,타자,,1B,27,1,0.04,31,1,,
2003,2017,최용호,두산,투수,,SP,27,2,-0.26,32,1,,
2003,1979,문희성,두산,타자,,1B,30,1,-0.62,205,1,,
2003,10092,나주환,두산,타자,,SS,19,1,-0.89,118,1,,
2003,1834,주형광,롯데,투수,,SP,27,5,0.69,224,1,,
2003,10284,손민한,롯데,투수,,SP,28,4,0.54,328,1,,
2003,1561,박정태,롯데,타자,,2B,34,5,0.21,86,1,,
2003,10251,이대호,롯데,타자,,1B,21,2,-0.31,173,1,,
2003,1689,염종석,롯데,투수,,SP,30,4,0.76,371,1,,
2003,1404,김응국,롯데,타자,,1B,37,4,-0.48,156,1,,
2003,14231,최기문,롯데,타자,,C,30,4,3.75,392,1,,
2003,10511,박지철,롯데,투수,,SP,28,3,2.05,389,1,,
2003,2290,페레즈,롯데,타자,Y,LF,34,3,1.2,204,1,,
2003,1837,강상수,롯데,투수,,RP,32,3,0.12,162,1,,
2003,1923,김대익,롯데,타자,,CF,30,2,-0.79,122,1,,
2003,10239,김주찬,롯데,타자,,LF,22,1,-1.2,131,1,,
2003,10246,박현승,롯데,타자,,3B,31,3,-1.94,386,1,,
2003,10254,조성환,롯데,타자,,3B,27,2,3.84,543,1,,
2003,2285,이시온,롯데,타자,,LF,28,2,1.55,377,1,,
2003,10487,손인호,롯데,타자,,RF,28,2,1.42,371,1,,
2003,1770,노승욱,롯데,투수,,RP,29,2,1.26,283,1,,
2003,10298,임경완,롯데,투수,,RP,28,2,0.93,281,1,,
2003,10296,이정훈,롯데,투수,,SP,26,2,0.79,332,1,,
2003,10288,양성제,롯데,투수,,SP,23,2,0.16,298,1,,
2003,10272,김사율,롯데,투수,,RP,23,1,0.12,109,1,,
2003,10277,김장현,롯데,투수,,SP,25,2,-0.55,276,1,,
2003,10327,신명철,롯데,타자,,SS,25,1,0.6,296,1,,
2003,10031,신종길,롯데,타자,,RF,20,1,0.42,75,1,,
2003,10117,윤재국,롯데,타자,,CF,28,2,0.34,192,1,,
2003,10086,허일상,롯데,타자,,C,24,1,0.22,113,1,,
2003,2070,박연수,롯데,타자,,LF,29,2,0.19,218,1,,
2003,11451,이계성,롯데,타자,,LF,26,1,0.19,154,1,,
2003,10123,가득염,롯데,투수,,RP,34,2,0.09,107,1,,
2003,10290,이명우,롯데,투수,,RP,21,1,0.06,30,1,,
2003,10295,이정민,롯데,투수,,SP,24,1,0.01,27,1,,
2003,2258,변인재,롯데,투수,,RP,24,1,0,111,1,,
2003,10240,문규현,롯데,타자,,3B,20,1,-0.02,44,1,,
2003,2293,김주용,롯데,투수,,RP,23,1,-0.05,19,1,,
2003,10241,박기혁,롯데,타자,,SS,22,1,-0.14,321,1,,
2003,11398,이우민,롯데,타자,,LF,21,1,-0.19,72,1,,
2003,10291,이용훈,롯데,투수,,RP,26,1,-0.19,30,1,,
2003,10242,박준서,롯데,타자,,2B,22,1,-0.21,30,1,,
2003,1803,김태균,롯데,타자,,SS,32,1,-0.26,264,1,,
2003,1942,조효상,롯데,타자,,LF,29,1,-0.29,80,1,,
2003,10046,김영수,롯데,투수,,RP,28,2,-0.34,83,1,,
2003,2164,권오현,롯데,타자,,LF,25,1,-0.39,58,1,,
2003,13432,이동욱,롯데,타자,,2B,29,1,-0.6,58,1,,
2003,10881,이승엽,삼성,타자,,1B,27,5,7.85,596,1,,
2003,10339,양준혁,삼성,타자,,LF,34,5,6.14,551,1,,
2003,10336,박한이,삼성,타자,,RF,24,3,5.84,612,1,,
2003,11281,임창용,삼성,투수,,SP,27,5,3.55,441,1,,
2003,1865,마해영,삼성,타자,,DH,33,5,3.14,573,1,,
2003,2120,브리또,삼성,타자,Y,SS,31,5,2.91,433,1,,
2003,10362,배영수,삼성,투수,,SP,22,2,2.51,491,1,,
2003,2260,엘비라,삼성,투수,Y,SP,36,5,-0.11,65,1,,
2003,10314,진갑용,삼성,타자,,C,29,5,4.05,485,1,,
2003,1768,김현욱,삼성,투수,,RP,33,4,3.56,257,1,,
2003,10564,강동우,삼성,타자,,LF,29,4,1.81,520,1,,
2003,1771,노장진,삼성,투수,,CL,29,5,1.57,249,1,,
2003,10357,김진웅,삼성,투수,,SP,23,4,2.79,460,1,,
2003,12964,김한수,삼성,타자,,3B,32,5,2.22,532,1,,
2003,2295,라이언,삼성,투수,Y,SP,29,3,0.59,172,1,,
2003,10519,오상민,삼성,투수,,RP,29,2,2.02,174,1,,
2003,10377,정현욱,삼성,투수,,RP,25,2,1.13,259,1,,
2003,1965,전병호,삼성,투수,,SP,30,2,1.02,306,1,,
2003,10350,권오준,삼성,투수,,RP,23,1,0.64,69,1,,
2003,10351,권혁,삼성,투수,,RP,20,1,0.13,118,1,,
2003,1883,심성보,삼성,타자,,RF,30,2,0.01,63,1,,
2003,10364,안지만,삼성,투수,,RP,20,1,-0.23,65,1,,
2003,2270,고지행,삼성,타자,,2B,25,1,1.14,276,1,,
2003,10269,강영식,삼성,투수,,RP,22,2,0.86,128,1,,
2003,10097,박정환,삼성,타자,,2B,26,2,0.41,207,1,,
2003,10349,권오원,삼성,투수,,RP,24,1,0.19,22,1,,
2003,2097,라형진,삼성,투수,,RP,26,2,0.13,194,1,,
2003,10435,노병오,삼성,투수,,RP,20,2,-0.01,29,1,,
2003,10228,지승민,삼성,투수,,RP,25,1,-0.07,16,2,,
2003,1800,김종훈,삼성,타자,,LF,31,2,-0.13,90,1,,
2003,10317,현재윤,삼성,타자,,C,24,1,-0.17,61,1,,
2003,10321,김재걸,삼성,타자,,SS,31,2,-0.43,183,1,,
2003,10552,김태균,한화,타자,,1B,21,2,5.69,573,1,,
2003,10597,송진우,한화,투수,,SP,37,5,4,389,1,,
2003,10613,정민철,한화,투수,,SP,31,5,2.98,419,1,,
2003,10559,이범호,한화,타자,,3B,22,2,1.94,384,1,,
2003,10412,송지만,한화,타자,,LF,30,5,1.84,317,1,,
2003,13282,한용덕,한화,투수,,RP,38,4,0.68,165,1,,
2003,1354,장종훈,한화,타자,,1B,35,3,-0.09,234,1,,
2003,10574,이영우,한화,타자,,LF,30,5,5.05,590,1,,
2003,2269,피코타,한화,투수,Y,CL,37,4,1.2,168,1,,
2003,2093,기론,한화,투수,Y,SP,31,4,0.92,194,1,,
2003,1553,이상목,한화,투수,,SP,32,2,4.76,556,1,,
2003,10543,이도형,한화,타자,,C,28,2,2.29,420,1,,
2003,2300,에스트라다,한화,투수,Y,SP,28,3,0.32,109,1,,
2003,2277,메히아,한화,타자,Y,3B,31,3,-0.36,120,1,,
2003,1926,김수연,한화,타자,,CF,26,2,1.76,355,1,,
2003,10596,박정진,한화,투수,,RP,27,2,1.64,301,1,,
2003,10436,마정길,한화,투수,,RP,24,2,1.28,206,1,,
2003,1980,백재호,한화,타자,,2B,29,2,1.03,206,1,,
2003,10226,조규수,한화,투수,,SP,22,2,0.99,363,1,,
2003,1436,김종석,한화,타자,,1B,32,2,-0.08,182,1,,
2003,1917,임수민,한화,타자,,2B,30,2,2.01,301,1,,
2003,2092,황우구,한화,타자,,SS,27,2,1.8,209,1,,
2003,10193,임재철,한화,타자,,RF,27,1,1.25,301,1,,
2003,10600,안영명,한화,투수,,RP,19,1,1.09,132,1,,
2003,10594,문용민,한화,투수,,RP,23,1,0.55,37,1,,
2003,2245,조현수,한화,타자,,LF,24,1,0.51,272,1,,
2003,10310,심광호,한화,타자,,C,26,1,0.45,73,1,,
2003,2261,유혜정,한화,투수,,RP,21,1,0.4,44,1,,
2003,10584,김백만,한화,투수,,RP,21,2,0.35,98,1,,
2003,2244,조윤채,한화,타자,,LF,26,1,0.23,92,1,,
2003,10228,지승민,한화,투수,,RP,25,1,0.12,23,1,,
2003,2190,고상천,한화,투수,,RP,25,1,0.06,20,1,,
2003,1685,지연규,한화,투수,,SP,34,1,0.03,135,1,,
2003,10606,윤규진,한화,투수,,RP,19,1,0.01,42,1,,
2003,1769,김홍집,한화,투수,,RP,32,2,-0.18,23,1,,
2003,10617,최영필,한화,투수,,RP,29,1,-0.18,126,1,,
2003,10315,채상병,한화,타자,,C,24,1,-0.19,35,1,,
2003,12707,조경택,한화,타자,,C,33,2,-0.28,69,1,,
2003,1871,김승권,한화,타자,,1B,27,1,-0.48,59,1,,
2003,10663,한상훈,한화,타자,,2B,23,1,-0.84,303,1,,
2003,1811,심정수,현대,타자,,RF,28,5,8.98,601,1,,
2003,1716,정민태,현대,투수,,SP,33,5,4.6,531,1,,
2003,10386,김동수,현대,타자,,C,35,3,3.88,441,1,,
2003,10323,박진만,현대,타자,,SS,27,5,3.44,515,1,,
2003,10418,전준호,현대,타자,,LF,34,5,2.41,533,1,,
2003,1608,조규제,현대,투수,,RP,36,3,0.24,120,1,,
2003,2296,바워스,현대,투수,Y,SP,32,4,4.11,431,1,,
2003,1668,박종호,현대,타자,,2B,30,4,3.79,597,1,,
2003,10402,이숭용,현대,타자,,1B,32,5,2.54,573,1,,
2003,10430,김수경,현대,투수,,SP,24,3,2.03,501,1,,
2003,10411,브룸바,현대,타자,Y,LF,29,4,2.01,297,1,,
2003,10479,정성훈,현대,타자,,3B,23,3,1.95,379,1,,
2003,10455,조용준,현대,투수,,CL,24,4,1.11,161,1,,
2003,2249,프랭클린,현대,타자,Y,3B,31,4,1,167,1,,
2003,10493,이택근,현대,타자,,C,23,1,1.17,243,1,,
2003,1828,최익성,현대,타자,,CF,31,2,0.02,59,1,,
2003,2013,임선동,현대,투수,,SP,30,3,-0.24,40,1,,
2003,10444,신철인,현대,투수,,RP,26,2,2.49,229,1,,
2003,10449,이상열,현대,투수,,RP,26,2,2.08,176,1,,
2003,10153,전준호,현대,투수,,SP,28,3,1.63,206,1,,
2003,10443,송신영,현대,투수,,RP,27,2,1.02,204,1,,
2003,10447,이동학,현대,투수,,SP,22,2,0.11,232,1,,
2003,10592,마일영,현대,투수,,SP,22,3,0.05,208,1,,
2003,10575,전근표,현대,타자,,RF,26,1,0.82,182,1,,
2003,10385,강귀태,현대,타자,,C,24,1,0.31,132,1,,
2003,10446,이대환,현대,투수,,RP,24,1,0.31,61,1,,
2003,1688,황윤성,현대,타자,,1B,29,1,-0.07,59,1,,
2003,2086,채종국,현대,타자,,3B,28,1,-0.07,164,1,,
2003,10420,조재호,현대,타자,,RF,23,1,-0.11,151,1,,
2003,2299,신동민,현대,투수,,RP,23,1,-0.17,37,1,,
2003,10398,김일경,현대,타자,,2B,25,1,-0.22,72,1,,
2003,10408,강병식,현대,타자,,RF,26,1,-0.39,79,1,,
2003,10428,김성태,현대,투수,,RP,21,1,-0.41,124,1,,
2004,1867,심재학,KIA,타자,,RF,32,4,5.43,469,1,,
2004,10032,장성호,KIA,타자,,1B,27,5,4.72,561,1,,
2004,10036,이종범,KIA,타자,,CF,34,5,4.56,577,1,,
2004,13923,이강철,KIA,투수,,RP,38,4,2.74,256,1,,
2004,1865,마해영,KIA,타자,,1B,34,5,1.03,519,1,,
2004,10113,박재홍,KIA,타자,,LF,31,5,0.99,226,1,,
2004,1608,조규제,KIA,투수,,RP,37,3,0.92,63,1,,
2004,10062,이대진,KIA,투수,,SP,30,3,-0.27,23,1,,
2004,2254,리오스,KIA,투수,Y,SP,32,4,7.23,668,1,,
2004,10060,유동훈,KIA,투수,,RP,27,2,3.76,362,1,,
2004,2326,마뇽,KIA,투수,Y,SP,31,4,2.6,466,1,,
2004,10695,김진우,KIA,투수,,RP,21,4,1.85,189,1,,
2004,10026,홍세완,KIA,타자,,SS,26,5,4.35,407,1,,
2004,10009,김종국,KIA,타자,,2B,31,4,3.8,562,1,,
2004,10743,최향남,KIA,투수,,RP,33,2,0.97,136,1,,
2004,10497,강철민,KIA,투수,,SP,25,2,0.44,436,1,,
2004,10616,최상덕,KIA,투수,,SP,33,4,-0.54,44,1,,
2004,10098,손지환,KIA,타자,,SS,26,2,2.5,333,1,,
2004,10055,신용운,KIA,투수,,RP,21,3,2.4,169,1,,
2004,10001,김상훈,KIA,타자,,C,27,2,2.33,439,1,,
2004,10020,이재주,KIA,타자,,C,31,2,2.17,298,1,,
2004,10022,이현곤,KIA,타자,,3B,24,2,1.15,139,1,,
2004,10028,김경언,KIA,타자,,LF,22,2,0.18,220,1,,
2004,10029,김원섭,KIA,타자,,LF,26,1,-0.06,41,1,,
2004,2065,김지훈,KIA,타자,,C,31,1,0.73,56,1,,
2004,2017,최용호,KIA,투수,,RP,28,1,0.12,125,1,,
2004,10486,서동욱,KIA,타자,,1B,20,1,0.03,114,1,,
2004,2010,오철민,KIA,투수,,RP,31,2,-0.03,90,1,,
2004,10650,김주형,KIA,타자,,1B,19,1,-0.14,83,1,,
2004,2193,김주철,KIA,투수,,RP,22,1,-0.15,60,1,,
2004,1907,이원식,KIA,투수,,RP,32,2,-0.19,24,1,,
2004,10049,문수호,KIA,투수,,RP,21,1,-0.2,38,1,,
2004,10063,이동현,KIA,투수,,SP,25,1,-0.23,169,1,,
2004,10064,이상화,KIA,투수,,RP,24,1,-0.26,24,1,,
2004,2048,곽현희,KIA,투수,,RP,31,2,-0.27,18,1,,
2004,2063,김경진,KIA,타자,,DH,28,1,-0.29,86,1,,
2004,1933,방동민,KIA,투수,,RP,27,1,-0.29,18,1,,
2004,2053,소소경,KIA,투수,,RP,25,1,-0.39,41,1,,
2004,10042,고우석,KIA,투수,,RP,20,2,-0.84,90,1,,
2004,10491,이병규,LG,타자,,CF,30,5,4.7,562,1,,
2004,10109,김재현,LG,타자,,RF,29,5,3.93,458,1,,
2004,10485,박용택,LG,타자,,RF,25,2,3.18,435,1,,
2004,1894,진필중,LG,투수,,CL,32,4,0.04,98,1,,
2004,1783,류지현,LG,타자,,2B,33,5,-0.23,36,1,,
2004,1499,홍현우,LG,타자,,3B,32,4,-0.32,107,1,,
2004,2311,마틴,LG,타자,Y,DH,37,4,2.7,420,1,,
2004,10523,우규민,LG,투수,,RP,19,1,0.41,55,1,,
2004,10035,이용규,LG,타자,,LF,19,1,-0.93,70,1,,
2004,10148,이승호,LG,투수,,SP,28,5,3.3,389,1,,
2004,10069,장문석,LG,투수,,SP,30,3,2.76,456,1,,
2004,10524,이동현,LG,투수,,RP,21,3,1.77,160,1,,
2004,10463,조인성,LG,타자,,C,29,2,1.56,432,1,,
2004,10537,최원호,LG,투수,,SP,31,2,0.94,290,1,,
2004,2335,쿠퍼,LG,투수,Y,SP,30,3,0.55,182,1,,
2004,1775,성영재,LG,투수,,RP,33,2,0.36,39,1,,
2004,10515,서승화,LG,투수,,RP,25,2,0.21,208,1,,
2004,2338,후타도,LG,투수,Y,SP,34,3,-0.3,84,1,,
2004,10469,박경수,LG,타자,,2B,20,3,1.64,388,1,,2→3
2004,10501,김광삼,LG,투수,,SP,24,2,1.55,453,1,,
2004,10478,이종열,LG,타자,,2B,31,2,1.28,357,1,,
2004,10532,정재복,LG,투수,,SP,23,2,0.74,258,1,,
2004,10465,권용관,LG,타자,,SS,28,2,0.5,341,1,,
2004,11238,신윤호,LG,투수,,RP,29,2,0.23,209,1,,
2004,2014,전승남,LG,투수,,RP,30,2,0.09,53,1,,
2004,10007,김상현,LG,타자,,3B,24,2,0.02,316,1,,
2004,10481,최동수,LG,타자,,1B,33,2,-0.36,414,1,,
2004,10507,류택현,LG,투수,,RP,33,2,1.15,152,1,,
2004,10498,경헌호,LG,투수,,RP,27,2,0.4,26,1,,
2004,10265,최만호,LG,타자,,CF,30,1,0.34,202,1,,
2004,2155,장준관,LG,투수,,RP,23,1,0.16,39,1,,
2004,10458,김정민,LG,타자,,C,34,1,0.08,105,1,,
2004,2297,박만채,LG,투수,,SP,26,1,0.07,39,1,,
2004,10509,민경수,LG,투수,,RP,23,1,0.07,56,1,,
2004,10011,박기남,LG,타자,,3B,23,1,0.04,38,1,,
2004,10750,장진용,LG,투수,,RP,18,1,0.04,50,1,,
2004,10517,송현우,LG,투수,,RP,23,1,0.03,15,1,,
2004,10518,심수창,LG,투수,,RP,23,1,0.03,89,1,,
2004,2227,김우석,LG,타자,,SS,29,1,-0.07,51,1,,
2004,2089,한규식,LG,타자,,2B,28,1,-0.18,72,1,,
2004,10105,최길성,LG,타자,,1B,26,1,-0.2,35,1,,
2004,10488,안치용,LG,타자,,LF,25,1,-0.23,35,1,,
2004,10502,김광수,LG,투수,,RP,23,1,-0.28,63,1,,
2004,2123,양현석,LG,타자,,LF,27,1,-0.29,64,1,,
2004,10489,오태근,LG,타자,,LF,26,1,-0.57,44,1,,
2004,10467,김태완,LG,타자,,2B,23,1,-0.68,37,1,,
2004,10080,박경완,SK,타자,,C,32,5,7.97,526,1,,
2004,10492,이진영,SK,타자,,CF,24,5,5.66,483,1,,
2004,11474,김기태,SK,타자,,DH,35,4,3.68,465,1,,
2004,1762,이상훈,SK,투수,,RP,33,5,0.13,42,1,,
2004,10101,이호준,SK,타자,,1B,28,4,3.79,578,1,,5→4
2004,10154,정대현,SK,투수,,RP,26,3,2.43,208,1,,
2004,10147,이승호,SK,투수,,SP,23,4,2.42,507,1,,
2004,2120,브리또,SK,타자,Y,SS,32,4,2.08,421,1,,
2004,14890,김원형,SK,투수,,SP,32,3,1.89,405,1,,
2004,10158,조웅천,SK,투수,,RP,33,5,1.79,237,1,,
2004,2334,카브레라,SK,투수,Y,SP,32,4,1.08,308,1,,
2004,10102,정경배,SK,타자,,2B,30,4,3.06,421,1,,
2004,12657,조원우,SK,타자,,CF,33,3,2.6,463,1,,
2004,10550,김민재,SK,타자,,SS,31,3,1.27,489,1,,
2004,10045,김건한,SK,투수,,RP,23,2,2.31,297,1,,
2004,10139,엄정욱,SK,투수,,SP,23,2,2.12,316,1,,
2004,10039,채종범,SK,타자,,RF,27,2,2.03,376,1,,
2004,10138,신승현,SK,투수,,RP,21,2,1.08,321,1,,
2004,10137,송은범,SK,투수,,RP,20,1,0.18,177,1,,
2004,2038,조경환,SK,타자,,LF,32,4,-0.13,268,1,,
2004,10096,박정권,SK,타자,,1B,23,1,-0.2,30,1,,
2004,10142,윤길현,SK,투수,,RP,21,1,-0.23,77,1,,
2004,10558,이대수,SK,타자,,SS,23,1,-1,115,1,,
2004,10500,김경태,SK,투수,,RP,29,1,1.62,116,1,,
2004,10406,조중근,SK,타자,,1B,22,1,-0.07,71,1,,
2004,2329,박창근,SK,투수,,RP,21,1,-0.09,73,1,,
2004,10085,최경철,SK,타자,,C,24,1,-0.12,38,1,,
2004,10157,제춘모,SK,투수,,SP,22,2,-0.2,202,1,,
2004,10010,김형철,SK,타자,,1B,24,1,-0.25,45,1,,
2004,10124,고효준,SK,투수,,RP,21,1,-0.27,136,1,,
2004,10145,윤희상,SK,투수,,RP,19,1,-0.32,40,1,,
2004,10046,김영수,SK,투수,,RP,29,1,-0.37,84,1,,
2004,1983,안재만,SK,타자,,3B,30,2,-0.47,174,1,,
2004,1981,송재익,SK,타자,,1B,30,1,-0.98,59,1,,
2004,2062,강혁,SK,타자,,1B,30,1,-0.98,128,1,,
2004,10256,홍성흔,두산,타자,,C,27,3,6.42,552,1,,
2004,10173,김동주,두산,타자,,3B,28,5,3.87,517,1,,
2004,2196,레스,두산,투수,Y,SP,31,4,6.65,602,1,,
2004,10510,박명환,두산,투수,,SP,27,2,5.69,476,1,,
2004,2266,키퍼,두산,투수,Y,SP,36,4,0.75,311,1,,
2004,2282,알칸트라,두산,타자,Y,DH,33,4,0.18,151,1,,
2004,10099,안경현,두산,타자,,2B,34,5,2.97,525,1,,
2004,10225,정재훈,두산,투수,,RP,24,2,2.14,232,1,,
2004,10348,구자운,두산,투수,,CL,24,4,1.26,143,1,,
2004,2011,이경필,두산,투수,,SP,30,2,0.78,299,1,,
2004,10529,이재영,두산,투수,,RP,25,3,3.32,282,1,,
2004,10531,정성훈,두산,투수,,RP,27,3,2.15,251,1,,
2004,10194,전상렬,두산,타자,,RF,32,2,1.79,542,1,,
2004,1682,장원진,두산,타자,,LF,35,3,1.65,486,1,,
2004,10219,이재우,두산,투수,,RP,24,2,1.51,268,1,,
2004,10041,최경환,두산,타자,,LF,32,2,1.1,480,1,,
2004,10334,김창희,두산,타자,,CF,31,2,0.49,344,1,,
2004,10177,손시헌,두산,타자,,SS,24,2,0.33,395,1,,
2004,1695,권명철,두산,투수,,RP,35,2,0.32,37,1,,
2004,10642,이혜천,두산,투수,,RP,25,2,0.07,156,1,,
2004,10152,전병두,두산,투수,,SP,20,2,0.03,245,1,,
2004,14564,손혁,두산,투수,,SP,31,2,-0.19,24,1,,
2004,10203,노경은,두산,투수,,SP,20,1,-0.44,149,1,,
2004,14889,홍원기,두산,타자,,3B,31,3,-0.6,190,1,,
2004,2284,이승준,두산,타자,,1B,28,1,0.85,152,1,,
2004,10092,나주환,두산,타자,,SS,20,1,0.61,63,1,,
2004,14993,강인권,두산,타자,,C,32,2,0.51,182,1,,
2004,10191,유재웅,두산,타자,,RF,25,1,0.44,172,1,,
2004,10332,강봉규,두산,타자,,RF,26,1,0.3,85,1,,
2004,10117,윤재국,두산,타자,,RF,29,2,-0.12,101,1,,
2004,10201,김성배,두산,투수,,SP,23,1,-0.24,16,1,,
2004,1979,문희성,두산,타자,,1B,31,1,-0.39,47,1,,
2004,10562,정원석,두산,타자,,2B,27,1,-0.54,48,1,,
2004,10284,손민한,롯데,투수,,SP,29,3,3.53,326,1,,
2004,1834,주형광,롯데,투수,,SP,28,4,1.51,190,1,,
2004,10251,이대호,롯데,타자,,1B,22,2,-0.06,514,1,,
2004,2309,라이온,롯데,타자,Y,LF,33,4,2.7,438,1,,
2004,2290,페레즈,롯데,타자,Y,LF,35,4,2.44,532,1,,
2004,10264,정수근,롯데,타자,,CF,27,5,1.87,340,1,,
2004,1771,노장진,롯데,투수,,CL,30,4,1.11,71,2,,
2004,1689,염종석,롯데,투수,,SP,31,3,0.85,306,1,,
2004,1901,박석진,롯데,투수,,RP,32,4,0.74,104,1,,
2004,10511,박지철,롯데,투수,,SP,29,3,2.84,419,1,,
2004,14231,최기문,롯데,타자,,C,31,5,2.62,372,1,,
2004,10239,김주찬,롯데,타자,,LF,23,2,1.34,503,1,,
2004,1923,김대익,롯데,타자,,CF,31,2,0.55,116,1,,
2004,10254,조성환,롯데,타자,,2B,28,3,0.48,87,1,,
2004,10246,박현승,롯데,타자,,3B,32,1,0.19,174,1,,
2004,10299,장원준,롯데,투수,,SP,19,4,0.14,254,1,,
2004,1553,이상목,롯데,투수,,SP,33,4,0.07,263,1,,
2004,10487,손인호,롯데,타자,,RF,29,2,3.57,480,1,,
2004,10298,임경완,롯데,투수,,RP,29,2,2.96,316,1,,
2004,1837,강상수,롯데,투수,,RP,33,3,0.66,105,1,,
2004,10277,김장현,롯데,투수,,SP,26,2,0.08,353,1,,
2004,10241,박기혁,롯데,타자,,SS,23,2,0.05,386,1,,
2004,10295,이정민,롯데,투수,,RP,25,2,0.04,235,1,,
2004,10290,이명우,롯데,투수,,RP,22,1,1.42,78,1,,
2004,10242,박준서,롯데,타자,,2B,23,1,0.92,182,1,,
2004,10296,이정훈,롯데,투수,,RP,27,2,0.85,174,1,,
2004,2070,박연수,롯데,타자,,LF,30,1,0.69,143,1,,
2004,10327,신명철,롯데,타자,,2B,26,1,0.61,157,1,,
2004,10291,이용훈,롯데,투수,,RP,27,1,0.48,101,1,,
2004,10123,가득염,롯데,투수,,RP,35,3,0.33,121,1,,
2004,10302,최대성,롯데,투수,,RP,19,1,0.22,19,1,,
2004,10086,허일상,롯데,타자,,C,25,1,0.08,42,1,,
2004,10260,서정호,롯데,타자,,LF,23,1,0.07,37,1,,
2004,1803,김태균,롯데,타자,,SS,33,1,-0.01,83,1,,
2004,11451,이계성,롯데,타자,,LF,27,1,-0.01,70,1,,
2004,1770,노승욱,롯데,투수,,RP,30,2,-0.02,88,1,,
2004,10245,박진환,롯데,타자,,2B,23,1,-0.11,36,1,,
2004,10288,양성제,롯데,투수,,SP,24,1,-0.13,16,1,,
2004,2117,박경진,롯데,타자,,C,28,1,-0.28,69,1,,
2004,1870,김승관,롯데,타자,,1B,28,1,-0.3,90,2,,
2004,10259,박정준,롯데,타자,,LF,20,1,-0.51,37,1,,
2004,10263,이인구,롯데,타자,,CF,24,1,-0.65,69,1,,
2004,10339,양준혁,삼성,타자,,1B,35,5,7.03,584,1,,
2004,10362,배영수,삼성,투수,,SP,23,3,6.18,569,1,,
2004,10336,박한이,삼성,타자,,CF,25,5,6.07,587,1,,
2004,11281,임창용,삼성,투수,,CL,28,5,2.63,201,1,,
2004,1668,박종호,삼성,타자,,2B,31,5,4.01,587,1,,
2004,10314,진갑용,삼성,타자,,C,30,5,3.78,491,1,,
2004,10564,강동우,삼성,타자,,RF,30,4,2.45,497,1,,
2004,2337,호지스,삼성,투수,Y,SP,31,4,1.83,490,1,,
2004,1901,박석진,삼성,투수,,RP,32,4,1.33,84,2,,
2004,1768,김현욱,삼성,투수,,RP,34,5,0.01,78,1,,
2004,1771,노장진,삼성,투수,,RP,30,4,-0.1,67,1,,
2004,10322,박석민,삼성,타자,,3B,19,1,-0.55,32,1,,
2004,10357,김진웅,삼성,투수,,SP,24,4,1.73,406,1,,
2004,2315,오리어리,삼성,타자,Y,LF,35,3,1.65,240,1,,
2004,10377,정현욱,삼성,투수,,SP,26,2,1.59,257,1,,
2004,12964,김한수,삼성,타자,,3B,33,5,1.3,558,1,,
2004,1923,김대익,삼성,타자,,CF,31,2,0.77,117,2,,
2004,10368,윤성환,삼성,투수,,RP,23,2,0.43,201,1,,
2004,2310,로페즈,삼성,타자,Y,DH,30,3,-0.64,76,1,,
2004,10350,권오준,삼성,투수,,SP,24,2,4.62,460,1,,
2004,1800,김종훈,삼성,타자,,LF,32,3,1.47,392,1,,
2004,10519,오상민,삼성,투수,,RP,30,3,1.08,93,1,,
2004,10351,권혁,삼성,투수,,RP,21,2,1.01,243,1,,
2004,1965,전병호,삼성,투수,,SP,31,2,0.89,180,1,,
2004,10329,조동찬,삼성,타자,,3B,21,2,0.6,394,1,,
2004,1672,신동주,삼성,타자,,LF,32,2,-0.06,118,1,,
2004,10364,안지만,삼성,투수,,RP,21,1,-0.23,66,1,,
2004,10228,지승민,삼성,투수,,RP,26,2,0.81,86,1,,
2004,2192,김덕윤,삼성,투수,,RP,22,1,0.18,66,1,,
2004,10317,현재윤,삼성,타자,,C,25,1,0.11,234,1,,
2004,1870,김승관,삼성,타자,,1B,28,1,0.09,55,1,,
2004,10269,강영식,삼성,투수,,RP,23,2,0.02,40,1,,
2004,10311,이정식,삼성,타자,,C,23,1,0.01,49,1,,
2004,10097,박정환,삼성,타자,,2B,27,2,-0.17,40,1,,
2004,10321,김재걸,삼성,타자,,SS,32,1,-0.24,75,1,,
2004,10559,이범호,한화,타자,,SS,23,2,5.25,541,1,,
2004,10552,김태균,한화,타자,,1B,22,4,5.17,556,1,,
2004,10597,송진우,한화,투수,,SP,38,5,4.7,516,1,,
2004,2067,데이비스,한화,타자,Y,CF,35,5,3.59,510,1,,
2004,1354,장종훈,한화,타자,,1B,36,3,0.18,165,1,,
2004,13282,한용덕,한화,투수,,RP,39,3,-0.27,30,1,,
2004,10613,정민철,한화,투수,,SP,32,5,-0.59,162,1,,
2004,10574,이영우,한화,타자,,LF,31,5,4.56,572,1,,
2004,10593,문동환,한화,투수,,SP,32,2,0.13,362,1,,
2004,2275,디아즈,한화,타자,Y,3B,33,4,-0.53,224,1,,
2004,2314,엔젤,한화,타자,Y,DH,29,3,1.09,156,1,,
2004,10543,이도형,한화,타자,,C,29,3,0.82,183,1,,
2004,1694,오봉옥,한화,투수,,RP,36,3,0.35,181,1,,
2004,10598,송창식,한화,투수,,SP,19,2,1.64,421,1,,
2004,10606,윤규진,한화,투수,,RP,20,2,1,254,1,,
2004,1917,임수민,한화,타자,,2B,31,3,0.65,364,1,,
2004,2005,김해님,한화,투수,,SP,29,2,0.6,271,1,,
2004,10436,마정길,한화,투수,,RP,25,2,0.59,123,1,,
2004,10596,박정진,한화,투수,,RP,28,2,0.32,98,1,,
2004,10600,안영명,한화,투수,,RP,20,2,0.03,46,1,,
2004,1980,백재호,한화,타자,,2B,30,2,-0.78,48,1,,
2004,10542,신경현,한화,타자,,C,29,1,2.01,300,1,,
2004,10666,고동진,한화,타자,,RF,24,1,1.41,178,1,,
2004,10617,최영필,한화,투수,,RP,30,1,0.79,111,1,,
2004,10155,정병희,한화,투수,,RP,21,1,0.67,197,1,,
2004,10310,심광호,한화,타자,,C,27,1,0.64,103,1,,
2004,10675,조영민,한화,투수,,RP,23,1,0.54,100,1,,
2004,1967,차명주,한화,투수,,RP,31,3,0.34,36,1,Y,
2004,10594,문용민,한화,투수,,RP,24,1,0.22,52,1,,
2004,2316,이창훈,한화,타자,,DH,23,1,0.17,41,1,,
2004,10599,신주영,한화,투수,,RP,20,1,0.11,26,1,,
2004,1436,김종석,한화,타자,,1B,33,2,0.08,37,1,,
2004,1685,지연규,한화,투수,,RP,35,1,0.08,97,1,,
2004,10031,신종길,한화,타자,,RF,21,1,-0.14,116,1,,
2004,10605,윤경영,한화,투수,,RP,24,1,-0.16,29,1,,
2004,1871,김승권,한화,타자,,1B,28,1,-0.2,54,1,,
2004,2245,조현수,한화,타자,,LF,25,1,-0.21,201,1,,
2004,10578,최진행,한화,타자,,DH,19,1,-0.24,239,1,,
2004,10671,김창훈,한화,투수,,RP,19,1,-0.27,128,1,,
2004,10226,조규수,한화,투수,,RP,23,2,-0.38,116,1,,
2004,10614,정재원,한화,투수,,RP,20,1,-0.45,39,1,,
2004,2092,황우구,한화,타자,,SS,28,2,-0.65,51,1,,
2004,1926,김수연,한화,타자,,RF,27,2,-0.75,197,1,,
2004,10193,임재철,한화,타자,,RF,28,2,-0.86,86,1,,
2004,10663,한상훈,한화,타자,,2B,24,1,-1.04,162,1,,
2004,10418,전준호,현대,타자,,LF,35,5,4.39,581,1,,
2004,10323,박진만,현대,타자,,SS,28,5,3.93,506,1,,
2004,1811,심정수,현대,타자,,RF,29,5,2.61,455,1,,
2004,10412,송지만,현대,타자,,LF,31,5,2.03,567,1,,
2004,10386,김동수,현대,타자,,C,36,5,1.46,381,1,,
2004,1716,정민태,현대,투수,,SP,34,5,0.78,497,1,,
2004,1886,위재영,현대,투수,,RP,32,5,0.2,86,1,,
2004,10411,브룸바,현대,타자,Y,LF,30,4,8.83,594,1,,
2004,2336,피어리,현대,투수,Y,SP,35,4,5.12,545,1,,
2004,10455,조용준,현대,투수,,CL,25,4,3.35,225,1,,
2004,10430,김수경,현대,투수,,SP,25,3,3.04,458,1,,
2004,10479,정성훈,현대,타자,,3B,24,3,1.96,540,1,,
2004,10402,이숭용,현대,타자,,1B,33,5,1.61,549,1,,
2004,10493,이택근,현대,타자,,C,24,2,0.05,64,1,,
2004,10445,오주원,현대,투수,,SP,19,2,3.08,447,1,,
2004,10449,이상열,현대,투수,,RP,27,3,2.24,180,1,,
2004,10443,송신영,현대,투수,,RP,28,2,1.87,245,1,,
2004,10153,전준호,현대,투수,,RP,29,3,1.8,337,1,,
2004,2086,채종국,현대,타자,,2B,29,2,1.45,385,1,,
2004,10444,신철인,현대,투수,,RP,27,3,1.22,87,1,,
2004,10592,마일영,현대,투수,,SP,23,2,0.94,241,1,,
2004,10385,강귀태,현대,타자,,C,25,1,1.2,159,1,,
2004,10575,전근표,현대,타자,,RF,27,2,1.11,128,1,,
2004,1844,김민범,현대,투수,,RP,31,2,0.6,23,1,,
2004,10446,이대환,현대,투수,,RP,25,1,0.29,65,1,,
2004,2027,서한규,현대,타자,,SS,31,1,-0.09,41,1,,
2004,10419,정수성,현대,타자,,CF,26,1,-0.11,35,1,,
2004,10398,김일경,현대,타자,,2B,26,1,-0.13,140,1,,
2004,10420,조재호,현대,타자,,RF,24,1,-0.13,123,1,,
2004,10447,이동학,현대,투수,,RP,23,1,-0.15,17,1,,
2004,10457,황두성,현대,투수,,RP,28,1,-0.21,16,1,,
2004,10428,김성태,현대,투수,,RP,22,1,-0.29,72,1,,
2004,10397,김민우,현대,타자,,3B,25,1,-0.66,52,1,,
2005,10036,이종범,KIA,타자,,CF,35,5,4.78,495,1,,
2005,10032,장성호,KIA,타자,,1B,28,5,3.56,533,1,,
2005,1865,마해영,KIA,타자,,1B,35,5,0.83,387,1,,
2005,2254,리오스,KIA,투수,Y,SP,33,5,0.58,341,1,,
2005,10695,김진우,KIA,투수,,SP,22,3,2.58,435,1,,
2005,10026,홍세완,KIA,타자,,SS,27,4,2.24,386,1,,2→4
2005,1867,심재학,KIA,타자,,RF,33,5,1.82,309,1,,
2005,2357,블랭크,KIA,투수,Y,SP,29,4,1.51,279,1,,
2005,10009,김종국,KIA,타자,,2B,32,3,1.37,429,1,,
2005,2354,그레이싱어,KIA,투수,Y,SP,30,4,1.25,227,1,,
2005,10497,강철민,KIA,투수,,SP,26,3,1.01,277,1,,
2005,13923,이강철,KIA,투수,,RP,39,5,0.62,59,1,,
2005,1499,홍현우,KIA,타자,,3B,33,4,0.1,64,1,,
2005,10159,존슨,KIA,투수,Y,SP,30,4,0.07,77,1,,
2005,10055,신용운,KIA,투수,,RP,22,2,1.49,184,1,,
2005,10616,최상덕,KIA,투수,,SP,34,3,-0.06,184,1,,
2005,10098,손지환,KIA,타자,,3B,27,2,2.14,357,1,,
2005,10035,이용규,KIA,타자,,LF,20,2,1.84,479,1,,
2005,10028,김경언,KIA,타자,,LF,23,2,1,202,1,,
2005,10061,윤석민,KIA,투수,,RP,19,2,0.96,252,1,,
2005,10001,김상훈,KIA,타자,,C,28,2,0.83,338,1,,
2005,10020,이재주,KIA,타자,,DH,32,2,0.47,148,1,,
2005,2010,오철민,KIA,투수,,RP,32,2,-0.05,35,1,,
2005,10045,김건한,KIA,투수,,RP,24,2,-0.37,94,1,,
2005,10152,전병두,KIA,투수,,RP,21,2,0.88,107,2,,
2005,10743,최향남,KIA,투수,,SP,34,2,0.78,125,1,,
2005,10076,차정민,KIA,투수,,RP,23,1,0.71,108,1,,
2005,10796,송산,KIA,타자,,C,23,1,0.55,141,1,,
2005,10006,김민철,KIA,타자,,SS,23,1,0.46,203,1,,
2005,10064,이상화,KIA,투수,,RP,25,1,0.16,25,1,,
2005,2347,임성민,KIA,타자,,LF,23,1,0.09,62,1,,
2005,2219,정원,KIA,투수,,RP,23,1,0.05,88,1,,
2005,10074,조태수,KIA,투수,,RP,22,1,-0.11,108,1,,
2005,2193,김주철,KIA,투수,,RP,23,1,-0.16,16,1,,
2005,2153,윤형진,KIA,투수,,RP,28,2,-0.21,19,1,,
2005,11112,박근홍,KIA,투수,,RP,20,2,-0.24,121,1,,
2005,10067,이범석,KIA,투수,,RP,20,1,-0.26,22,1,,
2005,10063,이동현,KIA,투수,,RP,26,1,-0.27,115,1,,
2005,10650,김주형,KIA,타자,,1B,20,1,-0.39,114,1,,
2005,2063,김경진,KIA,타자,,DH,29,1,-0.4,81,1,,
2005,10491,이병규,LG,타자,,CF,31,5,4.28,517,1,,
2005,1894,진필중,LG,투수,,SP,33,5,-0.27,153,1,,
2005,2349,클리어,LG,타자,Y,RF,32,4,3.36,453,1,,
2005,10485,박용택,LG,타자,,LF,26,3,2.91,523,1,,
2005,10211,왈론드,LG,투수,Y,SP,29,4,0.4,268,1,,
2005,10515,서승화,LG,투수,,RP,26,1,0.03,15,1,,
2005,10655,정의윤,LG,타자,,RF,19,4,-0.06,340,1,,
2005,10069,장문석,LG,투수,,SP,31,3,1.52,252,1,,
2005,10478,이종열,LG,타자,,2B,32,3,0.85,303,1,,
2005,2342,마테오,LG,타자,Y,LF,27,3,0.26,149,1,,
2005,10148,이승호,LG,투수,,SP,29,4,0.23,333,1,,2→4
2005,10537,최원호,LG,투수,,SP,32,2,2.86,491,1,,
2005,10532,정재복,LG,투수,,RP,24,2,1.31,237,1,,
2005,2089,한규식,LG,타자,,2B,29,2,1.05,325,1,,
2005,10463,조인성,LG,타자,,C,30,2,0.95,230,1,,
2005,10507,류택현,LG,투수,,RP,34,2,0.92,156,1,,
2005,10501,김광삼,LG,투수,,SP,25,2,0.61,310,1,,
2005,1907,이원식,LG,투수,,RP,33,2,0.25,48,1,,
2005,10469,박경수,LG,타자,,2B,21,3,0.06,133,1,,
2005,1782,서용빈,LG,타자,,1B,34,2,-0.46,41,1,,
2005,10504,김민기,LG,투수,,RP,28,2,-0.97,165,1,,
2005,10481,최동수,LG,타자,,1B,34,1,1.88,229,1,,
2005,10168,이성열,LG,타자,,C,21,1,1.79,230,1,,
2005,10498,경헌호,LG,투수,,RP,28,2,1.08,163,1,,
2005,10465,권용관,LG,타자,,SS,29,1,0.9,215,1,,
2005,10011,박기남,LG,타자,,3B,24,1,0.88,162,1,,
2005,10458,김정민,LG,타자,,C,35,1,0.6,211,1,,
2005,10509,민경수,LG,투수,,RP,24,2,0.53,65,1,,
2005,10490,이대형,LG,타자,,CF,22,1,0.43,142,1,,
2005,10518,심수창,LG,투수,,RP,24,1,0.32,96,1,,
2005,10523,우규민,LG,투수,,RP,20,3,0.32,23,1,,
2005,2361,손상정,LG,투수,,RP,23,1,0.23,19,1,,
2005,10517,송현우,LG,투수,,RP,24,1,0.21,112,1,,
2005,2297,박만채,LG,투수,,RP,27,1,0.06,91,1,,
2005,1983,안재만,LG,타자,,3B,31,2,0,199,1,,
2005,2291,김광우,LG,투수,,RP,26,1,-0.04,15,1,,
2005,10470,박병호,LG,타자,,1B,19,4,-0.05,185,1,,
2005,2292,김장준,LG,투수,,RP,23,1,-0.06,27,1,,
2005,10921,신재웅,LG,투수,,RP,23,1,-0.12,40,1,,
2005,10750,장진용,LG,투수,,RP,19,1,-0.18,44,1,,
2005,2155,장준관,LG,투수,,RP,24,1,-0.2,61,1,,
2005,11238,신윤호,LG,투수,,RP,30,1,-0.22,95,1,,
2005,10467,김태완,LG,타자,,2B,24,1,-0.32,50,1,,
2005,1884,안상준,LG,타자,,3B,32,1,-0.47,78,1,,
2005,10492,이진영,SK,타자,,RF,25,5,4.3,523,1,,
2005,10080,박경완,SK,타자,,C,33,5,3.33,425,1,,
2005,10109,김재현,SK,타자,,DH,30,5,5.67,499,1,,
2005,10113,박재홍,SK,타자,,CF,32,5,5.24,495,1,,
2005,14890,김원형,SK,투수,,SP,33,5,3.65,515,1,,
2005,10101,이호준,SK,타자,,1B,29,5,2.35,411,1,,
2005,2369,크루즈,SK,투수,Y,SP,33,4,1.88,243,1,,
2005,10158,조웅천,SK,투수,,RP,34,5,1.69,181,1,,
2005,2334,카브레라,SK,투수,Y,RP,33,4,0.34,19,1,,
2005,10106,최정,SK,타자,,3B,18,4,-0.03,93,1,,
2005,2358,산체스,SK,투수,Y,SP,31,4,-0.2,197,1,,
2005,10145,윤희상,SK,투수,,SP,20,3,-0.26,15,1,,
2005,11474,김기태,SK,타자,,1B,36,5,-0.55,130,1,,
2005,10102,정경배,SK,타자,,2B,31,3,3.5,502,1,,
2005,10154,정대현,SK,투수,,RP,27,2,1.72,73,1,,
2005,10161,채병용,SK,투수,,SP,23,2,1.41,363,1,,
2005,2366,차바치,SK,투수,Y,RP,28,3,0.54,27,1,,
2005,12657,조원우,SK,타자,,LF,34,4,0.34,88,1,,
2005,1886,위재영,SK,투수,,RP,33,3,4.06,286,1,,
2005,10138,신승현,SK,투수,,SP,22,2,2.85,464,1,,
2005,10550,김민재,SK,타자,,SS,32,4,2.67,508,1,,
2005,10634,이영욱,SK,투수,,RP,25,2,2.33,194,1,,
2005,10139,엄정욱,SK,투수,,RP,24,2,0.97,44,1,,
2005,10121,조동화,SK,타자,,CF,24,2,0.69,345,1,,
2005,2038,조경환,SK,타자,,LF,33,2,-0.1,35,1,,
2005,10156,정우람,SK,투수,,RP,20,2,1.73,128,1,,
2005,10675,조영민,SK,투수,,RP,24,2,1.24,82,2,,
2005,10142,윤길현,SK,투수,,RP,22,2,1.19,183,1,,
2005,10124,고효준,SK,투수,,SP,22,3,0.97,173,1,,
2005,1803,김태균,SK,타자,,SS,34,3,0.74,272,1,,
2005,10406,조중근,SK,타자,,1B,23,1,0.73,196,1,,
2005,2263,조형식,SK,투수,,RP,23,1,0.54,53,1,,
2005,1828,최익성,SK,타자,,CF,33,2,0.23,84,1,,
2005,10085,최경철,SK,타자,,C,25,1,0.04,66,1,,
2005,10108,김강민,SK,타자,,CF,23,3,-0.02,48,1,,
2005,10558,이대수,SK,타자,,SS,24,1,-0.11,70,1,,
2005,10157,제춘모,SK,투수,,SP,23,2,-0.11,19,1,,
2005,10500,김경태,SK,투수,,RP,30,1,-0.11,102,1,,
2005,10112,박재상,SK,타자,,LF,23,1,-0.5,49,1,,
2005,10103,정근우,SK,타자,,2B,23,3,-0.72,106,1,,
2005,2254,리오스,두산,투수,Y,SP,33,5,4.83,275,2,,
2005,10510,박명환,두산,투수,,SP,28,5,3.44,337,1,,
2005,10173,김동주,두산,타자,,3B,29,5,3.16,338,1,,
2005,10099,안경현,두산,타자,,2B,35,5,2.82,415,1,,
2005,10256,홍성흔,두산,타자,,C,28,5,1.55,433,1,,
2005,2355,랜들,두산,투수,Y,SP,28,4,3.96,449,1,,
2005,10197,김명제,두산,투수,,SP,18,4,1.33,321,1,,
2005,2362,스미스,두산,투수,Y,SP,36,4,0.88,285,1,,
2005,10174,김재호,두산,타자,,SS,20,4,0.11,31,1,,
2005,1682,장원진,두산,타자,,LF,36,4,1.71,478,1,,
2005,10529,이재영,두산,투수,,RP,26,2,0.47,67,1,,
2005,10219,이재우,두산,투수,,RP,25,2,4.67,299,1,,
2005,10177,손시헌,두산,타자,,SS,25,2,3.35,480,1,,
2005,10193,임재철,두산,타자,,RF,29,2,2.72,401,1,,
2005,10201,김성배,두산,투수,,RP,24,2,2.45,247,1,,
2005,10225,정재훈,두산,투수,,CL,25,2,2.3,168,1,,
2005,1979,문희성,두산,타자,,1B,32,2,1.44,369,1,,
2005,10642,이혜천,두산,투수,,SP,26,2,1.38,328,1,,
2005,10041,최경환,두산,타자,,LF,33,2,1.02,379,1,,
2005,10194,전상렬,두산,타자,,RF,33,2,0.59,355,1,,
2005,14889,홍원기,두산,타자,,3B,32,2,0.47,162,1,,
2005,14993,강인권,두산,타자,,C,33,1,0.35,34,1,,
2005,10334,김창희,두산,타자,,CF,32,2,1.65,270,1,,
2005,2333,이원희,두산,투수,,RP,20,1,1.18,168,1,,
2005,10152,전병두,두산,투수,,RP,21,2,0.96,64,1,,
2005,10380,조현근,두산,투수,,RP,20,1,0.76,108,1,,
2005,10425,금민철,두산,투수,,RP,19,1,0.58,154,1,,
2005,10332,강봉규,두산,타자,,LF,27,1,0.29,124,1,,
2005,1688,황윤성,두산,타자,,1B,31,1,0.26,137,1,,
2005,10092,나주환,두산,타자,,3B,21,1,0.22,200,1,,
2005,10202,김승회,두산,투수,,RP,24,1,0.19,27,1,,
2005,2332,이경민,두산,투수,,RP,20,1,0.03,15,1,,
2005,10166,용덕한,두산,타자,,C,24,1,0,141,1,,
2005,10207,서동환,두산,투수,,RP,19,1,-0.2,17,1,,
2005,10206,박정배,두산,투수,,RP,23,1,-0.27,46,1,,
2005,2284,이승준,두산,타자,,1B,29,1,-0.3,36,1,,
2005,2345,윤승균,두산,타자,,CF,22,1,-0.42,99,1,,
2005,10284,손민한,롯데,투수,,SP,30,3,5.7,505,1,,
2005,1553,이상목,롯데,투수,,SP,34,5,3.14,304,1,,
2005,2350,펠로우,롯데,타자,Y,RF,32,4,2.75,443,1,,
2005,10264,정수근,롯데,타자,,CF,28,5,2.66,431,1,,
2005,2309,라이온,롯데,타자,Y,LF,34,4,1.76,534,1,,
2005,1771,노장진,롯데,투수,,CL,31,5,1.31,99,1,,
2005,10299,장원준,롯데,투수,,SP,20,3,0.55,322,1,,
2005,1834,주형광,롯데,투수,,SP,29,4,-0.07,103,1,,
2005,1689,염종석,롯데,투수,,SP,32,4,1.94,322,1,,
2005,10487,손인호,롯데,타자,,RF,30,2,-0.09,387,1,,
2005,10511,박지철,롯데,투수,,SP,30,3,-0.22,147,1,,
2005,14231,최기문,롯데,타자,,C,32,4,-0.35,209,1,,3→4
2005,10241,박기혁,롯데,타자,,SS,24,2,2.82,382,1,,
2005,10251,이대호,롯데,타자,,3B,23,2,2.82,512,1,,
2005,10295,이정민,롯데,투수,,RP,26,2,2.03,283,1,,
2005,10327,신명철,롯데,타자,,2B,27,2,1.47,398,1,,
2005,10740,이재율,롯데,투수,,RP,19,2,1.22,195,1,,
2005,10296,이정훈,롯데,투수,,RP,28,2,0.87,225,1,,
2005,10291,이용훈,롯데,투수,,SP,28,2,0.65,318,1,,
2005,1770,노승욱,롯데,투수,,RP,31,2,0.27,26,1,,
2005,10290,이명우,롯데,투수,,RP,23,2,0.12,172,1,,
2005,10183,최준석,롯데,타자,,1B,22,1,1.07,309,1,,
2005,2070,박연수,롯데,타자,,LF,31,1,0.83,193,1,,
2005,10123,가득염,롯데,투수,,RP,36,4,0.6,69,1,,
2005,10215,이석만,롯데,투수,,RP,25,1,0.13,20,1,,
2005,10180,이원석,롯데,타자,,3B,19,3,0.12,200,1,,
2005,10273,김수화,롯데,투수,,RP,19,1,-0.03,25,1,,
2005,1942,조효상,롯데,타자,,LF,31,1,-0.12,44,1,,
2005,10246,박현승,롯데,타자,,3B,33,3,-0.12,44,1,,
2005,10232,강민호,롯데,타자,,C,20,1,-0.14,230,1,,
2005,10242,박준서,롯데,타자,,2B,24,1,-0.15,94,1,,
2005,10245,박진환,롯데,타자,,2B,24,1,-0.21,64,1,,
2005,10300,조정훈,롯데,투수,,RP,20,1,-0.24,87,1,,
2005,10302,최대성,롯데,투수,,RP,20,1,-0.39,44,1,,
2005,1837,강상수,롯데,투수,,RP,34,3,-0.45,88,1,,
2005,10259,박정준,롯데,타자,,LF,21,1,-0.72,130,1,,
2005,10362,배영수,삼성,투수,,SP,24,5,5.34,519,1,,
2005,1811,심정수,삼성,타자,,LF,30,5,4.73,528,1,,
2005,1668,박종호,삼성,타자,,2B,32,5,3.37,484,1,,
2005,10336,박한이,삼성,타자,,CF,26,5,3.01,551,1,,
2005,12964,김한수,삼성,타자,,1B,34,5,2.42,465,1,,
2005,10323,박진만,삼성,타자,,SS,29,5,1.92,333,1,,
2005,10339,양준혁,삼성,타자,,DH,36,5,1.27,463,1,,
2005,11281,임창용,삼성,투수,,SP,29,5,-0.31,274,1,,
2005,10314,진갑용,삼성,타자,,C,31,4,3.19,406,1,,
2005,2356,바르가스,삼성,투수,Y,SP,28,4,0.74,384,1,,
2005,2371,해크먼,삼성,투수,Y,SP,31,4,0.32,242,1,,
2005,10350,권오준,삼성,투수,,CL,25,3,2.55,189,1,,
2005,1901,박석진,삼성,투수,,RP,33,3,1.2,187,1,,
2005,2370,하리칼라,삼성,투수,Y,SP,34,3,1.15,153,1,,
2005,10564,강동우,삼성,타자,,RF,31,3,0.99,429,1,,
2005,10357,김진웅,삼성,투수,,RP,25,3,0.29,59,1,,
2005,10367,오승환,삼성,투수,,CL,23,4,5.77,297,1,,
2005,10329,조동찬,삼성,타자,,3B,22,2,2.71,447,1,,
2005,10364,안지만,삼성,투수,,RP,22,2,1.94,248,1,,
2005,1965,전병호,삼성,투수,,SP,32,2,0.93,314,1,,
2005,1800,김종훈,삼성,타자,,LF,33,3,0.42,167,1,,
2005,10519,오상민,삼성,투수,,RP,31,3,0.15,25,1,,
2005,10372,임동규,삼성,투수,,RP,26,1,2.03,187,1,,
2005,2097,라형진,삼성,투수,,RP,28,2,0.64,46,1,,
2005,1923,김대익,삼성,타자,,CF,32,2,0.52,100,1,,
2005,10269,강영식,삼성,투수,,RP,24,2,0.3,95,1,,
2005,10319,강명구,삼성,타자,,2B,25,1,0.28,50,1,,
2005,10321,김재걸,삼성,타자,,SS,33,1,0.17,266,1,,
2005,2192,김덕윤,삼성,투수,,RP,23,1,0.15,118,1,,
2005,2306,김영복,삼성,타자,,C,20,1,0,41,1,,
2005,10311,이정식,삼성,타자,,C,24,1,-0.07,78,1,,
2005,10438,박성훈,삼성,투수,,RP,23,1,-0.17,41,1,,
2005,10097,박정환,삼성,타자,,2B,28,2,-0.2,44,1,,
2005,10322,박석민,삼성,타자,,3B,20,1,-0.33,92,1,,
2005,10552,김태균,한화,타자,,1B,23,4,3.97,529,1,,
2005,2067,데이비스,한화,타자,Y,CF,36,4,5.63,507,1,,
2005,10593,문동환,한화,투수,,SP,33,2,4.48,521,1,,
2005,10597,송진우,한화,투수,,SP,39,5,2.64,383,1,,
2005,2120,브리또,한화,타자,Y,SS,33,4,1.65,308,1,,
2005,10613,정민철,한화,투수,,SP,33,5,1.06,347,1,,
2005,10559,이범호,한화,타자,,3B,24,3,4.06,513,1,,
2005,12657,조원우,한화,타자,,LF,34,4,2,304,2,,
2005,2344,스미스,한화,타자,Y,LF,35,3,0.01,109,1,,
2005,10617,최영필,한화,투수,,SP,31,2,3.59,336,1,,
2005,10543,이도형,한화,타자,,DH,30,2,2.83,431,1,,
2005,10542,신경현,한화,타자,,C,30,2,2.33,358,1,,
2005,2005,김해님,한화,투수,,SP,30,2,2.21,385,1,,
2005,10606,윤규진,한화,투수,,RP,21,2,1.72,202,1,,
2005,10602,양훈,한화,투수,,SP,19,2,0.11,213,1,,
2005,1917,임수민,한화,타자,,2B,32,2,-0.23,121,1,,
2005,10155,정병희,한화,투수,,RP,22,2,-0.27,210,1,,
2005,10599,신주영,한화,투수,,RP,21,1,1.39,103,1,,
2005,1685,지연규,한화,투수,,CL,36,1,1.32,114,1,,
2005,1547,김인철,한화,타자,,RF,34,1,0.87,288,1,,
2005,10310,심광호,한화,타자,,C,28,1,0.68,108,1,,
2005,1980,백재호,한화,타자,,2B,31,2,0.36,260,1,,
2005,1694,오봉옥,한화,투수,,RP,37,3,0.24,129,1,,
2005,1926,김수연,한화,타자,,RF,28,2,0.2,299,1,,
2005,1967,차명주,한화,투수,,RP,32,3,0.11,101,1,,
2005,10607,윤근영,한화,투수,,RP,19,2,0.08,120,1,,
2005,2365,조성민,한화,투수,,RP,32,1,-0.06,58,1,,
2005,10561,전현태,한화,타자,,3B,19,1,-0.07,35,1,,
2005,10675,조영민,한화,투수,,RP,24,2,-0.08,28,1,,
2005,2270,고지행,한화,타자,,2B,27,2,-0.12,69,1,,
2005,10663,한상훈,한화,타자,,2B,25,1,-0.13,189,1,,
2005,10600,안영명,한화,투수,,RP,21,3,-0.13,62,1,,
2005,10666,고동진,한화,타자,,RF,25,2,-0.39,291,1,,
2005,10664,백승룡,한화,타자,,SS,23,1,-0.51,79,1,,
2005,10412,송지만,현대,타자,,LF,32,5,3.31,510,1,,
2005,10418,전준호,현대,타자,,LF,36,5,1.34,320,1,,
2005,10455,조용준,현대,투수,,CL,26,4,1.33,157,1,,
2005,1716,정민태,현대,투수,,SP,35,5,-0.06,80,1,,
2005,14895,서튼,현대,타자,Y,LF,35,5,6.86,521,1,,
2005,2368,캘러웨이,현대,투수,Y,SP,30,4,2.99,592,1,,
2005,10493,이택근,현대,타자,,1B,25,3,1.81,169,1,,
2005,10402,이숭용,현대,타자,,1B,34,5,1.43,390,1,,
2005,10386,김동수,현대,타자,,C,37,5,1.32,318,1,,
2005,10430,김수경,현대,투수,,SP,26,5,0.14,272,1,,
2005,10479,정성훈,현대,타자,,3B,25,3,3.04,523,1,,
2005,10445,오주원,현대,투수,,SP,20,4,-0.6,211,1,,
2005,10457,황두성,현대,투수,,RP,29,2,3.11,386,1,,
2005,10443,송신영,현대,투수,,RP,29,2,1.68,224,1,,
2005,10419,정수성,현대,타자,,CF,27,2,1.34,429,1,,
2005,2086,채종국,현대,타자,,2B,30,2,1.02,407,1,,
2005,10442,손승락,현대,투수,,SP,23,2,0.82,403,1,,
2005,10446,이대환,현대,투수,,RP,26,2,0.23,229,1,,
2005,10153,전준호,현대,투수,,SP,30,2,-0.69,149,1,,
2005,2027,서한규,현대,타자,,SS,32,1,2.15,303,1,,
2005,10385,강귀태,현대,타자,,C,26,2,1.89,297,1,,
2005,10408,강병식,현대,타자,,RF,28,1,0.94,215,1,,
2005,10439,박승민,현대,투수,,RP,28,1,0.74,126,1,,
2005,10433,노환수,현대,투수,,RP,21,2,0.66,131,1,,
2005,10398,김일경,현대,타자,,2B,27,1,0.52,121,1,,
2005,10448,이보근,현대,투수,,RP,19,1,0.38,77,1,,
2005,10447,이동학,현대,투수,,RP,24,2,0.31,127,1,,
2005,1844,김민범,현대,투수,,RP,32,2,0.22,69,1,,
2005,2346,이상현,현대,투수,,RP,24,1,0.18,49,1,,
2005,10575,전근표,현대,타자,,RF,28,2,0.07,111,1,,
2005,10420,조재호,현대,타자,,RF,25,1,-0.16,31,1,,
2005,10435,노병오,현대,투수,,RP,22,1,-0.32,40,1,,
2005,10683,지석훈,현대,타자,,2B,21,1,-0.5,112,1,,
2005,2129,장교성,현대,타자,,1B,28,1,-0.62,45,1,,
2006,10032,장성호,KIA,타자,,1B,29,5,6.26,540,1,,
2006,10036,이종범,KIA,타자,,CF,36,5,1.38,379,1,,
2006,2354,그레이싱어,KIA,투수,Y,SP,31,4,4.77,564,1,,
2006,10695,김진우,KIA,투수,,SP,23,3,3.25,351,1,,
2006,10077,한기주,KIA,투수,,SP,19,4,2.62,422,1,,
2006,10497,강철민,KIA,투수,,SP,27,3,1.64,176,1,,
2006,10009,김종국,KIA,타자,,2B,33,4,1.26,369,1,,
2006,10026,홍세완,KIA,타자,,SS,28,3,-0.07,243,1,,
2006,1867,심재학,KIA,타자,,RF,34,5,-0.14,139,1,,
2006,10055,신용운,KIA,투수,,RP,23,2,2.03,113,1,,
2006,10069,장문석,KIA,투수,,CL,32,3,0.56,161,1,,
2006,2375,서브넥,KIA,타자,Y,3B,30,3,0.31,151,1,,
2006,2377,스캇,KIA,타자,Y,3B,31,3,-0.62,169,1,,
2006,10035,이용규,KIA,타자,,LF,21,2,5.76,552,1,,
2006,10061,윤석민,KIA,투수,,CL,20,2,2.96,284,1,,
2006,10020,이재주,KIA,타자,,DH,33,2,2.89,436,1,,
2006,10001,김상훈,KIA,타자,,C,29,2,1.46,417,1,,
2006,10064,이상화,KIA,투수,,SP,26,2,1.12,363,1,,
2006,10152,전병두,KIA,투수,,SP,22,3,0.87,304,1,,
2006,10098,손지환,KIA,타자,,LF,28,2,0.72,293,1,,
2006,10045,김건한,KIA,투수,,RP,25,2,-0.09,54,1,,
2006,10028,김경언,KIA,타자,,LF,24,2,-0.31,114,1,,
2006,10029,김원섭,KIA,타자,,LF,28,1,2.12,213,1,,
2006,2219,정원,KIA,투수,,RP,24,1,1.39,115,1,,
2006,10022,이현곤,KIA,타자,,3B,26,2,0.93,272,1,,
2006,10006,김민철,KIA,타자,,SS,24,1,0.58,85,1,,
2006,2038,조경환,KIA,타자,,LF,34,2,0.55,137,1,,
2006,11112,박근홍,KIA,투수,,RP,21,1,0.55,121,1,,
2006,10650,김주형,KIA,타자,,1B,21,1,0.42,55,1,,
2006,10005,차일목,KIA,타자,,C,25,1,0.16,30,1,,
2006,10076,차정민,KIA,투수,,RP,24,1,0.16,51,1,,
2006,10063,이동현,KIA,투수,,RP,27,1,0.11,146,1,,
2006,10074,조태수,KIA,투수,,RP,23,1,0.02,90,1,,
2006,10796,송산,KIA,타자,,C,24,1,-0.05,46,1,,
2006,2089,한규식,KIA,타자,,2B,30,2,-0.39,79,1,,
2006,10491,이병규,LG,타자,,CF,32,5,4,515,1,,
2006,1865,마해영,LG,타자,,1B,36,5,0.96,316,1,,
2006,1894,진필중,LG,투수,,RP,34,5,0.42,130,1,,
2006,10485,박용택,LG,타자,,LF,27,4,5.3,534,1,,
2006,10655,정의윤,LG,타자,,RF,20,4,0.7,258,1,,
2006,10478,이종열,LG,타자,,2B,33,3,1.61,300,1,,
2006,2393,카라이어,LG,투수,Y,RP,29,3,0.97,158,1,,
2006,10148,이승호,LG,투수,,SP,30,2,0.48,309,1,,
2006,2386,베로커,LG,투수,Y,SP,29,3,0.32,159,1,,
2006,2394,텔레마코,LG,투수,Y,SP,32,3,-0.22,75,1,,
2006,10523,우규민,LG,투수,,CL,21,3,2.97,227,1,,
2006,10463,조인성,LG,타자,,C,31,3,2.01,362,1,,
2006,10532,정재복,LG,투수,,SP,25,2,1.98,429,1,,
2006,10469,박경수,LG,타자,,2B,22,3,1.43,383,1,,
2006,10504,김민기,LG,투수,,RP,29,2,0.87,185,1,,
2006,10537,최원호,LG,투수,,SP,33,3,0.83,252,1,,
2006,10498,경헌호,LG,투수,,RP,29,2,0.71,156,1,,
2006,10518,심수창,LG,투수,,SP,25,2,0.7,407,1,,
2006,10168,이성열,LG,타자,,DH,22,2,0.12,143,1,,
2006,10501,김광삼,LG,투수,,SP,26,2,0.05,53,1,,
2006,10616,최상덕,LG,투수,,SP,35,2,-0.08,135,1,,
2006,1782,서용빈,LG,타자,,1B,35,2,-0.43,81,1,,
2006,10105,최길성,LG,타자,,1B,28,1,1.85,283,1,,
2006,10011,박기남,LG,타자,,3B,25,1,0.85,174,1,,
2006,10465,권용관,LG,타자,,SS,30,1,0.79,240,1,,
2006,10169,최승환,LG,타자,,C,28,1,0.55,62,1,,
2006,1983,안재만,LG,타자,,3B,32,1,0.44,193,1,,
2006,10265,최만호,LG,타자,,CF,32,1,0.34,59,1,,
2006,10509,민경수,LG,투수,,RP,25,2,0.33,49,1,,
2006,10921,신재웅,LG,투수,,RP,24,1,0.11,158,1,,
2006,10490,이대형,LG,타자,,CF,23,1,0.09,169,1,,
2006,10766,김재현,LG,투수,,RP,27,2,0.09,111,1,,
2006,10588,김회권,LG,투수,,SP,20,1,0.08,40,1,,
2006,10579,추승우,LG,타자,,LF,27,1,0.04,58,1,,
2006,2155,장준관,LG,투수,,RP,25,1,0,37,1,,
2006,10507,류택현,LG,투수,,RP,35,3,-0.01,26,1,,
2006,10489,오태근,LG,타자,,LF,28,1,-0.03,201,1,,
2006,11238,신윤호,LG,투수,,RP,31,2,-0.3,68,1,,
2006,1837,강상수,LG,투수,,RP,35,2,-0.31,44,1,,
2006,10517,송현우,LG,투수,,RP,25,1,-0.31,16,1,,
2006,10488,안치용,LG,타자,,LF,27,1,-0.35,31,1,,
2006,10750,장진용,LG,투수,,RP,20,1,-0.35,47,1,,
2006,10481,최동수,LG,타자,,1B,35,1,-0.89,111,1,,
2006,10470,박병호,LG,타자,,1B,20,1,-1.06,142,1,,
2006,10109,김재현,SK,타자,,DH,31,5,4.29,441,1,,
2006,10080,박경완,SK,타자,,C,34,5,3.51,380,1,,
2006,10113,박재홍,SK,타자,,CF,33,5,3.46,529,1,,
2006,10492,이진영,SK,타자,,RF,26,4,2.49,473,1,,
2006,14890,김원형,SK,투수,,SP,34,4,1.19,418,1,,
2006,2334,카브레라,SK,투수,Y,CL,34,4,1.07,83,1,,
2006,2388,세라노,SK,투수,Y,SP,30,4,0.58,190,1,,
2006,10102,정경배,SK,타자,,2B,32,5,-0.06,237,1,,
2006,10137,송은범,SK,투수,,RP,22,3,-0.07,184,1,,
2006,10158,조웅천,SK,투수,,RP,35,5,-0.12,190,1,,
2006,1886,위재영,SK,투수,,RP,34,4,-0.19,110,1,,
2006,10106,최정,SK,타자,,3B,19,4,-0.35,304,1,,
2006,10161,채병용,SK,투수,,SP,24,2,2.95,458,1,,
2006,10154,정대현,SK,투수,,CL,28,2,2.48,223,1,,
2006,2381,피커링,SK,타자,Y,1B,30,3,1.93,249,1,,
2006,10138,신승현,SK,투수,,SP,23,2,1.03,322,1,,
2006,2378,시오타니,SK,타자,Y,3B,32,3,0.74,103,1,,
2006,10103,정근우,SK,타자,,2B,24,3,4.68,487,1,,
2006,10558,이대수,SK,타자,,SS,25,2,2.38,428,1,,
2006,10634,이영욱,SK,투수,,RP,26,2,1.77,278,1,,
2006,10142,윤길현,SK,투수,,SP,23,2,1.56,422,1,,
2006,10156,정우람,SK,투수,,RP,21,2,0.3,140,1,,
2006,10108,김강민,SK,타자,,CF,24,3,0.62,166,1,,
2006,10112,박재상,SK,타자,,LF,24,1,0.59,201,1,,
2006,10675,조영민,SK,투수,,RP,25,2,0.32,60,1,,
2006,10082,이재원,SK,타자,,C,18,4,0.21,49,1,,
2006,10876,김성훈,SK,투수,,SP,19,1,0.18,19,1,,
2006,10150,이한진,SK,투수,,RP,23,1,0.16,57,1,,
2006,2228,김재구,SK,타자,,1B,28,1,0.14,57,1,,
2006,1803,김태균,SK,타자,,SS,35,2,0.12,261,1,,
2006,10155,정병희,SK,투수,,RP,23,1,-0.01,26,1,,
2006,10121,조동화,SK,타자,,CF,25,2,-0.03,163,1,,
2006,2263,조형식,SK,투수,,RP,24,1,-0.04,19,1,,
2006,2364,장찬,SK,투수,,RP,21,1,-0.1,25,1,,
2006,10088,김동건,SK,타자,,3B,24,1,-0.11,39,1,,
2006,10500,김경태,SK,투수,,RP,31,1,-0.15,59,1,,
2006,10085,최경철,SK,타자,,C,26,1,-0.29,80,1,,
2006,10010,김형철,SK,타자,,1B,26,1,-0.53,51,1,,
2006,10124,고효준,SK,투수,,RP,23,3,-0.62,69,1,,
2006,10406,조중근,SK,타자,,1B,24,1,-0.8,87,1,,
2006,2254,리오스,두산,투수,Y,SP,34,5,5.39,699,1,,
2006,2355,랜들,두산,투수,Y,SP,29,5,5.02,577,1,,
2006,10256,홍성흔,두산,타자,,C,29,5,3.2,424,1,,
2006,10099,안경현,두산,타자,,1B,36,5,2.48,499,1,,
2006,10510,박명환,두산,투수,,SP,29,5,2.07,367,1,,
2006,10173,김동주,두산,타자,,DH,30,5,0.8,164,1,,
2006,10197,김명제,두산,투수,,RP,19,4,0.41,333,1,,
2006,1682,장원진,두산,타자,,LF,37,4,-0.58,214,1,,
2006,10177,손시헌,두산,타자,,SS,26,4,3.35,462,1,Y,
2006,10225,정재훈,두산,투수,,CL,26,4,2.49,162,1,,
2006,10564,강동우,두산,타자,,RF,32,3,0.98,456,1,,
2006,10192,이종욱,두산,타자,,CF,26,2,3.68,448,1,,
2006,10642,이혜천,두산,투수,,SP,27,3,3.33,426,1,,
2006,10171,고영민,두산,타자,,2B,22,2,1.93,359,1,,
2006,10193,임재철,두산,타자,,RF,30,2,0.83,316,1,,
2006,10202,김승회,두산,투수,,RP,25,2,0.49,239,1,,
2006,10041,최경환,두산,타자,,LF,34,2,0.39,84,1,,
2006,10201,김성배,두산,투수,,RP,25,2,0.12,59,1,,
2006,2333,이원희,두산,투수,,RP,21,1,0.11,16,1,,
2006,10183,최준석,두산,타자,,DH,23,1,1.27,314,2,,
2006,2192,김덕윤,두산,투수,,RP,24,2,0.84,111,2,,
2006,10198,김태영,두산,투수,,RP,26,1,0.28,46,1,,
2006,10562,정원석,두산,타자,,2B,29,1,0.18,122,1,,
2006,10425,금민철,두산,투수,,RP,20,1,0.16,174,1,,
2006,10166,용덕한,두산,타자,,C,25,1,0.1,94,1,,
2006,10092,나주환,두산,타자,,3B,22,1,0.08,271,1,,
2006,10207,서동환,두산,투수,,RP,20,1,-0.13,71,1,,
2006,10212,원용묵,두산,투수,,RP,20,1,-0.22,22,1,,
2006,10188,민병헌,두산,타자,,RF,19,3,-0.28,64,1,,
2006,10194,전상렬,두산,타자,,RF,34,4,-0.46,167,1,,
2006,1979,문희성,두산,타자,,1B,33,1,-0.62,86,1,,
2006,10644,윤석민,두산,타자,,1B,21,1,-0.66,48,1,,
2006,2090,호세,롯데,타자,Y,LF,41,5,5.31,504,1,,
2006,10284,손민한,롯데,투수,,SP,31,5,4.13,485,1,,
2006,10251,이대호,롯데,타자,,1B,24,2,6.18,499,1,,
2006,10264,정수근,롯데,타자,,CF,29,5,1.86,333,1,,
2006,10299,장원준,롯데,투수,,SP,21,3,1.83,539,1,,
2006,1553,이상목,롯데,투수,,SP,35,5,1.68,416,1,,
2006,10511,박지철,롯데,투수,,RP,31,2,0.78,145,1,,
2006,1771,노장진,롯데,투수,,RP,32,5,0.17,145,1,,
2006,1834,주형광,롯데,투수,,RP,30,4,0.09,202,1,,
2006,2373,마이로우,롯데,타자,Y,LF,30,3,2.75,269,1,,
2006,10241,박기혁,롯데,타자,,SS,25,2,1.85,371,1,,
2006,1689,염종석,롯데,투수,,SP,33,4,1.18,385,1,,
2006,2380,존갈,롯데,타자,Y,RF,28,3,-0.25,124,1,,
2006,10232,강민호,롯데,타자,,C,21,2,3.26,460,1,,
2006,10246,박현승,롯데,타자,,3B,34,2,1.69,350,1,,
2006,10740,이재율,롯데,투수,,RP,20,2,0.59,163,1,,
2006,10487,손인호,롯데,타자,,RF,31,1,0.31,195,1,,
2006,10180,이원석,롯데,타자,,3B,20,3,-0.11,321,1,,
2006,10041,최경환,롯데,타자,,LF,34,2,-0.78,131,2,,
2006,10279,나승현,롯데,투수,,CL,19,2,0.92,163,1,,
2006,1870,김승관,롯데,타자,,1B,30,1,0.91,86,1,,
2006,10295,이정민,롯데,투수,,RP,27,2,0.56,117,1,,
2006,10267,황동채,롯데,타자,,LF,23,1,0.44,278,1,,
2006,10296,이정훈,롯데,투수,,RP,29,2,0.39,130,1,,
2006,10300,조정훈,롯데,투수,,RP,21,1,0.14,18,1,,
2006,2070,박연수,롯데,타자,,LF,32,1,0.07,64,1,,
2006,1770,노승욱,롯데,투수,,RP,32,2,0.07,53,1,,
2006,10242,박준서,롯데,타자,,2B,25,1,0.01,63,1,,
2006,10123,가득염,롯데,투수,,RP,37,3,-0.01,80,1,,
2006,10183,최준석,롯데,타자,,DH,23,1,-0.13,41,1,,
2006,10252,정보명,롯데,타자,,DH,26,1,-0.25,176,1,,
2006,10744,이승재,롯데,타자,,C,23,1,-0.27,36,1,,
2006,2383,김정환,롯데,투수,,RP,22,1,-0.27,31,1,,
2006,11398,이우민,롯데,타자,,LF,24,1,-0.34,126,1,,
2006,10302,최대성,롯데,투수,,RP,21,1,-0.41,90,1,,
2006,10259,박정준,롯데,타자,,LF,22,1,-0.54,105,1,,
2006,10327,신명철,롯데,타자,,2B,28,2,-0.59,185,1,,
2006,10273,김수화,롯데,투수,,SP,20,1,-1.12,168,1,,
2006,10323,박진만,삼성,타자,,SS,30,5,5.71,452,1,,
2006,10336,박한이,삼성,타자,,CF,27,4,5.04,567,1,,
2006,10362,배영수,삼성,투수,,SP,25,5,3.66,472,1,,
2006,10367,오승환,삼성,투수,,CL,24,4,3.31,238,1,,
2006,10314,진갑용,삼성,타자,,C,32,5,3.2,408,1,,
2006,1668,박종호,삼성,타자,,2B,33,5,1.01,330,1,,
2006,12964,김한수,삼성,타자,,1B,35,5,0.62,396,1,,
2006,1811,심정수,삼성,타자,,LF,31,5,-0.82,96,1,,
2006,10339,양준혁,삼성,타자,,DH,37,4,6.05,533,1,,
2006,2387,브라운,삼성,투수,Y,SP,29,4,4.17,463,1,,
2006,2370,하리칼라,삼성,투수,Y,SP,35,4,1.86,406,1,,
2006,10350,권오준,삼성,투수,,RP,26,2,3.22,240,1,,
2006,10329,조동찬,삼성,타자,,3B,23,2,2.2,421,1,,
2006,1901,박석진,삼성,투수,,RP,34,3,-0.04,67,1,,
2006,10372,임동규,삼성,투수,,SP,27,2,1.11,414,1,,
2006,1965,전병호,삼성,투수,,SP,33,2,0.89,402,1,,
2006,10334,김창희,삼성,타자,,RF,33,3,0.45,351,1,,
2006,1800,김종훈,삼성,타자,,RF,34,3,-0.45,185,1,,
2006,10378,정홍준,삼성,투수,,RP,23,1,1.4,157,1,,
2006,10330,조영훈,삼성,타자,,1B,24,1,1.25,204,1,,
2006,10311,이정식,삼성,타자,,C,25,1,0.74,92,1,,
2006,10332,강봉규,삼성,타자,,DH,28,1,0.5,145,1,,
2006,1923,김대익,삼성,타자,,CF,33,3,0.37,269,1,,
2006,10383,채형직,삼성,투수,,RP,20,1,0.06,92,1,,
2006,10351,권혁,삼성,투수,,RP,23,3,0.04,24,1,,
2006,2192,김덕윤,삼성,투수,,RP,24,2,-0.01,58,1,,
2006,10381,차우찬,삼성,투수,,RP,19,3,-0.01,21,1,,
2006,10519,오상민,삼성,투수,,RP,32,2,-0.02,95,1,,
2006,10359,김효남,삼성,투수,,RP,23,3,-0.03,62,1,,
2006,10321,김재걸,삼성,타자,,SS,34,2,-0.13,189,1,,
2006,10269,강영식,삼성,투수,,RP,25,1,-0.13,93,1,,
2006,10364,안지만,삼성,투수,,RP,23,2,-0.29,18,1,,
2006,10097,박정환,삼성,타자,,2B,29,2,-0.8,100,1,,
2006,2067,데이비스,한화,타자,Y,CF,37,5,4.32,479,1,,
2006,10552,김태균,한화,타자,,1B,24,5,4.1,511,1,,
2006,2349,클리어,한화,타자,Y,2B,33,5,2.24,323,1,,
2006,10559,이범호,한화,타자,,3B,25,4,4.31,497,1,,
2006,10593,문동환,한화,투수,,SP,34,4,3.75,567,1,,
2006,10597,송진우,한화,투수,,SP,40,5,2.59,442,1,,
2006,10580,구대성,한화,투수,,CL,37,4,2.53,208,1,,
2006,10613,정민철,한화,투수,,SP,34,5,1.19,392,1,,
2006,10598,송창식,한화,투수,,RP,21,3,0.01,51,1,,
2006,10543,이도형,한화,타자,,DH,31,2,4.01,466,1,,
2006,10542,신경현,한화,타자,,C,31,2,1.18,307,1,,
2006,12657,조원우,한화,타자,,LF,35,4,1.17,391,1,,
2006,10617,최영필,한화,투수,,RP,32,2,0.97,115,1,,
2006,10550,김민재,한화,타자,,SS,33,5,0.18,428,1,,
2006,10590,류현진,한화,투수,,SP,19,4,6.94,605,1,,
2006,10600,안영명,한화,투수,,RP,22,3,1.67,230,1,,
2006,10666,고동진,한화,타자,,RF,26,2,0.4,414,1,,
2006,2005,김해님,한화,투수,,RP,31,2,0.18,165,1,,
2006,1980,백재호,한화,타자,,2B,32,2,1.42,100,1,,
2006,2359,서민욱,한화,투수,,RP,24,1,0.76,89,1,,
2006,10602,양훈,한화,투수,,RP,20,1,0.61,124,1,,
2006,10310,심광호,한화,타자,,C,29,1,0.56,154,1,,
2006,10663,한상훈,한화,타자,,2B,26,1,0.49,187,1,,
2006,1685,지연규,한화,투수,,RP,37,1,0.29,24,1,,
2006,1967,차명주,한화,투수,,RP,33,2,0.19,66,1,,
2006,10664,백승룡,한화,타자,,SS,24,1,0.14,47,1,,
2006,10599,신주영,한화,투수,,RP,22,2,0.05,43,1,,
2006,10571,연경흠,한화,타자,,LF,23,1,0.01,209,1,,
2006,10584,김백만,한화,투수,,RP,24,1,-0.12,75,1,,
2006,2365,조성민,한화,투수,,RP,33,1,-0.13,20,1,,
2006,1547,김인철,한화,타자,,RF,35,1,-0.24,97,1,,
2006,1926,김수연,한화,타자,,RF,29,2,-0.42,115,1,,
2006,14895,서튼,현대,타자,Y,LF,36,5,3.81,394,1,,
2006,10412,송지만,현대,타자,,LF,33,5,3.03,510,1,,
2006,10493,이택근,현대,타자,,CF,26,3,5.3,486,1,,
2006,2368,캘러웨이,현대,투수,Y,SP,31,4,3.8,499,1,,
2006,10386,김동수,현대,타자,,C,38,4,2.72,391,1,,
2006,10402,이숭용,현대,타자,,1B,35,5,2.41,449,1,,
2006,10418,전준호,현대,타자,,LF,37,4,1.92,346,1,,
2006,10430,김수경,현대,투수,,SP,27,5,0.92,257,1,,
2006,10479,정성훈,현대,타자,,3B,26,3,3.66,492,1,,
2006,10375,장원삼,현대,투수,,SP,23,4,5.03,550,1,,
2006,10153,전준호,현대,투수,,SP,31,4,2.88,430,1,,
2006,10439,박승민,현대,투수,,CL,29,2,2.83,208,1,,
2006,10444,신철인,현대,투수,,RP,29,2,1.95,231,1,,
2006,10385,강귀태,현대,타자,,C,27,2,1.01,159,1,,
2006,10442,손승락,현대,투수,,SP,24,2,0.68,285,1,,
2006,10457,황두성,현대,투수,,RP,30,2,0.51,214,1,,
2006,10443,송신영,현대,투수,,RP,30,3,0.4,286,1,,
2006,10445,오주원,현대,투수,,SP,21,1,0.1,41,1,,
2006,2027,서한규,현대,타자,,SS,33,1,1.42,244,1,,
2006,10627,유한준,현대,타자,,RF,25,1,0.89,295,1,,
2006,14889,홍원기,현대,타자,,3B,33,3,0.89,173,1,,
2006,10448,이보근,현대,투수,,RP,20,1,0.61,112,1,,
2006,10852,차화준,현대,타자,,2B,20,1,0.52,167,1,,
2006,10221,이현승,현대,투수,,RP,23,4,0.47,121,1,,
2006,10683,지석훈,현대,타자,,2B,22,1,0.11,66,1,,
2006,10408,강병식,현대,타자,,RF,29,1,0.02,156,1,,
2006,10433,노환수,현대,투수,,RP,22,2,0.02,22,1,,
2006,10575,전근표,현대,타자,,RF,29,1,-0.13,68,1,,
2006,1844,김민범,현대,투수,,RP,33,1,-0.21,25,1,,
2006,10447,이동학,현대,투수,,RP,25,2,-0.29,25,1,,
2006,10419,정수성,현대,타자,,CF,28,2,-0.35,90,1,,
2006,2086,채종국,현대,타자,,2B,31,2,-0.45,257,1,,
2007,10032,장성호,KIA,타자,,1B,30,5,3.27,464,1,,
2007,10035,이용규,KIA,타자,,CF,22,4,3.14,491,1,,
2007,14895,서튼,KIA,타자,Y,LF,37,5,1.31,128,1,,
2007,10077,한기주,KIA,투수,,CL,20,4,2.49,211,1,,
2007,2409,스코비,KIA,투수,Y,SP,28,4,2.1,379,1,,
2007,10009,김종국,KIA,타자,,SS,34,5,1.84,342,1,,
2007,10026,홍세완,KIA,타자,,SS,29,2,1.39,230,1,,
2007,2413,로드리게스,KIA,투수,Y,RP,35,4,0.84,95,1,,
2007,10058,양현종,KIA,투수,,RP,19,4,0.66,149,1,,
2007,1867,심재학,KIA,타자,,DH,35,5,0.02,58,1,,
2007,10695,김진우,KIA,투수,,SP,24,3,-0.42,55,1,,
2007,10036,이종범,KIA,타자,,RF,37,4,-1.86,282,1,,
2007,10061,윤석민,KIA,투수,,SP,21,3,2.4,486,1,,
2007,10020,이재주,KIA,타자,,DH,34,2,0.43,282,1,,
2007,10055,신용운,KIA,투수,,RP,24,2,0.39,297,1,,
2007,2414,에서튼,KIA,투수,Y,SP,31,3,0.38,96,1,,
2007,10022,이현곤,KIA,타자,,3B,27,2,5.23,521,1,,
2007,10001,김상훈,KIA,타자,,C,30,2,1.69,362,1,,
2007,10054,손영민,KIA,투수,,RP,20,2,1.56,219,1,,
2007,10062,이대진,KIA,투수,,SP,33,4,1.03,230,1,,
2007,10029,김원섭,KIA,타자,,LF,29,2,0.94,360,1,,
2007,10152,전병두,KIA,투수,,SP,23,2,0.24,84,1,,
2007,10098,손지환,KIA,타자,,2B,29,2,0.01,307,1,,
2007,10025,최희섭,KIA,타자,,1B,28,4,1.85,220,1,,
2007,2038,조경환,KIA,타자,,LF,35,2,0.44,152,1,,
2007,10067,이범석,KIA,투수,,RP,22,1,0.42,128,1,,
2007,10068,임준혁,KIA,투수,,RP,23,1,0.35,31,1,,
2007,10052,박정규,KIA,투수,,RP,24,1,0.09,34,1,,
2007,10650,김주형,KIA,타자,,1B,22,1,0.06,120,1,,
2007,10796,송산,KIA,타자,,C,25,1,0.02,174,1,,
2007,2089,한규식,KIA,타자,,2B,31,1,-0.01,58,1,,
2007,10063,이동현,KIA,투수,,RP,28,1,-0.06,35,1,,
2007,10045,김건한,KIA,투수,,RP,26,2,-0.08,99,1,,
2007,10076,차정민,KIA,투수,,RP,25,1,-0.13,19,1,,
2007,10042,고우석,KIA,투수,,RP,23,1,-0.16,15,1,,
2007,10059,오준형,KIA,투수,,RP,23,1,-0.18,125,1,,
2007,10005,차일목,KIA,타자,,C,26,1,-0.23,50,1,,
2007,10049,문수호,KIA,투수,,RP,24,2,-0.24,155,1,,
2007,2063,김경진,KIA,타자,,RF,31,1,-0.28,63,1,,
2007,10075,진해수,KIA,투수,,RP,21,1,-0.29,108,1,,
2007,2219,정원,KIA,투수,,RP,25,1,-0.53,114,1,,
2007,10064,이상화,KIA,투수,,RP,27,2,-0.56,145,1,,
2007,10089,김연훈,KIA,타자,,SS,23,1,-0.61,67,1,,
2007,10510,박명환,LG,투수,,SP,30,5,4.04,466,1,,
2007,10485,박용택,LG,타자,,LF,28,4,2.89,532,1,,
2007,1865,마해영,LG,타자,,1B,37,5,-0.48,34,1,,
2007,10463,조인성,LG,타자,,C,32,4,3.58,464,1,,
2007,2407,발데스,LG,타자,Y,RF,34,4,3.06,512,1,,
2007,10521,옥스프링,LG,투수,Y,SP,30,4,1.53,242,1,,
2007,10514,봉중근,LG,투수,,SP,27,5,0.19,335,1,,
2007,10655,정의윤,LG,타자,,RF,21,4,0.06,208,1,,
2007,2370,하리칼라,LG,투수,Y,SP,36,4,-0.23,259,1,,
2007,10523,우규민,LG,투수,,CL,22,3,2.57,234,1,,
2007,10490,이대형,LG,타자,,CF,24,2,2.89,509,1,,
2007,10478,이종열,LG,타자,,2B,34,2,2.88,459,1,,
2007,10481,최동수,LG,타자,,1B,36,2,2.44,493,1,,
2007,10532,정재복,LG,투수,,SP,26,2,1.52,379,1,,
2007,10504,김민기,LG,투수,,RP,30,2,1.1,265,1,,
2007,10518,심수창,LG,투수,,RP,26,2,0.97,232,1,,
2007,10537,최원호,LG,투수,,SP,34,3,0.81,324,1,,
2007,10148,이승호,LG,투수,,SP,31,2,0.71,208,1,,
2007,10469,박경수,LG,타자,,2B,23,3,0.67,295,1,,
2007,10007,김상현,LG,타자,,3B,27,2,0.44,434,1,,
2007,1901,박석진,LG,투수,,RP,35,2,0.04,54,2,,
2007,10465,권용관,LG,타자,,SS,31,2,-0.06,398,1,,
2007,10507,류택현,LG,투수,,RP,36,2,1.24,120,1,,
2007,10091,김용우,LG,타자,,DH,28,1,0.29,61,1,,
2007,11238,신윤호,LG,투수,,RP,32,2,0.17,42,1,,
2007,10168,이성열,LG,타자,,DH,23,1,0.09,158,1,,
2007,10489,오태근,LG,타자,,LF,29,1,-0.02,63,1,,
2007,10487,손인호,LG,타자,,RF,32,2,-0.03,75,1,,
2007,10766,김재현,LG,투수,,RP,28,1,-0.03,31,1,,
2007,10517,송현우,LG,투수,,RP,26,1,-0.04,63,1,,
2007,10588,김회권,LG,투수,,RP,21,1,-0.12,24,1,,
2007,10758,황선일,LG,타자,,CF,20,1,-0.19,84,1,,
2007,10105,최길성,LG,타자,,1B,29,1,-0.23,51,1,,
2007,10503,김기표,LG,투수,,RP,24,4,-0.23,15,1,,
2007,10498,경헌호,LG,투수,,RP,30,2,-0.24,68,1,,
2007,10501,김광삼,LG,투수,,RP,27,2,-0.28,22,1,,
2007,10471,박용근,LG,타자,,SS,23,1,-0.31,38,1,,
2007,10080,박경완,SK,타자,,C,35,5,4.01,437,1,,
2007,10492,이진영,SK,타자,,RF,27,4,3.49,248,1,,
2007,10113,박재홍,SK,타자,,RF,34,5,2.93,400,1,,
2007,10109,김재현,SK,타자,,DH,32,5,-0.17,250,1,,
2007,10103,정근우,SK,타자,,2B,25,4,5.18,391,1,,
2007,2398,레이번,SK,투수,Y,SP,33,4,3.89,554,1,,
2007,10101,이호준,SK,타자,,1B,31,4,2.33,391,1,,
2007,2396,로마노,SK,투수,Y,SP,35,4,1.68,439,1,,
2007,10137,송은범,SK,투수,,SP,23,3,1.48,215,1,,
2007,10126,김광현,SK,투수,,SP,19,4,1.18,231,1,,
2007,14890,김원형,SK,투수,,RP,35,5,0.39,221,1,,
2007,10083,정상호,SK,타자,,C,25,3,0.32,90,1,,
2007,10102,정경배,SK,타자,,2B,33,5,0.21,381,1,,
2007,10154,정대현,SK,투수,,CL,29,2,3.96,235,1,,
2007,10161,채병용,SK,투수,,SP,25,2,3.92,438,1,,
2007,10158,조웅천,SK,투수,,RP,36,4,3.42,224,1,,
2007,10106,최정,SK,타자,,3B,20,2,2.92,462,1,,
2007,10112,박재상,SK,타자,,LF,25,2,2.51,368,1,,
2007,10142,윤길현,SK,투수,,RP,24,2,2.06,225,1,,
2007,10121,조동화,SK,타자,,CF,26,2,1.51,345,1,,
2007,10108,김강민,SK,타자,,CF,25,3,0.37,374,1,,
2007,10156,정우람,SK,투수,,RP,22,2,0.32,82,1,,
2007,10634,이영욱,SK,투수,,SP,27,2,0.17,179,1,,
2007,10082,이재원,SK,타자,,C,19,4,1.48,119,1,,
2007,10092,나주환,SK,타자,,SS,23,1,0.7,278,2,,
2007,10500,김경태,SK,투수,,RP,32,1,0.68,73,1,,
2007,10123,가득염,SK,투수,,RP,38,2,0.6,121,1,,
2007,10150,이한진,SK,투수,,RP,24,1,0.59,139,1,,
2007,10616,최상덕,SK,투수,,RP,36,2,-0.32,25,1,,
2007,10096,박정권,SK,타자,,1B,26,1,-0.42,229,1,,
2007,2254,리오스,두산,투수,Y,SP,35,5,8.19,704,1,,
2007,10173,김동주,두산,타자,,3B,31,5,6.67,481,1,,
2007,2355,랜들,두산,투수,Y,SP,30,5,4.39,493,1,,
2007,10256,홍성흔,두산,타자,,C,30,5,1.27,274,1,,
2007,10099,안경현,두산,타자,,1B,37,5,0.5,400,1,,
2007,10222,임태훈,두산,투수,,RP,19,4,3.62,304,1,,
2007,10197,김명제,두산,투수,,SP,20,4,0.49,353,1,,
2007,10203,노경은,두산,투수,,RP,23,3,0.28,133,1,,
2007,10192,이종욱,두산,타자,,CF,27,2,4.91,528,1,,
2007,10225,정재훈,두산,투수,,CL,27,4,1.49,177,1,Y,
2007,10171,고영민,두산,타자,,2B,23,2,4.29,536,1,,
2007,10558,이대수,두산,타자,,SS,26,2,1.5,344,1,,
2007,10183,최준석,두산,타자,,DH,24,2,1.36,451,1,,
2007,10187,김현수,두산,타자,,LF,19,2,0.86,353,1,,
2007,10202,김승회,두산,투수,,RP,26,2,0.73,250,1,,
2007,10188,민병헌,두산,타자,,RF,20,3,0.53,372,1,,
2007,10198,김태영,두산,투수,,RP,27,2,0.48,218,1,,
2007,10531,정성훈,두산,투수,,RP,30,2,0.15,27,1,,
2007,1682,장원진,두산,타자,,LF,38,2,-0.22,31,1,,
2007,10216,이승학,두산,투수,,RP,28,4,2.57,187,1,,
2007,10315,채상병,두산,타자,,C,28,1,1.01,307,1,,
2007,10348,구자운,두산,투수,,SP,27,2,0.74,52,1,,
2007,10425,금민철,두산,투수,,RP,21,2,0.68,177,1,,
2007,10117,윤재국,두산,타자,,RF,32,2,0.57,227,1,,
2007,10212,원용묵,두산,투수,,RP,21,1,0.42,34,1,,
2007,2011,이경필,두산,투수,,RP,33,2,0.2,104,1,,
2007,10092,나주환,두산,타자,,SS,23,1,0.18,53,1,,
2007,10178,오재원,두산,타자,,2B,22,1,0.18,64,1,,
2007,2392,정재훈,두산,투수,,RP,26,1,0.12,102,1,,
2007,10562,정원석,두산,타자,,1B,30,1,0.06,68,1,,
2007,2192,김덕윤,두산,투수,,RP,25,2,-0.09,61,1,,
2007,10191,유재웅,두산,타자,,RF,28,1,-0.17,37,1,,
2007,10564,강동우,두산,타자,,RF,33,3,-0.23,48,1,,
2007,10194,전상렬,두산,타자,,RF,35,3,-0.41,97,1,,
2007,1884,안상준,두산,타자,,SS,34,1,-0.46,95,1,,
2007,10164,김진수,두산,타자,,C,28,1,-0.54,46,1,,
2007,10251,이대호,롯데,타자,,1B,25,5,6.27,514,1,,
2007,10284,손민한,롯데,투수,,SP,32,5,4.81,582,1,,
2007,2090,호세,롯데,타자,Y,LF,42,5,0.18,100,1,,
2007,10264,정수근,롯데,타자,,CF,30,5,2.74,395,1,,
2007,10285,송승준,롯데,투수,,SP,27,4,2.1,351,1,,
2007,10299,장원준,롯데,투수,,SP,22,3,1.08,468,1,,
2007,2334,카브레라,롯데,투수,Y,CL,35,4,0.46,170,1,,
2007,2290,페레즈,롯데,타자,Y,RF,38,4,-0.02,184,1,,
2007,10511,박지철,롯데,투수,,RP,32,2,-0.09,22,1,,
2007,1553,이상목,롯데,투수,,SP,36,5,-0.4,113,1,,
2007,10232,강민호,롯데,타자,,C,22,3,3.22,474,1,,
2007,10241,박기혁,롯데,타자,,SS,26,3,0.55,320,1,,
2007,1834,주형광,롯데,투수,,RP,31,3,0.32,65,1,,
2007,1689,염종석,롯데,투수,,SP,34,4,0.2,213,1,,
2007,2406,리오스,롯데,타자,Y,3B,35,5,-0.39,142,1,,
2007,10246,박현승,롯데,타자,,3B,35,2,2.37,360,1,,
2007,10298,임경완,롯데,투수,,RP,32,2,1.81,224,1,,
2007,10252,정보명,롯데,타자,,DH,27,2,1.43,436,1,,
2007,10180,이원석,롯데,타자,,3B,21,3,0.9,407,1,,
2007,10743,최향남,롯데,투수,,SP,36,2,0.36,367,1,,
2007,10239,김주찬,롯데,타자,,RF,26,2,0.15,416,1,,
2007,14231,최기문,롯데,타자,,C,34,2,0.12,66,1,,
2007,1901,박석진,롯데,투수,,RP,35,2,0.01,39,1,,
2007,10740,이재율,롯데,투수,,RP,21,2,-0.03,32,1,,
2007,10302,최대성,롯데,투수,,RP,22,1,1.91,172,1,,
2007,11398,이우민,롯데,타자,,LF,25,1,1.49,306,1,,
2007,10281,배장호,롯데,투수,,RP,20,1,0.9,142,1,,
2007,10247,손용석,롯데,타자,,3B,20,3,0.65,76,1,,
2007,10269,강영식,롯데,투수,,RP,26,2,0.64,105,1,,
2007,10279,나승현,롯데,투수,,RP,20,2,0.56,126,1,,
2007,10296,이정훈,롯데,투수,,RP,30,2,0.15,22,1,,
2007,10242,박준서,롯데,타자,,2B,26,1,0.11,70,1,,
2007,10041,최경환,롯데,타자,,LF,35,2,0.09,86,1,,
2007,10306,허준혁,롯데,투수,,RP,22,1,0.03,49,1,,
2007,10648,김문호,롯데,타자,,LF,20,3,-0.03,46,1,,
2007,10265,최만호,롯데,타자,,CF,33,1,-0.11,55,1,,
2007,10267,황동채,롯데,타자,,LF,24,1,-0.15,105,1,,
2007,10300,조정훈,롯데,투수,,RP,22,1,-0.17,69,1,,
2007,10263,이인구,롯데,타자,,CF,27,1,-0.22,204,1,,
2007,10105,최길성,롯데,타자,,1B,29,1,-0.34,54,2,,
2007,10323,박진만,삼성,타자,,SS,31,5,5.93,400,1,,
2007,1811,심정수,삼성,타자,,LF,32,5,5.29,515,1,,
2007,2387,브라운,삼성,투수,Y,SP,30,5,3.54,487,1,,
2007,10336,박한이,삼성,타자,,CF,28,5,3.09,559,1,,
2007,10314,진갑용,삼성,타자,,C,33,5,2.69,427,1,,
2007,11281,임창용,삼성,투수,,SP,31,5,0.64,358,1,,
2007,1668,박종호,삼성,타자,,2B,34,5,-0.17,31,1,,
2007,10339,양준혁,삼성,타자,,DH,38,4,6.87,544,1,,
2007,10367,오승환,삼성,투수,,CL,25,4,2.94,193,1,,
2007,2408,매존,삼성,투수,Y,SP,31,4,1.61,375,1,,
2007,12964,김한수,삼성,타자,,1B,36,4,-0.65,317,1,,
2007,1965,전병호,삼성,투수,,SP,34,5,1.39,412,1,,
2007,2412,윌슨,삼성,투수,Y,SP,31,3,0.44,114,1,,
2007,10350,권오준,삼성,투수,,RP,27,3,0.28,103,1,,
2007,10329,조동찬,삼성,타자,,3B,24,3,-0.22,129,1,,
2007,10364,안지만,삼성,투수,,SP,24,2,2.36,324,1,,
2007,10351,권혁,삼성,투수,,RP,24,3,2.13,232,1,,
2007,10327,신명철,삼성,타자,,2B,29,2,1.63,471,1,,
2007,10321,김재걸,삼성,타자,,3B,35,4,0.76,378,1,,
2007,10334,김창희,삼성,타자,,CF,34,2,0.55,284,1,,
2007,10372,임동규,삼성,투수,,RP,28,2,-0.15,203,1,,
2007,10368,윤성환,삼성,투수,,RP,26,3,2.26,130,1,,
2007,10380,조현근,삼성,투수,,RP,22,2,1.37,165,1,,
2007,10332,강봉규,삼성,타자,,RF,29,1,1.17,170,1,,
2007,10354,김문수,삼성,투수,,RP,28,1,0.45,36,1,,
2007,10519,오상민,삼성,투수,,RP,33,2,0.39,22,1,,
2007,10718,김기태,삼성,투수,,RP,20,1,0.23,21,1,,
2007,10311,이정식,삼성,타자,,C,26,1,0.19,73,1,,
2007,10349,권오원,삼성,투수,,RP,28,1,0.09,78,1,,
2007,10319,강명구,삼성,타자,,2B,27,1,0.07,32,1,,
2007,10331,채태인,삼성,타자,,1B,25,3,0.05,84,1,,
2007,1923,김대익,삼성,타자,,CF,34,3,-0.07,101,1,,
2007,10377,정현욱,삼성,투수,,RP,29,2,-0.07,44,1,,
2007,10381,차우찬,삼성,투수,,RP,20,3,-0.17,84,1,,
2007,2240,이태호,삼성,타자,,LF,24,1,-0.36,35,1,,
2007,10097,박정환,삼성,타자,,3B,30,1,-0.47,84,1,,
2007,1800,김종훈,삼성,타자,,CF,35,2,-0.68,73,1,,
2007,10330,조영훈,삼성,타자,,1B,25,1,-1.04,175,1,,
2007,10590,류현진,한화,투수,,SP,20,5,5.52,633,1,,
2007,10552,김태균,한화,타자,,1B,25,4,4.91,491,1,,
2007,10559,이범호,한화,타자,,3B,26,4,3.82,505,1,,
2007,10580,구대성,한화,투수,,CL,38,5,0.81,127,1,,
2007,10574,이영우,한화,타자,,LF,34,5,0.59,337,1,,
2007,2395,크루즈,한화,타자,Y,DH,34,4,5.13,498,1,,
2007,10613,정민철,한화,투수,,SP,35,5,3.67,466,1,,
2007,10593,문동환,한화,투수,,SP,35,3,1.91,252,1,,
2007,2410,세드릭,한화,투수,Y,SP,29,4,1.48,475,1,,
2007,10604,유원상,한화,투수,,RP,21,4,0.57,57,1,,
2007,10597,송진우,한화,투수,,RP,41,5,0.23,107,1,,
2007,10550,김민재,한화,타자,,SS,34,5,3.39,451,1,,
2007,10543,이도형,한화,타자,,DH,32,2,-0.43,199,1,,
2007,10600,안영명,한화,투수,,RP,23,3,2.37,282,1,,
2007,10663,한상훈,한화,타자,,2B,27,2,1.86,363,1,,
2007,12657,조원우,한화,타자,,CF,36,3,1.59,359,1,,
2007,10666,고동진,한화,타자,,RF,27,2,1.52,473,1,,
2007,10617,최영필,한화,투수,,SP,33,2,1.01,299,1,,
2007,10542,신경현,한화,타자,,C,32,2,0.95,287,1,,
2007,10602,양훈,한화,투수,,RP,21,2,0.95,193,1,,
2007,2005,김해님,한화,투수,,RP,32,2,0.58,42,1,,
2007,10606,윤규진,한화,투수,,RP,23,2,0.22,41,1,,
2007,1980,백재호,한화,타자,,2B,33,2,1.11,199,1,,
2007,2365,조성민,한화,투수,,SP,34,1,0.31,129,1,,
2007,10693,정민혁,한화,투수,,RP,24,1,0.31,56,1,,
2007,10553,김태완,한화,타자,,DH,23,1,0.18,105,1,,
2007,10571,연경흠,한화,타자,,LF,24,1,0.05,82,1,,
2007,10436,마정길,한화,투수,,RP,28,2,0.02,36,1,,
2007,1926,김수연,한화,타자,,RF,30,1,-0.04,52,1,,
2007,10310,심광호,한화,타자,,C,30,1,-0.18,151,1,,
2007,10582,김경선,한화,투수,,RP,24,1,-0.2,39,1,,
2007,10555,송광민,한화,타자,,SS,24,3,-0.22,42,1,,
2007,10607,윤근영,한화,투수,,RP,21,1,-0.25,21,1,,
2007,1547,김인철,한화,타자,,RF,36,1,-0.5,109,1,,
2007,10577,정희상,한화,타자,,1B,25,1,-0.65,68,1,,
2007,10411,브룸바,현대,타자,Y,LF,33,5,5.97,547,1,,
2007,10493,이택근,현대,타자,,CF,27,4,3.83,495,1,,
2007,10412,송지만,현대,타자,,LF,34,5,2.56,478,1,,
2007,2368,캘러웨이,현대,투수,Y,SP,32,5,0.01,168,1,,
2007,1716,정민태,현대,투수,,SP,37,5,-0.75,59,1,,
2007,10386,김동수,현대,타자,,C,39,4,2.64,356,1,,
2007,10430,김수경,현대,투수,,SP,28,4,2.5,529,1,,
2007,10402,이숭용,현대,타자,,1B,36,5,2.16,351,1,,
2007,10418,전준호,현대,타자,,LF,38,4,1.9,430,1,,
2007,10479,정성훈,현대,타자,,3B,27,3,3.84,503,1,,
2007,10375,장원삼,현대,투수,,SP,24,4,2.52,506,1,,
2007,10439,박승민,현대,투수,,RP,30,2,1.2,151,1,,
2007,10456,조용훈,현대,투수,,RP,20,2,2.02,244,1,,
2007,10443,송신영,현대,투수,,RP,31,2,1.89,233,1,,
2007,10457,황두성,현대,투수,,SP,31,2,1.15,419,1,,
2007,10153,전준호,현대,투수,,SP,32,3,1.03,426,1,,
2007,10398,김일경,현대,타자,,2B,29,2,0.49,444,1,,
2007,10385,강귀태,현대,타자,,C,28,2,0,116,1,,
2007,10407,황재균,현대,타자,,3B,20,1,1.14,171,1,,
2007,10431,김세현,현대,투수,,RP,20,3,0.8,101,1,,
2007,10433,노환수,현대,투수,,RP,23,2,0.6,78,1,,
2007,10428,김성태,현대,투수,,RP,25,1,0.3,125,1,,
2007,10408,강병식,현대,타자,,RF,30,1,0.14,150,1,,
2007,2086,채종국,현대,타자,,2B,32,2,0.05,37,1,,
2007,10592,마일영,현대,투수,,RP,26,2,0.03,40,1,,
2007,10683,지석훈,현대,타자,,2B,23,1,0,235,1,,
2007,2415,조순권,현대,투수,,RP,24,1,0,19,1,,
2007,10419,정수성,현대,타자,,CF,29,1,-0.09,37,1,,
2007,10393,허준,현대,타자,,C,26,1,-0.1,42,1,,
2007,10413,오윤,현대,타자,,LF,26,1,-0.15,44,1,,
2007,10453,장시환,현대,투수,,RP,20,4,-0.17,18,1,,
2007,10627,유한준,현대,타자,,RF,26,1,-0.25,231,1,,
2007,10852,차화준,현대,타자,,2B,21,1,-0.32,60,1,,
2007,10221,이현승,현대,투수,,RP,24,4,-0.32,68,1,,
2007,10448,이보근,현대,투수,,RP,21,1,-0.34,30,1,,
2007,10447,이동학,현대,투수,,RP,26,1,-0.36,88,1,,
2007,2027,서한규,현대,타자,,SS,34,1,-0.41,68,1,,
2007,10406,조중근,현대,타자,,1B,25,1,-0.43,39,1,,
2007,14889,홍원기,현대,타자,,3B,34,2,-0.55,32,1,,
2007,10435,노병오,현대,투수,,RP,24,1,-0.55,64,1,,
2008,10035,이용규,KIA,타자,,CF,23,3,5.24,473,1,,2→3
2008,10032,장성호,KIA,타자,,1B,31,5,2.78,352,1,,
2008,10053,서재응,KIA,투수,,SP,31,5,1.21,238,1,,
2008,10077,한기주,KIA,투수,,CL,21,4,2.7,174,1,,
2008,10009,김종국,KIA,타자,,2B,35,5,1.76,346,1,,
2008,10036,이종범,KIA,타자,,RF,38,4,1.74,362,1,,
2008,10058,양현종,KIA,투수,,RP,20,4,-0.06,227,1,,
2008,2428,리마,KIA,투수,Y,SP,36,4,-0.17,210,1,,
2008,10025,최희섭,KIA,타자,,DH,29,5,-0.36,207,1,,
2008,10061,윤석민,KIA,투수,,SP,22,2,5.36,464,1,,
2008,2422,디아즈,KIA,투수,Y,SP,28,3,1.02,136,1,,
2008,2429,데이비스,KIA,투수,Y,SP,33,3,0.88,183,1,,
2008,10022,이현곤,KIA,타자,,3B,28,4,0.72,435,1,,
2008,2420,발데스,KIA,타자,Y,SS,30,3,0.54,176,1,,
2008,10029,김원섭,KIA,타자,,LF,30,2,3.67,404,1,,
2008,10067,이범석,KIA,투수,,SP,23,2,2.12,359,1,,
2008,10020,이재주,KIA,타자,,DH,35,3,2,314,1,,
2008,10060,유동훈,KIA,투수,,RP,31,2,1.62,236,1,,
2008,10054,손영민,KIA,투수,,RP,21,2,1.21,192,1,,
2008,10008,김선빈,KIA,타자,,SS,19,2,0.92,322,1,,
2008,10068,임준혁,KIA,투수,,RP,24,2,0.71,200,1,,
2008,10001,김상훈,KIA,타자,,C,31,3,0.5,94,1,,
2008,10062,이대진,KIA,투수,,SP,34,4,0.46,257,1,,
2008,10039,채종범,KIA,타자,,RF,31,2,-0.25,137,1,,
2008,10030,나지완,KIA,타자,,LF,23,1,2.22,239,1,,
2008,10041,최경환,KIA,타자,,LF,36,1,1.01,142,1,,
2008,10043,곽정철,KIA,투수,,RP,22,1,0.69,106,1,,
2008,10005,차일목,KIA,타자,,C,27,1,0.57,314,1,,
2008,10042,고우석,KIA,투수,,RP,24,1,0.02,59,1,,
2008,10063,이동현,KIA,투수,,RP,29,1,0.02,25,1,,
2008,10075,진해수,KIA,투수,,RP,22,1,-0.02,32,1,,
2008,10069,장문석,KIA,투수,,RP,34,3,-0.04,60,1,,
2008,10038,이호신,KIA,타자,,CF,24,1,-0.08,38,1,,
2008,11112,박근홍,KIA,투수,,RP,23,2,-0.09,17,1,,
2008,10050,박경태,KIA,투수,,RP,21,1,-0.13,39,1,,
2008,10650,김주형,KIA,타자,,3B,23,1,-0.21,156,1,,
2008,10049,문수호,KIA,투수,,RP,25,1,-0.24,34,1,,
2008,10564,강동우,KIA,타자,,RF,34,2,-0.28,52,1,,
2008,10017,이영수,KIA,타자,,1B,27,1,-0.32,38,1,,
2008,10152,전병두,KIA,투수,,RP,24,2,-0.34,36,1,,
2008,10059,오준형,KIA,투수,,RP,24,1,-0.44,70,1,,
2008,10024,최용규,KIA,타자,,3B,23,1,-0.47,37,1,,
2008,10004,이성우,KIA,타자,,C,27,1,-0.5,37,1,,
2008,10010,김형철,KIA,타자,,2B,28,1,-0.52,41,1,,
2008,10485,박용택,LG,타자,,LF,29,3,1.13,374,1,,
2008,10510,박명환,LG,투수,,SP,31,5,-0.42,69,1,,
2008,2387,브라운,LG,투수,Y,SP,31,5,-0.63,109,1,,
2008,10514,봉중근,LG,투수,,SP,28,4,5.29,559,1,,
2008,10521,옥스프링,LG,투수,Y,SP,31,4,2.69,522,1,,
2008,10463,조인성,LG,타자,,C,33,5,1.01,353,1,,
2008,10537,최원호,LG,투수,,SP,35,4,-0.08,119,1,,
2008,10655,정의윤,LG,타자,,RF,22,3,-0.52,90,1,,
2008,10482,페타지니,LG,타자,Y,1B,37,3,3.77,259,1,,
2008,10490,이대형,LG,타자,,CF,25,3,2.17,574,1,,
2008,10478,이종열,LG,타자,,2B,35,3,0.2,303,1,,
2008,10523,우규민,LG,투수,,RP,23,3,0,154,1,,
2008,10488,안치용,LG,타자,,LF,29,2,3.23,421,1,,
2008,10469,박경수,LG,타자,,2B,24,2,1.36,444,1,,
2008,10532,정재복,LG,투수,,RP,27,2,1.36,215,1,,
2008,10525,이범준,LG,투수,,RP,19,2,0.46,275,1,,
2008,10481,최동수,LG,타자,,1B,37,2,0.34,431,1,,
2008,10518,심수창,LG,투수,,SP,27,2,0.11,199,1,,
2008,10533,정찬헌,LG,투수,,SP,18,2,-0.03,319,1,,
2008,10529,이재영,LG,투수,,RP,29,2,-0.05,154,2,,
2008,10498,경헌호,LG,투수,,RP,31,2,1.69,140,1,,
2008,10458,김정민,LG,타자,,C,38,1,1.62,178,1,,
2008,10519,오상민,LG,투수,,RP,34,3,0.76,69,1,,
2008,10007,김상현,LG,타자,,3B,28,1,0.6,243,1,,
2008,10487,손인호,LG,타자,,RF,33,2,0.59,152,1,,
2008,10486,서동욱,LG,타자,,1B,24,1,0.53,82,1,,
2008,10517,송현우,LG,투수,,RP,27,1,0.49,52,1,,
2008,10467,김태완,LG,타자,,3B,27,1,0.31,82,1,,
2008,10484,김준호,LG,타자,,LF,24,1,0.14,46,1,,
2008,10465,권용관,LG,타자,,SS,32,1,0.02,230,1,,
2008,10466,김용의,LG,타자,,CF,23,1,-0.02,32,1,,
2008,10471,박용근,LG,타자,,SS,24,1,-0.06,180,1,,
2008,10477,이병규,LG,타자,,LF,25,1,-0.06,86,1,,
2008,10168,이성열,LG,타자,,DH,24,1,-0.09,73,1,,
2008,10091,김용우,LG,타자,,DH,29,1,-0.11,31,1,,
2008,10505,김수형,LG,투수,,RP,23,1,-0.13,23,1,,
2008,10766,김재현,LG,투수,,RP,29,2,-0.18,17,1,,
2008,10750,장진용,LG,투수,,SP,22,1,-0.19,26,1,,
2008,2086,채종국,LG,타자,,2B,33,1,-0.31,43,1,,
2008,10504,김민기,LG,투수,,RP,31,2,-0.31,96,1,,
2008,10507,류택현,LG,투수,,RP,37,4,-0.45,44,1,,
2008,10148,이승호,LG,투수,,RP,32,2,-0.53,73,1,,
2008,10502,김광수,LG,투수,,RP,27,1,-0.64,76,1,,
2008,10113,박재홍,SK,타자,,RF,35,5,4.8,471,1,,
2008,10080,박경완,SK,타자,,C,36,5,3.37,370,1,,
2008,10109,김재현,SK,타자,,DH,33,5,3.32,364,1,,
2008,2398,레이번,SK,투수,Y,SP,34,5,3.13,401,1,,
2008,10492,이진영,SK,타자,,RF,28,5,2.55,363,1,,
2008,10126,김광현,SK,투수,,SP,20,4,5.69,486,1,,
2008,10161,채병용,SK,투수,,SP,26,3,4.7,410,1,,
2008,10106,최정,SK,타자,,3B,21,2,4.44,476,1,,
2008,10103,정근우,SK,타자,,2B,26,3,3.9,550,1,,
2008,10154,정대현,SK,투수,,CL,30,4,2.16,182,1,,
2008,14890,김원형,SK,투수,,RP,36,5,2,223,1,,
2008,10137,송은범,SK,투수,,SP,24,2,1.75,344,1,,
2008,2416,얀,SK,투수,Y,RP,33,4,1.28,88,1,,
2008,10158,조웅천,SK,투수,,RP,37,4,1.09,141,1,,
2008,10083,정상호,SK,타자,,C,26,1,0.52,190,1,,
2008,10102,정경배,SK,타자,,2B,34,5,-0.2,89,1,,
2008,10142,윤길현,SK,투수,,RP,25,2,1.5,149,1,,
2008,10147,이승호,SK,투수,,RP,27,3,0.76,106,1,,
2008,2423,레이,SK,투수,Y,SP,34,3,-0.11,61,1,,
2008,2424,쿠비얀,SK,투수,Y,SP,36,3,-0.25,21,1,,
2008,10156,정우람,SK,투수,,RP,23,2,2.65,233,1,,
2008,10082,이재원,SK,타자,,C,20,4,1.87,171,1,,
2008,10112,박재상,SK,타자,,LF,26,2,1.44,363,1,,
2008,10121,조동화,SK,타자,,CF,27,2,0.92,337,1,,
2008,10634,이영욱,SK,투수,,RP,28,2,0.79,135,1,,
2008,10092,나주환,SK,타자,,SS,24,2,-0.24,413,1,,
2008,10675,조영민,SK,투수,,RP,27,1,1.17,159,1,,
2008,10108,김강민,SK,타자,,CF,26,3,0.86,295,1,,
2008,10152,전병두,SK,투수,,SP,24,2,0.68,63,2,,
2008,10616,최상덕,SK,투수,,RP,37,2,0.64,42,1,,
2008,10097,박정환,SK,타자,,2B,31,1,0.44,60,1,,
2008,10096,박정권,SK,타자,,1B,27,1,0.08,138,1,,
2008,10150,이한진,SK,투수,,RP,25,1,-0.05,102,1,,
2008,10123,가득염,SK,투수,,RP,39,3,-0.2,98,1,,
2008,10087,권영진,SK,타자,,1B,24,1,-0.41,36,1,,
2008,10093,모창민,SK,타자,,3B,23,1,-0.58,147,1,,
2008,10089,김연훈,SK,타자,,SS,24,1,-0.83,38,1,,
2008,10256,홍성흔,두산,타자,,DH,31,4,4.07,460,1,,
2008,10173,김동주,두산,타자,,3B,32,5,3.89,451,1,,
2008,2355,랜들,두산,투수,Y,SP,31,5,2.06,452,1,,
2008,2196,레스,두산,투수,Y,SP,35,5,0.78,95,1,,
2008,10099,안경현,두산,타자,,1B,38,5,0.04,134,1,,
2008,10192,이종욱,두산,타자,,CF,28,4,3.65,522,1,,
2008,10171,고영민,두산,타자,,2B,24,4,3.52,528,1,Y,
2008,10222,임태훈,두산,투수,,RP,20,4,2.23,261,1,,
2008,10197,김명제,두산,투수,,SP,21,3,2.05,333,1,,
2008,10217,이용찬,두산,투수,,RP,19,4,0.83,44,1,,
2008,10174,김재호,두산,타자,,SS,23,4,0.81,292,1,,
2008,10200,김선우,두산,투수,,SP,31,5,0.56,305,1,,
2008,10203,노경은,두산,투수,,RP,24,3,-0.14,26,1,,
2008,10219,이재우,두산,투수,,RP,28,3,3.89,262,1,,
2008,10225,정재훈,두산,투수,,CL,28,3,1.26,159,1,,
2008,10642,이혜천,두산,투수,,SP,29,3,1.26,328,1,,
2008,2418,레이어,두산,투수,Y,RP,31,3,0.06,105,1,,
2008,10187,김현수,두산,타자,,LF,20,2,7.2,558,1,,
2008,10198,김태영,두산,투수,,RP,28,2,3.51,259,1,,
2008,10558,이대수,두산,타자,,SS,27,2,0.83,237,1,,
2008,10216,이승학,두산,투수,,SP,29,4,0.53,179,1,,
2008,10529,이재영,두산,투수,,RP,29,2,-0.1,51,1,,
2008,10183,최준석,두산,타자,,DH,25,2,-0.49,195,1,,
2008,10315,채상병,두산,타자,,C,29,2,-0.7,369,1,,
2008,10425,금민철,두산,투수,,RP,22,2,1.9,178,1,,
2008,10205,박민석,두산,투수,,RP,19,1,1.05,83,1,,
2008,10191,유재웅,두산,타자,,RF,29,1,0.31,293,1,,
2008,10229,진야곱,두산,투수,,RP,19,4,0.22,97,1,,
2008,10169,최승환,두산,타자,,C,30,1,-0.06,109,1,,
2008,10178,오재원,두산,타자,,2B,23,1,-0.27,311,1,,
2008,10218,이원재,두산,투수,,RP,20,1,-0.37,144,1,,
2008,10168,이성열,두산,타자,,DH,24,1,-0.42,181,2,,
2008,10194,전상렬,두산,타자,,RF,36,3,-0.49,79,1,,
2008,10562,정원석,두산,타자,,1B,31,1,-0.58,114,1,,
2008,10188,민병헌,두산,타자,,RF,21,3,-0.73,101,1,,
2008,10284,손민한,롯데,투수,,SP,33,5,5.2,537,1,,
2008,10251,이대호,롯데,타자,,3B,26,5,4.55,527,1,,
2008,10258,가르시아,롯데,타자,Y,RF,33,4,3.8,513,1,,
2008,10299,장원준,롯데,투수,,SP,23,3,2.66,467,1,,
2008,10285,송승준,롯데,투수,,SP,28,4,2.21,460,1,,
2008,10264,정수근,롯데,타자,,CF,31,5,1.71,362,1,,
2008,2425,매클레리,롯데,투수,Y,SP,34,4,1.15,305,1,,
2008,1865,마해영,롯데,타자,,1B,38,3,-0.71,87,1,,
2008,10232,강민호,롯데,타자,,C,23,2,4.85,501,1,,
2008,2419,코르테스,롯데,투수,Y,RP,35,3,0.43,38,1,,
2008,10254,조성환,롯데,타자,,2B,32,2,5.19,525,1,,
2008,10241,박기혁,롯데,타자,,SS,27,2,2.48,404,1,,
2008,10239,김주찬,롯데,타자,,CF,27,2,2.1,458,1,,
2008,10291,이용훈,롯데,투수,,SP,31,2,1.76,297,1,,
2008,10300,조정훈,롯데,투수,,SP,23,2,1.73,240,1,,
2008,10298,임경완,롯데,투수,,RP,33,2,0.58,116,1,,
2008,1689,염종석,롯데,투수,,RP,35,3,0.49,74,1,,
2008,10252,정보명,롯데,타자,,DH,28,2,0.43,319,1,,
2008,10246,박현승,롯데,타자,,3B,36,3,-1.32,242,1,,
2008,10261,손아섭,롯데,타자,,RF,20,1,1.66,250,1,,
2008,10269,강영식,롯데,투수,,RP,27,2,1.56,169,1,,
2008,10743,최향남,롯데,투수,,RP,37,1,1.25,151,1,,
2008,10276,김일엽,롯데,투수,,RP,28,1,1.07,143,1,,
2008,10263,이인구,롯데,타자,,CF,28,1,0.95,174,1,,
2008,10281,배장호,롯데,투수,,RP,21,1,0.68,111,1,,
2008,10272,김사율,롯데,투수,,RP,28,2,0.5,65,1,,
2008,10275,김이슬,롯데,투수,,RP,24,1,0.47,24,1,,
2008,10180,이원석,롯데,타자,,3B,22,3,0.31,134,1,,
2008,10279,나승현,롯데,투수,,RP,21,2,0.23,126,1,,
2008,10243,박종윤,롯데,타자,,1B,26,1,-0.13,35,1,,
2008,10266,전준우,롯데,타자,,CF,22,1,-0.27,35,1,,
2008,14231,최기문,롯데,타자,,C,35,2,-0.29,44,1,,
2008,10265,최만호,롯데,타자,,CF,34,1,-0.54,43,1,,
2008,11398,이우민,롯데,타자,,LF,26,1,-0.94,172,1,,
2008,10336,박한이,삼성,타자,,CF,29,5,5.27,442,1,,
2008,10367,오승환,삼성,투수,,CL,26,5,2.98,173,1,,
2008,10323,박진만,삼성,타자,,SS,32,5,2.8,391,1,,
2008,10362,배영수,삼성,투수,,SP,27,5,1.45,344,1,,
2008,2395,크루즈,삼성,타자,Y,1B,35,5,0.38,181,1,,
2008,1811,심정수,삼성,타자,,LF,33,5,0.33,88,1,,
2008,10314,진갑용,삼성,타자,,C,34,4,2.58,313,1,,
2008,10339,양준혁,삼성,타자,,DH,39,4,1.63,443,1,,
2008,10341,우동균,삼성,타자,,RF,19,4,0.88,164,1,,
2008,1965,전병호,삼성,투수,,SP,35,5,0.5,249,1,,
2008,1668,박종호,삼성,타자,,2B,35,3,0.13,94,1,,
2008,2426,오버뮬러,삼성,투수,Y,SP,32,4,0.05,246,1,,
2008,10364,안지만,삼성,투수,,RP,25,2,1.93,209,1,,
2008,2427,에니스,삼성,투수,Y,SP,29,3,0.8,89,1,,
2008,10350,권오준,삼성,투수,,RP,28,3,0.25,50,1,,
2008,2430,션,삼성,투수,Y,SP,31,3,-0.79,78,1,,
2008,10322,박석민,삼성,타자,,3B,23,2,4.1,499,1,,
2008,10344,최형우,삼성,타자,,RF,25,2,4.08,440,1,,
2008,10377,정현욱,삼성,투수,,RP,30,2,3.01,381,1,,
2008,10351,권혁,삼성,투수,,RP,25,2,2.13,143,1,,
2008,10368,윤성환,삼성,투수,,SP,27,3,2.06,406,1,,
2008,10380,조현근,삼성,투수,,RP,23,2,1.1,128,1,,
2008,1553,이상목,삼성,투수,,SP,37,3,0.31,374,1,,
2008,10329,조동찬,삼성,타자,,3B,25,2,0.17,186,1,,
2008,10334,김창희,삼성,타자,,LF,35,2,1.08,264,1,,
2008,10331,채태인,삼성,타자,,1B,26,3,1.06,270,1,,
2008,10332,강봉규,삼성,타자,,LF,30,1,0.94,160,1,,
2008,10317,현재윤,삼성,타자,,C,29,1,0.89,138,1,,
2008,10349,권오원,삼성,투수,,RP,29,1,0.49,142,1,,
2008,10381,차우찬,삼성,투수,,RP,21,1,0.33,110,1,,
2008,10347,곽동훈,삼성,투수,,RP,27,1,0.1,33,1,,
2008,10318,김주현,삼성,타자,,2B,22,1,0.02,30,1,,
2008,10354,김문수,삼성,투수,,RP,29,1,-0.1,20,1,,
2008,10098,손지환,삼성,타자,,2B,30,2,-0.14,84,1,,
2008,10321,김재걸,삼성,타자,,3B,36,4,-0.14,219,1,,
2008,10310,심광호,삼성,타자,,C,31,1,-0.19,81,1,,
2008,10379,조진호,삼성,투수,,RP,33,1,-0.31,87,1,,
2008,10718,김기태,삼성,투수,,RP,21,1,-0.33,28,1,,
2008,10427,김상수,삼성,투수,,RP,20,3,-0.48,41,1,,
2008,10345,허승민,삼성,타자,,CF,22,1,-0.5,64,1,,
2008,10327,신명철,삼성,타자,,2B,30,2,-0.7,278,1,,
2008,10493,이택근,우리,타자,,CF,28,4,3.97,428,1,Y,
2008,10411,브룸바,우리,타자,Y,LF,34,5,2.7,420,1,,
2008,10412,송지만,우리,타자,,LF,35,5,1.19,451,1,,
2008,10418,전준호,우리,타자,,LF,39,4,2.39,391,1,,
2008,10430,김수경,우리,투수,,SP,29,4,1.61,320,1,,
2008,10479,정성훈,우리,타자,,3B,28,5,1.15,399,1,,
2008,10386,김동수,우리,타자,,C,40,3,0.69,180,1,,
2008,10402,이숭용,우리,타자,,1B,37,4,0.64,375,1,,
2008,2409,스코비,우리,투수,Y,SP,29,4,-0.57,167,1,,
2008,10375,장원삼,우리,투수,,SP,25,4,5.74,502,1,,
2008,2417,다카쓰,우리,투수,Y,RP,40,3,1.31,63,1,,
2008,10456,조용훈,우리,투수,,RP,21,2,0.73,168,1,,
2008,10592,마일영,우리,투수,,SP,27,2,3.67,519,1,,
2008,10394,강정호,우리,타자,,SS,21,2,2.11,408,1,,
2008,10457,황두성,우리,투수,,SP,32,2,1.85,313,1,,
2008,10221,이현승,우리,투수,,SP,25,4,1.51,360,1,,
2008,10439,박승민,우리,투수,,RP,31,2,0.67,82,1,,
2008,10385,강귀태,우리,타자,,C,29,2,0.5,286,1,,
2008,10444,신철인,우리,투수,,RP,31,3,0.25,30,1,,
2008,10443,송신영,우리,투수,,RP,32,3,0.15,217,1,,
2008,10153,전준호,우리,투수,,RP,33,3,-0.1,169,1,,
2008,10407,황재균,우리,타자,,3B,21,2,-0.18,333,1,,
2008,10408,강병식,우리,타자,,RF,31,1,0.69,141,1,,
2008,10398,김일경,우리,타자,,2B,30,1,0.61,187,1,,
2008,10429,김성현,우리,투수,,RP,19,1,0.49,114,1,,
2008,10433,노환수,우리,투수,,RP,24,2,0.15,80,1,,
2008,10447,이동학,우리,투수,,RP,27,1,0.11,19,1,,
2008,10575,전근표,우리,타자,,RF,31,1,0.06,59,1,,
2008,10406,조중근,우리,타자,,1B,26,1,0.04,69,1,,
2008,10434,민태호,우리,투수,,RP,19,1,0.02,19,1,,
2008,10419,정수성,우리,타자,,CF,30,1,0,139,1,,
2008,2415,조순권,우리,투수,,RP,25,1,-0.03,16,1,,
2008,10450,이정호,우리,투수,,RP,26,1,-0.05,28,1,,
2008,10401,유재신,우리,타자,,2B,21,1,-0.09,97,1,,
2008,10395,권도영,우리,타자,,2B,27,1,-0.13,150,1,,
2008,10413,오윤,우리,타자,,LF,27,1,-0.13,34,1,,
2008,10448,이보근,우리,투수,,RP,22,1,-0.13,22,1,,
2008,10440,배힘찬,우리,투수,,RP,25,1,-0.2,34,1,,
2008,2421,최현종,우리,타자,,CF,23,1,-0.26,39,1,,
2008,10420,조재호,우리,타자,,RF,28,1,-0.28,103,1,,
2008,10762,장태종,우리,투수,,RP,25,1,-0.32,29,1,,
2008,10841,전유수,우리,투수,,RP,22,1,-0.34,21,1,,
2008,10431,김세현,우리,투수,,RP,21,3,-0.38,69,1,,
2008,10552,김태균,한화,타자,,1B,26,5,7.09,484,1,,
2008,10559,이범호,한화,타자,,3B,27,5,4.77,508,1,,
2008,10590,류현진,한화,투수,,SP,21,5,3.91,497,1,,
2008,10580,구대성,한화,투수,,RP,39,5,0.88,124,1,,
2008,10422,클락,한화,타자,Y,LF,32,4,4.82,546,1,,
2008,10550,김민재,한화,타자,,SS,35,5,2.75,397,1,,
2008,10618,토마스,한화,투수,Y,CL,31,4,1.89,190,1,,
2008,10574,이영우,한화,타자,,LF,35,4,1.65,305,1,,
2008,10597,송진우,한화,투수,,SP,42,5,1.26,398,1,,
2008,10604,유원상,한화,투수,,SP,22,4,0.84,371,1,,
2008,10613,정민철,한화,투수,,SP,36,5,0.47,382,1,,
2008,10600,안영명,한화,투수,,RP,24,2,0.21,173,1,,
2008,10543,이도형,한화,타자,,DH,33,2,-0.09,71,1,,
2008,10436,마정길,한화,투수,,RP,29,2,2.73,278,1,,
2008,10553,김태완,한화,타자,,DH,24,2,2.29,450,1,,
2008,10542,신경현,한화,타자,,C,33,2,2.19,331,1,,
2008,10606,윤규진,한화,투수,,RP,24,2,1.05,208,1,,
2008,10579,추승우,한화,타자,,LF,29,2,0.92,419,1,,
2008,10663,한상훈,한화,타자,,2B,28,2,0.84,360,1,,
2008,10587,김혁민,한화,투수,,RP,21,2,0.56,196,1,,
2008,10617,최영필,한화,투수,,RP,34,2,0.51,257,1,,
2008,10602,양훈,한화,투수,,SP,22,2,-0.88,196,1,,
2008,10555,송광민,한화,타자,,SS,25,3,0.81,154,1,,
2008,10117,윤재국,한화,타자,,RF,33,2,0.6,169,1,,
2008,10571,연경흠,한화,타자,,LF,25,1,0.54,121,1,,
2008,10560,이여상,한화,타자,,3B,24,1,0.46,192,1,,
2008,10544,이희근,한화,타자,,C,23,1,0.27,135,1,,
2008,10582,김경선,한화,투수,,RP,25,1,0.21,39,1,,
2008,10584,김백만,한화,투수,,RP,26,1,0.04,39,1,,
2008,10608,윤기호,한화,투수,,RP,20,1,-0.02,17,1,,
2008,10557,오선진,한화,타자,,3B,19,1,-0.18,31,1,,
2008,10666,고동진,한화,타자,,RF,28,2,-0.22,97,1,,
2008,10665,오재필,한화,타자,,LF,26,1,-0.23,62,1,,
2009,10061,윤석민,KIA,투수,,SP,23,5,3.06,359,1,,
2009,10032,장성호,KIA,타자,,1B,32,5,1.57,312,1,,
2009,10035,이용규,KIA,타자,,CF,24,4,1.07,201,1,,
2009,10053,서재응,KIA,투수,,SP,32,5,0.14,238,1,,
2009,10044,구톰슨,KIA,투수,Y,SP,32,4,5.06,484,1,,
2009,10025,최희섭,KIA,타자,,1B,30,4,4.98,545,1,,
2009,10048,로페즈,KIA,투수,Y,SP,34,4,4.83,571,1,,
2009,10058,양현종,KIA,투수,,SP,21,4,4.79,446,1,,
2009,10036,이종범,KIA,타자,,RF,39,4,1.58,449,1,,
2009,10026,홍세완,KIA,타자,,DH,31,3,1.37,257,1,,
2009,10077,한기주,KIA,투수,,RP,22,4,0.45,102,1,,
2009,10009,김종국,KIA,타자,,2B,36,4,0.4,123,1,,
2009,10071,정성철,KIA,투수,,RP,19,4,-0.1,34,1,,
2009,10029,김원섭,KIA,타자,,LF,31,2,3.43,426,1,,
2009,10007,김상현,KIA,타자,,3B,29,2,5.36,488,1,,
2009,10060,유동훈,KIA,투수,,CL,32,2,4.62,202,1,,
2009,10054,손영민,KIA,투수,,RP,22,2,3.1,282,1,,
2009,10030,나지완,KIA,타자,,LF,24,2,2.32,457,1,,
2009,10001,김상훈,KIA,타자,,C,32,2,2.01,441,1,,
2009,10043,곽정철,KIA,투수,,RP,23,2,1.65,287,1,,
2009,10014,안치홍,KIA,타자,,2B,19,4,0.46,415,1,,
2009,10022,이현곤,KIA,타자,,3B,29,3,0.29,428,1,,2→3
2009,10062,이대진,KIA,투수,,SP,35,3,0.01,128,1,,
2009,10020,이재주,KIA,타자,,DH,36,2,-0.08,133,1,,
2009,10008,김선빈,KIA,타자,,SS,20,1,0.98,129,1,,
2009,10005,차일목,KIA,타자,,C,28,1,0.72,119,1,,
2009,10042,고우석,KIA,투수,,RP,25,1,0.35,36,1,,
2009,10059,오준형,KIA,투수,,RP,25,1,0.2,90,1,,
2009,10050,박경태,KIA,투수,,RP,22,1,0.14,104,1,,
2009,10041,최경환,KIA,타자,,LF,37,1,0.09,85,1,,
2009,10011,박기남,KIA,타자,,3B,28,1,-0.06,89,1,,
2009,10046,김영수,KIA,투수,,RP,34,2,-0.08,26,1,,
2009,10067,이범석,KIA,투수,,SP,24,2,-0.1,26,1,,
2009,10024,최용규,KIA,타자,,CF,24,1,-0.13,57,1,,
2009,10075,진해수,KIA,투수,,RP,23,1,-0.19,26,1,,
2009,10068,임준혁,KIA,투수,,RP,25,1,-0.2,116,1,,
2009,10482,페타지니,LG,타자,Y,1B,38,5,5.99,498,1,,
2009,10485,박용택,LG,타자,,LF,30,4,5.5,506,1,,
2009,10514,봉중근,LG,투수,,SP,29,5,5.11,517,1,,
2009,10492,이진영,LG,타자,,RF,29,5,1.34,425,1,,
2009,10510,박명환,LG,투수,,SP,32,5,0,48,1,,
2009,10479,정성훈,LG,타자,,3B,29,5,3.75,494,1,,
2009,10537,최원호,LG,투수,,SP,36,4,0.36,144,1,,
2009,10463,조인성,LG,타자,,C,34,5,0.22,300,1,,
2009,10515,서승화,LG,투수,,SP,30,2,-0.23,31,1,,
2009,10490,이대형,LG,타자,,CF,26,2,1.8,597,1,,
2009,1668,박종호,LG,타자,,2B,36,2,1.17,190,1,,
2009,10534,존슨,LG,투수,Y,SP,27,3,0.12,87,1,,
2009,10523,우규민,LG,투수,,RP,24,2,0.02,109,1,Y,
2009,10508,바우어,LG,투수,Y,SP,32,3,-0.15,82,1,,
2009,10469,박경수,LG,타자,,2B,25,2,1.98,344,1,,
2009,10518,심수창,LG,투수,,SP,28,2,1.32,366,1,,
2009,10465,권용관,LG,타자,,SS,33,2,0.86,431,1,,
2009,10533,정찬헌,LG,투수,,RP,19,2,0.77,229,1,,
2009,10481,최동수,LG,타자,,1B,38,4,0.28,386,1,,
2009,10532,정재복,LG,투수,,SP,28,3,-0.6,238,1,,
2009,10502,김광수,LG,투수,,SP,28,2,-0.68,342,1,,
2009,10507,류택현,LG,투수,,RP,38,4,1.95,146,1,,
2009,10519,오상민,LG,투수,,RP,35,2,1.68,144,1,,
2009,10529,이재영,LG,투수,,RP,30,2,1.12,170,1,,
2009,10458,김정민,LG,타자,,C,39,1,0.75,74,1,,
2009,10524,이동현,LG,투수,,RP,26,2,0.63,124,1,,
2009,10498,경헌호,LG,투수,,RP,32,2,0.49,102,1,,
2009,10506,노진용,LG,투수,,RP,19,1,0.43,79,1,,
2009,10467,김태완,LG,타자,,3B,28,1,0.19,43,1,,
2009,10488,안치용,LG,타자,,LF,30,1,0.19,256,1,,
2009,10471,박용근,LG,타자,,SS,25,1,0.18,150,1,,
2009,10539,한희,LG,투수,,RP,20,1,0.14,200,1,,
2009,10525,이범준,LG,투수,,SP,20,1,0.02,109,1,,
2009,10536,최성민,LG,투수,,RP,19,1,-0.1,25,1,,
2009,10500,김경태,LG,투수,,RP,34,1,-0.11,43,1,,
2009,10528,이승우,LG,투수,,SP,21,1,-0.14,39,1,,
2009,10511,박지철,LG,투수,,SP,34,2,-0.18,16,1,,
2009,10535,최동환,LG,투수,,RP,20,3,-0.19,107,1,,
2009,10470,박병호,LG,타자,,1B,23,1,-0.22,213,1,,
2009,10487,손인호,LG,타자,,RF,34,2,-0.24,93,1,,
2009,10459,김태군,LG,타자,,C,20,1,-0.3,118,1,,
2009,10126,김광현,SK,투수,,SP,21,5,5.2,415,1,,
2009,10109,김재현,SK,타자,,DH,34,5,3.59,359,1,,
2009,10080,박경완,SK,타자,,C,37,5,1.98,246,1,,
2009,10101,이호준,SK,타자,,1B,33,5,1.72,340,1,,
2009,10113,박재홍,SK,타자,,RF,36,5,1.48,376,1,,
2009,10103,정근우,SK,타자,,2B,27,4,6.99,565,1,,
2009,10137,송은범,SK,투수,,SP,25,2,4.59,448,1,,
2009,10125,글로버,SK,투수,Y,SP,33,4,4.33,317,1,,
2009,10154,정대현,SK,투수,,RP,31,4,2.86,158,1,,
2009,10106,최정,SK,타자,,3B,22,4,2.46,410,1,,
2009,10083,정상호,SK,타자,,C,27,1,1.55,312,1,,
2009,10163,카도쿠라,SK,투수,Y,SP,36,4,1.17,378,1,,
2009,10161,채병용,SK,투수,,RP,27,4,1.12,184,1,,
2009,14890,김원형,SK,투수,,RP,37,4,0.66,100,1,,
2009,10099,안경현,SK,타자,,1B,39,3,-0.53,67,1,,
2009,10147,이승호,SK,투수,,RP,28,4,2.21,318,1,,
2009,10156,정우람,SK,투수,,RP,24,3,1.75,168,1,,
2009,10082,이재원,SK,타자,,C,21,4,0.45,39,1,,
2009,10204,니코스키,SK,투수,Y,RP,36,3,0,20,1,,
2009,10152,전병두,SK,투수,,SP,25,2,4.42,400,1,,
2009,10112,박재상,SK,타자,,LF,27,2,3.96,614,1,,
2009,10092,나주환,SK,타자,,SS,25,2,2.77,454,1,,
2009,10096,박정권,SK,타자,,1B,28,2,2.37,511,1,,
2009,10124,고효준,SK,투수,,SP,26,2,2.02,380,1,,
2009,10142,윤길현,SK,투수,,RP,26,2,1,141,1,,
2009,10108,김강민,SK,타자,,CF,27,3,0.73,382,1,,
2009,10151,임성헌,SK,투수,,RP,24,1,1.03,57,1,,
2009,10089,김연훈,SK,타자,,SS,25,1,0.93,159,1,,
2009,10081,윤요섭,SK,타자,,C,27,1,0.54,39,1,,
2009,10123,가득염,SK,투수,,RP,40,1,0.01,24,1,,
2009,10134,박현준,SK,투수,,RP,23,1,-0.06,51,1,,
2009,10097,박정환,SK,타자,,2B,32,1,-0.07,67,1,,
2009,10139,엄정욱,SK,투수,,RP,28,1,-0.15,21,1,,
2009,10093,모창민,SK,타자,,3B,24,1,-0.37,130,1,,
2009,10102,정경배,SK,타자,,1B,35,3,-0.4,46,1,,
2009,10121,조동화,SK,타자,,CF,28,2,-1.51,191,1,,
2009,10187,김현수,두산,타자,,LF,21,4,7.37,572,1,,
2009,10173,김동주,두산,타자,,3B,33,5,4.58,426,1,,
2009,10192,이종욱,두산,타자,,CF,29,4,1.07,344,1,,
2009,10222,임태훈,두산,투수,,RP,21,4,3.53,265,1,,
2009,10219,이재우,두산,투수,,RP,29,4,2.3,292,1,,
2009,10200,김선우,두산,투수,,SP,32,4,1.47,444,1,,
2009,10217,이용찬,두산,투수,,CL,20,4,0.8,122,1,,
2009,10171,고영민,두산,타자,,2B,25,4,0.72,331,1,,
2009,10203,노경은,두산,투수,,RP,25,3,0.34,72,1,,
2009,10209,세데뇨,두산,투수,Y,SP,26,4,0.29,213,1,,
2009,10174,김재호,두산,타자,,SS,24,4,0.28,205,1,,
2009,10208,성영훈,두산,투수,,RP,19,4,0.19,32,1,,
2009,10197,김명제,두산,투수,,RP,22,3,-0.61,97,1,,
2009,10177,손시헌,두산,타자,,SS,29,2,3.46,476,1,,
2009,10198,김태영,두산,투수,,SP,29,2,2.1,326,1,,
2009,10225,정재훈,두산,투수,,SP,29,3,1.89,280,1,,
2009,10204,니코스키,두산,투수,Y,SP,36,3,1.65,187,2,,
2009,10190,왓슨,두산,타자,Y,RF,31,3,-0.17,42,1,,
2009,10196,고창성,두산,투수,,RP,25,2,3.42,222,1,,
2009,10183,최준석,두산,타자,,DH,26,2,1.77,417,1,,
2009,10425,금민철,두산,투수,,RP,23,2,1.59,250,1,,
2009,10230,홍상삼,두산,투수,,SP,19,2,1.05,351,1,,
2009,10193,임재철,두산,타자,,RF,33,2,0.99,426,1,,
2009,10180,이원석,두산,타자,,3B,23,3,0.87,414,1,,
2009,10558,이대수,두산,타자,,SS,28,2,-0.32,66,1,,
2009,10195,정수빈,두산,타자,,CF,19,1,0.85,259,1,,
2009,10210,오현택,두산,투수,,RP,24,1,0.73,91,1,,
2009,10229,진야곱,두산,투수,,RP,20,4,0.68,40,1,,
2009,10191,유재웅,두산,타자,,RF,30,1,0.47,144,1,,
2009,10228,지승민,두산,투수,,RP,31,1,0.31,41,2,,
2009,10206,박정배,두산,투수,,RP,27,1,0.29,83,1,,
2009,10213,유희관,두산,투수,,RP,23,1,0.28,40,1,,
2009,10168,이성열,두산,타자,,DH,25,1,0.21,79,1,,
2009,10164,김진수,두산,타자,,C,30,1,0.06,36,1,,
2009,10169,최승환,두산,타자,,C,31,1,0.01,245,1,,
2009,10205,박민석,두산,투수,,RP,20,1,-0.09,36,1,,
2009,10188,민병헌,두산,타자,,RF,22,3,-0.28,291,1,,
2009,10201,김성배,두산,투수,,RP,28,2,-0.38,54,1,,
2009,10166,용덕한,두산,타자,,C,28,1,-1.04,212,1,,
2009,10178,오재원,두산,타자,,2B,24,1,-1.31,239,1,,
2009,10256,홍성흔,롯데,타자,,DH,32,5,6.42,487,1,,
2009,10251,이대호,롯데,타자,,3B,27,5,3.78,549,1,,
2009,10258,가르시아,롯데,타자,Y,RF,34,5,2.58,539,1,,
2009,10284,손민한,롯데,투수,,SP,34,5,0.99,208,1,,
2009,10299,장원준,롯데,투수,,SP,24,2,3.5,488,1,,
2009,10285,송승준,롯데,투수,,SP,29,4,3.02,503,1,,
2009,10287,애킨스,롯데,투수,Y,CL,32,4,1.57,148,1,,
2009,10232,강민호,롯데,타자,,C,24,4,1.51,301,1,,
2009,10831,이상화,롯데,투수,,SP,21,4,0.38,49,1,,
2009,10264,정수근,롯데,타자,,CF,32,5,-0.2,68,1,,
2009,10254,조성환,롯데,타자,,2B,33,4,1.71,294,1,,
2009,10300,조정훈,롯데,투수,,SP,24,2,3.56,547,1,,
2009,10296,이정훈,롯데,투수,,RP,32,2,2.94,223,1,,
2009,10239,김주찬,롯데,타자,,CF,28,2,2.37,479,1,,
2009,10298,임경완,롯데,투수,,RP,34,2,2.34,187,1,,
2009,10238,김민성,롯데,타자,,2B,21,3,1,389,1,,
2009,10269,강영식,롯데,투수,,RP,28,2,0.81,145,1,,
2009,10291,이용훈,롯데,투수,,SP,32,2,0.16,240,1,,
2009,10261,손아섭,롯데,타자,,RF,21,1,-0.46,96,1,,
2009,10241,박기혁,롯데,타자,,SS,28,4,-1.48,346,1,,
2009,10281,배장호,롯데,투수,,RP,22,1,1.54,169,1,,
2009,10295,이정민,롯데,투수,,RP,30,2,1.28,130,1,,
2009,10259,박정준,롯데,타자,,LF,25,1,1.25,216,1,,
2009,10252,정보명,롯데,타자,,DH,29,1,0.66,234,1,,
2009,10263,이인구,롯데,타자,,CF,29,1,0.66,308,1,,
2009,14231,최기문,롯데,타자,,C,36,2,0.59,136,1,,
2009,10279,나승현,롯데,투수,,RP,22,2,0.2,92,1,,
2009,11398,이우민,롯데,타자,,LF,27,1,0.1,194,1,,
2009,10304,하준호,롯데,투수,,RP,20,3,0,37,1,,
2009,10274,김유신,롯데,투수,,SP,23,1,-0.02,26,1,,
2009,10266,전준우,롯데,타자,,CF,23,1,-0.04,66,1,,
2009,10242,박준서,롯데,타자,,2B,28,1,-0.09,69,1,,
2009,10306,허준혁,롯데,투수,,SP,24,1,-0.2,16,1,,
2009,10272,김사율,롯데,투수,,RP,29,2,-0.22,40,1,,
2009,10235,장성우,롯데,타자,,C,19,4,-0.23,112,1,,
2009,10289,오수호,롯데,투수,,RP,19,4,-0.27,39,1,,
2009,10275,김이슬,롯데,투수,,RP,25,1,-0.3,30,1,,
2009,10276,김일엽,롯데,투수,,SP,29,1,-0.31,154,1,,
2009,10243,박종윤,롯데,타자,,1B,27,1,-0.76,136,1,,
2009,10336,박한이,삼성,타자,,RF,30,5,2.94,394,1,,
2009,10323,박진만,삼성,타자,,SS,33,5,1.04,258,1,,
2009,10367,오승환,삼성,투수,,CL,27,5,0.68,95,1,,
2009,10362,배영수,삼성,투수,,SP,28,5,-0.77,227,1,,
2009,10339,양준혁,삼성,타자,,DH,40,4,3.14,322,1,,
2009,10384,크루세타,삼성,투수,Y,SP,28,4,2.54,471,1,,
2009,10341,우동균,삼성,타자,,RF,20,4,0.86,189,1,,
2009,10320,김상수,삼성,타자,,SS,19,4,0.57,267,1,,
2009,10314,진갑용,삼성,타자,,C,35,4,0,165,1,,
2009,10322,박석민,삼성,타자,,3B,24,2,3.87,375,1,,
2009,10344,최형우,삼성,타자,,LF,26,3,3.02,481,1,,
2009,10360,나이트,삼성,투수,Y,SP,34,3,1.79,182,1,,
2009,10366,에르난데스,삼성,투수,Y,SP,29,3,0.25,128,1,,
2009,10332,강봉규,삼성,타자,,RF,31,2,4.41,529,1,,
2009,10327,신명철,삼성,타자,,2B,31,2,3.97,485,1,,
2009,10368,윤성환,삼성,투수,,SP,28,3,3.81,500,1,,
2009,10331,채태인,삼성,타자,,1B,27,3,3.37,425,1,,
2009,10351,권혁,삼성,투수,,RP,26,3,3.1,242,1,,
2009,10377,정현욱,삼성,투수,,RP,31,3,2.58,237,1,,
2009,10364,안지만,삼성,투수,,SP,26,2,0.68,153,1,,
2009,10380,조현근,삼성,투수,,RP,24,2,0.59,144,1,,
2009,10381,차우찬,삼성,투수,,SP,22,2,0.42,328,1,,
2009,10329,조동찬,삼성,타자,,3B,26,2,1.34,252,1,,
2009,10228,지승민,삼성,투수,,RP,31,1,1.17,62,1,,
2009,10382,최원제,삼성,투수,,RP,20,1,0.51,114,1,,
2009,10427,김상수,삼성,투수,,RP,21,3,0.49,180,1,,
2009,10342,이영욱,삼성,타자,,CF,24,1,0.44,220,1,,
2009,10438,박성훈,삼성,투수,,RP,27,1,0.44,94,1,,
2009,10317,현재윤,삼성,타자,,C,30,1,0.35,282,1,,
2009,10361,박민규,삼성,투수,,RP,19,1,0.28,60,1,,
2009,10321,김재걸,삼성,타자,,3B,37,3,0.27,65,1,,
2009,10371,이우선,삼성,투수,,SP,26,1,0.27,137,1,,
2009,10363,백정현,삼성,투수,,RP,22,3,0,55,1,,
2009,10345,허승민,삼성,타자,,CF,23,1,-0.01,36,1,,
2009,10379,조진호,삼성,투수,,SP,34,1,-0.07,30,1,,
2009,10315,채상병,삼성,타자,,C,30,1,-0.09,87,1,,
2009,10365,양지훈,삼성,투수,,RP,24,1,-0.09,15,1,,
2009,10347,곽동훈,삼성,투수,,RP,28,1,-0.21,15,1,,
2009,10325,손주인,삼성,타자,,2B,26,1,-0.28,202,1,,
2009,10334,김창희,삼성,타자,,RF,36,2,-0.33,144,1,,
2009,10493,이택근,우리,타자,,CF,29,4,4.45,538,1,,
2009,10422,클락,우리,타자,Y,LF,33,5,3.48,559,1,,
2009,10375,장원삼,우리,투수,,SP,26,4,0.99,273,1,,
2009,10455,조용준,우리,투수,,RP,30,3,0.27,27,1,,
2009,10412,송지만,우리,타자,,LF,36,4,2.76,439,1,,
2009,10402,이숭용,우리,타자,,1B,38,4,2.01,422,1,,
2009,10411,브룸바,우리,타자,Y,LF,35,4,1.96,526,1,,
2009,10386,김동수,우리,타자,,C,41,2,1.3,70,1,,
2009,10418,전준호,우리,타자,,DH,40,4,-0.1,37,1,,
2009,10430,김수경,우리,투수,,SP,30,4,-0.14,352,1,,
2009,10592,마일영,우리,투수,,SP,28,3,-0.04,292,1,,
2009,10221,이현승,우리,투수,,SP,26,4,3.84,510,1,,
2009,10394,강정호,우리,타자,,SS,22,2,3.7,538,1,,
2009,10407,황재균,우리,타자,,3B,22,2,3.07,608,1,,
2009,10457,황두성,우리,투수,,SP,33,2,2.95,277,1,,
2009,10448,이보근,우리,투수,,RP,23,2,1.57,266,1,,
2009,10443,송신영,우리,투수,,RP,33,2,0.78,227,1,,
2009,10423,강윤구,우리,투수,,SP,19,3,0.74,240,1,,
2009,10456,조용훈,우리,투수,,RP,22,2,0.42,73,1,,
2009,10444,신철인,우리,투수,,RP,32,2,0.16,143,1,,
2009,10385,강귀태,우리,타자,,C,30,1,1.13,326,1,,
2009,10445,오주원,우리,투수,,RP,24,2,1.13,119,1,,
2009,10397,김민우,우리,타자,,2B,30,1,0.84,151,1,,
2009,10398,김일경,우리,타자,,2B,31,1,0.8,309,1,,
2009,10440,배힘찬,우리,투수,,RP,26,1,0.61,93,1,,
2009,10408,강병식,우리,타자,,RF,32,1,0.35,94,1,,
2009,10395,권도영,우리,타자,,2B,28,1,0.34,63,1,,
2009,10841,전유수,우리,투수,,RP,23,1,0.29,28,1,,
2009,10153,전준호,우리,투수,,RP,34,2,0.18,120,1,,
2009,10393,허준,우리,타자,,C,28,1,0.09,79,1,,
2009,10431,김세현,우리,투수,,RP,22,3,0.03,141,1,,
2009,10390,유선정,우리,타자,,C,23,1,0,68,1,,
2009,10447,이동학,우리,투수,,RP,28,1,-0.04,85,1,,
2009,10449,이상열,우리,투수,,RP,32,2,-0.07,33,1,,
2009,10429,김성현,우리,투수,,RP,20,1,-0.13,197,1,,
2009,10404,장영석,우리,타자,,1B,19,1,-0.21,38,1,,
2009,10420,조재호,우리,타자,,RF,29,1,-0.25,30,1,,
2009,10400,오재일,우리,타자,,1B,23,1,-0.34,74,1,,
2009,10419,정수성,우리,타자,,CF,31,1,-0.42,153,1,,
2009,10590,류현진,한화,투수,,SP,22,5,5.73,568,1,,
2009,10559,이범호,한화,타자,,3B,28,5,3.24,499,1,,
2009,10552,김태균,한화,타자,,1B,27,5,2.7,389,1,,
2009,10580,구대성,한화,투수,,RP,40,5,1.76,167,1,,
2009,10618,토마스,한화,투수,Y,RP,32,4,1.73,150,1,,
2009,10574,이영우,한화,타자,,DH,36,4,0.4,293,1,,
2009,10604,유원상,한화,투수,,SP,23,4,0.07,321,1,,
2009,10597,송진우,한화,투수,,RP,43,5,-0.07,22,1,,
2009,10613,정민철,한화,투수,,SP,37,4,-0.61,93,1,,
2009,10550,김민재,한화,타자,,SS,36,5,-1.06,308,1,,
2009,10566,디아즈,한화,타자,Y,RF,28,3,0.14,229,1,,
2009,10603,연지,한화,투수,Y,SP,32,3,-0.05,184,1,,
2009,10564,강동우,한화,타자,,RF,35,2,5,585,1,,
2009,10553,김태완,한화,타자,,DH,25,2,4.04,446,1,,
2009,10600,안영명,한화,투수,,SP,25,2,1.65,422,1,,
2009,10602,양훈,한화,투수,,RP,23,2,1.64,271,1,,
2009,10621,황재규,한화,투수,,RP,23,2,1.54,216,1,,
2009,10571,연경흠,한화,타자,,LF,26,2,1.14,386,1,,
2009,10436,마정길,한화,투수,,RP,30,2,0.76,152,1,,
2009,10542,신경현,한화,타자,,C,34,2,0.37,207,1,,
2009,10555,송광민,한화,타자,,SS,26,3,0.28,440,1,,
2009,10606,윤규진,한화,투수,,RP,25,2,-0.61,160,1,,
2009,10587,김혁민,한화,투수,,SP,22,2,-0.92,350,1,,
2009,10543,이도형,한화,타자,,DH,34,2,3.17,320,1,,
2009,10620,허유강,한화,투수,,RP,23,1,0.54,85,1,,
2009,10596,박정진,한화,투수,,RP,33,1,0.27,31,1,,
2009,10570,양승학,한화,타자,,LF,25,1,0.26,99,1,,
2009,10541,박노민,한화,타자,,C,24,1,0.23,100,1,,
2009,10560,이여상,한화,타자,,3B,25,1,0.16,222,1,,
2009,10579,추승우,한화,타자,,CF,30,1,0.15,233,1,,
2009,10117,윤재국,한화,타자,,LF,34,1,0.08,60,1,,
2009,10616,최상덕,한화,투수,,RP,38,2,0.03,32,1,,
2009,10578,최진행,한화,타자,,DH,24,3,0.01,65,1,,
2009,10544,이희근,한화,타자,,C,24,1,-0.14,47,1,,
2009,10557,오선진,한화,타자,,3B,20,1,-0.2,191,1,,
2009,10576,정현석,한화,타자,,RF,25,1,-0.2,60,1,,
2009,10595,박성호,한화,투수,,RP,23,1,-0.21,93,1,,
2009,10584,김백만,한화,투수,,RP,27,1,-0.22,18,1,,
2009,10617,최영필,한화,투수,,RP,35,2,-0.37,61,1,,
2009,10554,김회성,한화,타자,,3B,24,1,-0.46,32,1,,
2009,10614,정재원,한화,투수,,RP,25,1,-0.55,102,1,,
2010,10053,서재응,KIA,투수,,SP,33,4,4.15,420,1,,
2010,10035,이용규,KIA,타자,,CF,25,3,4.08,555,1,,
2010,10025,최희섭,KIA,타자,,1B,31,5,3.26,532,1,,
2010,10048,로페즈,KIA,투수,Y,SP,35,5,2.03,498,1,,
2010,10007,김상현,KIA,타자,,3B,30,5,0.47,330,1,,
2010,10058,양현종,KIA,투수,,SP,22,4,3,508,1,,
2010,10061,윤석민,KIA,투수,,SP,24,4,2,303,1,,
2010,2433,콜론,KIA,투수,Y,SP,31,4,1.88,311,1,,
2010,10060,유동훈,KIA,투수,,RP,33,5,1.25,142,1,,
2010,10001,김상훈,KIA,타자,,C,33,5,1.02,354,1,,
2010,10036,이종범,KIA,타자,,RF,40,4,0.21,289,1,,
2010,10029,김원섭,KIA,타자,,LF,32,3,1.65,428,1,,
2010,10054,손영민,KIA,투수,,RP,23,2,1.09,204,1,,
2010,2436,라이트,KIA,투수,Y,SP,28,3,0.11,27,1,,
2010,10030,나지완,KIA,타자,,LF,25,2,-0.22,384,1,,
2010,10014,안치홍,KIA,타자,,2B,20,4,3.74,537,1,,
2010,10008,김선빈,KIA,타자,,SS,21,2,3.33,406,1,,
2010,10043,곽정철,KIA,투수,,RP,24,2,0.28,174,1,,
2010,10600,안영명,KIA,투수,,RP,26,2,0.19,122,2,,
2010,10045,김건한,KIA,투수,,RP,29,2,0.16,231,1,,
2010,10039,채종범,KIA,타자,,DH,33,2,0.15,85,1,,
2010,10062,이대진,KIA,투수,,RP,36,3,-0.33,66,1,,
2010,10005,차일목,KIA,타자,,C,29,1,1.95,250,1,,
2010,10031,신종길,KIA,타자,,RF,27,1,1.15,144,1,,
2010,10011,박기남,KIA,타자,,3B,29,1,1,173,1,,
2010,10074,조태수,KIA,투수,,RP,27,1,0.88,130,1,,
2010,10022,이현곤,KIA,타자,,3B,30,1,0.52,304,1,,
2010,10595,박성호,KIA,투수,,RP,24,1,0.45,85,1,,
2010,10050,박경태,KIA,투수,,RP,23,1,0.38,103,1,,
2010,10063,이동현,KIA,투수,,RP,31,1,0.06,33,1,,
2010,10017,이영수,KIA,타자,,DH,29,1,0.03,88,1,,
2010,10040,최훈락,KIA,타자,,RF,28,1,0.02,47,1,,
2010,10064,이상화,KIA,투수,,RP,30,2,0.02,26,1,,
2010,10070,전우엽,KIA,투수,,SP,21,4,0,123,1,,
2010,10027,홍재호,KIA,타자,,3B,23,1,-0.19,30,1,,
2010,10072,정용운,KIA,투수,,RP,20,3,-0.22,24,1,,
2010,10941,이종환,KIA,타자,,RF,24,1,-0.3,93,1,,
2010,10626,김다원,KIA,타자,,RF,25,1,-0.65,51,1,,
2010,10514,봉중근,LG,투수,,SP,30,5,5.1,535,1,,
2010,10463,조인성,LG,타자,,C,35,5,4.42,511,1,,
2010,10492,이진영,LG,타자,,RF,30,5,2.99,417,1,,
2010,10485,박용택,LG,타자,,DH,31,5,2.55,420,1,,
2010,10493,이택근,LG,타자,,CF,30,5,1.93,388,1,,
2010,10491,이병규,LG,타자,,RF,36,5,0.76,451,1,,
2010,10510,박명환,LG,투수,,SP,33,5,-0.36,228,1,,
2010,10475,오지환,LG,타자,,SS,20,4,2.35,417,1,,
2010,10520,오카모토,LG,투수,Y,CL,36,4,1.75,144,1,,
2010,10479,정성훈,LG,타자,,3B,30,5,0.53,418,1,,
2010,10497,강철민,LG,투수,,SP,31,2,0.13,35,1,,
2010,10515,서승화,LG,투수,,SP,31,2,-0.16,156,1,,
2010,10516,신정락,LG,투수,,RP,23,4,-0.21,77,1,,
2010,10481,최동수,LG,타자,,1B,39,3,-0.59,61,1,,
2010,2434,더마트레,LG,투수,Y,SP,29,4,-0.75,184,1,,
2010,10490,이대형,LG,타자,,CF,27,2,1.52,568,1,,
2010,10499,곤잘레스,LG,투수,Y,SP,27,3,-0.48,130,1,,
2010,10477,이병규,LG,타자,,LF,27,2,2.94,362,1,,
2010,10502,김광수,LG,투수,,RP,29,2,2.18,230,1,,
2010,10449,이상열,LG,투수,,RP,33,2,1.98,179,1,,
2010,10469,박경수,LG,타자,,2B,26,2,1.77,286,1,,
2010,10524,이동현,LG,투수,,RP,27,2,1.5,222,1,,
2010,10501,김광삼,LG,투수,,SP,30,2,0.62,333,1,,
2010,10498,경헌호,LG,투수,,RP,33,2,0.41,15,1,,
2010,10532,정재복,LG,투수,,RP,29,2,0.19,69,1,,
2010,10519,오상민,LG,투수,,RP,36,3,1.06,141,1,,
2010,10503,김기표,LG,투수,,RP,27,4,0.95,128,1,,
2010,10536,최성민,LG,투수,,SP,20,1,0.69,98,1,,
2010,10467,김태완,LG,타자,,2B,29,1,0.68,162,1,,
2010,10682,박건우,LG,투수,,RP,25,1,0.58,93,1,,
2010,10487,손인호,LG,타자,,RF,35,2,0.5,71,1,,
2010,10128,김선규,LG,투수,,RP,24,1,0.34,60,2,,
2010,10465,권용관,LG,타자,,SS,34,1,0.27,164,1,,
2010,10471,박용근,LG,타자,,SS,26,1,0.22,110,1,,
2010,10134,박현준,LG,투수,,RP,24,1,0.17,147,2,,
2010,10459,김태군,LG,타자,,C,21,1,0,57,1,,
2010,10747,김지용,LG,투수,,RP,22,1,-0.05,24,1,,
2010,10486,서동욱,LG,타자,,1B,26,1,-0.1,47,1,,
2010,10529,이재영,LG,투수,,RP,31,3,-0.11,15,1,,
2010,10539,한희,LG,투수,,RP,21,1,-0.19,60,1,,
2010,10518,심수창,LG,투수,,SP,29,2,-0.22,107,1,,
2010,10484,김준호,LG,타자,,LF,26,1,-0.24,47,1,,
2010,10512,배우열,LG,투수,,RP,24,1,-0.24,15,1,,
2010,10525,이범준,LG,투수,,RP,21,1,-0.55,84,1,,
2010,10470,박병호,LG,타자,,1B,24,1,-0.63,192,1,,
2010,10126,김광현,SK,투수,,SP,22,5,7.72,581,1,,
2010,10103,정근우,SK,타자,,2B,28,5,4.04,563,1,,
2010,10080,박경완,SK,타자,,C,38,5,2.59,472,1,,
2010,10109,김재현,SK,타자,,DH,35,5,2.39,328,1,,
2010,10101,이호준,SK,타자,,1B,34,5,0.56,219,1,,
2010,10125,글로버,SK,투수,Y,SP,34,5,0.23,315,1,,
2010,10106,최정,SK,타자,,3B,23,3,5.06,493,1,,2→3
2010,10137,송은범,SK,투수,,SP,26,2,4.78,375,1,,
2010,10163,카도쿠라,SK,투수,Y,SP,37,4,3.86,461,1,,
2010,10154,정대현,SK,투수,,RP,32,5,2.61,135,1,,
2010,10083,정상호,SK,타자,,C,28,1,0.74,66,1,,
2010,10113,박재홍,SK,타자,,RF,37,4,-0.01,219,1,,
2010,10481,최동수,SK,타자,,1B,39,3,-0.28,60,2,,
2010,10156,정우람,SK,투수,,RP,25,3,2.94,306,1,,
2010,10092,나주환,SK,타자,,SS,26,3,2.27,353,1,,
2010,10152,전병두,SK,투수,,RP,26,3,1.88,203,1,,
2010,10147,이승호,SK,투수,,CL,29,4,1.69,269,1,,
2010,10112,박재상,SK,타자,,LF,28,2,1.48,384,1,,
2010,10096,박정권,SK,타자,,1B,29,2,4.1,505,1,,
2010,10108,김강민,SK,타자,,CF,28,2,3.94,450,1,,
2010,10124,고효준,SK,투수,,SP,27,2,0.58,320,1,,
2010,10082,이재원,SK,타자,,C,22,4,-0.08,79,1,,
2010,10148,이승호,SK,투수,,RP,34,2,1.24,93,1,,
2010,10121,조동화,SK,타자,,CF,29,2,0.81,300,1,,
2010,10097,박정환,SK,타자,,1B,33,1,0.44,104,1,,
2010,10488,안치용,SK,타자,,LF,31,2,0.37,35,1,,
2010,10135,박희수,SK,투수,,RP,27,1,0.32,53,1,,
2010,10153,전준호,SK,투수,,RP,35,2,0.32,45,1,,
2010,10130,문광은,SK,투수,,RP,23,3,0.27,56,1,,
2010,10123,가득염,SK,투수,,RP,41,2,0.23,49,1,,
2010,10120,임훈,SK,타자,,RF,25,1,0.17,202,1,,
2010,10145,윤희상,SK,투수,,RP,25,1,0.14,15,1,,
2010,10529,이재영,SK,투수,,RP,31,3,0.09,17,2,,
2010,10139,엄정욱,SK,투수,,RP,29,1,0.06,198,1,,
2010,10089,김연훈,SK,타자,,SS,26,1,-0.08,146,1,,
2010,10128,김선규,SK,투수,,RP,24,1,-0.15,22,1,,
2010,10151,임성헌,SK,투수,,RP,25,1,-0.2,26,1,,
2010,10134,박현준,SK,투수,,RP,24,1,-0.25,26,1,,
2010,10104,최윤석,SK,타자,,SS,23,1,-0.68,93,1,,
2010,10093,모창민,SK,타자,,3B,25,1,-0.8,67,1,,
2010,10412,송지만,넥센,타자,,LF,37,4,2.8,432,1,,
2010,10422,클락,넥센,타자,Y,LF,34,4,1.32,397,1,,
2010,10402,이숭용,넥센,타자,,1B,39,4,0.88,374,1,,
2010,10441,번사이드,넥센,투수,Y,SP,33,4,0.84,420,1,,
2010,10204,니코스키,넥센,투수,Y,SP,37,4,-0.02,97,1,,
2010,10394,강정호,넥센,타자,,SS,23,2,4.85,522,1,,
2010,10407,황재균,넥센,타자,,3B,23,2,-0.28,199,1,,
2010,10424,고원준,넥센,투수,,SP,20,2,2.65,393,1,,
2010,10397,김민우,넥센,타자,,3B,31,2,2.5,536,1,,
2010,10416,장민석,넥센,타자,,LF,28,2,2.43,493,1,,
2010,10425,금민철,넥센,투수,,SP,24,2,2.06,362,1,,
2010,10627,유한준,넥센,타자,,RF,29,2,1.95,543,1,,
2010,10436,마정길,넥센,투수,,RP,31,2,1.67,169,1,,
2010,10443,송신영,넥센,투수,,RP,34,3,1.63,231,1,,
2010,10448,이보근,넥센,투수,,RP,24,2,1.5,225,1,,
2010,10429,김성현,넥센,투수,,SP,21,2,1.17,270,1,,
2010,10437,문성현,넥센,투수,,RP,19,2,0.6,208,1,,
2010,10385,강귀태,넥센,타자,,C,31,2,-0.75,300,1,,
2010,10442,손승락,넥센,투수,,CL,28,2,2.5,190,1,,
2010,10439,박승민,넥센,투수,,RP,33,2,1.95,127,1,,
2010,10445,오주원,넥센,투수,,RP,25,2,1.72,136,1,,
2010,10408,강병식,넥센,타자,,RF,33,1,1.36,300,1,,
2010,10428,김성태,넥센,투수,,SP,28,1,1.08,198,1,,
2010,10398,김일경,넥센,타자,,2B,32,1,0.82,220,1,,
2010,10390,유선정,넥센,타자,,C,24,1,0.44,160,1,,
2010,10438,박성훈,넥센,투수,,RP,28,1,0.43,102,1,,
2010,10395,권도영,넥센,타자,,2B,29,1,0.19,72,1,,
2010,10446,이대환,넥센,투수,,RP,31,1,0.18,33,1,,
2010,10450,이정호,넥센,투수,,RP,28,1,0.09,29,1,,
2010,10423,강윤구,넥센,투수,,SP,20,3,0.02,45,1,,
2010,10427,김상수,넥센,투수,,RP,22,3,0,135,1,,
2010,10404,장영석,넥센,타자,,1B,20,1,-0.11,163,1,,
2010,10432,김건태,넥센,투수,,RP,19,1,-0.12,23,1,,
2010,10440,배힘찬,넥센,투수,,SP,27,1,-0.16,105,1,,
2010,10447,이동학,넥센,투수,,RP,29,1,-0.28,49,1,,
2010,10406,조중근,넥센,타자,,1B,28,1,-0.29,31,1,,
2010,10413,오윤,넥센,타자,,LF,29,1,-0.32,69,1,,
2010,10420,조재호,넥센,타자,,RF,30,1,-0.35,36,1,,
2010,10393,허준,넥센,타자,,C,29,1,-0.45,57,1,,
2010,10238,김민성,넥센,타자,,2B,22,3,-0.68,118,2,,
2010,10400,오재일,넥센,타자,,1B,24,1,-1.13,67,1,,
2010,10187,김현수,두산,타자,,LF,22,5,5.31,565,1,,
2010,10173,김동주,두산,타자,,DH,34,5,3.75,470,1,,
2010,10192,이종욱,두산,타자,,CF,30,4,3.34,471,1,,
2010,10177,손시헌,두산,타자,,SS,30,5,2.27,499,1,,
2010,10231,히메네스,두산,투수,Y,SP,30,4,4.1,456,1,,
2010,10200,김선우,두산,투수,,SP,33,5,3.11,464,1,,
2010,10217,이용찬,두산,투수,,CL,21,4,1.37,125,1,,
2010,10222,임태훈,두산,투수,,SP,22,4,1.03,392,1,,
2010,10211,왈론드,두산,투수,Y,SP,34,4,0.85,387,1,,
2010,10219,이재우,두산,투수,,SP,30,4,0.39,20,1,,
2010,10174,김재호,두산,타자,,SS,25,3,0.22,102,1,,
2010,10171,고영민,두산,타자,,2B,26,3,0.19,344,1,,
2010,10208,성영훈,두산,투수,,RP,20,4,0.18,49,1,,
2010,10203,노경은,두산,투수,,RP,26,1,-0.3,28,1,,
2010,10221,이현승,두산,투수,,SP,27,4,0.99,233,1,,
2010,10225,정재훈,두산,투수,,RP,30,3,4.17,234,1,,
2010,10165,양의지,두산,타자,,C,23,2,3.03,430,1,,
2010,10183,최준석,두산,타자,,DH,27,2,2.86,482,1,,
2010,10168,이성열,두산,타자,,DH,26,2,2.42,484,1,,
2010,10196,고창성,두산,투수,,RP,26,2,2.14,246,1,,
2010,10178,오재원,두산,타자,,2B,25,2,1.51,421,1,,
2010,10230,홍상삼,두산,투수,,SP,20,2,-0.16,290,1,,
2010,10193,임재철,두산,타자,,RF,34,2,1.51,173,1,,
2010,10195,정수빈,두산,타자,,CF,20,1,1.31,156,1,,
2010,10180,이원석,두산,타자,,3B,24,2,1.29,330,1,,
2010,10202,김승회,두산,투수,,RP,29,2,0.88,121,1,,
2010,10191,유재웅,두산,타자,,RF,31,1,0.61,105,1,,
2010,10188,민병헌,두산,타자,,RF,23,2,0.32,80,1,Y,
2010,10220,이재학,두산,투수,,RP,20,1,0.26,70,1,,
2010,10671,김창훈,두산,투수,,RP,25,1,0.25,23,1,,
2010,10179,이두환,두산,타자,,DH,22,1,0.18,30,1,,
2010,10228,지승민,두산,투수,,RP,32,2,0.17,20,1,,
2010,10201,김성배,두산,투수,,RP,29,2,0.1,58,1,,
2010,10169,최승환,두산,타자,,C,32,1,0.08,49,1,,
2010,10206,박정배,두산,투수,,RP,28,1,0.07,44,1,,
2010,10212,원용묵,두산,투수,,RP,24,1,0.04,22,1,,
2010,10210,오현택,두산,투수,,RP,25,1,-0.02,46,1,,
2010,10224,정대현,두산,투수,,RP,19,1,-0.13,43,1,,
2010,10227,조승수,두산,투수,,RP,20,1,-0.23,110,1,,
2010,10166,용덕한,두산,타자,,C,29,1,-0.31,52,1,,
2010,10223,장민익,두산,투수,,RP,19,1,-0.31,41,1,,
2010,10251,이대호,롯데,타자,,3B,28,5,7.1,552,1,,
2010,10256,홍성흔,롯데,타자,,DH,33,5,6.91,498,1,,
2010,10232,강민호,롯데,타자,,C,25,3,4.01,465,1,,2→3
2010,10282,사도스키,롯데,투수,Y,SP,28,4,3.92,509,1,,
2010,10285,송승준,롯데,투수,,SP,30,4,3.16,504,1,,
2010,10299,장원준,롯데,투수,,SP,25,3,2.74,433,1,,
2010,10258,가르시아,롯데,타자,Y,RF,35,4,1.99,485,1,,
2010,10254,조성환,롯데,타자,,2B,34,3,4.13,458,1,,2→3
2010,10300,조정훈,롯데,투수,,SP,25,3,1.09,186,1,,
2010,10407,황재균,롯데,타자,,3B,23,2,-0.02,154,2,,
2010,10261,손아섭,롯데,타자,,RF,22,2,3.55,487,1,,
2010,10293,이재곤,롯데,투수,,SP,22,2,2.65,372,1,,
2010,10266,전준우,롯데,타자,,CF,24,2,1.61,394,1,,
2010,10269,강영식,롯데,투수,,RP,29,3,1.09,158,1,,
2010,10239,김주찬,롯데,타자,,CF,29,2,1.07,535,1,,
2010,10298,임경완,롯데,투수,,RP,35,2,0.83,131,1,,
2010,10281,배장호,롯데,투수,,RP,23,2,0.74,166,1,,
2010,10296,이정훈,롯데,투수,,RP,33,2,-0.15,138,1,,
2010,10241,박기혁,롯데,타자,,SS,29,1,-0.83,166,1,,
2010,10272,김사율,롯데,투수,,RP,30,2,1.44,173,1,,
2010,10647,김수완,롯데,투수,,SP,21,1,1.39,191,1,,
2010,10276,김일엽,롯데,투수,,RP,30,1,0.88,133,1,,
2010,10305,허준혁,롯데,투수,,RP,20,2,0.76,120,1,,
2010,10252,정보명,롯데,타자,,DH,30,2,0.31,86,1,,
2010,10238,김민성,롯데,타자,,2B,22,3,0.22,105,1,,
2010,10240,문규현,롯데,타자,,SS,27,1,0.18,201,1,,
2010,10290,이명우,롯데,투수,,SP,28,2,0.05,100,1,,
2010,10306,허준혁,롯데,투수,,RP,25,1,0.05,63,1,,
2010,10295,이정민,롯데,투수,,RP,31,2,-0.02,89,1,,
2010,11398,이우민,롯데,타자,,LF,28,1,-0.09,90,1,,
2010,10291,이용훈,롯데,투수,,RP,33,1,-0.14,49,1,,
2010,10235,장성우,롯데,타자,,C,20,4,-0.15,108,1,,
2010,10271,김대우,롯데,투수,,SP,26,3,-0.26,23,1,,
2010,10253,정훈,롯데,타자,,2B,23,1,-0.35,50,1,,
2010,10301,진명호,롯데,투수,,SP,21,3,-0.35,22,1,,
2010,10267,황동채,롯데,타자,,LF,27,1,-0.52,33,1,,
2010,10242,박준서,롯데,타자,,2B,29,1,-0.53,56,1,,
2010,10243,박종윤,롯데,타자,,1B,28,1,-1.01,322,1,,
2010,10336,박한이,삼성,타자,,RF,31,5,3.56,470,1,,
2010,10362,배영수,삼성,투수,,SP,29,4,1.75,359,1,,
2010,10323,박진만,삼성,타자,,SS,34,5,0.83,161,1,,
2010,10367,오승환,삼성,투수,,RP,28,4,0.32,42,1,,
2010,10375,장원삼,삼성,투수,,SP,27,4,4.56,453,1,,
2010,10314,진갑용,삼성,타자,,C,36,4,2.48,320,1,,
2010,10360,나이트,삼성,투수,Y,SP,35,4,1.31,250,1,,
2010,10384,크루세타,삼성,투수,Y,SP,29,4,0.95,293,1,,
2010,10320,김상수,삼성,타자,,SS,20,4,0.54,338,1,,
2010,10339,양준혁,삼성,타자,,DH,41,4,0.25,175,1,,
2010,10322,박석민,삼성,타자,,3B,25,2,3.77,457,1,,
2010,10351,권혁,삼성,투수,,RP,27,2,3.64,220,1,,
2010,10344,최형우,삼성,타자,,LF,27,3,3.61,506,1,,
2010,10331,채태인,삼성,타자,,1B,28,3,1.34,396,1,,
2010,10332,강봉규,삼성,타자,,LF,32,2,0.61,279,1,,
2010,2432,레딩,삼성,투수,Y,SP,32,3,0.55,106,1,,
2010,10368,윤성환,삼성,투수,,SP,29,4,0.49,242,1,,
2010,10381,차우찬,삼성,투수,,SP,23,2,5.63,379,1,,
2010,10364,안지만,삼성,투수,,RP,27,2,3.51,276,1,,
2010,10329,조동찬,삼성,타자,,3B,27,2,2.78,377,1,,
2010,10327,신명철,삼성,타자,,2B,32,2,2.16,476,1,,
2010,10342,이영욱,삼성,타자,,CF,25,2,2.13,479,1,,
2010,10377,정현욱,삼성,투수,,RP,32,2,2.02,211,1,,
2010,10371,이우선,삼성,투수,,RP,27,2,1.5,205,1,,
2010,10350,권오준,삼성,투수,,RP,30,3,0.88,98,1,,
2010,10340,오정복,삼성,타자,,LF,24,1,0.87,263,1,,
2010,10374,임진우,삼성,투수,,RP,23,1,0.75,51,1,,
2010,10363,백정현,삼성,투수,,RP,23,3,0.74,112,1,,
2010,10330,조영훈,삼성,타자,,1B,28,1,0.69,159,1,,
2010,10315,채상병,삼성,타자,,C,31,1,0.44,34,1,,
2010,10376,정인욱,삼성,투수,,RP,20,1,0.35,183,1,,
2010,10359,김효남,삼성,투수,,RP,27,3,0.29,72,1,,
2010,10311,이정식,삼성,타자,,C,29,1,0.11,104,1,,
2010,10361,박민규,삼성,투수,,RP,20,1,0.07,15,1,,
2010,10325,손주인,삼성,타자,,2B,27,1,0.01,32,1,,
2010,10317,현재윤,삼성,타자,,C,31,1,-0.09,92,1,,
2010,10319,강명구,삼성,타자,,2B,30,1,-0.16,70,1,,
2010,10328,임익준,삼성,타자,,2B,22,1,-1.04,67,1,,
2010,10590,류현진,한화,투수,,SP,23,5,9.34,578,1,,
2010,10032,장성호,한화,타자,,1B,33,4,0.1,279,1,,
2010,10589,데폴라,한화,투수,Y,SP,28,4,1.71,395,1,,
2010,10604,유원상,한화,투수,,SP,24,3,1.07,427,1,,
2010,10564,강동우,한화,타자,,RF,36,4,0.75,363,1,,
2010,10598,송창식,한화,투수,,RP,25,1,0.43,53,1,,
2010,10553,김태완,한화,타자,,DH,26,2,2.55,473,1,,
2010,10543,이도형,한화,타자,,DH,35,2,0.98,96,1,,
2010,10592,마일영,한화,투수,,RP,29,2,-0.27,131,1,,
2010,2435,부에노,한화,투수,Y,SP,29,3,-0.62,89,1,,
2010,10619,카페얀,한화,투수,Y,SP,29,3,-1.12,177,1,,
2010,10562,정원석,한화,타자,,1B,33,2,3.2,428,1,,
2010,10578,최진행,한화,타자,,DH,25,3,2.54,524,1,,
2010,10596,박정진,한화,투수,,RP,34,2,2.34,238,1,,
2010,10558,이대수,한화,타자,,SS,29,2,1.82,416,1,,
2010,10606,윤규진,한화,투수,,RP,26,2,1.3,176,1,,
2010,10542,신경현,한화,타자,,C,35,2,0.98,292,1,,
2010,10028,김경언,한화,타자,,CF,28,2,0.96,184,1,,
2010,10602,양훈,한화,투수,,RP,24,2,-0.04,138,1,,
2010,10600,안영명,한화,투수,,RP,26,2,-0.36,86,1,,
2010,10579,추승우,한화,타자,,CF,31,1,0.87,304,1,,
2010,10555,송광민,한화,타자,,3B,27,3,0.77,291,1,,
2010,10576,정현석,한화,타자,,RF,26,1,0.56,227,1,,
2010,10577,정희상,한화,타자,,1B,28,1,0.42,74,1,,
2010,10561,전현태,한화,타자,,1B,24,1,0.33,185,1,,
2010,10610,장민재,한화,투수,,RP,20,1,0.33,49,1,,
2010,10629,안승민,한화,투수,,RP,19,1,0.21,189,1,,
2010,10766,김재현,한화,투수,,RP,31,2,0.11,26,1,,
2010,10575,전근표,한화,타자,,RF,33,1,0.06,103,1,,
2010,10607,윤근영,한화,투수,,RP,24,2,-0.05,49,1,,
2010,10063,이동현,한화,투수,,RP,31,1,-0.09,43,2,,
2010,10541,박노민,한화,타자,,C,25,1,-0.11,39,1,,
2010,10573,이양기,한화,타자,,LF,29,1,-0.12,57,1,,
2010,10098,손지환,한화,타자,,3B,32,2,-0.13,65,1,,
2010,10621,황재규,한화,투수,,RP,24,2,-0.17,27,1,,
2010,10587,김혁민,한화,투수,,SP,23,1,-0.18,121,1,,
2010,10614,정재원,한화,투수,,RP,26,1,-0.19,43,1,,
2010,10572,이상훈,한화,타자,,RF,23,1,-0.31,71,1,,
2010,10617,최영필,한화,투수,,SP,36,2,-0.41,163,1,,
2010,10620,허유강,한화,투수,,RP,24,1,-0.6,139,1,,
2010,10601,양승진,한화,투수,,SP,23,1,-0.89,136,1,,
2010,10544,이희근,한화,타자,,C,25,1,-1,158,1,,
2010,10557,오선진,한화,타자,,3B,21,1,-1.3,240,1,,
2011,10035,이용규,KIA,타자,,CF,26,4,6.27,503,1,,
2011,10559,이범호,KIA,타자,,3B,30,5,5.68,405,1,,
2011,10025,최희섭,KIA,타자,,1B,32,5,1.97,282,1,,
2011,10053,서재응,KIA,투수,,SP,34,5,1.57,391,1,,
2011,10007,김상현,KIA,타자,,3B,31,4,1.39,405,1,,
2011,10061,윤석민,KIA,투수,,SP,25,4,5.94,517,1,,
2011,10048,로페즈,KIA,투수,Y,SP,36,4,2.74,461,1,,
2011,10649,트레비스,KIA,투수,Y,SP,29,4,2.21,380,1,,
2011,10036,이종범,KIA,타자,,RF,41,3,1.19,273,1,,
2011,10001,김상훈,KIA,타자,,C,34,5,0.9,150,1,,
2011,10060,유동훈,KIA,투수,,RP,34,4,0.78,144,1,,3→4
2011,10077,한기주,KIA,투수,,RP,24,2,0.54,86,1,,
2011,10695,김진우,KIA,투수,,RP,28,2,0.06,26,1,,
2011,10058,양현종,KIA,투수,,SP,23,4,-0.23,319,1,,
2011,10008,김선빈,KIA,타자,,SS,22,2,3.87,412,1,,
2011,10014,안치홍,KIA,타자,,2B,21,4,3.82,433,1,,
2011,10054,손영민,KIA,투수,,RP,24,3,2.24,263,1,,
2011,10029,김원섭,KIA,타자,,LF,33,3,1.66,316,1,,
2011,10030,나지완,KIA,타자,,LF,26,1,2.95,331,1,,
2011,10005,차일목,KIA,타자,,C,30,2,2.16,373,1,,
2011,10055,신용운,KIA,투수,,RP,28,2,0.14,16,1,,
2011,10022,이현곤,KIA,타자,,3B,31,2,1.57,257,1,,
2011,10056,심동섭,KIA,투수,,RP,20,3,1.46,166,1,,
2011,10045,김건한,KIA,투수,,RP,30,1,0.46,202,1,,
2011,10031,신종길,KIA,타자,,RF,28,1,0.33,315,1,,
2011,10074,조태수,KIA,투수,,RP,28,1,0.27,87,1,,
2011,10011,박기남,KIA,타자,,3B,30,1,0.23,184,1,,
2011,10043,곽정철,KIA,투수,,RP,25,1,0.14,62,1,,
2011,10027,홍재호,KIA,타자,,3B,24,1,0.11,53,1,,
2011,10064,이상화,KIA,투수,,RP,31,2,0.03,42,1,,
2011,10696,홍건희,KIA,투수,,RP,19,3,-0.03,16,1,,
2011,10076,차정민,KIA,투수,,RP,29,1,-0.08,58,1,,
2011,10595,박성호,KIA,투수,,RP,25,1,-0.09,71,1,,
2011,10040,최훈락,KIA,타자,,RF,29,1,-0.3,54,1,,
2011,10050,박경태,KIA,투수,,RP,24,2,-0.46,163,1,,
2011,10650,김주형,KIA,타자,,1B,26,1,-0.74,300,1,,
2011,10463,조인성,LG,타자,,C,36,5,3.78,441,1,,
2011,10485,박용택,LG,타자,,DH,32,5,2.88,450,1,,
2011,10492,이진영,LG,타자,,RF,31,5,0.88,355,1,,
2011,10514,봉중근,LG,투수,,SP,31,5,0.15,49,1,,
2011,10491,이병규,LG,타자,,RF,37,4,4.84,519,1,,
2011,10670,주키치,LG,투수,Y,SP,29,4,3.36,563,1,,
2011,10479,정성훈,LG,타자,,3B,31,4,2.67,494,1,,
2011,10653,리즈,LG,투수,Y,SP,28,4,2.59,494,1,,
2011,10493,이택근,LG,타자,,CF,31,4,1.69,368,1,,
2011,10516,신정락,LG,투수,,RP,24,4,0.79,53,1,,
2011,10652,임찬규,LG,투수,,RP,19,4,0.79,248,1,,
2011,10475,오지환,LG,타자,,SS,21,4,0.42,180,1,,
2011,10604,유원상,LG,투수,,RP,25,3,-0.13,83,2,,
2011,10655,정의윤,LG,타자,,RF,25,3,-0.33,272,1,,
2011,10443,송신영,LG,투수,,RP,35,3,1.03,68,2,,
2011,10134,박현준,LG,투수,,SP,25,2,1.65,491,1,,
2011,10469,박경수,LG,타자,,2B,27,2,1.36,386,1,,
2011,10486,서동욱,LG,타자,,1B,27,2,1.18,359,1,,
2011,10490,이대형,LG,타자,,CF,28,2,0.89,398,1,,
2011,10449,이상열,LG,투수,,RP,34,3,0.51,132,1,,
2011,10501,김광삼,LG,투수,,SP,31,2,0.25,279,1,,
2011,10539,한희,LG,투수,,RP,22,2,2.53,202,1,,
2011,10467,김태완,LG,타자,,2B,30,1,1.47,246,1,,
2011,10128,김선규,LG,투수,,RP,25,2,0.85,200,1,,
2011,10477,이병규,LG,타자,,LF,28,2,0.72,112,1,,
2011,10536,최성민,LG,투수,,RP,21,1,0.57,64,1,,
2011,10081,윤요섭,LG,타자,,C,29,1,0.5,91,1,,
2011,10518,심수창,LG,투수,,SP,30,2,0.44,161,1,,
2011,10519,오상민,LG,투수,,RP,37,3,0.24,15,1,,
2011,10525,이범준,LG,투수,,RP,22,1,0.18,69,1,,
2011,10446,이대환,LG,투수,,RP,32,1,0.17,64,1,,
2011,10429,김성현,LG,투수,,RP,22,2,0.16,137,2,,
2011,10498,경헌호,LG,투수,,RP,34,2,0.15,21,1,,
2011,10502,김광수,LG,투수,,RP,30,2,0.14,58,1,,
2011,10473,백진우,LG,타자,,3B,23,1,0.07,40,1,,
2011,10487,손인호,LG,타자,,RF,36,2,0.04,51,1,,
2011,10459,김태군,LG,타자,,C,22,1,-0.01,53,1,,
2011,10503,김기표,LG,투수,,RP,28,4,-0.18,15,1,,
2011,10656,양영동,LG,타자,,LF,28,1,-0.23,83,1,,
2011,10310,심광호,LG,타자,,C,34,1,-0.42,39,1,,
2011,10524,이동현,LG,투수,,RP,28,3,-0.47,99,1,,
2011,10476,윤진호,LG,타자,,SS,25,1,-0.65,99,1,,
2011,10103,정근우,SK,타자,,2B,29,5,3.43,385,1,,
2011,10323,박진만,SK,타자,,SS,35,5,3.07,340,1,,
2011,10101,이호준,SK,타자,,1B,35,5,1.09,417,1,,
2011,10126,김광현,SK,투수,,SP,23,5,0.29,223,1,,
2011,10106,최정,SK,타자,,3B,24,5,5.62,488,1,,
2011,10156,정우람,SK,투수,,RP,26,4,4.18,283,1,,
2011,10154,정대현,SK,투수,,CL,33,5,2.44,164,1,,
2011,10083,정상호,SK,타자,,C,29,2,1.83,401,1,,
2011,10137,송은범,SK,투수,,SP,27,4,1.58,236,1,,5→4
2011,10125,글로버,SK,투수,Y,SP,35,4,1.18,363,1,,
2011,10669,매그레인,SK,투수,Y,SP,33,4,0.25,161,1,,
2011,10113,박재홍,SK,타자,,DH,38,4,-0.35,187,1,,
2011,10108,김강민,SK,타자,,CF,29,5,2.06,310,1,,
2011,10152,전병두,SK,투수,,RP,27,3,1.44,277,1,,
2011,10715,고든,SK,투수,Y,SP,33,3,1.39,227,1,,
2011,10112,박재상,SK,타자,,LF,29,2,1.36,352,1,,
2011,10147,이승호,SK,투수,,RP,30,5,1.28,193,1,,
2011,10096,박정권,SK,타자,,1B,30,4,1.03,507,1,,
2011,10124,고효준,SK,투수,,SP,28,2,1.2,317,1,,
2011,10121,조동화,SK,타자,,CF,30,2,0.8,345,1,,
2011,10488,안치용,SK,타자,,LF,32,1,3.73,267,1,,
2011,10135,박희수,SK,투수,,RP,28,1,2.46,201,1,,
2011,10139,엄정욱,SK,투수,,RP,30,1,2.15,152,1,,
2011,10104,최윤석,SK,타자,,SS,24,1,1.71,209,1,,
2011,10120,임훈,SK,타자,,RF,26,1,1.65,281,1,,
2011,10529,이재영,SK,투수,,RP,32,2,0.97,87,1,,
2011,10148,이승호,SK,투수,,RP,35,2,0.9,180,1,,
2011,10634,이영욱,SK,투수,,SP,31,2,0.73,200,1,,
2011,10481,최동수,SK,타자,,1B,40,2,0.48,199,1,,
2011,10713,임정우,SK,투수,,RP,20,1,0.43,17,1,,
2011,10133,김태훈,SK,투수,,RP,21,1,0.34,54,1,,
2011,10145,윤희상,SK,투수,,RP,26,1,0.29,140,1,,
2011,10465,권용관,SK,타자,,SS,35,1,0.25,68,1,,
2011,10153,전준호,SK,투수,,RP,36,2,0.24,30,1,,
2011,10131,박종훈,SK,투수,,RP,20,1,0.23,20,1,,
2011,10084,허웅,SK,타자,,C,28,1,0.09,53,1,,
2011,10085,최경철,SK,타자,,C,31,1,-0.02,33,1,,
2011,10089,김연훈,SK,타자,,SS,27,1,-1.1,170,1,,
2011,10412,송지만,넥센,타자,,LF,38,4,1.82,350,1,,
2011,10394,강정호,넥센,타자,,SS,24,4,3.73,504,1,,
2011,10658,알드리지,넥센,타자,Y,LF,32,4,2.62,480,1,,
2011,10443,송신영,넥센,투수,,RP,35,4,1.91,149,1,,
2011,10430,김수경,넥센,투수,,SP,32,3,1.81,207,1,,
2011,10360,나이트,넥센,투수,Y,SP,36,4,1.56,517,1,,
2011,10425,금민철,넥센,투수,,SP,25,2,-0.38,97,1,,
2011,10627,유한준,넥센,타자,,RF,30,2,2.67,511,1,,
2011,10442,손승락,넥센,투수,,CL,29,3,2.34,157,1,,
2011,10437,문성현,넥센,투수,,SP,20,2,2.23,392,1,,
2011,10448,이보근,넥센,투수,,RP,25,2,2.03,263,1,,
2011,10397,김민우,넥센,타자,,3B,32,2,1.96,535,1,,
2011,10238,김민성,넥센,타자,,2B,23,3,1.37,373,1,,
2011,10436,마정길,넥센,투수,,RP,32,3,1.16,145,1,,
2011,10296,이정훈,넥센,투수,,RP,34,2,1.02,157,1,,
2011,10445,오주원,넥센,투수,,RP,26,2,0.93,130,1,,
2011,10428,김성태,넥센,투수,,SP,29,2,0.81,269,1,,
2011,10402,이숭용,넥센,타자,,1B,40,4,0.27,172,1,,
2011,10429,김성현,넥센,투수,,SP,22,2,0.16,216,1,,
2011,10439,박승민,넥센,투수,,RP,34,2,-0.11,59,1,,
2011,10470,박병호,넥센,타자,,1B,25,1,1.55,213,1,,
2011,10406,조중근,넥센,타자,,1B,29,1,1.09,117,1,,
2011,10423,강윤구,넥센,투수,,SP,21,3,0.92,63,1,,
2011,10657,윤지웅,넥센,투수,,RP,23,2,0.38,86,1,,
2011,10416,장민석,넥센,타자,,LF,29,2,0.35,297,1,,
2011,10659,고종욱,넥센,타자,,CF,22,1,0.34,111,1,,
2011,10413,오윤,넥센,타자,,LF,30,1,0.22,149,1,,
2011,10400,오재일,넥센,타자,,1B,25,1,0.21,118,1,,
2011,10518,심수창,넥센,투수,,SP,30,2,0.09,168,2,,
2011,10681,이태양,넥센,투수,,RP,18,1,0.07,17,1,,
2011,10440,배힘찬,넥센,투수,,RP,28,1,0.04,46,1,,
2011,10683,지석훈,넥센,타자,,2B,27,1,-0.02,125,1,,
2011,10385,강귀태,넥센,타자,,C,32,1,-0.04,89,1,,
2011,10390,유선정,넥센,타자,,C,25,1,-0.05,50,1,,
2011,10453,장시환,넥센,투수,,RP,24,4,-0.05,19,1,,
2011,10431,김세현,넥센,투수,,SP,24,3,-0.11,68,1,,
2011,10685,김대우,넥센,투수,,RP,23,1,-0.11,81,1,,
2011,10259,박정준,넥센,타자,,LF,27,1,-0.16,107,1,,
2011,10438,박성훈,넥센,투수,,RP,29,1,-0.16,17,1,,
2011,10393,허준,넥센,타자,,C,30,1,-0.23,102,1,,
2011,10427,김상수,넥센,투수,,RP,23,3,-0.23,179,1,,
2011,10398,김일경,넥센,타자,,2B,33,1,-0.32,48,1,,
2011,10684,허도환,넥센,타자,,C,27,1,-0.37,191,1,,
2011,10404,장영석,넥센,타자,,3B,21,1,-0.43,89,1,,
2011,10408,강병식,넥센,타자,,RF,34,1,-0.93,189,1,,
2011,10200,김선우,두산,투수,,SP,34,5,4.47,527,1,,
2011,10187,김현수,두산,타자,,LF,23,5,3.89,561,1,,
2011,10173,김동주,두산,타자,,DH,35,5,3.88,483,1,,
2011,10192,이종욱,두산,타자,,CF,31,4,3.35,499,1,,
2011,10177,손시헌,두산,타자,,SS,31,5,2.52,351,1,,
2011,10641,니퍼트,두산,투수,Y,SP,30,4,6.05,561,1,,
2011,10225,정재훈,두산,투수,,RP,31,4,1.74,188,1,,
2011,10217,이용찬,두산,투수,,SP,22,4,1.52,387,1,,
2011,10222,임태훈,두산,투수,,RP,23,4,0.41,57,1,,
2011,10203,노경은,두산,투수,,RP,27,1,0.18,188,1,,
2011,10171,고영민,두산,타자,,2B,27,2,-0.21,208,1,,
2011,10642,이혜천,두산,투수,,RP,32,5,-0.32,102,1,,
2011,10174,김재호,두산,타자,,SS,26,3,-0.56,122,1,,
2011,10165,양의지,두산,타자,,C,24,2,3.33,438,1,,
2011,10198,김태영,두산,투수,,RP,31,2,1.06,191,1,,
2011,10196,고창성,두산,투수,,RP,27,3,0.54,152,1,,
2011,10679,페르난도,두산,투수,Y,SP,29,3,-0.18,235,1,,
2011,10178,오재원,두산,타자,,2B,26,2,3.75,529,1,,
2011,10195,정수빈,두산,타자,,CF,21,2,2.68,476,1,,
2011,10183,최준석,두산,타자,,DH,28,4,2.35,485,1,Y,
2011,10193,임재철,두산,타자,,RF,35,2,0.94,105,1,,
2011,10221,이현승,두산,투수,,RP,28,3,0.5,224,1,,2→3
2011,10168,이성열,두산,타자,,DH,27,2,0.45,246,1,,
2011,10180,이원석,두산,타자,,3B,25,2,0.3,311,1,,
2011,10644,윤석민,두산,타자,,1B,26,1,0.91,188,1,,
2011,10690,김강률,두산,투수,,RP,23,1,0.52,76,1,,
2011,10202,김승회,두산,투수,,SP,30,2,0.32,196,1,,
2011,10207,서동환,두산,투수,,RP,25,1,0.3,66,1,,
2011,10223,장민익,두산,투수,,RP,20,1,0.26,26,1,,
2011,10730,양현,두산,투수,,RP,19,1,0.02,15,1,,
2011,10671,김창훈,두산,투수,,RP,26,1,-0.05,38,1,,
2011,10227,조승수,두산,투수,,RP,21,1,-0.14,16,1,,
2011,10230,홍상삼,두산,투수,,SP,21,1,-0.14,64,1,,
2011,10201,김성배,두산,투수,,RP,30,2,-0.27,156,1,,
2011,10169,최승환,두산,타자,,C,33,1,-0.42,37,1,,
2011,10166,용덕한,두산,타자,,C,30,1,-0.43,52,1,,
2011,10643,김재환,두산,타자,,1B,23,3,-0.43,56,1,,
2011,10645,정진호,두산,타자,,CF,23,1,-0.44,37,1,,
2011,10729,안규영,두산,투수,,RP,23,1,-0.44,67,1,,
2011,10251,이대호,롯데,타자,,1B,29,5,5.14,570,1,,
2011,10256,홍성흔,롯데,타자,,DH,34,5,3.74,535,1,,
2011,10282,사도스키,롯데,투수,Y,SP,29,5,3.35,421,1,,
2011,10254,조성환,롯데,타자,,2B,35,4,-0.17,459,1,Y,
2011,10299,장원준,롯데,투수,,SP,26,4,5.38,542,1,,
2011,10232,강민호,롯데,타자,,C,26,4,4.14,506,1,,
2011,10285,송승준,롯데,투수,,SP,31,4,3.68,517,1,,
2011,10269,강영식,롯데,투수,,RP,30,4,1.26,123,1,,
2011,10261,손아섭,롯데,타자,,RF,23,2,4.23,492,1,,
2011,10424,고원준,롯데,투수,,SP,21,2,2.93,458,1,,
2011,10646,코리,롯데,투수,Y,RP,38,3,0.97,217,1,,
2011,10714,부첵,롯데,투수,Y,SP,33,3,0.56,160,1,,
2011,10266,전준우,롯데,타자,,CF,25,2,2.94,601,1,,
2011,10239,김주찬,롯데,타자,,CF,30,2,1.98,371,1,,
2011,10407,황재균,롯데,타자,,3B,24,2,1.77,458,1,,
2011,10298,임경완,롯데,투수,,RP,36,2,1.77,197,1,,
2011,10240,문규현,롯데,타자,,SS,28,2,0.51,379,1,,
2011,10281,배장호,롯데,투수,,RP,24,2,-0.1,26,1,,
2011,10293,이재곤,롯데,투수,,RP,23,2,-0.62,170,1,,
2011,10272,김사율,롯데,투수,,CL,31,2,1.92,199,1,,
2011,10276,김일엽,롯데,투수,,RP,31,1,0.5,86,1,,
2011,10290,이명우,롯데,투수,,RP,29,2,0.45,67,1,,
2011,10235,장성우,롯데,타자,,C,21,1,0.4,73,1,,
2011,10263,이인구,롯데,타자,,CF,31,1,0.4,182,1,,
2011,10247,손용석,롯데,타자,,3B,24,3,0.39,71,1,,
2011,10306,허준혁,롯데,투수,,RP,26,1,0.3,56,1,,
2011,10295,이정민,롯데,투수,,RP,32,2,0.27,29,1,,
2011,10301,진명호,롯데,투수,,RP,22,3,0.25,144,1,,
2011,10253,정훈,롯데,타자,,2B,24,1,0.21,41,1,,
2011,10243,박종윤,롯데,타자,,1B,29,1,-0.11,162,1,,
2011,10267,황동채,롯데,타자,,LF,28,1,-0.12,77,1,,
2011,10680,김명성,롯데,투수,,RP,23,1,-0.13,23,1,,
2011,10647,김수완,롯데,투수,,RP,22,1,-0.21,105,1,,
2011,10248,양종민,롯데,타자,,3B,21,1,-0.23,64,1,,
2011,11398,이우민,롯데,타자,,LF,29,1,-0.65,90,1,,
2011,10381,차우찬,삼성,투수,,SP,24,3,2.22,446,1,,
2011,10336,박한이,삼성,타자,,RF,32,5,2.13,506,1,,
2011,10375,장원삼,삼성,투수,,SP,28,4,1.72,345,1,,
2011,10163,카도쿠라,삼성,투수,Y,SP,38,5,0.29,259,1,,
2011,10362,배영수,삼성,투수,,SP,30,5,0.25,309,1,,
2011,10344,최형우,삼성,타자,,LF,28,4,7.86,571,1,,
2011,10320,김상수,삼성,타자,,SS,21,4,3.83,476,1,,
2011,10322,박석민,삼성,타자,,3B,26,2,3.78,537,1,,
2011,10367,오승환,삼성,투수,,CL,29,4,3.78,171,1,,
2011,10314,진갑용,삼성,타자,,C,37,4,2.86,331,1,,
2011,10377,정현욱,삼성,투수,,RP,33,4,2.61,217,1,,
2011,10364,안지만,삼성,투수,,RP,28,4,2.66,258,1,,
2011,10774,매티스,삼성,투수,Y,SP,28,3,2.38,193,1,,
2011,10351,권혁,삼성,투수,,RP,28,3,1.27,145,1,,
2011,10775,저마노,삼성,투수,Y,SP,29,3,1.27,136,1,,
2011,10638,가코,삼성,타자,Y,DH,30,3,-0.93,220,1,,
2011,10376,정인욱,삼성,투수,,RP,21,2,3.15,240,1,,
2011,10368,윤성환,삼성,투수,,SP,30,3,2.77,412,1,,
2011,10337,배영섭,삼성,타자,,CF,25,2,1.91,384,1,,
2011,10331,채태인,삼성,타자,,1B,29,3,0.82,218,1,,
2011,10332,강봉규,삼성,타자,,LF,33,2,0.64,168,1,,
2011,10329,조동찬,삼성,타자,,3B,28,3,0.24,235,1,,
2011,10327,신명철,삼성,타자,,2B,33,2,-0.4,382,1,,
2011,10350,권오준,삼성,투수,,RP,31,2,1.48,145,1,,
2011,10371,이우선,삼성,투수,,RP,28,2,1.45,153,1,,
2011,10330,조영훈,삼성,타자,,1B,29,1,0.83,280,1,,
2011,10342,이영욱,삼성,타자,,CF,26,2,0.64,234,1,,
2011,10343,정형식,삼성,타자,,CF,20,1,0.38,88,1,,
2011,10637,임현준,삼성,투수,,RP,23,1,0.33,52,1,,
2011,10374,임진우,삼성,투수,,RP,24,1,0.24,43,1,,
2011,10317,현재윤,삼성,타자,,C,32,1,0.2,70,1,,
2011,10319,강명구,삼성,타자,,2B,31,1,-0.02,66,1,,
2011,10315,채상병,삼성,타자,,C,32,1,-0.09,124,1,,
2011,10361,박민규,삼성,투수,,RP,21,1,-0.09,20,1,,
2011,10694,모상기,삼성,타자,,1B,24,1,-0.12,85,1,,
2011,10325,손주인,삼성,타자,,2B,28,1,-0.31,122,1,,
2011,10590,류현진,한화,투수,,SP,24,5,2.82,378,1,,
2011,10032,장성호,한화,타자,,1B,34,4,1.96,478,1,,
2011,10698,바티스타,한화,투수,Y,RP,31,4,1.62,107,1,,
2011,10258,가르시아,한화,타자,Y,RF,36,4,1.44,292,1,,
2011,10589,데폴라,한화,투수,Y,RP,29,4,0.09,133,1,,
2011,10598,송창식,한화,투수,,RP,26,1,-0.1,183,1,,
2011,10604,유원상,한화,투수,,RP,25,3,-0.13,106,1,,
2011,10678,유창식,한화,투수,,RP,19,4,-0.72,117,1,,
2011,10564,강동우,한화,타자,,RF,37,3,3.99,599,1,,
2011,10661,오넬리,한화,투수,Y,RP,28,3,0.08,88,1,,
2011,10558,이대수,한화,타자,,SS,30,2,4.25,420,1,,
2011,10578,최진행,한화,타자,,DH,26,2,3.26,511,1,,
2011,10663,한상훈,한화,타자,,2B,31,2,2.92,485,1,,
2011,10596,박정진,한화,투수,,RP,35,2,2.33,258,1,,
2011,10602,양훈,한화,투수,,SP,25,2,1.86,429,1,,
2011,10587,김혁민,한화,투수,,SP,24,2,0.76,386,1,,
2011,10592,마일영,한화,투수,,RP,30,2,0.12,209,1,,
2011,10610,장민재,한화,투수,,SP,21,2,-0.15,263,1,,
2011,10560,이여상,한화,타자,,3B,27,2,-0.18,372,1,,
2011,10606,윤규진,한화,투수,,RP,27,2,-0.3,57,1,,
2011,10629,안승민,한화,투수,,SP,20,2,-0.43,417,1,,
2011,10607,윤근영,한화,투수,,RP,25,1,0.58,77,1,,
2011,10028,김경언,한화,타자,,CF,29,2,0.57,204,1,,
2011,10542,신경현,한화,타자,,C,36,2,0.56,267,1,,
2011,10573,이양기,한화,타자,,LF,30,1,0.52,164,1,,
2011,10666,고동진,한화,타자,,RF,31,2,0.48,222,1,,
2011,10562,정원석,한화,타자,,1B,34,1,0.46,291,1,,
2011,10541,박노민,한화,타자,,C,26,1,0.37,81,1,,
2011,10502,김광수,한화,투수,,RP,30,2,0.3,55,2,,
2011,10561,전현태,한화,타자,,2B,25,1,0.23,87,1,,
2011,10662,나성용,한화,타자,,DH,23,1,0.23,42,1,,
2011,10697,안영진,한화,투수,,RP,28,1,0.17,17,1,,
2011,10665,오재필,한화,타자,,LF,29,1,0.14,98,1,,
2011,10544,이희근,한화,타자,,C,26,1,-0.02,138,1,,
2011,10664,백승룡,한화,타자,,SS,29,1,-0.03,64,1,,
2011,10579,추승우,한화,타자,,CF,32,1,-0.16,49,1,,
2011,10599,신주영,한화,투수,,RP,27,1,-0.21,105,1,,
2011,10554,김회성,한화,타자,,3B,26,1,-0.24,59,1,,
2011,10693,정민혁,한화,투수,,RP,28,1,-0.24,29,1,,
2011,10614,정재원,한화,투수,,RP,27,1,-0.45,81,1,,
2011,10557,오선진,한화,타자,,3B,22,1,-0.48,120,1,,
2012,10053,서재응,KIA,투수,,SP,35,4,4.73,480,1,,
2012,10035,이용규,KIA,타자,,CF,27,5,4.18,580,1,,
2012,10061,윤석민,KIA,투수,,SP,26,5,3.25,459,1,,
2012,10559,이범호,KIA,타자,,3B,31,5,1.65,171,1,,
2012,10025,최희섭,KIA,타자,,1B,33,4,1.49,301,1,,3→4
2012,10007,김상현,KIA,타자,,3B,32,4,0.44,126,1,,
2012,10014,안치홍,KIA,타자,,2B,22,4,3.99,558,1,,
2012,10695,김진우,KIA,투수,,SP,29,2,3.44,401,1,,
2012,10933,소사,KIA,투수,Y,SP,27,4,2.68,442,1,,
2012,10794,앤서니,KIA,투수,Y,SP,30,4,1.91,515,1,,
2012,10077,한기주,KIA,투수,,RP,25,2,0.36,59,1,,
2012,10058,양현종,KIA,투수,,RP,24,2,0.01,123,1,Y,
2012,10001,김상훈,KIA,타자,,C,35,4,-0.19,192,1,,
2012,10812,한승혁,KIA,투수,,RP,19,3,-0.21,40,1,,
2012,10008,김선빈,KIA,타자,,SS,23,2,4.81,532,1,,
2012,10926,라미레즈,KIA,투수,Y,RP,33,3,0.18,35,1,,
2012,10054,손영민,KIA,투수,,RP,25,3,-0.26,46,1,,
2012,10029,김원섭,KIA,타자,,LF,34,2,4.06,472,1,,
2012,10030,나지완,KIA,타자,,LF,27,2,2.89,480,1,,
2012,10005,차일목,KIA,타자,,C,31,2,0.68,251,1,,
2012,10011,박기남,KIA,타자,,3B,31,1,1.85,274,1,,
2012,10789,박지훈,KIA,투수,,RP,23,2,1.11,184,1,,
2012,10814,홍성민,KIA,투수,,RP,23,2,1.1,168,1,,
2012,10800,한성구,KIA,타자,,C,24,1,0.6,33,1,,
2012,10816,윤해진,KIA,타자,,SS,23,1,0.31,101,1,,
2012,10703,이준호,KIA,타자,,LF,25,1,0.24,295,1,,
2012,10027,홍재호,KIA,타자,,SS,25,1,0.19,107,1,,
2012,10743,최향남,KIA,투수,,RP,41,2,0.19,61,1,,
2012,10060,유동훈,KIA,투수,,RP,35,3,0.03,102,1,,
2012,10040,최훈락,KIA,타자,,RF,30,1,0,35,1,,
2012,10042,고우석,KIA,투수,,RP,28,1,0,20,1,,
2012,10819,황정립,KIA,타자,,1B,23,1,-0.04,57,1,,
2012,10787,김종훈,KIA,투수,,RP,23,1,-0.05,17,1,,
2012,10330,조영훈,KIA,타자,,1B,30,1,-0.07,214,2,,
2012,10793,신창호,KIA,투수,,RP,25,1,-0.18,20,1,,
2012,10045,김건한,KIA,투수,,RP,31,2,-0.3,53,1,,
2012,10075,진해수,KIA,투수,,RP,26,2,-0.33,123,1,,
2012,10056,심동섭,KIA,투수,,RP,21,3,-0.38,52,1,,
2012,10050,박경태,KIA,투수,,RP,25,1,-0.53,103,1,,
2012,10031,신종길,KIA,타자,,RF,29,1,-0.56,92,1,,
2012,10796,송산,KIA,타자,,C,30,1,-0.73,90,1,,
2012,10650,김주형,KIA,타자,,1B,27,1,-0.83,129,1,,
2012,10485,박용택,LG,타자,,CF,33,5,4.82,556,1,,
2012,10670,주키치,LG,투수,Y,SP,30,5,3.14,532,1,,
2012,10514,봉중근,LG,투수,,CL,32,3,2.02,114,1,,
2012,10479,정성훈,LG,타자,,3B,32,4,4.72,438,1,,
2012,10475,오지환,LG,타자,,SS,22,4,2.94,540,1,,
2012,10492,이진영,LG,타자,,RF,32,4,2.92,412,1,,
2012,10604,유원상,LG,투수,,RP,26,2,2.53,222,1,,
2012,10653,리즈,LG,투수,Y,SP,29,4,2.25,454,1,,
2012,10491,이병규,LG,타자,,RF,38,4,0.74,455,1,,
2012,10652,임찬규,LG,투수,,RP,20,4,0.43,167,1,,
2012,10523,우규민,LG,투수,,RP,27,2,1.39,278,1,,
2012,10449,이상열,LG,투수,,RP,35,4,0.85,167,1,,
2012,10851,최성훈,LG,투수,,RP,23,2,0.47,220,1,,
2012,10501,김광삼,LG,투수,,SP,32,2,0.06,313,1,,
2012,10528,이승우,LG,투수,,SP,24,2,-0.51,247,1,,
2012,10477,이병규,LG,타자,,LF,29,2,3.08,270,1,,
2012,10524,이동현,LG,투수,,RP,29,2,1.37,170,1,,
2012,10921,신재웅,LG,투수,,SP,30,1,1.17,173,1,,
2012,10081,윤요섭,LG,타자,,C,30,1,1.03,196,1,,
2012,10655,정의윤,LG,타자,,RF,26,2,0.71,256,1,Y,
2012,10503,김기표,LG,투수,,RP,29,1,0.57,80,1,,
2012,10507,류택현,LG,투수,,RP,41,3,0.54,73,1,,
2012,10481,최동수,LG,타자,,1B,41,2,0.37,287,1,,
2012,10467,김태완,LG,타자,,2B,31,1,0.17,168,1,,
2012,10398,김일경,LG,타자,,2B,34,1,0.06,94,1,,
2012,10446,이대환,LG,투수,,RP,33,1,0.05,23,1,,
2012,10656,양영동,LG,타자,,LF,29,1,0.02,82,1,,
2012,10539,한희,LG,투수,,RP,23,2,0,61,1,,
2012,10532,정재복,LG,투수,,SP,31,2,-0.04,91,1,,
2012,10486,서동욱,LG,타자,,2B,28,1,-0.05,324,1,,
2012,10128,김선규,LG,투수,,RP,26,2,-0.06,47,1,,
2012,10466,김용의,LG,타자,,CF,27,1,-0.1,219,1,,
2012,10761,이희성,LG,투수,,RP,24,1,-0.11,16,1,,
2012,10310,심광호,LG,타자,,C,35,1,-0.13,82,1,,
2012,10934,최영진,LG,타자,,1B,24,1,-0.18,87,1,,
2012,10854,조윤준,LG,타자,,C,23,1,-0.27,47,1,,
2012,10713,임정우,LG,투수,,RP,21,1,-0.4,125,1,,
2012,10929,김재율,LG,타자,,1B,23,1,-0.51,41,1,,
2012,10459,김태군,LG,타자,,C,23,1,-0.58,175,1,,
2012,10490,이대형,LG,타자,,CF,29,2,-0.96,291,1,,
2012,10106,최정,SK,타자,,3B,25,5,6.23,553,1,,
2012,10101,이호준,SK,타자,,1B,36,5,4.95,504,1,,
2012,10103,정근우,SK,타자,,2B,30,5,3.27,534,1,,
2012,10463,조인성,SK,타자,,C,37,5,2.67,307,1,,
2012,10323,박진만,SK,타자,,SS,36,4,0.95,161,1,,
2012,10126,김광현,SK,투수,,SP,24,3,0.48,245,1,,
2012,10782,마리오,SK,투수,Y,SP,28,4,1.89,286,1,,
2012,10156,정우람,SK,투수,,CL,27,4,1.78,147,1,,
2012,10161,채병용,SK,투수,,SP,30,4,1.57,188,1,,
2012,10137,송은범,SK,투수,,SP,28,3,1.3,293,1,,
2012,10083,정상호,SK,타자,,C,30,2,0.94,206,1,,
2012,10113,박재홍,SK,타자,,RF,39,3,0.65,120,1,,
2012,10937,부시,SK,투수,Y,SP,33,4,0.37,244,1,,
2012,10048,로페즈,SK,투수,Y,SP,37,4,0.36,84,1,,
2012,10108,김강민,SK,타자,,CF,30,4,1.94,474,1,,3→4
2012,10135,박희수,SK,투수,,RP,29,2,4.06,246,1,,
2012,10145,윤희상,SK,투수,,SP,27,2,3.15,490,1,,
2012,10206,박정배,SK,투수,,RP,30,2,1.7,232,1,,
2012,10096,박정권,SK,타자,,1B,31,3,1.48,472,1,,
2012,10139,엄정욱,SK,투수,,RP,31,2,1.19,169,1,,
2012,10488,안치용,SK,타자,,LF,33,2,1.17,232,1,,
2012,10120,임훈,SK,타자,,RF,27,2,0.35,348,1,,
2012,10298,임경완,SK,투수,,RP,37,4,-0.1,95,1,Y,
2012,10138,신승현,SK,투수,,RP,29,2,-0.18,18,1,,
2012,10636,김성현,SK,타자,,SS,25,1,1.23,191,1,,
2012,10104,최윤석,SK,타자,,SS,25,1,1.08,213,1,,
2012,10529,이재영,SK,투수,,RP,33,2,0.56,195,1,,
2012,10082,이재원,SK,타자,,C,24,1,0.53,33,1,,
2012,10617,최영필,SK,투수,,RP,38,1,0.37,159,1,,
2012,10841,전유수,SK,투수,,RP,26,1,0.34,106,1,,
2012,10305,허준혁,SK,투수,,RP,22,2,0.27,49,1,,
2012,10093,모창민,SK,타자,,3B,27,1,0.14,36,1,,
2012,10121,조동화,SK,타자,,CF,31,2,0.11,77,1,,
2012,10788,임치영,SK,투수,,RP,24,1,0.11,31,1,,
2012,10157,제춘모,SK,투수,,RP,30,1,0.01,55,1,,
2012,10634,이영욱,SK,투수,,SP,32,2,-0.03,97,1,,
2012,10112,박재상,SK,타자,,LF,30,2,-0.24,322,1,,
2012,10133,김태훈,SK,투수,,RP,22,1,-0.31,26,1,,
2012,10131,박종훈,SK,투수,,SP,21,1,-0.38,54,1,,
2012,10111,김재현,SK,타자,,LF,25,1,-0.58,93,1,,
2012,10493,이택근,넥센,타자,,CF,32,5,2.7,391,1,,
2012,10843,김병현,넥센,투수,,SP,33,5,-0.4,186,1,,
2012,10412,송지만,넥센,타자,,LF,39,4,-0.44,46,1,,
2012,10394,강정호,넥센,타자,,SS,25,3,8.31,519,1,,
2012,10360,나이트,넥센,투수,Y,SP,37,5,6.89,626,1,,
2012,10844,밴헤켄,넥센,투수,Y,SP,33,4,3.47,510,1,,
2012,10863,한현희,넥센,투수,,RP,19,2,1.57,208,1,,
2012,10430,김수경,넥센,투수,,RP,33,4,0.48,38,1,,
2012,10470,박병호,넥센,타자,,1B,26,3,6.53,560,1,,
2012,10437,문성현,넥센,투수,,RP,21,2,0.22,115,1,,
2012,10855,서건창,넥센,타자,,2B,23,2,4.78,501,1,,
2012,10416,장민석,넥센,타자,,LF,30,2,2.34,475,1,,
2012,10442,손승락,넥센,투수,,CL,30,2,1.88,151,1,,
2012,10423,강윤구,넥센,투수,,SP,22,3,1.76,377,1,,
2012,10397,김민우,넥센,타자,,3B,33,2,0.94,230,1,,
2012,10431,김세현,넥센,투수,,SP,25,2,0.57,363,1,,
2012,10445,오주원,넥센,투수,,RP,27,2,0.05,78,1,,
2012,10448,이보근,넥센,투수,,RP,26,2,-0.06,123,1,,
2012,10627,유한준,넥센,타자,,RF,31,2,-0.11,274,1,,
2012,10168,이성열,넥센,타자,,DH,28,2,-0.58,158,2,,
2012,10238,김민성,넥센,타자,,3B,24,3,1.74,254,1,,
2012,10438,박성훈,넥센,투수,,RP,30,2,1.59,143,1,,
2012,10419,정수성,넥센,타자,,CF,34,1,0.79,244,1,,
2012,10413,오윤,넥센,타자,,LF,31,1,0.45,208,1,,
2012,10085,최경철,넥센,타자,,C,32,1,0.37,137,1,,
2012,10401,유재신,넥센,타자,,3B,25,1,0.31,96,1,,
2012,10427,김상수,넥센,투수,,RP,24,3,0.29,137,1,,
2012,10453,장시환,넥센,투수,,RP,25,1,0.22,183,1,,
2012,10864,박종윤,넥센,투수,,RP,19,1,0.16,18,1,,
2012,10860,문우람,넥센,타자,,LF,20,1,0.13,71,1,,
2012,10408,강병식,넥센,타자,,RF,35,1,0.02,36,1,,
2012,10410,박헌도,넥센,타자,,LF,25,1,0.01,42,1,,
2012,10684,허도환,넥센,타자,,C,28,1,-0.02,237,1,,
2012,10867,지재옥,넥센,타자,,C,24,1,-0.04,66,1,,
2012,10296,이정훈,넥센,투수,,RP,35,2,-0.1,133,1,,
2012,10432,김건태,넥센,투수,,RP,21,1,-0.14,30,1,,
2012,10683,지석훈,넥센,타자,,2B,28,1,-0.32,121,1,,
2012,10400,오재일,넥센,타자,,1B,26,1,-0.69,146,1,,
2012,10518,심수창,넥센,투수,,RP,31,2,-0.7,122,1,,
2012,10406,조중근,넥센,타자,,1B,30,1,-0.9,112,1,,
2012,10641,니퍼트,두산,투수,Y,SP,31,5,4.47,582,1,,
2012,10187,김현수,두산,타자,,LF,24,5,3.19,491,1,,
2012,10192,이종욱,두산,타자,,CF,32,4,1.66,497,1,,
2012,10177,손시헌,두산,타자,,SS,32,4,1,312,1,,
2012,10173,김동주,두산,타자,,DH,36,5,0.94,245,1,,
2012,10200,김선우,두산,투수,,SP,35,5,0.5,490,1,,
2012,10203,노경은,두산,투수,,SP,28,2,4.14,438,1,,
2012,10217,이용찬,두산,투수,,SP,23,4,3.78,486,1,,
2012,10919,프록터,두산,투수,Y,CL,35,4,1.79,166,1,,
2012,10174,김재호,두산,타자,,SS,27,1,0.1,200,1,,
2012,10222,임태훈,두산,투수,,RP,24,3,-0.02,151,1,,
2012,10642,이혜천,두산,투수,,RP,33,4,-0.71,116,1,,
2012,10165,양의지,두산,타자,,C,25,2,2.71,416,1,,
2012,10178,오재원,두산,타자,,2B,27,2,1.44,213,1,,
2012,10195,정수빈,두산,타자,,CF,22,2,0.59,357,1,,
2012,10183,최준석,두산,타자,,DH,29,3,0.22,278,1,,2→3
2012,10171,고영민,두산,타자,,2B,28,2,1.15,173,1,,
2012,10180,이원석,두산,타자,,3B,26,2,1.12,372,1,,
2012,10202,김승회,두산,투수,,SP,31,2,0.82,361,1,,
2012,10168,이성열,두산,타자,,DH,28,2,0.71,140,1,,
2012,10198,김태영,두산,투수,,RP,32,2,0.4,51,1,,
2012,10193,임재철,두산,타자,,RF,36,4,-0.3,148,1,,
2012,10196,고창성,두산,투수,,RP,28,2,-0.38,47,1,,
2012,10230,홍상삼,두산,투수,,RP,22,2,2.07,196,1,,
2012,10182,최주환,두산,타자,,3B,24,1,1.81,238,1,,
2012,10644,윤석민,두산,타자,,1B,27,1,1.44,320,1,,
2012,10882,변시원,두산,투수,,RP,19,1,1.36,95,1,,
2012,10690,김강률,두산,투수,,RP,24,1,0.9,103,1,,
2012,10671,김창훈,두산,투수,,RP,27,1,0.81,65,1,,
2012,10400,오재일,두산,타자,,1B,26,1,0.28,82,2,,
2012,10729,안규영,두산,투수,,RP,24,1,0.19,41,1,,
2012,10170,최재훈,두산,타자,,C,23,1,0.13,104,1,,
2012,10643,김재환,두산,타자,,1B,24,3,-0.07,43,1,,
2012,10645,정진호,두산,타자,,CF,24,1,-0.07,84,1,,
2012,10184,허경민,두산,타자,,3B,22,3,-0.08,173,1,,
2012,10224,정대현,두산,투수,,RP,21,1,-0.13,109,1,,
2012,10207,서동환,두산,투수,,RP,26,1,-0.34,44,1,,
2012,10256,홍성흔,롯데,타자,,DH,35,5,4.48,443,1,,
2012,10232,강민호,롯데,타자,,C,27,5,4.41,454,1,,
2012,10154,정대현,롯데,투수,,RP,34,5,1.8,85,1,,
2012,10828,유먼,롯데,투수,Y,SP,33,4,5.71,539,1,,
2012,10261,손아섭,롯데,타자,,RF,24,4,3.43,556,1,Y,
2012,10285,송승준,롯데,투수,,SP,32,4,2.96,489,1,,
2012,10239,김주찬,롯데,타자,,CF,31,4,2.44,488,1,,
2012,10282,사도스키,롯데,투수,Y,SP,30,4,1.94,450,1,,
2012,10147,이승호,롯데,투수,,RP,31,3,0.69,146,1,,
2012,10269,강영식,롯데,투수,,RP,31,4,0.66,125,1,,
2012,10254,조성환,롯데,타자,,2B,36,4,1.82,390,1,Y,
2012,10424,고원준,롯데,투수,,SP,22,2,0.83,286,1,,
2012,10266,전준우,롯데,타자,,CF,26,2,0.78,520,1,,
2012,10291,이용훈,롯데,투수,,SP,35,2,2,305,1,,
2012,10407,황재균,롯데,타자,,3B,25,2,1.53,504,1,,
2012,10272,김사율,롯데,투수,,CL,32,2,1.22,136,1,,
2012,10243,박종윤,롯데,타자,,1B,30,2,0.08,459,1,,
2012,10290,이명우,롯데,투수,,RP,30,2,1.71,158,1,,
2012,10301,진명호,롯데,투수,,RP,23,3,1.49,180,1,,
2012,10201,김성배,롯데,투수,,RP,31,2,1.3,160,1,,
2012,10242,박준서,롯데,타자,,2B,31,1,1.25,207,1,,
2012,10302,최대성,롯데,투수,,RP,27,2,1.06,203,1,,
2012,10306,허준혁,롯데,투수,,RP,27,1,0.58,23,1,,
2012,10647,김수완,롯데,투수,,RP,23,1,0.5,122,1,,
2012,10166,용덕한,롯데,타자,,C,31,1,0.45,77,1,,
2012,10247,손용석,롯데,타자,,3B,25,1,0.22,70,1,,
2012,11398,이우민,롯데,타자,,LF,30,1,0.14,101,1,,
2012,10295,이정민,롯데,투수,,RP,33,2,0.04,99,1,,
2012,10252,정보명,롯데,타자,,DH,32,2,-0.18,34,1,,
2012,10293,이재곤,롯데,투수,,RP,24,1,-0.18,23,1,,
2012,10648,김문호,롯데,타자,,LF,25,1,-0.25,95,1,,
2012,10253,정훈,롯데,타자,,2B,25,1,-0.32,137,1,,
2012,10240,문규현,롯데,타자,,SS,29,1,-0.44,277,1,,
2012,10267,황동채,롯데,타자,,LF,29,1,-0.53,66,1,,
2012,10840,신본기,롯데,타자,,SS,23,1,-0.68,67,1,,
2012,10881,이승엽,삼성,타자,,1B,36,5,4.97,556,1,,
2012,10362,배영수,삼성,투수,,SP,31,5,3.51,480,1,,
2012,10336,박한이,삼성,타자,,RF,33,5,3.03,463,1,,
2012,10344,최형우,삼성,타자,,LF,29,5,1.81,531,1,,
2012,10322,박석민,삼성,타자,,3B,27,3,6.38,549,1,,
2012,10368,윤성환,삼성,투수,,SP,31,4,3.58,342,1,,
2012,10314,진갑용,삼성,타자,,C,38,4,3.51,349,1,,
2012,10375,장원삼,삼성,투수,,SP,29,3,3.31,471,1,,
2012,10364,안지만,삼성,투수,,RP,29,4,2.9,190,1,,
2012,10320,김상수,삼성,타자,,SS,22,4,2.74,489,1,,
2012,10367,오승환,삼성,투수,,CL,30,5,2.36,167,1,,
2012,10880,탈보트,삼성,투수,Y,SP,29,4,2.22,415,1,,
2012,10715,고든,삼성,투수,Y,SP,34,4,1.78,384,1,,
2012,10720,심창민,삼성,투수,,RP,19,4,1.73,118,1,,
2012,10377,정현욱,삼성,투수,,RP,34,4,1.32,188,1,,
2012,10341,우동균,삼성,타자,,RF,23,4,-0.05,60,1,,
2012,10381,차우찬,삼성,투수,,SP,25,2,-0.44,251,1,,
2012,10351,권혁,삼성,투수,,RP,29,3,1.2,148,1,,
2012,10376,정인욱,삼성,투수,,RP,22,2,0.91,76,1,,
2012,10329,조동찬,삼성,타자,,3B,29,2,2.69,313,1,,
2012,10337,배영섭,삼성,타자,,CF,26,2,1.74,479,1,,
2012,10327,신명철,삼성,타자,,2B,34,3,-0.07,112,1,,
2012,10350,권오준,삼성,투수,,RP,32,3,1.1,128,1,,
2012,10343,정형식,삼성,타자,,CF,21,1,1.05,325,1,,
2012,10332,강봉규,삼성,타자,,LF,34,3,0.84,274,1,,
2012,10312,이지영,삼성,타자,,C,26,1,0.83,145,1,,
2012,10359,김효남,삼성,투수,,RP,29,1,0.51,49,1,,
2012,11112,박근홍,삼성,투수,,RP,27,1,0.37,21,1,,
2012,10325,손주인,삼성,타자,,2B,29,1,0.33,167,1,,
2012,10371,이우선,삼성,투수,,RP,29,2,0.27,17,1,,
2012,10045,김건한,삼성,투수,,RP,31,2,0.18,49,2,,
2012,10374,임진우,삼성,투수,,RP,25,1,0.05,37,1,,
2012,10331,채태인,삼성,타자,,1B,30,2,-0.01,159,1,,
2012,10718,김기태,삼성,투수,,SP,25,1,-0.06,15,1,,
2012,10311,이정식,삼성,타자,,C,31,1,-0.08,64,1,,
2012,10330,조영훈,삼성,타자,,1B,30,1,-0.13,48,1,,
2012,10552,김태균,한화,타자,,1B,30,5,7.11,513,1,,
2012,10590,류현진,한화,투수,,SP,25,5,5.55,548,1,,
2012,10032,장성호,한화,타자,,1B,35,3,2.7,501,1,,
2012,10598,송창식,한화,투수,,RP,27,2,2.17,223,1,,
2012,10698,바티스타,한화,투수,Y,SP,32,4,1.74,258,1,,
2012,10564,강동우,한화,타자,,RF,38,3,1.03,290,1,,
2012,10678,유창식,한화,투수,,SP,20,4,0.71,334,1,,
2012,10443,송신영,한화,투수,,RP,36,4,-0.12,71,1,,
2012,10913,하주석,한화,타자,,SS,18,3,-0.43,141,1,,
2012,10558,이대수,한화,타자,,SS,31,3,3.25,425,1,,
2012,10578,최진행,한화,타자,,DH,27,2,2.95,471,1,,
2012,10936,션헨,한화,투수,Y,RP,31,3,-0.39,45,1,,
2012,10587,김혁민,한화,투수,,SP,25,2,1.99,439,1,,
2012,10557,오선진,한화,타자,,3B,23,2,1.4,446,1,,
2012,10663,한상훈,한화,타자,,2B,32,2,1.31,344,1,,
2012,10666,고동진,한화,타자,,RF,32,2,0.97,334,1,,
2012,10629,안승민,한화,투수,,CL,21,2,0.29,216,1,,
2012,10602,양훈,한화,투수,,SP,26,2,0.03,280,1,,
2012,10596,박정진,한화,투수,,RP,36,2,-0.01,148,1,,
2012,10907,박찬호,한화,투수,,SP,39,2,-0.02,363,1,,
2012,10028,김경언,한화,타자,,CF,30,2,1.95,313,1,,
2012,10607,윤근영,한화,투수,,RP,26,1,0.35,116,1,,
2012,10560,이여상,한화,타자,,3B,28,1,0.33,211,1,,
2012,10664,백승룡,한화,타자,,SS,30,1,0.28,62,1,,
2012,10665,오재필,한화,타자,,LF,30,1,0.26,83,1,,
2012,10169,최승환,한화,타자,,C,34,1,0.25,53,1,,
2012,10916,양성우,한화,타자,,LF,23,1,0.21,103,1,,
2012,10910,최우석,한화,투수,,RP,19,1,0.04,17,1,,
2012,10579,추승우,한화,타자,,CF,33,1,0.03,59,1,,
2012,10611,정대훈,한화,투수,,RP,27,1,0.02,31,1,,
2012,10654,이시찬,한화,타자,,SS,27,1,-0.09,47,1,,
2012,10541,박노민,한화,타자,,C,27,1,-0.11,47,1,,
2012,10573,이양기,한화,타자,,LF,31,1,-0.14,54,1,,
2012,10931,이준수,한화,타자,,C,24,1,-0.15,43,1,,
2012,10571,연경흠,한화,타자,,LF,29,1,-0.22,71,1,,
2012,10697,안영진,한화,투수,,RP,29,1,-0.27,16,1,,
2012,10502,김광수,한화,투수,,RP,31,2,-0.34,47,1,,
2012,10693,정민혁,한화,투수,,RP,29,1,-0.35,92,1,,
2012,10614,정재원,한화,투수,,RP,28,1,-0.4,60,1,,
2012,10592,마일영,한화,투수,,RP,31,2,-0.57,185,1,,
2012,10542,신경현,한화,타자,,C,37,3,-0.77,171,1,Y,
2012,10772,정범모,한화,타자,,C,25,1,-0.82,192,1,,
2013,10061,윤석민,KIA,투수,,SP,27,5,2.54,263,1,,
2013,10035,이용규,KIA,타자,,CF,28,5,2.51,453,1,,
2013,10559,이범호,KIA,타자,,3B,32,5,2.29,516,1,,
2013,10025,최희섭,KIA,타자,,1B,34,3,1.04,305,1,,2→3
2013,10053,서재응,KIA,투수,,SP,36,5,0.2,252,1,,
2013,10058,양현종,KIA,투수,,SP,25,2,4.34,314,1,,
2013,10695,김진우,KIA,투수,,SP,30,4,2.33,379,1,,
2013,10933,소사,KIA,투수,Y,SP,28,4,2.09,494,1,,
2013,10014,안치홍,KIA,타자,,2B,23,4,1.72,484,1,,
2013,10239,김주찬,KIA,타자,,LF,32,5,1.6,195,1,,
2013,10008,김선빈,KIA,타자,,SS,24,4,0.9,363,1,,
2013,10029,김원섭,KIA,타자,,RF,35,5,0.85,119,1,,
2013,10007,김상현,KIA,타자,,LF,33,3,0.64,86,1,,
2013,10794,앤서니,KIA,투수,Y,CL,31,4,0.47,108,1,,
2013,10812,한승혁,KIA,투수,,RP,20,3,0.26,57,1,,
2013,10137,송은범,KIA,투수,,RP,29,5,-0.37,133,1,,
2013,10030,나지완,KIA,타자,,LF,28,2,3.28,522,1,,
2013,11184,빌로우,KIA,투수,Y,SP,28,3,1.06,141,1,,
2013,10005,차일목,KIA,타자,,C,32,2,1.57,259,1,,
2013,10795,임준섭,KIA,투수,,SP,24,2,1.5,315,1,,
2013,10031,신종길,KIA,타자,,RF,30,2,1.29,427,1,,
2013,10060,유동훈,KIA,투수,,RP,36,4,0.85,157,1,,
2013,10011,박기남,KIA,타자,,3B,32,1,0.56,214,1,,
2013,10050,박경태,KIA,투수,,RP,26,1,0.53,187,1,,
2013,10743,최향남,KIA,투수,,RP,42,2,0.53,91,1,,
2013,10819,황정립,KIA,타자,,1B,24,1,0.36,57,1,,
2013,11070,박준표,KIA,투수,,RP,21,1,0.21,29,1,,
2013,10138,신승현,KIA,투수,,RP,30,2,0.19,155,1,,
2013,10056,심동섭,KIA,투수,,RP,22,3,0.17,75,1,,
2013,10001,김상훈,KIA,타자,,C,36,3,0.08,108,1,,
2013,10446,이대환,KIA,투수,,RP,34,1,0.06,46,1,,
2013,10059,오준형,KIA,투수,,RP,29,1,0,15,1,,
2013,10793,신창호,KIA,투수,,RP,26,1,0,64,1,,
2013,11191,이동훈,KIA,타자,,LF,24,1,-0.09,30,1,,
2013,10075,진해수,KIA,투수,,RP,27,2,-0.15,25,1,,
2013,11069,손동욱,KIA,투수,,RP,24,1,-0.2,35,1,,
2013,11071,이홍구,KIA,타자,,C,23,1,-0.24,96,1,,
2013,10650,김주형,KIA,타자,,1B,28,1,-0.42,279,1,,
2013,10003,백용환,KIA,타자,,C,24,1,-0.48,58,1,,
2013,10816,윤해진,KIA,타자,,2B,24,1,-0.67,59,1,,
2013,10703,이준호,KIA,타자,,RF,26,1,-0.81,66,1,,
2013,10789,박지훈,KIA,투수,,RP,24,2,-1.02,89,1,,
2013,10941,이종환,KIA,타자,,RF,27,1,-1.04,135,1,,
2013,10027,홍재호,KIA,타자,,SS,26,1,-1.1,141,1,,
2013,10514,봉중근,LG,투수,,CL,33,3,2.95,183,1,,
2013,10485,박용택,LG,타자,,CF,34,5,2.13,539,1,,
2013,10653,리즈,LG,투수,Y,SP,30,4,6.14,608,1,,
2013,10475,오지환,LG,타자,,SS,23,4,5.74,514,1,,
2013,10492,이진영,LG,타자,,RF,33,4,3.75,411,1,,
2013,10479,정성훈,LG,타자,,3B,33,4,3.48,477,1,,
2013,10516,신정락,LG,투수,,SP,26,4,2.14,368,1,,
2013,10491,이병규,LG,타자,,DH,39,4,2.06,397,1,,
2013,10377,정현욱,LG,투수,,RP,35,5,0.48,143,1,,
2013,10652,임찬규,LG,투수,,RP,21,4,0.26,132,1,,
2013,10604,유원상,LG,투수,,RP,27,3,-0.31,113,1,,
2013,10477,이병규,LG,타자,,LF,30,2,1.39,202,1,,
2013,10523,우규민,LG,투수,,SP,28,3,3.23,442,1,,
2013,11090,류제국,LG,투수,,SP,30,4,2.99,335,1,,
2013,10466,김용의,LG,타자,,CF,28,2,1.82,348,1,,
2013,10524,이동현,LG,투수,,RP,30,3,1.69,216,1,,
2013,10325,손주인,LG,타자,,2B,30,2,1.27,423,1,,
2013,10655,정의윤,LG,타자,,RF,27,2,0.77,405,1,,
2013,10670,주키치,LG,투수,,SP,31,4,0.12,227,1,,
2013,10921,신재웅,LG,투수,,SP,31,1,2.14,168,1,,
2013,10465,권용관,LG,타자,,SS,37,1,1.23,122,1,,
2013,10713,임정우,LG,투수,,RP,22,2,0.61,151,1,,
2013,10468,문선재,LG,타자,,LF,23,1,0.59,240,1,,
2013,10317,현재윤,LG,타자,,C,34,1,0.54,126,1,,
2013,10128,김선규,LG,투수,,RP,27,1,0.48,87,1,,
2013,10507,류택현,LG,투수,,RP,42,2,0.42,88,1,,
2013,10081,윤요섭,LG,타자,,C,31,1,0.35,228,1,,
2013,10480,정주현,LG,타자,,LF,23,1,0.12,104,1,,
2013,10656,양영동,LG,타자,,LF,30,1,0.11,45,1,,
2013,10449,이상열,LG,투수,,RP,36,4,0.11,99,1,,
2013,10533,정찬헌,LG,투수,,RP,23,2,0.01,15,1,,
2013,10085,최경철,LG,타자,,C,33,1,-0.1,65,1,,
2013,10490,이대형,LG,타자,,CF,30,2,-0.22,204,1,,
2013,10854,조윤준,LG,타자,,C,24,1,-0.41,32,1,,
2013,10101,이호준,NC,타자,,DH,37,5,2.83,508,1,,
2013,10284,손민한,NC,투수,,RP,38,3,1.45,181,1,,
2013,11157,찰리,NC,투수,Y,SP,28,4,6.8,567,1,,
2013,11156,해커,NC,투수,Y,SP,30,4,3.53,535,1,,
2013,11162,나성범,NC,타자,,RF,24,3,2.98,458,1,,
2013,11158,아담,NC,투수,Y,SP,26,4,1.1,275,1,,
2013,11151,이민호,NC,투수,,RP,20,3,0.38,199,1,,
2013,10443,송신영,NC,투수,,RP,37,4,0.12,18,1,,
2013,10147,이승호,NC,투수,,RP,32,3,-0.17,28,1,,
2013,11144,노건우,NC,투수,,SP,24,3,-0.38,174,1,,
2013,10220,이재학,NC,투수,,SP,23,2,4.97,468,1,,
2013,10093,모창민,NC,타자,,3B,28,2,3.84,436,1,,
2013,10333,김종호,NC,타자,,LF,29,2,3.11,546,1,,
2013,10330,조영훈,NC,타자,,1B,31,2,1.81,426,1,,
2013,11172,권희동,NC,타자,,LF,23,2,1.01,397,1,,
2013,10681,이태양,NC,투수,,SP,20,2,0.54,224,1,,
2013,10683,지석훈,NC,타자,,2B,29,2,-0.1,356,1,,
2013,11165,노진혁,NC,타자,,SS,24,2,-0.45,361,1,,
2013,10259,박정준,NC,타자,,LF,29,1,1.41,195,1,,
2013,10459,김태군,NC,타자,,C,24,1,1,315,1,,
2013,10452,임창민,NC,투수,,RP,28,2,0.97,194,1,,
2013,11142,손정욱,NC,투수,,RP,23,1,0.65,61,1,,
2013,10022,이현곤,NC,타자,,3B,33,4,0.36,161,1,,
2013,10852,차화준,NC,타자,,2B,27,1,0.3,121,1,,
2013,11154,이성민,NC,투수,,RP,23,1,0.25,173,1,,
2013,11174,최금강,NC,투수,,RP,24,1,0.07,101,1,,
2013,11175,박으뜸,NC,타자,,RF,23,1,0.02,31,1,,
2013,11133,정진,NC,투수,,RP,34,1,-0.01,21,1,,
2013,11138,마낙길,NC,타자,,LF,24,1,-0.1,31,1,,
2013,10196,고창성,NC,투수,,RP,29,2,-0.12,62,1,,
2013,10049,문수호,NC,투수,,RP,30,1,-0.15,21,1,,
2013,11137,박민우,NC,타자,,2B,20,1,-0.16,47,1,,
2013,10776,조평호,NC,타자,,1B,28,1,-0.28,86,1,,
2013,11166,김진성,NC,투수,,RP,28,1,-0.28,102,1,,
2013,11141,최재원,NC,타자,,2B,23,1,-0.31,56,1,,
2013,11147,이상호,NC,타자,,2B,24,1,-0.54,139,1,,
2013,11160,이태원,NC,타자,,C,27,1,-1.05,97,1,,
2013,10106,최정,SK,타자,,3B,26,5,5.85,525,1,,
2013,10323,박진만,SK,타자,,SS,37,3,2.52,326,1,,
2013,10126,김광현,SK,투수,,SP,25,3,1.79,399,1,,
2013,10463,조인성,SK,타자,,C,38,5,0.43,223,1,,
2013,11080,세든,SK,투수,Y,SP,30,4,6.44,562,1,,
2013,10103,정근우,SK,타자,,2B,31,4,4.79,476,1,,
2013,11081,레이예스,SK,투수,Y,SP,29,4,2.32,519,1,,
2013,10083,정상호,SK,타자,,C,31,2,2.16,236,1,,
2013,10161,채병용,SK,투수,,RP,31,4,-0.07,61,1,,
2013,10007,김상현,SK,타자,,LF,33,3,-1.31,274,2,,
2013,10096,박정권,SK,타자,,1B,32,3,3.35,434,1,,
2013,10108,김강민,SK,타자,,CF,31,3,2.91,397,1,,
2013,10135,박희수,SK,투수,,CL,30,3,1.94,143,1,,
2013,10145,윤희상,SK,투수,,SP,28,3,3.38,454,1,,
2013,10136,백청훈,SK,투수,,SP,26,2,2.27,274,1,,
2013,10121,조동화,SK,타자,,CF,32,2,1.62,405,1,,
2013,10142,윤길현,SK,투수,,RP,30,3,0.87,130,1,,
2013,10815,한유섬,SK,타자,,1B,24,2,0.51,327,1,,
2013,10298,임경완,SK,투수,,RP,38,4,-0.18,52,1,,
2013,10488,안치용,SK,타자,,DH,34,2,-0.19,45,1,,
2013,10206,박정배,SK,투수,,RP,31,1,1.33,147,1,,
2013,10112,박재상,SK,타자,,LF,31,2,1.24,305,1,,
2013,10119,이명기,SK,타자,,LF,26,1,0.89,114,1,,
2013,10841,전유수,SK,투수,,RP,27,2,0.3,173,1,,
2013,10636,김성현,SK,타자,,SS,26,1,0.29,181,1,,
2013,10132,김준,SK,투수,,RP,28,1,0.18,19,1,,
2013,10122,조성우,SK,타자,,1B,25,1,0.13,111,1,,
2013,10075,진해수,SK,투수,,RP,27,2,0.12,121,2,,
2013,10082,이재원,SK,타자,,C,25,1,0.11,252,1,,
2013,10104,최윤석,SK,타자,,SS,26,1,0.08,85,1,,
2013,10111,김재현,SK,타자,,CF,26,1,0.06,42,1,,
2013,10120,임훈,SK,타자,,RF,28,1,0.06,87,1,,
2013,10783,문승원,SK,투수,,RP,24,1,-0.16,73,1,,
2013,10529,이재영,SK,투수,,RP,34,3,-0.22,131,1,,
2013,10140,여건욱,SK,투수,,SP,27,1,-0.29,75,1,,
2013,10617,최영필,SK,투수,,RP,39,1,-0.74,52,1,,
2013,10470,박병호,넥센,타자,,1B,27,5,6.78,556,1,,
2013,10394,강정호,넥센,타자,,SS,26,5,5.35,532,1,,
2013,10844,밴헤켄,넥센,투수,Y,SP,34,5,3.55,485,1,,
2013,10360,나이트,넥센,투수,Y,SP,38,5,3.17,518,1,,
2013,10493,이택근,넥센,타자,,CF,33,5,2.19,536,1,,
2013,10843,김병현,넥센,투수,,SP,34,5,1.06,226,1,,
2013,10855,서건창,넥센,타자,,2B,24,4,1.98,372,1,,
2013,10863,한현희,넥센,투수,,RP,20,2,1.49,202,1,,
2013,10412,송지만,넥센,타자,,LF,40,3,0.64,56,1,,
2013,11126,조상우,넥센,투수,,RP,19,3,0.1,24,1,,
2013,10442,손승락,넥센,투수,,CL,31,4,2.7,188,1,,
2013,10443,송신영,넥센,투수,,RP,37,3,1.01,167,2,,
2013,10423,강윤구,넥센,투수,,SP,23,3,2.76,390,1,,
2013,10238,김민성,넥센,타자,,3B,25,3,2.25,523,1,,
2013,10431,김세현,넥센,투수,,SP,26,2,1.52,304,1,,
2013,10296,이정훈,넥센,투수,,RP,36,3,1.41,207,1,,
2013,10437,문성현,넥센,투수,,SP,22,2,1.31,192,1,,
2013,10168,이성열,넥센,타자,,DH,29,2,1.28,329,1,,
2013,10627,유한준,넥센,타자,,RF,32,2,0.86,344,1,,
2013,10684,허도환,넥센,타자,,C,29,2,0.64,323,1,,
2013,10448,이보근,넥센,투수,,RP,27,2,0.52,119,1,,
2013,10436,마정길,넥센,투수,,RP,34,2,0.26,99,1,,
2013,10397,김민우,넥센,타자,,SS,34,1,0.18,55,1,,
2013,10416,장민석,넥센,타자,,LF,31,2,-0.14,407,1,,
2013,10445,오주원,넥센,투수,,SP,28,2,1.5,124,1,,
2013,10860,문우람,넥센,타자,,LF,21,1,1.49,291,1,,
2013,10486,서동욱,넥센,타자,,2B,29,1,0.92,255,1,,
2013,10413,오윤,넥센,타자,,LF,32,1,0.77,143,1,,
2013,10399,김지수,넥센,타자,,SS,27,1,0.33,60,1,,
2013,11132,안태영,넥센,타자,,DH,28,1,0.33,37,1,,
2013,10427,김상수,넥센,투수,,RP,25,1,0.3,85,1,,
2013,10438,박성훈,넥센,투수,,RP,31,2,0.05,80,1,,
2013,10453,장시환,넥센,투수,,RP,26,1,-0.15,17,1,,
2013,10387,박동원,넥센,타자,,C,23,1,-0.71,106,1,,
2013,10187,김현수,두산,타자,,LF,25,5,4.23,510,1,,
2013,10192,이종욱,두산,타자,,CF,33,4,3.56,456,1,,
2013,10256,홍성흔,두산,타자,,DH,36,5,3.42,538,1,,
2013,10641,니퍼트,두산,투수,Y,SP,32,5,2.49,354,1,,
2013,10173,김동주,두산,타자,,3B,37,5,0.32,101,1,,
2013,10174,김재호,두산,타자,,SS,28,1,3.47,286,1,,
2013,10203,노경은,두산,투수,,SP,29,3,3.39,541,1,,
2013,10177,손시헌,두산,타자,,SS,33,3,2.46,268,1,,
2013,10219,이재우,두산,투수,,SP,33,2,0.89,200,1,,
2013,10225,정재훈,두산,투수,,RP,33,5,0.09,157,1,,
2013,10200,김선우,두산,투수,,SP,36,4,0.01,181,1,,
2013,10222,임태훈,두산,투수,,RP,25,3,-0.52,31,1,,
2013,10165,양의지,두산,타자,,C,26,2,2.45,367,1,,
2013,10178,오재원,두산,타자,,2B,28,2,2.42,375,1,,
2013,11181,핸킨스,두산,투수,Y,SP,30,3,0.11,182,1,,
2013,11177,올슨,두산,투수,Y,SP,30,3,-0.26,116,1,,
2013,10188,민병헌,두산,타자,,RF,26,2,4.64,449,1,,
2013,10213,유희관,두산,투수,,SP,27,2,3.58,436,1,,
2013,10210,오현택,두산,투수,,RP,28,2,1.42,220,1,,
2013,10230,홍상삼,두산,투수,,RP,23,2,1.16,216,1,,
2013,10195,정수빈,두산,타자,,CF,23,2,0.9,260,1,,
2013,10183,최준석,두산,타자,,DH,30,2,0.26,263,1,,
2013,10198,김태영,두산,투수,,RP,33,2,-0.37,201,1,,
2013,10180,이원석,두산,타자,,3B,27,2,3.26,300,1,,
2013,10184,허경민,두산,타자,,3B,23,3,1.6,276,1,,
2013,10400,오재일,두산,타자,,1B,27,1,1.31,144,1,,
2013,10170,최재훈,두산,타자,,C,24,1,0.75,108,1,,
2013,10193,임재철,두산,타자,,RF,37,3,0.62,143,1,,
2013,10182,최주환,두산,타자,,3B,25,1,0.59,100,1,,
2013,10690,김강률,두산,투수,,RP,25,1,0.31,59,1,,
2013,10644,윤석민,두산,타자,,SS,28,1,0.26,73,1,,
2013,10189,박건우,두산,타자,,RF,23,1,0.25,51,1,,
2013,10680,김명성,두산,투수,,RP,25,1,0.16,33,1,,
2013,11185,유창준,두산,투수,,RP,24,1,0.13,27,1,,
2013,10207,서동환,두산,투수,,RP,27,1,0.12,50,1,,
2013,10882,변시원,두산,투수,,RP,20,1,0.11,115,1,,
2013,10885,윤명준,두산,투수,,RP,24,1,-0.06,135,1,,
2013,10891,박세혁,두산,타자,,C,23,1,-0.07,31,1,,
2013,10729,안규영,두산,투수,,RP,25,1,-0.23,17,1,,
2013,10642,이혜천,두산,투수,,RP,34,2,-0.32,28,1,,
2013,10731,이정호,두산,투수,,SP,21,1,-0.38,99,1,,
2013,10224,정대현,두산,투수,,RP,22,1,-0.42,22,1,,
2013,10828,유먼,롯데,투수,Y,SP,34,5,5.52,580,1,,
2013,10261,손아섭,롯데,타자,,RF,25,4,4.43,568,1,,
2013,10232,강민호,롯데,타자,,C,28,5,3.55,405,1,,
2013,10154,정대현,롯데,투수,,RP,35,5,0.4,154,1,,
2013,10521,옥스프링,롯데,투수,Y,SP,36,4,5.49,550,1,,
2013,10285,송승준,롯데,투수,,SP,33,4,4.78,503,1,,
2013,10269,강영식,롯데,투수,,RP,32,4,0.49,119,1,,
2013,10032,장성호,롯데,타자,,1B,36,3,0.25,278,1,,
2013,10831,이상화,롯데,투수,,RP,25,4,0.15,76,1,,
2013,10424,고원준,롯데,투수,,SP,23,2,0.25,154,1,,
2013,10407,황재균,롯데,타자,,3B,26,2,2.84,559,1,,
2013,10266,전준우,롯데,타자,,CF,27,3,2.19,537,1,,
2013,10253,정훈,롯데,타자,,2B,26,2,1.64,398,1,,
2013,10272,김사율,롯데,투수,,RP,33,2,1.47,223,1,,
2013,10254,조성환,롯데,타자,,2B,37,5,0.44,194,1,,
2013,10243,박종윤,롯데,타자,,1B,31,2,0.39,416,1,,
2013,10202,김승회,롯데,투수,,RP,32,2,-0.42,219,1,,
2013,10201,김성배,롯데,투수,,CL,32,2,2.08,177,1,,
2013,10290,이명우,롯데,투수,,RP,31,2,1.96,167,1,,
2013,10840,신본기,롯데,타자,,SS,24,1,1.36,281,1,,
2013,10814,홍성민,롯데,투수,,RP,24,2,1.06,146,1,,
2013,10242,박준서,롯데,타자,,2B,32,1,0.92,139,1,,
2013,11086,조홍석,롯데,타자,,LF,23,1,0.45,79,1,,
2013,10648,김문호,롯데,타자,,LF,26,1,0.38,166,1,,
2013,11398,이우민,롯데,타자,,LF,31,1,0.26,251,1,,
2013,10647,김수완,롯데,투수,,RP,24,1,0.26,152,1,,
2013,10293,이재곤,롯데,투수,,SP,25,1,0.13,90,1,,
2013,10306,허준혁,롯데,투수,,RP,28,1,0.13,53,1,,
2013,10832,이지모,롯데,투수,,RP,27,1,0.09,20,1,,
2013,10301,진명호,롯데,투수,,RP,24,3,-0.08,24,1,,
2013,10834,김사훈,롯데,타자,,C,26,1,-0.09,35,1,,
2013,10837,김상호,롯데,타자,,DH,24,1,-0.1,50,1,,
2013,10302,최대성,롯데,투수,,RP,28,2,-0.17,28,1,,
2013,10166,용덕한,롯데,타자,,C,32,1,-0.22,101,1,,
2013,10267,황동채,롯데,타자,,LF,30,1,-0.31,51,1,,
2013,10240,문규현,롯데,타자,,SS,30,1,-0.35,116,1,,
2013,10241,박기혁,롯데,타자,,SS,32,2,-0.55,70,1,,
2013,10322,박석민,삼성,타자,,3B,28,5,6.14,474,1,,
2013,10344,최형우,삼성,타자,,LF,30,4,4.09,573,1,,3→4
2013,10336,박한이,삼성,타자,,RF,34,5,3.73,466,1,,
2013,10362,배영수,삼성,투수,,SP,32,5,1.95,453,1,,
2013,10367,오승환,삼성,투수,,CL,31,4,1.69,155,1,,
2013,10881,이승엽,삼성,타자,,DH,37,5,0.01,483,1,,
2013,10368,윤성환,삼성,투수,,SP,32,4,5.24,512,1,,
2013,10320,김상수,삼성,타자,,SS,23,4,3.01,422,1,,
2013,11103,밴덴헐크,삼성,투수,Y,SP,28,4,3,431,1,,
2013,10381,차우찬,삼성,투수,,SP,26,3,2.97,364,1,,
2013,10375,장원삼,삼성,투수,,SP,30,5,2,462,1,,
2013,10364,안지만,삼성,투수,,RP,30,4,1.23,191,1,,
2013,10720,심창민,삼성,투수,,RP,20,4,1.07,151,1,,
2013,10341,우동균,삼성,타자,,RF,24,1,0.76,94,1,,
2013,10314,진갑용,삼성,타자,,C,39,4,0.04,204,1,,
2013,10329,조동찬,삼성,타자,,3B,30,2,1.1,261,1,,
2013,11104,로드리게스,삼성,투수,Y,SP,26,3,0.99,172,1,,
2013,10351,권혁,삼성,투수,,RP,30,3,0.43,109,1,,
2013,10331,채태인,삼성,타자,,1B,31,2,4.18,342,1,,
2013,10343,정형식,삼성,타자,,CF,22,2,3.36,334,1,,
2013,10337,배영섭,삼성,타자,,CF,27,2,2.89,476,1,,
2013,10467,김태완,삼성,타자,,2B,32,1,1.76,189,1,,
2013,10055,신용운,삼성,투수,,RP,30,2,0.88,120,1,,
2013,10572,이상훈,삼성,타자,,RF,26,1,0.24,35,1,,
2013,10358,김현우,삼성,투수,,RP,25,1,0.24,39,1,,
2013,10371,이우선,삼성,투수,,RP,30,2,0.16,33,1,,
2013,10312,이지영,삼성,타자,,C,27,1,0.11,294,1,,
2013,11112,박근홍,삼성,투수,,RP,28,1,0.02,36,1,,
2013,10319,강명구,삼성,타자,,2B,33,1,-0.03,63,1,,
2013,10380,조현근,삼성,투수,,RP,28,2,-0.03,20,1,,
2013,10363,백정현,삼성,투수,,RP,26,3,-0.11,73,1,,
2013,10756,정병곤,삼성,타자,,2B,25,1,-0.14,71,1,,
2013,10778,이동걸,삼성,투수,,RP,30,1,-0.16,49,1,,
2013,10332,강봉규,삼성,타자,,RF,35,3,-0.28,99,1,,
2013,10045,김건한,삼성,투수,,RP,32,2,-0.29,43,1,,
2013,10327,신명철,삼성,타자,,1B,35,3,-0.72,86,1,,
2013,10552,김태균,한화,타자,,1B,31,5,3.3,430,1,,
2013,10698,바티스타,한화,투수,Y,SP,33,4,2.41,431,1,,
2013,11113,이브랜드,한화,투수,Y,SP,30,4,1.53,517,1,,
2013,10598,송창식,한화,투수,,CL,28,2,0.86,213,1,,
2013,11115,조지훈,한화,투수,,RP,19,1,0.01,106,1,,
2013,10678,유창식,한화,투수,,SP,21,4,-0.13,215,1,,
2013,10564,강동우,한화,타자,,LF,39,2,-0.31,60,1,,
2013,10578,최진행,한화,타자,,DH,28,2,2.63,422,1,,
2013,10558,이대수,한화,타자,,3B,32,3,1.99,448,1,,
2013,10553,김태완,한화,타자,,DH,29,2,-0.96,321,1,,
2013,10663,한상훈,한화,타자,,SS,33,2,2.48,322,1,,
2013,11118,송창현,한화,투수,,SP,24,2,1.86,248,1,,
2013,10576,정현석,한화,타자,,RF,29,2,1.49,403,1,,
2013,10587,김혁민,한화,투수,,SP,26,2,0.85,440,1,,
2013,10607,윤근영,한화,투수,,RP,27,2,0.09,216,1,,
2013,10596,박정진,한화,투수,,RP,37,1,0.07,65,1,,
2013,10666,고동진,한화,타자,,RF,33,2,0.01,360,1,,
2013,10502,김광수,한화,투수,,RP,32,2,-0.26,203,1,,
2013,10555,송광민,한화,타자,,3B,30,3,1.82,268,1,,
2013,10579,추승우,한화,타자,,LF,34,1,1.43,180,1,,
2013,10772,정범모,한화,타자,,C,26,1,1.04,205,1,,
2013,10028,김경언,한화,타자,,RF,31,2,1.02,249,1,,
2013,10573,이양기,한화,타자,,LF,32,1,0.68,209,1,,
2013,10914,엄태용,한화,타자,,C,19,1,0.34,66,1,,
2013,10621,황재규,한화,투수,,RP,27,2,0.24,104,1,,
2013,10611,정대훈,한화,투수,,RP,28,1,0.14,45,1,,
2013,10585,김용주,한화,투수,,RP,22,1,0.12,21,1,,
2013,10557,오선진,한화,타자,,3B,24,1,0.04,296,1,,
2013,10541,박노민,한화,타자,,C,28,1,0.02,68,1,,
2013,10561,전현태,한화,타자,,SS,27,1,-0.04,39,1,,
2013,10614,정재원,한화,투수,,RP,29,1,-0.04,33,1,,
2013,10592,마일영,한화,투수,,RP,32,3,-0.07,37,1,,
2013,10326,송주호,한화,타자,,LF,25,1,-0.12,34,1,,
2013,11121,조정원,한화,타자,,SS,23,1,-0.12,57,1,,
2013,10276,김일엽,한화,투수,,RP,33,1,-0.16,20,1,,
2013,10909,임기영,한화,투수,,RP,20,1,-0.17,102,1,,
2013,10583,김경태,한화,투수,,RP,22,1,-0.21,70,1,,
2013,10328,임익준,한화,타자,,2B,25,1,-0.28,67,1,,
2013,10609,이태양,한화,투수,,RP,23,1,-0.41,182,1,,
2013,10931,이준수,한화,타자,,C,25,1,-0.6,74,1,,
2013,10629,안승민,한화,투수,,RP,22,1,-0.61,101,1,,
2013,11119,한승택,한화,타자,,C,19,1,-0.76,38,1,,
2013,10654,이시찬,한화,타자,,SS,28,1,-1.15,181,1,,
2014,10559,이범호,KIA,타자,,3B,33,5,1.5,406,1,,
2014,10843,김병현,KIA,투수,,SP,35,4,0.48,213,1,,
2014,10058,양현종,KIA,투수,,SP,26,3,4.98,514,1,,
2014,10014,안치홍,KIA,타자,,2B,24,3,3.87,479,1,,
2014,10239,김주찬,KIA,타자,,LF,33,5,2.54,442,1,,
2014,11265,홀튼,KIA,투수,Y,SP,35,4,1.98,281,1,,
2014,11264,필,KIA,타자,Y,1B,30,4,1.97,389,1,,
2014,11262,어센시오,KIA,투수,Y,CL,31,4,0.85,140,1,,
2014,10695,김진우,KIA,투수,,SP,31,4,0.61,272,1,,
2014,10812,한승혁,KIA,투수,,RP,21,3,0.08,176,1,,
2014,10008,김선빈,KIA,타자,,SS,25,3,0.06,98,1,,
2014,10053,서재응,KIA,투수,,RP,37,2,0.05,97,1,,
2014,10137,송은범,KIA,투수,,SP,30,3,-0.22,236,1,,
2014,10030,나지완,KIA,타자,,LF,29,2,2.31,470,1,,
2014,10490,이대형,KIA,타자,,CF,31,5,1.38,505,1,,
2014,11292,토마스,KIA,투수,Y,SP,30,3,0.98,140,1,,
2014,10029,김원섭,KIA,타자,,RF,36,5,-0.12,101,1,,
2014,10795,임준섭,KIA,투수,,SP,25,2,1.79,392,1,,
2014,10031,신종길,KIA,타자,,RF,31,2,0.19,399,1,,
2014,10005,차일목,KIA,타자,,C,33,2,-0.28,224,1,,
2014,10397,김민우,KIA,타자,,SS,35,1,1.23,210,1,,
2014,10617,최영필,KIA,투수,,RP,40,1,0.97,161,1,,
2014,10198,김태영,KIA,투수,,RP,34,2,0.84,152,1,,
2014,10056,심동섭,KIA,투수,,RP,23,3,0.4,137,1,,
2014,11260,박준태,KIA,타자,,CF,23,1,0.38,55,1,,
2014,10068,임준혁,KIA,투수,,RP,30,1,0.17,96,1,,
2014,10011,박기남,KIA,타자,,3B,33,1,0.09,202,1,,
2014,11257,김지훈,KIA,투수,,RP,22,1,0.05,38,1,,
2014,10941,이종환,KIA,타자,,RF,28,1,-0.05,138,1,,
2014,10793,신창호,KIA,투수,,RP,27,1,-0.06,114,1,,
2014,10650,김주형,KIA,타자,,1B,29,1,-0.09,176,1,,
2014,11255,강한울,KIA,타자,,SS,23,1,-0.21,224,1,,
2014,10732,최현정,KIA,투수,,RP,22,1,-0.21,22,1,,
2014,10004,이성우,KIA,타자,,C,33,1,-0.3,134,1,,
2014,11070,박준표,KIA,투수,,RP,22,1,-0.32,68,1,,
2014,10595,박성호,KIA,투수,,RP,28,1,-0.39,39,1,,
2014,10626,김다원,KIA,타자,,LF,29,1,-0.57,210,1,,
2014,10003,백용환,KIA,타자,,C,25,1,-0.73,86,1,,
2014,10050,박경태,KIA,투수,,RP,27,1,-1.12,77,1,,
2014,10485,박용택,LG,타자,,CF,35,5,4.29,549,1,,
2014,10475,오지환,LG,타자,,SS,24,4,2.94,464,1,,
2014,10514,봉중근,LG,투수,,CL,34,5,1.93,149,1,,
2014,11217,리오단,LG,투수,Y,SP,28,4,4.31,504,1,,
2014,10479,정성훈,LG,타자,,1B,34,4,3.63,455,1,,
2014,10492,이진영,LG,타자,,RF,34,4,1.71,468,1,,
2014,11282,티포드,LG,투수,Y,SP,30,4,1.42,299,1,,
2014,10604,유원상,LG,투수,,RP,28,2,0.99,204,1,,
2014,10516,신정락,LG,투수,,RP,27,4,0.32,154,1,,
2014,10377,정현욱,LG,투수,,RP,36,4,0.29,97,1,,
2014,11211,임지섭,LG,투수,,SP,19,3,-0.01,44,1,,
2014,10200,김선우,LG,투수,,RP,37,3,-0.42,25,1,,
2014,10491,이병규,LG,타자,,DH,40,4,-0.81,207,1,,
2014,10523,우규민,LG,투수,,SP,29,3,3.97,461,1,,
2014,11287,스나이더,LG,타자,Y,LF,32,3,0.02,113,1,,
2014,10477,이병규,LG,타자,,LF,31,5,3.55,450,1,,
2014,10325,손주인,LG,타자,,2B,31,2,1.53,400,1,,
2014,11090,류제국,LG,투수,,SP,31,4,1.43,443,1,,
2014,10713,임정우,LG,투수,,SP,23,2,1.36,220,1,,
2014,10085,최경철,LG,타자,,C,34,2,0.08,334,1,,
2014,10469,박경수,LG,타자,,2B,30,2,0.01,201,1,,
2014,10524,이동현,LG,투수,,RP,31,3,1.64,178,1,,
2014,10921,신재웅,LG,투수,,RP,32,2,1.3,192,1,,
2014,10533,정찬헌,LG,투수,,RP,24,2,1.25,158,1,,
2014,10657,윤지웅,LG,투수,,RP,26,2,0.58,108,1,,
2014,11216,조쉬벨,LG,타자,,3B,28,1,0.48,275,1,,
2014,11092,최승준,LG,타자,,1B,26,1,0.33,40,1,,
2014,11215,채은성,LG,타자,,RF,24,1,0.12,197,1,,
2014,10449,이상열,LG,투수,,RP,37,2,0.08,24,1,,
2014,10849,신동훈,LG,투수,,RP,20,1,0.08,31,1,,
2014,10750,장진용,LG,투수,,SP,28,1,0.03,22,1,,
2014,10473,백진우,LG,타자,,3B,26,1,-0.06,96,1,,
2014,11290,황목치승,LG,타자,,SS,29,1,-0.19,51,1,,
2014,10081,윤요섭,LG,타자,,C,32,1,-0.37,74,1,,
2014,10655,정의윤,LG,타자,,RF,28,1,-0.38,292,1,,
2014,10138,신승현,LG,투수,,RP,31,1,-0.4,46,1,,
2014,10128,김선규,LG,투수,,RP,28,2,-0.47,53,1,,
2014,10193,임재철,LG,타자,,RF,38,2,-0.54,76,1,,
2014,10466,김용의,LG,타자,,CF,29,1,-0.63,208,1,,
2014,11156,해커,NC,투수,Y,SP,31,5,4.83,518,1,,
2014,11157,찰리,NC,투수,Y,SP,29,5,3.59,496,1,,
2014,10284,손민한,NC,투수,,RP,39,2,0.96,145,1,,
2014,10101,이호준,NC,타자,,DH,38,5,0.64,500,1,,
2014,10192,이종욱,NC,타자,,CF,34,5,0.02,495,1,,
2014,11162,나성범,NC,타자,,RF,25,3,5.67,536,1,,
2014,11252,테임즈,NC,타자,Y,1B,28,4,5.31,514,1,,
2014,11249,웨버,NC,투수,Y,SP,30,4,2.57,354,1,,
2014,10177,손시헌,NC,타자,,SS,34,5,2.21,361,1,,
2014,11144,노건우,NC,투수,,RP,25,3,1.13,145,1,,
2014,11151,이민호,NC,투수,,RP,21,3,0.76,264,1,,
2014,10220,이재학,NC,투수,,SP,24,3,4.27,468,1,,
2014,11137,박민우,NC,타자,,2B,21,2,3.2,491,1,,
2014,11161,원종현,NC,투수,,RP,27,3,1.35,213,1,,
2014,10093,모창민,NC,타자,,3B,29,2,0.43,468,1,,
2014,10333,김종호,NC,타자,,LF,30,2,0.08,347,1,,
2014,10510,박명환,NC,투수,,RP,37,3,-0.12,15,1,,
2014,10459,김태군,NC,타자,,C,25,2,-0.37,322,1,,
2014,10683,지석훈,NC,타자,,2B,30,1,1.27,238,1,,
2014,10452,임창민,NC,투수,,RP,29,2,1.11,160,1,,
2014,11166,김진성,NC,투수,,CL,29,2,1.11,145,1,,
2014,11142,손정욱,NC,투수,,RP,24,2,0.77,132,1,,
2014,10196,고창성,NC,투수,,RP,30,2,0.61,75,1,,
2014,11172,권희동,NC,타자,,LF,24,1,0.44,252,1,,
2014,10642,이혜천,NC,투수,,RP,35,2,0.27,54,1,,
2014,10330,조영훈,NC,타자,,1B,32,1,0.26,124,1,,
2014,11253,홍성용,NC,투수,,RP,28,1,0.23,38,1,,
2014,11154,이성민,NC,투수,,SP,24,1,0.16,84,1,,
2014,10049,문수호,NC,투수,,RP,31,1,0.05,27,1,,
2014,11174,최금강,NC,투수,,RP,25,1,0.02,15,1,,
2014,10681,이태양,NC,투수,,RP,21,1,-0.11,46,1,,
2014,10340,오정복,NC,타자,,LF,28,1,-0.16,79,1,,
2014,10259,박정준,NC,타자,,LF,30,1,-0.17,60,1,,
2014,10393,허준,NC,타자,,C,33,1,-0.18,36,1,,
2014,11147,이상호,NC,타자,,2B,25,1,-0.19,54,1,,
2014,11160,이태원,NC,타자,,C,28,1,-0.91,69,1,,
2014,10126,김광현,SK,투수,,SP,26,4,5.84,521,1,,
2014,10106,최정,SK,타자,,3B,27,5,2.51,361,1,,
2014,10323,박진만,SK,타자,,SS,38,2,0.08,35,1,,
2014,11239,울프,SK,투수,Y,SP,32,4,2.23,256,1,,
2014,10161,채병용,SK,투수,,SP,32,3,1.48,390,1,,
2014,10083,정상호,SK,타자,,C,32,2,0.67,269,1,,
2014,11081,레이예스,SK,투수,Y,SP,30,4,0.36,235,1,,
2014,10463,조인성,SK,타자,,C,39,5,-0.3,31,1,,
2014,10108,김강민,SK,타자,,CF,32,3,2.37,483,1,,
2014,11288,밴와트,SK,투수,Y,SP,28,3,2.28,200,1,,
2014,10096,박정권,SK,타자,,1B,33,3,2.2,499,1,,
2014,10135,박희수,SK,투수,,RP,31,2,0.78,62,1,,
2014,11237,스캇,SK,타자,Y,DH,36,3,0.72,130,1,,
2014,10145,윤희상,SK,투수,,SP,29,2,0.58,85,1,,
2014,10082,이재원,SK,타자,,C,26,2,2.95,484,1,,
2014,10120,임훈,SK,타자,,RF,29,2,2.02,330,1,,
2014,10636,김성현,SK,타자,,SS,27,2,1.94,476,1,,
2014,10841,전유수,SK,투수,,RP,28,2,0.92,254,1,,
2014,10140,여건욱,SK,투수,,RP,28,2,0.61,209,1,,
2014,10092,나주환,SK,타자,,2B,30,3,0.4,478,1,,
2014,10121,조동화,SK,타자,,CF,33,2,-0.4,522,1,,
2014,10119,이명기,SK,타자,,LF,27,1,1.76,314,1,,
2014,10142,윤길현,SK,투수,,RP,31,3,0.88,173,1,,
2014,10803,박계현,SK,타자,,3B,22,1,0.71,144,1,,
2014,10206,박정배,SK,투수,,RP,32,1,0.24,130,1,,
2014,10529,이재영,SK,투수,,RP,35,2,0.16,144,1,,
2014,10792,허건엽,SK,투수,,RP,21,1,0.15,15,1,,
2014,11236,박민호,SK,투수,,RP,22,1,0.15,94,1,,
2014,10007,김상현,SK,타자,,LF,34,2,0.11,87,1,,
2014,10130,문광은,SK,투수,,SP,27,3,0.11,98,1,,
2014,10146,이상백,SK,투수,,RP,27,1,0.09,43,1,,
2014,10815,한유섬,SK,타자,,1B,25,1,0.02,163,1,,
2014,10100,안정광,SK,타자,,3B,25,1,0,32,1,,
2014,10112,박재상,SK,타자,,LF,32,2,-0.07,77,1,,
2014,10706,김대유,SK,투수,,RP,23,1,-0.12,35,1,,
2014,10785,이창욱,SK,투수,,RP,30,1,-0.13,22,1,,
2014,10298,임경완,SK,투수,,RP,39,4,-0.25,50,1,,
2014,10763,신현철,SK,타자,,3B,27,1,-0.27,75,1,,
2014,10075,진해수,SK,투수,,RP,28,2,-0.31,147,1,,
2014,10150,이한진,SK,투수,,RP,31,1,-0.4,25,1,,
2014,10136,백청훈,SK,투수,,RP,27,1,-0.62,28,1,,
2014,10124,고효준,SK,투수,,RP,31,2,-0.86,153,1,,
2014,10394,강정호,넥센,타자,,SS,27,5,7.11,501,1,,
2014,10844,밴헤켄,넥센,투수,Y,SP,35,5,6.55,561,1,,
2014,10470,박병호,넥센,타자,,1B,28,5,5.86,571,1,,
2014,10493,이택근,넥센,타자,,CF,34,5,2.54,527,1,,
2014,10442,손승락,넥센,투수,,CL,32,5,1.34,187,1,,
2014,10855,서건창,넥센,타자,,2B,25,4,6.87,616,1,Y,
2014,10933,소사,넥센,투수,Y,SP,29,4,3.25,375,1,,
2014,10863,한현희,넥센,투수,,RP,21,2,2.75,236,1,,
2014,11126,조상우,넥센,투수,,RP,20,3,2.45,208,1,,
2014,10360,나이트,넥센,투수,Y,SP,39,4,0.31,88,1,,
2014,10443,송신영,넥센,투수,,RP,38,4,0.2,127,1,,
2014,10238,김민성,넥센,타자,,3B,26,2,1.99,486,1,,
2014,11218,로티노,넥센,타자,Y,LF,34,3,1.31,247,1,,
2014,10423,강윤구,넥센,투수,,RP,24,2,-0.54,126,1,,
2014,10627,유한준,넥센,타자,,RF,33,2,2.48,469,1,,
2014,10437,문성현,넥센,투수,,SP,23,2,1.31,256,1,,
2014,10860,문우람,넥센,타자,,LF,22,2,1.12,368,1,,
2014,10685,김대우,넥센,투수,,RP,26,2,0.95,221,1,,
2014,10168,이성열,넥센,타자,,DH,30,2,0.55,291,1,,
2014,10445,오주원,넥센,투수,,SP,29,2,0.46,222,1,,
2014,10425,금민철,넥센,투수,,SP,28,2,0.19,125,1,,
2014,10436,마정길,넥센,투수,,RP,35,2,1.31,192,1,,
2014,11132,안태영,넥센,타자,,DH,29,1,0.71,80,1,,
2014,10387,박동원,넥센,타자,,C,24,1,0.63,198,1,,
2014,10410,박헌도,넥센,타자,,LF,27,1,0.38,113,1,,
2014,11222,하영민,넥센,투수,,SP,19,1,0.21,187,1,,
2014,11224,김하성,넥센,타자,,SS,19,1,0.13,59,1,,
2014,10871,김태훈,넥센,투수,,RP,22,1,0.06,18,1,,
2014,10440,배힘찬,넥센,투수,,RP,31,1,0.04,20,1,,
2014,10438,박성훈,넥센,투수,,RP,32,1,-0.04,47,1,,
2014,10453,장시환,넥센,투수,,RP,27,1,-0.08,20,1,,
2014,10431,김세현,넥센,투수,,RP,27,2,-0.16,135,1,,
2014,10486,서동욱,넥센,타자,,2B,30,1,-0.24,41,1,,
2014,10296,이정훈,넥센,투수,,RP,37,3,-0.24,22,1,,
2014,10684,허도환,넥센,타자,,C,30,1,-0.26,220,1,,
2014,10644,윤석민,넥센,타자,,SS,29,1,-0.5,307,1,,
2014,10187,김현수,두산,타자,,LF,26,5,3.17,528,1,,
2014,10256,홍성흔,두산,타자,,DH,37,5,2.79,521,1,,
2014,10641,니퍼트,두산,투수,Y,SP,33,4,4.57,538,1,,
2014,11201,칸투,두산,타자,Y,1B,32,4,2.09,419,1,,
2014,10219,이재우,두산,투수,,SP,34,2,0.76,113,1,,
2014,10174,김재호,두산,타자,,SS,29,2,0.66,421,1,,
2014,10217,이용찬,두산,투수,,CL,25,2,0.63,153,1,,
2014,10225,정재훈,두산,투수,,RP,34,4,0.44,161,1,,
2014,11202,볼스테드,두산,투수,Y,SP,28,4,-0.05,261,1,,
2014,10203,노경은,두산,투수,,SP,30,3,-1.61,329,1,,
2014,10188,민병헌,두산,타자,,RF,27,3,3.32,527,1,,
2014,10178,오재원,두산,타자,,2B,29,2,2.57,420,1,,
2014,10165,양의지,두산,타자,,C,27,2,2.54,338,1,,
2014,11293,마야,두산,투수,Y,SP,33,3,1.31,189,1,,
2014,10180,이원석,두산,타자,,3B,28,2,-0.26,255,1,,
2014,10213,유희관,두산,투수,,SP,28,2,3.48,532,1,,
2014,10195,정수빈,두산,타자,,CF,24,2,2.98,507,1,,
2014,10210,오현택,두산,투수,,RP,29,2,1.05,200,1,,
2014,10885,윤명준,두산,투수,,RP,25,2,0.64,215,1,,
2014,10171,고영민,두산,타자,,2B,30,2,0.28,108,1,,
2014,10230,홍상삼,두산,투수,,RP,24,2,-0.21,63,1,,
2014,10184,허경민,두산,타자,,3B,24,3,0.58,233,1,,
2014,10643,김재환,두산,타자,,1B,26,1,0.44,96,1,,
2014,10182,최주환,두산,타자,,3B,26,1,0.4,211,1,,
2014,10221,이현승,두산,투수,,RP,31,3,0.4,165,1,,
2014,11094,함덕주,두산,투수,,RP,19,1,0.4,79,1,,
2014,10882,변시원,두산,투수,,RP,21,1,0.24,101,1,,
2014,10400,오재일,두산,타자,,1B,28,1,0.23,155,1,,
2014,10223,장민익,두산,투수,,RP,23,1,0.19,16,1,,
2014,10680,김명성,두산,투수,,RP,26,1,0.14,23,1,,
2014,10186,김진형,두산,타자,,1B,24,1,-0.14,42,1,,
2014,10170,최재훈,두산,타자,,C,25,1,-0.16,125,1,,
2014,10305,허준혁,두산,투수,,RP,24,1,-0.27,19,1,,
2014,10690,김강률,두산,투수,,RP,26,1,-0.29,50,1,,
2014,10224,정대현,두산,투수,,RP,23,1,-0.39,82,1,,
2014,10416,장민석,두산,타자,,LF,32,1,-0.55,75,1,,
2014,10189,박건우,두산,타자,,RF,24,1,-0.66,66,1,,
2014,10261,손아섭,롯데,타자,,RF,26,5,5.68,570,1,,
2014,10521,옥스프링,롯데,투수,Y,SP,37,5,5.57,553,1,,
2014,10828,유먼,롯데,투수,Y,SP,35,5,2.07,455,1,,
2014,10232,강민호,롯데,타자,,C,29,5,1.66,360,1,,
2014,10154,정대현,롯데,투수,,RP,36,4,1.48,126,1,,
2014,10299,장원준,롯데,투수,,SP,29,4,4.12,465,1,,
2014,10183,최준석,롯데,타자,,DH,31,5,2.25,460,1,,
2014,10285,송승준,롯데,투수,,SP,34,5,1.56,366,1,,
2014,11228,히메네스,롯데,타자,Y,1B,32,4,1.54,303,1,,
2014,10269,강영식,롯데,투수,,RP,33,4,1.02,141,1,,
2014,10831,이상화,롯데,투수,,RP,26,4,-0.19,81,1,,
2014,10407,황재균,롯데,타자,,3B,27,2,2.47,550,1,,
2014,10253,정훈,롯데,타자,,2B,27,2,3.04,558,1,,
2014,10266,전준우,롯데,타자,,CF,28,2,1.76,470,1,,
2014,10272,김사율,롯데,투수,,RP,34,2,0.66,238,1,,
2014,10243,박종윤,롯데,타자,,1B,32,2,0.48,476,1,,
2014,10290,이명우,롯데,투수,,RP,32,2,0.03,127,1,,
2014,10201,김성배,롯데,투수,,RP,33,2,-0.85,122,1,,
2014,10202,김승회,롯데,투수,,CL,33,2,2.1,168,1,,
2014,10302,최대성,롯데,투수,,RP,29,1,1.23,136,1,,
2014,10240,문규현,롯데,타자,,SS,31,1,1.11,275,1,,
2014,10295,이정민,롯데,투수,,RP,35,2,1.02,100,1,,
2014,10814,홍성민,롯데,투수,,RP,25,2,0.64,108,1,,
2014,10166,용덕한,롯데,타자,,C,33,1,0.37,92,1,,
2014,10235,장성우,롯데,타자,,C,24,1,0.25,99,1,,
2014,10281,배장호,롯데,투수,,RP,27,2,0.25,84,1,,
2014,10777,김민하,롯데,타자,,LF,25,1,0.21,98,1,,
2014,11229,김유영,롯데,투수,,RP,20,1,0.02,23,1,,
2014,11398,이우민,롯데,타자,,LF,32,1,0.01,103,1,,
2014,10840,신본기,롯데,타자,,SS,25,1,-0.01,130,1,,
2014,10518,심수창,롯데,투수,,RP,33,2,-0.01,59,1,,
2014,10249,오태곤,롯데,타자,,SS,23,1,-0.1,50,1,,
2014,10242,박준서,롯데,타자,,2B,33,1,-0.23,118,1,,
2014,10241,박기혁,롯데,타자,,SS,33,2,-0.34,63,1,,
2014,10268,강승현,롯데,투수,,RP,29,1,-0.85,17,1,,
2014,10648,김문호,롯데,타자,,LF,27,1,-1.38,222,1,,
2014,10344,최형우,삼성,타자,,LF,31,5,5.86,493,1,,
2014,10322,박석민,삼성,타자,,3B,29,5,4.35,425,1,,
2014,10336,박한이,삼성,타자,,RF,35,5,3.01,567,1,,
2014,10375,장원삼,삼성,투수,,SP,31,5,2.81,388,1,,
2014,10881,이승엽,삼성,타자,,DH,38,5,2.2,548,1,,
2014,10362,배영수,삼성,투수,,SP,33,5,1.97,401,1,,
2014,11281,임창용,삼성,투수,,CL,38,5,-0.53,134,1,,
2014,11103,밴덴헐크,삼성,투수,Y,SP,29,4,6.08,458,1,,
2014,11194,나바로,삼성,타자,Y,2B,27,4,5.45,602,1,,
2014,10368,윤성환,삼성,투수,,SP,33,5,4.15,511,1,,
2014,11195,마틴,삼성,투수,Y,SP,31,4,3.46,384,1,,
2014,10320,김상수,삼성,타자,,SS,24,3,3.05,493,1,Y,
2014,10364,안지만,삼성,투수,,RP,31,4,1.42,187,1,,
2014,10381,차우찬,삼성,투수,,RP,27,2,0.39,246,1,,
2014,10341,우동균,삼성,타자,,RF,25,1,-0.28,43,1,,
2014,10720,심창민,삼성,투수,,RP,21,4,-0.31,115,1,,
2014,10331,채태인,삼성,타자,,1B,32,2,1.9,541,1,,
2014,10351,권혁,삼성,투수,,RP,31,2,0.89,104,1,,
2014,10343,정형식,삼성,타자,,CF,23,2,-0.8,121,1,,
2014,11190,박해민,삼성,타자,,CF,24,2,1.88,373,1,,
2014,10329,조동찬,삼성,타자,,3B,31,2,-0.14,87,1,,
2014,10640,김헌곤,삼성,타자,,LF,26,1,1.22,143,1,,
2014,10358,김현우,삼성,투수,,RP,26,1,0.97,93,1,,
2014,10363,백정현,삼성,투수,,RP,27,1,0.65,139,1,,
2014,10312,이지영,삼성,타자,,C,28,1,0.6,299,1,,
2014,11112,박근홍,삼성,투수,,RP,29,1,0.5,91,1,,
2014,10045,김건한,삼성,투수,,RP,33,2,0.32,109,1,,
2014,11196,이수민,삼성,투수,,RP,19,1,0.31,22,1,,
2014,10467,김태완,삼성,타자,,2B,33,1,0.22,108,1,,
2014,10380,조현근,삼성,투수,,RP,29,2,0.18,16,1,,
2014,11108,이흥련,삼성,타자,,C,25,1,0.14,155,1,,
2014,10718,김기태,삼성,투수,,RP,27,1,-0.05,26,1,,
2014,10342,이영욱,삼성,타자,,CF,29,1,-0.09,64,1,,
2014,10103,정근우,한화,타자,,2B,32,5,4.01,549,1,,
2014,10552,김태균,한화,타자,,1B,32,5,3.64,508,1,,
2014,10035,이용규,한화,타자,,CF,29,5,-0.02,418,1,,
2014,11275,피에,한화,타자,Y,CF,29,4,2.25,498,1,,
2014,11272,앨버스,한화,투수,Y,SP,29,4,2.15,454,1,,
2014,10678,유창식,한화,투수,,SP,22,3,1.84,274,1,,
2014,10463,조인성,한화,타자,,C,39,5,0.84,154,2,,
2014,10598,송창식,한화,투수,,RP,29,2,-0.22,87,1,,
2014,11286,타투스코,한화,투수,Y,SP,29,3,0.66,191,1,,
2014,11277,클레이,한화,투수,Y,SP,26,3,-0.13,120,1,,
2014,10578,최진행,한화,타자,,DH,29,2,-0.59,328,1,,
2014,10609,이태양,한화,투수,,SP,24,2,2.46,459,1,,
2014,10555,송광민,한화,타자,,3B,31,2,1.45,421,1,,
2014,10600,안영명,한화,투수,,RP,30,2,1.39,293,1,,
2014,10028,김경언,한화,타자,,RF,32,2,1.37,355,1,,
2014,10606,윤규진,한화,투수,,RP,30,2,1.35,216,1,,
2014,10663,한상훈,한화,타자,,SS,34,3,1.06,203,1,,
2014,11118,송창현,한화,투수,,SP,25,2,-0.01,238,1,,
2014,10553,김태완,한화,타자,,DH,30,1,-0.3,214,1,,
2014,10596,박정진,한화,투수,,RP,38,4,0.36,148,1,,
2014,10778,이동걸,한화,투수,,RP,31,1,0.11,60,1,,
2014,11122,장운호,한화,타자,,CF,20,1,0.05,70,1,,
2014,10554,김회성,한화,타자,,3B,29,1,-0.08,162,1,,
2014,10573,이양기,한화,타자,,LF,33,1,-0.11,139,1,,
2014,10676,강경학,한화,타자,,SS,22,1,-0.13,103,1,,
2014,10772,정범모,한화,타자,,C,27,1,-0.13,212,1,,
2014,10909,임기영,한화,투수,,RP,21,1,-0.16,68,1,,
2014,11284,조이현,한화,투수,,RP,19,1,-0.23,33,1,,
2014,10654,이시찬,한화,타자,,SS,29,1,-0.25,119,1,,
2014,11276,최설우,한화,투수,,RP,22,2,-0.26,194,1,,
2014,10592,마일영,한화,투수,,RP,33,3,-0.29,60,1,,
2014,11267,김기현,한화,투수,,RP,25,1,-0.43,70,1,,
2014,10621,황재규,한화,투수,,RP,28,2,-0.49,25,1,,
2014,10576,정현석,한화,타자,,RF,30,1,-0.5,118,1,,
2014,10607,윤근영,한화,투수,,RP,28,1,-0.54,147,1,,
2014,10611,정대훈,한화,투수,,RP,29,1,-0.55,127,1,,
2014,10666,고동진,한화,타자,,RF,34,1,-0.67,213,1,,
2014,11121,조정원,한화,타자,,SS,24,1,-0.82,58,1,,
2014,11266,김민수,한화,타자,,C,23,1,-1.02,78,1,,
2014,10587,김혁민,한화,투수,,RP,27,2,-1.08,92,1,,
2015,10061,윤석민,KIA,투수,,CL,29,5,2,210,1,,
2015,10025,최희섭,KIA,타자,,DH,36,2,0.4,149,1,,
2015,10058,양현종,KIA,투수,,SP,27,4,8.14,553,1,,
2015,10559,이범호,KIA,타자,,3B,34,4,3.02,514,1,,3→4
2015,10239,김주찬,KIA,타자,,LF,34,5,2.69,377,1,,
2015,11301,스틴슨,KIA,투수,Y,SP,27,4,2.57,501,1,,
2015,11264,필,KIA,타자,Y,1B,31,4,2.41,591,1,,
2015,10695,김진우,KIA,투수,,SP,32,3,0.43,39,1,,
2015,10812,한승혁,KIA,투수,,RP,22,3,0.35,168,1,,
2015,10077,한기주,KIA,투수,,RP,28,2,0.02,25,1,,
2015,10843,김병현,KIA,투수,,RP,36,4,-0.1,147,1,,
2015,10678,유창식,KIA,투수,,RP,23,3,-0.24,108,2,,
2015,11548,에반,KIA,투수,Y,RP,32,3,0.25,79,1,,
2015,11305,험버,KIA,투수,Y,SP,33,3,0.16,152,1,,
2015,10030,나지완,KIA,타자,,LF,30,4,0.01,368,1,,
2015,10068,임준혁,KIA,투수,,SP,31,2,2.88,356,1,,
2015,10029,김원섭,KIA,타자,,RF,37,5,1.52,341,1,,
2015,10397,김민우,KIA,타자,,SS,36,1,0.94,315,1,,
2015,10053,서재응,KIA,투수,,SP,38,2,0.59,120,1,,
2015,10696,홍건희,KIA,투수,,RP,23,3,0.02,246,1,,
2015,10795,임준섭,KIA,투수,,RP,26,2,-0.26,41,1,,
2015,10617,최영필,KIA,투수,,RP,41,2,1.61,189,1,,
2015,10003,백용환,KIA,타자,,C,26,1,0.98,177,1,,
2015,10056,심동섭,KIA,투수,,RP,24,3,0.45,172,1,,
2015,10011,박기남,KIA,타자,,3B,34,1,0.44,93,1,,
2015,11071,이홍구,KIA,타자,,C,25,1,0.43,246,1,,
2015,10502,김광수,KIA,투수,,RP,34,1,0.38,131,1,,
2015,11300,박정수,KIA,투수,,RP,19,1,0.23,127,1,,
2015,10198,김태영,KIA,투수,,RP,35,2,0.21,78,1,,
2015,11070,박준표,KIA,투수,,RP,23,1,0.18,138,1,,
2015,11073,고장혁,KIA,타자,,SS,25,1,0.12,57,1,,
2015,10793,신창호,KIA,투수,,RP,28,1,0.03,17,1,,
2015,11260,박준태,KIA,타자,,CF,24,1,-0.02,88,1,,
2015,11298,김호령,KIA,타자,,CF,23,1,-0.02,283,1,,
2015,11306,황대인,KIA,타자,,3B,19,1,-0.1,44,1,,
2015,10004,이성우,KIA,타자,,C,34,1,-0.17,134,1,,
2015,10031,신종길,KIA,타자,,RF,32,1,-0.17,348,1,,
2015,10816,윤해진,KIA,타자,,2B,26,1,-0.19,38,1,,
2015,11482,이은총,KIA,타자,,LF,24,1,-0.26,38,1,,
2015,10650,김주형,KIA,타자,,1B,30,1,-0.35,88,1,,
2015,10038,이호신,KIA,타자,,LF,31,1,-0.4,62,1,,
2015,10672,오준혁,KIA,타자,,LF,23,1,-0.41,85,1,,
2015,10626,김다원,KIA,타자,,LF,30,1,-0.43,274,1,,
2015,11299,문경찬,KIA,투수,,SP,23,1,-0.45,83,1,,
2015,10066,임기준,KIA,투수,,RP,24,1,-0.49,102,1,,
2015,10018,이인행,KIA,타자,,2B,24,1,-0.64,33,1,,
2015,10024,최용규,KIA,타자,,2B,30,1,-0.73,200,1,,
2015,11261,박찬호,KIA,타자,,SS,20,1,-1.16,150,1,,
2015,11255,강한울,KIA,타자,,SS,24,1,-1.57,292,1,,
2015,10521,옥스프링,KT,투수,Y,SP,38,5,3.89,555,1,,
2015,11338,마르테,KT,타자,Y,3B,32,4,4.02,487,1,,
2015,10775,저마노,KT,투수,Y,SP,33,4,1.1,230,1,,
2015,11318,엄상백,KT,투수,,SP,19,3,0.51,300,1,,
2015,11324,홍성무,KT,투수,,RP,22,4,0.28,84,1,,
2015,10032,장성호,KT,타자,,1B,38,2,0.26,114,1,,
2015,11311,심재민,KT,투수,,RP,21,3,0.07,169,1,,
2015,11323,주권,KT,투수,,RP,20,4,-0.24,73,1,,
2015,11493,댄블랙,KT,타자,Y,1B,28,3,1.55,225,1,,
2015,11325,시스코,KT,투수,Y,RP,32,3,-0.04,117,1,,
2015,11326,어윈,KT,투수,Y,SP,28,3,-0.29,168,1,,
2015,10469,박경수,KT,타자,,2B,31,4,5.33,537,1,,
2015,10235,장성우,KT,타자,,C,25,2,1.99,435,2,,
2015,10453,장시환,KT,투수,,RP,28,2,1.84,224,1,,
2015,10224,정대현,KT,투수,,SP,24,2,1.2,354,1,,
2015,10490,이대형,KT,타자,,CF,32,4,0.82,616,1,,
2015,10007,김상현,KT,타자,,LF,35,2,0.62,539,1,,
2015,10272,김사율,KT,투수,,RP,35,4,-0.64,77,1,,
2015,11322,조무근,KT,투수,,RP,24,1,2.01,215,1,,
2015,11253,홍성용,KT,투수,,RP,29,1,1.12,112,1,,
2015,10241,박기혁,KT,타자,,SS,34,3,0.97,350,1,,
2015,11489,김재윤,KT,투수,,RP,25,1,0.64,134,1,,
2015,10162,최원재,KT,투수,,RP,28,1,0.61,99,1,,
2015,10340,오정복,KT,타자,,LF,29,1,0.59,278,1,,
2015,11308,고영표,KT,투수,,RP,24,1,0.44,171,1,,
2015,11310,박세웅,KT,투수,,RP,20,1,0.32,84,1,,
2015,10607,윤근영,KT,투수,,RP,29,2,0.23,96,1,,
2015,11331,김동은,KT,타자,,SS,25,1,0.22,38,1,,
2015,11312,안현준,KT,투수,,RP,20,1,0.14,48,1,,
2015,10166,용덕한,KT,타자,,C,34,1,0.12,108,1,,
2015,11317,김민수,KT,투수,,RP,23,1,0.08,70,1,,
2015,10512,배우열,KT,투수,,RP,29,1,0.05,48,1,,
2015,10081,윤요섭,KT,타자,,C,33,1,0.04,159,1,,
2015,11332,김영환,KT,타자,,3B,22,1,0.02,49,1,,
2015,10309,김동욱,KT,타자,,1B,27,1,-0.03,66,1,,
2015,10503,김기표,KT,투수,,RP,32,1,-0.08,31,1,,
2015,10471,박용근,KT,타자,,SS,31,1,-0.09,86,1,,
2015,11342,송민섭,KT,타자,,LF,24,1,-0.11,51,1,,
2015,11335,이지찬,KT,타자,,2B,24,1,-0.16,42,1,,
2015,11321,정성곤,KT,투수,,SP,19,1,-0.24,174,1,,
2015,11154,이성민,KT,투수,,RP,25,2,-0.25,38,1,,
2015,10406,조중근,KT,타자,,1B,33,1,-0.28,39,1,,
2015,11327,김종민,KT,타자,,C,29,1,-0.38,35,1,,
2015,11336,김태훈,KT,타자,,SS,19,1,-0.4,44,1,,
2015,10327,신명철,KT,타자,,1B,37,2,-0.43,168,1,,
2015,11333,문상철,KT,타자,,3B,24,1,-0.49,88,1,,
2015,11339,김민혁,KT,타자,,LF,20,1,-0.53,179,1,,
2015,11320,이창재,KT,투수,,RP,23,1,-0.6,99,1,,
2015,11341,김진곤,KT,타자,,CF,28,1,-0.71,87,1,,
2015,10551,김지열,KT,타자,,RF,27,1,-0.82,248,1,,
2015,11212,배정대,KT,타자,,CF,20,1,-0.91,68,1,,
2015,11334,심우준,KT,타자,,SS,20,1,-1.38,146,1,,
2015,10475,오지환,LG,타자,,SS,25,3,4.33,566,1,,2→3
2015,10933,소사,LG,투수,Y,SP,30,5,3.68,583,1,,
2015,10485,박용택,LG,타자,,LF,36,5,2.16,533,1,,
2015,10514,봉중근,LG,투수,,CL,35,5,-0.39,148,1,,
2015,10523,우규민,LG,투수,,SP,30,3,4.62,458,1,,
2015,11345,루카스,LG,투수,Y,SP,30,4,2.67,515,1,,
2015,10479,정성훈,LG,타자,,1B,35,4,1.95,440,1,,
2015,10492,이진영,LG,타자,,RF,35,4,0.72,350,1,,
2015,11211,임지섭,LG,투수,,SP,20,3,0.2,95,1,,
2015,10604,유원상,LG,투수,,RP,29,3,-0.51,111,1,,
2015,10491,이병규,LG,타자,,DH,41,4,-0.58,102,1,,
2015,11495,히메네스,LG,타자,Y,3B,27,3,1.79,299,1,,
2015,10477,이병규,LG,타자,,LF,32,5,1.09,277,1,,
2015,11090,류제국,LG,투수,,SP,32,4,2.21,390,1,,
2015,10713,임정우,LG,투수,,SP,24,2,1.12,327,1,,
2015,10921,신재웅,LG,투수,,RP,33,2,0.02,90,1,,
2015,11213,양석환,LG,타자,,3B,24,2,-1.15,384,1,,
2015,10657,윤지웅,LG,투수,,RP,27,2,1.72,186,1,,
2015,10753,유강남,LG,타자,,C,23,1,1.2,313,1,,
2015,10859,서상우,LG,타자,,LF,26,1,1.04,171,1,,
2015,11352,한나한,LG,타자,,3B,35,1,0.61,126,1,,
2015,11347,안익훈,LG,타자,,CF,19,1,0.56,74,1,,
2015,10747,김지용,LG,투수,,RP,27,1,0.56,98,1,,
2015,10120,임훈,LG,타자,,RF,30,2,0.51,215,2,,
2015,10533,정찬헌,LG,투수,,RP,25,2,0.47,132,1,,
2015,10138,신승현,LG,투수,,RP,32,2,0.46,107,1,,
2015,10085,최경철,LG,타자,,C,35,1,0.4,215,1,,
2015,10524,이동현,LG,투수,,RP,32,3,0.32,178,1,,
2015,10128,김선규,LG,투수,,RP,29,1,0.29,95,1,,
2015,11215,채은성,LG,타자,,RF,25,1,0.2,198,1,,
2015,10750,장진용,LG,투수,,SP,29,1,0.17,97,1,,
2015,10075,진해수,LG,투수,,RP,29,1,0.05,63,2,,
2015,10501,김광삼,LG,투수,,SP,35,1,0.03,47,1,,
2015,10527,이승현,LG,투수,,RP,24,1,-0.03,46,1,,
2015,10473,백진우,LG,타자,,3B,27,1,-0.04,36,1,,
2015,11290,황목치승,LG,타자,,SS,30,1,-0.09,74,1,,
2015,10662,나성용,LG,타자,,1B,27,1,-0.1,79,1,,
2015,10925,이민재,LG,타자,,CF,27,1,-0.29,34,1,,
2015,10535,최동환,LG,투수,,RP,26,1,-0.3,62,1,,
2015,11092,최승준,LG,타자,,1B,27,1,-0.47,31,1,,
2015,10655,정의윤,LG,타자,,RF,29,1,-0.49,75,1,,
2015,10468,문선재,LG,타자,,LF,25,1,-0.56,245,1,,
2015,10466,김용의,LG,타자,,CF,30,1,-0.65,199,1,,
2015,10325,손주인,LG,타자,,2B,32,1,-0.74,279,1,,
2015,11346,박지규,LG,타자,,2B,24,1,-0.87,189,1,,
2015,11252,테임즈,NC,타자,Y,1B,29,5,11.07,595,1,,
2015,11156,해커,NC,투수,Y,SP,32,5,6.24,612,1,,
2015,11162,나성범,NC,타자,,RF,26,4,4.94,622,1,,
2015,10284,손민한,NC,투수,,SP,40,2,1.68,315,1,,
2015,11157,찰리,NC,투수,Y,SP,30,5,0.24,160,1,,
2015,11497,스튜어트,NC,투수,Y,SP,29,4,4.67,353,1,,
2015,10101,이호준,NC,타자,,DH,39,5,2.08,518,1,,
2015,10177,손시헌,NC,타자,,SS,35,5,1.63,508,1,,
2015,10192,이종욱,NC,타자,,CF,35,4,1.4,504,1,,
2015,11151,이민호,NC,투수,,RP,22,3,0.95,288,1,,
2015,11144,노건우,NC,투수,,RP,26,3,-0.4,71,1,,
2015,11137,박민우,NC,타자,,2B,22,3,5.03,617,1,Y,
2015,10220,이재학,NC,투수,,SP,25,3,3.3,375,1,,
2015,10681,이태양,NC,투수,,SP,22,3,4.07,412,1,,
2015,10333,김종호,NC,타자,,LF,31,2,1.85,486,1,,
2015,11174,최금강,NC,투수,,RP,26,2,1.44,269,1,,
2015,10459,김태군,NC,타자,,C,26,2,1.04,474,1,,
2015,10093,모창민,NC,타자,,3B,30,1,0.42,239,1,,
2015,10683,지석훈,NC,타자,,2B,31,2,0.05,466,1,,
2015,10452,임창민,NC,투수,,CL,30,2,1.82,192,1,,
2015,11168,임정호,NC,투수,,RP,25,2,1.21,144,1,,
2015,10330,조영훈,NC,타자,,1B,33,1,0.83,146,1,,
2015,11141,최재원,NC,타자,,2B,25,1,0.83,102,1,,
2015,11153,김성욱,NC,타자,,LF,22,1,0.8,204,1,,
2015,11166,김진성,NC,투수,,RP,30,2,0.68,198,1,,
2015,10510,박명환,NC,투수,,RP,38,2,0.48,78,1,,
2015,10166,용덕한,NC,타자,,C,34,1,0.31,49,2,,
2015,11182,김준완,NC,타자,,LF,24,1,0.22,54,1,,
2015,10196,고창성,NC,투수,,RP,31,2,0.17,29,1,,
2015,10642,이혜천,NC,투수,,RP,36,2,0.11,52,1,,
2015,10434,민태호,NC,투수,,RP,26,1,0.1,77,1,,
2015,11358,박진우,NC,투수,,RP,25,1,0.09,43,1,,
2015,11279,강장산,NC,투수,,RP,25,1,0.01,77,1,,
2015,11142,손정욱,NC,투수,,RP,25,1,-0.14,70,1,,
2015,11165,노진혁,NC,타자,,SS,26,1,-0.68,42,1,,
2015,10126,김광현,SK,투수,,SP,27,5,4.54,530,1,,
2015,10106,최정,SK,타자,,3B,28,5,3.76,330,1,,
2015,11080,세든,SK,투수,Y,SP,32,5,1.33,222,1,,
2015,11368,켈리,SK,투수,Y,SP,27,4,4.56,543,1,,
2015,11372,브라운,SK,타자,Y,DH,31,4,1.98,539,1,,
2015,10096,박정권,SK,타자,,1B,34,3,1.97,494,1,,
2015,10156,정우람,SK,투수,,CL,30,3,1.89,210,1,,
2015,10083,정상호,SK,타자,,C,33,2,1.33,324,1,,
2015,11288,밴와트,SK,투수,Y,SP,29,4,1.13,169,1,,
2015,10323,박진만,SK,타자,,SS,39,2,0.43,162,1,,
2015,10108,김강민,SK,타자,,CF,33,5,0.41,328,1,,
2015,10161,채병용,SK,투수,,RP,33,3,0.15,249,1,,
2015,10145,윤희상,SK,투수,,SP,30,2,0.89,280,1,,
2015,10558,이대수,SK,타자,,3B,34,4,-0.06,86,1,,
2015,10082,이재원,SK,타자,,C,27,3,2.13,559,1,,
2015,10131,박종훈,SK,투수,,SP,24,2,1.55,354,1,,
2015,10841,전유수,SK,투수,,RP,29,2,1.48,233,1,,
2015,10636,김성현,SK,타자,,SS,28,2,1.09,449,1,,
2015,10119,이명기,SK,타자,,LF,28,2,0.96,582,1,,
2015,10921,신재웅,SK,투수,,RP,33,2,0.36,61,2,,
2015,10655,정의윤,SK,타자,,RF,29,1,2.08,222,2,,
2015,10142,윤길현,SK,투수,,RP,32,3,1.02,188,1,,
2015,10121,조동화,SK,타자,,CF,34,4,0.47,304,1,,
2015,10529,이재영,SK,투수,,RP,36,3,0.46,93,1,,
2015,10112,박재상,SK,타자,,LF,33,2,0.44,292,1,,
2015,10206,박정배,SK,투수,,RP,33,1,0.38,76,1,,
2015,10135,박희수,SK,투수,,RP,32,2,0.19,30,1,,
2015,10136,백청훈,SK,투수,,SP,28,1,0.19,62,1,,
2015,10075,진해수,SK,투수,,RP,29,1,0.15,22,1,,
2015,11236,박민호,SK,투수,,RP,23,1,0.15,82,1,,
2015,10784,서진용,SK,투수,,RP,23,1,0.1,64,1,,
2015,10124,고효준,SK,투수,,RP,32,2,0.09,153,1,,
2015,10092,나주환,SK,타자,,2B,31,4,0.08,273,1,,
2015,10089,김연훈,SK,타자,,SS,31,1,-0.12,73,1,,
2015,10120,임훈,SK,타자,,RF,30,2,-0.23,81,1,,
2015,10803,박계현,SK,타자,,3B,23,1,-0.93,302,1,,
2015,10130,문광은,SK,투수,,RP,28,2,-0.97,193,1,,
2015,10470,박병호,넥센,타자,,1B,29,5,8.2,622,1,,
2015,10844,밴헤켄,넥센,투수,Y,SP,36,5,5.87,590,1,,
2015,10493,이택근,넥센,타자,,CF,35,5,2.01,401,1,,
2015,10855,서건창,넥센,타자,,2B,26,5,1.75,368,1,,
2015,10442,손승락,넥센,투수,,CL,33,5,0.35,184,1,,
2015,11380,피어밴드,넥센,투수,Y,SP,30,4,3.78,532,1,,
2015,11126,조상우,넥센,투수,,RP,21,3,2.87,280,1,,
2015,10863,한현희,넥센,투수,,SP,22,3,2.81,370,1,,
2015,11287,스나이더,넥센,타자,Y,LF,33,4,1.91,487,1,,
2015,10238,김민성,넥센,타자,,3B,27,3,2.36,489,1,,
2015,10627,유한준,넥센,타자,,RF,34,2,6.54,598,1,,
2015,11224,김하성,넥센,타자,,SS,20,2,5.01,582,1,,
2015,10387,박동원,넥센,타자,,C,25,2,2.24,443,1,,
2015,10659,고종욱,넥센,타자,,LF,26,2,1.58,443,1,,
2015,10644,윤석민,넥센,타자,,3B,30,2,1.39,418,1,,
2015,10431,김세현,넥센,투수,,RP,28,2,1.35,271,1,,
2015,10437,문성현,넥센,투수,,SP,24,2,0.29,275,1,,
2015,10445,오주원,넥센,투수,,RP,30,2,-0.16,55,1,,
2015,10602,양훈,넥센,투수,,RP,29,1,1.66,115,1,,
2015,10443,송신영,넥센,투수,,SP,39,2,1.27,207,1,,
2015,10410,박헌도,넥센,타자,,LF,28,1,0.89,267,1,,
2015,10425,금민철,넥센,투수,,SP,29,2,0.67,66,1,,
2015,10436,마정길,넥센,투수,,RP,36,2,0.45,112,1,,
2015,10401,유재신,넥센,타자,,2B,28,1,0.43,32,1,,
2015,10685,김대우,넥센,투수,,RP,27,1,0.33,213,1,,
2015,10860,문우람,넥센,타자,,LF,23,1,0.11,138,1,,
2015,10871,김태훈,넥센,투수,,RP,23,1,0.05,151,1,,
2015,11226,임병욱,넥센,타자,,CF,20,1,0.04,52,1,,
2015,10870,김재현,넥센,타자,,C,22,1,0.03,71,1,,
2015,11222,하영민,넥센,투수,,RP,20,1,-0.02,104,1,,
2015,11227,장시윤,넥센,타자,,SS,22,1,-0.06,31,1,,
2015,10432,김건태,넥센,투수,,RP,24,1,-0.07,46,1,,
2015,10440,배힘찬,넥센,투수,,RP,32,1,-0.08,20,1,,
2015,10427,김상수,넥센,투수,,SP,27,1,-0.2,15,1,,
2015,10486,서동욱,넥센,타자,,2B,31,1,-0.21,118,1,,
2015,11169,이상민,넥센,투수,,RP,25,1,-0.41,58,1,,
2015,11373,김택형,넥센,투수,,SP,19,1,-0.62,174,1,,
2015,10399,김지수,넥센,타자,,SS,29,1,-0.67,151,1,,
2015,10187,김현수,두산,타자,,LF,27,5,6.42,630,1,,
2015,10299,장원준,두산,투수,,SP,30,5,3.39,509,1,,
2015,10641,니퍼트,두산,투수,Y,SP,34,5,1.12,270,1,,
2015,10256,홍성흔,두산,타자,,DH,38,5,0.46,352,1,,
2015,10165,양의지,두산,타자,,C,28,3,6.43,513,1,,
2015,10174,김재호,두산,타자,,SS,30,2,3.53,488,1,,
2015,10178,오재원,두산,타자,,2B,30,4,2.56,474,1,,
2015,11496,스와잭,두산,투수,Y,SP,30,4,0.91,277,1,,
2015,10203,노경은,두산,투수,,RP,31,1,0.14,175,1,,
2015,11293,마야,두산,투수,Y,SP,34,4,-0.48,205,1,,
2015,10213,유희관,두산,투수,,SP,29,2,4.98,569,1,,
2015,10188,민병헌,두산,타자,,RF,28,3,2.69,561,1,,
2015,10195,정수빈,두산,타자,,CF,25,2,2.08,570,1,,
2015,11494,로메로,두산,타자,Y,1B,29,3,0.89,305,1,,
2015,11382,루츠,두산,타자,Y,3B,29,3,-0.36,30,1,,
2015,10184,허경민,두산,타자,,3B,25,3,1.85,453,1,,
2015,10677,이현호,두산,투수,,RP,23,3,1.67,258,1,,
2015,10171,고영민,두산,타자,,2B,31,2,0.28,77,1,,
2015,10229,진야곱,두산,투수,,SP,26,2,-0.92,308,1,,
2015,10189,박건우,두산,타자,,RF,25,1,1.88,175,1,,
2015,11094,함덕주,두산,투수,,RP,20,2,1.76,185,1,,
2015,10400,오재일,두산,타자,,1B,29,1,1.34,213,1,,
2015,10182,최주환,두산,타자,,3B,27,1,1.31,270,1,,
2015,10305,허준혁,두산,투수,,SP,25,1,1.04,189,1,,
2015,10221,이현승,두산,투수,,CL,32,2,0.79,140,1,,
2015,10643,김재환,두산,타자,,1B,27,1,0.52,180,1,,
2015,10885,윤명준,두산,투수,,RP,26,2,0.51,204,1,,
2015,10210,오현택,두산,투수,,RP,30,2,0.41,168,1,,
2015,10690,김강률,두산,투수,,RP,27,1,0.14,44,1,,
2015,11381,남경호,두산,투수,,RP,19,1,0.04,27,1,,
2015,10895,유민상,두산,타자,,1B,26,1,-0.04,45,1,,
2015,10219,이재우,두산,투수,,RP,35,2,-0.09,138,1,,
2015,10645,정진호,두산,타자,,CF,27,1,-0.16,172,1,,
2015,10730,양현,두산,투수,,RP,23,1,-0.21,31,1,,
2015,10647,김수완,두산,투수,,RP,26,1,-0.25,46,1,,
2015,10680,김명성,두산,투수,,RP,27,1,-0.28,52,1,,
2015,10416,장민석,두산,타자,,LF,33,2,-0.31,63,1,,
2015,10218,이원재,두산,투수,,RP,27,1,-0.47,32,1,,
2015,10170,최재훈,두산,타자,,C,26,1,-0.95,114,1,,
2015,10232,강민호,롯데,타자,,C,30,5,6.36,456,1,,
2015,10261,손아섭,롯데,타자,,RF,27,5,3.45,517,1,,
2015,10154,정대현,롯데,투수,,RP,37,4,0.54,55,1,,
2015,11393,린드블럼,롯데,투수,Y,SP,28,5,7.35,630,1,,
2015,11395,아두치,롯데,타자,Y,CF,30,4,4.77,594,1,,
2015,11392,레일리,롯데,투수,Y,SP,27,4,4.61,538,1,,
2015,10183,최준석,롯데,타자,,DH,32,5,4.53,618,1,,
2015,10285,송승준,롯데,투수,,SP,35,4,2.59,375,1,,
2015,10831,이상화,롯데,투수,,SP,27,3,0.33,165,1,,
2015,10269,강영식,롯데,투수,,RP,34,4,0.29,116,1,,
2015,10253,정훈,롯데,타자,,2B,28,2,2.79,562,1,,
2015,10407,황재균,롯데,타자,,3B,28,3,2.71,596,1,,
2015,10225,정재훈,롯데,투수,,RP,35,4,-0.15,19,1,,
2015,10814,홍성민,롯데,투수,,RP,26,2,1.8,246,1,,
2015,11310,박세웅,롯데,투수,,SP,20,2,1.02,258,2,,
2015,10202,김승회,롯데,투수,,RP,34,2,0.59,225,1,,
2015,10290,이명우,롯데,투수,,RP,33,2,0.26,177,1,,
2015,10518,심수창,롯데,투수,,RP,34,2,-0.09,220,1,,
2015,10201,김성배,롯데,투수,,RP,34,1,-0.36,119,1,,
2015,10648,김문호,롯데,타자,,LF,28,1,0.97,325,1,,
2015,11154,이성민,롯데,투수,,RP,25,2,0.72,180,2,,
2015,10116,오현근,롯데,타자,,RF,30,1,0.36,36,1,,
2015,11398,이우민,롯데,타자,,LF,33,1,0.36,174,1,,
2015,10281,배장호,롯데,투수,,SP,28,2,0.3,86,1,,
2015,11390,김대륙,롯데,타자,,SS,23,1,0.21,63,1,,
2015,10293,이재곤,롯데,투수,,SP,27,1,0.2,39,1,,
2015,10235,장성우,롯데,타자,,C,25,1,0.13,56,1,,
2015,11397,오윤석,롯데,타자,,2B,23,1,0.11,36,1,,
2015,10777,김민하,롯데,타자,,LF,26,1,0.08,141,1,,
2015,10249,오태곤,롯데,타자,,SS,24,1,0.05,353,1,,
2015,11231,심규범,롯데,투수,,RP,24,1,-0.02,19,1,,
2015,11329,안중열,롯데,타자,,C,20,1,-0.1,109,1,,
2015,10825,김원중,롯데,투수,,RP,22,1,-0.1,61,1,,
2015,10193,임재철,롯데,타자,,RF,39,2,-0.15,63,1,,
2015,10240,문규현,롯데,타자,,SS,32,1,-0.2,298,1,,
2015,11285,김주현,롯데,타자,,LF,27,1,-0.21,79,1,,
2015,10295,이정민,롯데,투수,,RP,36,1,-0.29,134,1,,
2015,10835,김준태,롯데,타자,,C,21,1,-0.31,31,1,,
2015,11291,구승민,롯데,투수,,RP,25,1,-0.32,87,1,,
2015,11232,이인복,롯데,투수,,RP,24,1,-0.57,61,1,,
2015,10247,손용석,롯데,타자,,3B,28,1,-0.82,74,1,,
2015,10243,박종윤,롯데,타자,,1B,33,1,-1.3,326,1,,
2015,11194,나바로,삼성,타자,Y,2B,28,5,7.59,643,1,,
2015,10322,박석민,삼성,타자,,3B,30,5,6.69,559,1,,
2015,10368,윤성환,삼성,투수,,SP,34,5,5.6,582,1,,
2015,10344,최형우,삼성,타자,,LF,32,5,4.43,637,1,,
2015,10364,안지만,삼성,투수,,RP,32,4,2.22,235,1,,
2015,10336,박한이,삼성,타자,,RF,36,5,1.69,429,1,,
2015,10375,장원삼,삼성,투수,,SP,32,5,0.9,410,1,,
2015,11409,피가로,삼성,투수,Y,SP,31,4,5.32,495,1,,
2015,10881,이승엽,삼성,타자,,DH,39,4,3.53,522,1,,
2015,10381,차우찬,삼성,투수,,SP,28,3,2.98,519,1,,
2015,10320,김상수,삼성,타자,,SS,25,3,2.7,518,1,,
2015,11281,임창용,삼성,투수,,CL,39,4,2.18,162,1,,
2015,11408,클로이드,삼성,투수,Y,SP,28,4,1.91,479,1,,
2015,10720,심창민,삼성,투수,,RP,22,4,1.32,202,1,,
2015,10314,진갑용,삼성,타자,,C,41,3,0.25,73,1,,
2015,10341,우동균,삼성,타자,,RF,26,1,-0.24,82,1,,
2015,10331,채태인,삼성,타자,,1B,33,3,2.04,373,1,,
2015,10892,구자욱,삼성,타자,,1B,22,2,3.85,465,1,,
2015,11190,박해민,삼성,타자,,CF,25,2,2.68,608,1,,
2015,10312,이지영,삼성,타자,,C,29,2,0.75,400,1,,
2015,10376,정인욱,삼성,투수,,RP,25,1,-0.09,88,1,,
2015,11112,박근홍,삼성,투수,,RP,30,2,1.15,146,1,,
2015,10380,조현근,삼성,투수,,RP,30,2,0.3,58,1,,
2015,10363,백정현,삼성,투수,,RP,28,1,0.19,84,1,,
2015,10045,김건한,삼성,투수,,RP,34,1,0.08,49,1,,
2015,10358,김현우,삼성,투수,,RP,27,1,0.01,37,1,,
2015,11108,이흥련,삼성,타자,,C,26,1,-0.04,108,1,,
2015,10718,김기태,삼성,투수,,RP,28,1,-0.15,88,1,,
2015,10055,신용운,삼성,투수,,RP,32,2,-0.18,77,1,,
2015,10324,백상원,삼성,타자,,2B,27,1,-0.22,94,1,,
2015,10930,박찬도,삼성,타자,,CF,26,1,-0.23,106,1,,
2015,10637,임현준,삼성,투수,,RP,27,1,-0.26,19,1,,
2015,10350,권오준,삼성,투수,,RP,35,2,-0.31,84,1,,
2015,11289,김재현,삼성,타자,,SS,24,1,-0.41,48,1,,
2015,11406,최선호,삼성,타자,,LF,24,1,-0.51,44,1,,
2015,10552,김태균,한화,타자,,1B,33,5,4.8,524,1,,
2015,10103,정근우,한화,타자,,2B,33,5,4.59,552,1,,
2015,10035,이용규,한화,타자,,CF,30,5,4.09,585,1,,
2015,10362,배영수,한화,투수,,SP,34,5,-0.21,303,1,,
2015,10880,탈보트,한화,투수,Y,SP,32,4,2.82,469,1,,
2015,10828,유먼,한화,투수,Y,SP,36,4,2.03,275,1,,
2015,10351,권혁,한화,투수,,CL,32,4,0.87,336,1,,
2015,10463,조인성,한화,타자,,C,40,3,0.45,310,1,,
2015,10137,송은범,한화,투수,,SP,31,5,-0.1,211,1,,
2015,10678,유창식,한화,투수,,RP,23,3,-0.54,56,1,,
2015,10598,송창식,한화,투수,,SP,30,2,-0.76,327,1,,
2015,11549,로저스,한화,투수,Y,SP,30,3,3.07,227,1,,
2015,11416,모건,한화,타자,Y,CF,35,3,0.42,42,1,,
2015,11490,폭스,한화,타자,Y,RF,33,3,0.02,121,1,,
2015,10028,김경언,한화,타자,,RF,33,3,3.55,437,1,,
2015,10578,최진행,한화,타자,,DH,30,2,3.29,410,1,,
2015,10600,안영명,한화,투수,,SP,31,3,2.25,376,1,,
2015,10596,박정진,한화,투수,,RP,39,3,1.9,288,1,,
2015,10676,강경학,한화,타자,,SS,23,2,0.81,376,1,,
2015,10168,이성열,한화,타자,,DH,31,3,0.32,254,1,,
2015,10795,임준섭,한화,투수,,RP,26,2,0.27,17,2,,
2015,10663,한상훈,한화,타자,,SS,35,3,0.14,75,1,,
2015,10606,윤규진,한화,투수,,RP,31,2,1.95,152,1,,
2015,11410,김민우,한화,투수,,RP,20,1,0.89,210,1,,
2015,10554,김회성,한화,타자,,3B,30,1,0.79,268,1,,
2015,11267,김기현,한화,투수,,RP,26,2,0.66,124,1,,
2015,11492,신성현,한화,타자,,3B,25,1,0.5,117,1,,
2015,10585,김용주,한화,투수,,SP,24,1,0.42,24,1,,
2015,10576,정현석,한화,타자,,RF,31,1,0.38,133,1,,
2015,10611,정대훈,한화,투수,,RP,30,2,0.21,108,1,,
2015,11411,김범수,한화,투수,,RP,20,1,0.13,44,1,,
2015,11122,장운호,한화,타자,,CF,21,1,0.08,141,1,,
2015,10595,박성호,한화,투수,,RP,29,1,0.05,62,1,,
2015,10684,허도환,한화,타자,,C,31,1,0.01,106,1,,
2015,10555,송광민,한화,타자,,LF,32,2,0,41,1,,
2015,11503,박한길,한화,투수,,RP,21,1,0,41,1,,
2015,10778,이동걸,한화,투수,,RP,32,1,-0.04,133,1,,
2015,10941,이종환,한화,타자,,RF,29,1,-0.1,88,1,,
2015,10553,김태완,한화,타자,,DH,31,2,-0.15,50,1,,
2015,10654,이시찬,한화,타자,,SS,30,1,-0.33,72,1,,
2015,10666,고동진,한화,타자,,RF,35,1,-0.67,70,1,,
2015,10465,권용관,한화,타자,,SS,39,1,-1.11,341,1,,
2015,10326,송주호,한화,타자,,LF,27,1,-1.16,156,1,,
2015,10772,정범모,한화,타자,,C,28,1,-1.38,114,1,,
2016,10058,양현종,KIA,투수,,SP,28,5,5.45,601,1,,
2016,10061,윤석민,KIA,투수,,RP,30,5,0.96,93,1,,
2016,11281,임창용,KIA,투수,,CL,40,4,0.5,105,1,,
2016,12509,헥터,KIA,투수,Y,SP,29,4,6.57,620,1,,
2016,10239,김주찬,KIA,타자,,LF,35,5,4.72,555,1,,
2016,10559,이범호,KIA,타자,,3B,35,4,4.2,560,1,,
2016,12510,지크,KIA,투수,Y,SP,27,4,1.73,456,1,,
2016,11264,필,KIA,타자,Y,1B,32,4,1.66,544,1,,
2016,10695,김진우,KIA,투수,,RP,33,3,0.28,45,1,,
2016,10014,안치홍,KIA,타자,,2B,26,3,0.07,43,1,,
2016,10812,한승혁,KIA,투수,,RP,23,3,-0.34,100,1,,
2016,10077,한기주,KIA,투수,,RP,29,2,-0.44,170,1,,
2016,10030,나지완,KIA,타자,,LF,31,2,4.22,486,1,,
2016,10486,서동욱,KIA,타자,,2B,32,2,3.41,485,1,,
2016,10696,홍건희,KIA,투수,,RP,24,2,1.47,271,1,,
2016,10650,김주형,KIA,타자,,1B,31,2,0.97,387,1,,
2016,11298,김호령,KIA,타자,,CF,24,2,0.7,514,1,,
2016,10029,김원섭,KIA,타자,,RF,38,3,0.06,90,1,,
2016,10397,김민우,KIA,타자,,SS,37,1,-0.2,47,1,,
2016,11268,노수광,KIA,타자,,RF,26,1,1.48,238,1,,
2016,10617,최영필,KIA,투수,,RP,42,2,1.25,172,1,,
2016,10502,김광수,KIA,투수,,RP,35,2,0.85,157,1,,
2016,11255,강한울,KIA,타자,,SS,25,1,0.73,322,1,,
2016,10821,김윤동,KIA,투수,,RP,23,1,0.44,159,1,,
2016,11071,이홍구,KIA,타자,,C,26,1,0.43,273,1,,
2016,10031,신종길,KIA,타자,,RF,33,1,0.41,240,1,,
2016,10651,윤정우,KIA,타자,,CF,28,1,0.41,82,1,,
2016,10066,임기준,KIA,투수,,RP,25,1,0.41,94,1,,
2016,10124,고효준,KIA,투수,,RP,33,2,0.31,109,2,,
2016,10626,김다원,KIA,타자,,LF,31,1,0.26,47,1,,
2016,12536,정동현,KIA,투수,,RP,19,1,0.24,54,1,,
2016,11297,김명찬,KIA,투수,,RP,24,1,0.23,39,1,,
2016,10672,오준혁,KIA,타자,,LF,24,1,0.14,144,1,,
2016,11070,박준표,KIA,투수,,RP,24,1,0.1,155,1,,
2016,10056,심동섭,KIA,투수,,RP,25,2,0.01,113,1,,
2016,10003,백용환,KIA,타자,,C,27,1,-0.12,199,1,,
2016,10072,정용운,KIA,투수,,RP,26,1,-0.15,65,1,,
2016,10043,곽정철,KIA,투수,,RP,30,2,-0.17,82,1,,
2016,10440,배힘찬,KIA,투수,,RP,33,1,-0.17,17,1,,
2016,12537,전상현,KIA,투수,,RP,20,1,-0.18,40,1,,
2016,10004,이성우,KIA,타자,,C,35,1,-0.19,89,1,,
2016,11303,이준영,KIA,투수,,RP,24,1,-0.19,53,1,,
2016,10816,윤해진,KIA,타자,,2B,27,1,-0.2,34,1,,
2016,11073,고장혁,KIA,타자,,SS,26,1,-0.32,81,1,,
2016,11119,한승택,KIA,타자,,C,22,1,-0.37,30,1,,
2016,11261,박찬호,KIA,타자,,SS,21,1,-0.38,46,1,,
2016,10038,이호신,KIA,타자,,LF,32,1,-0.4,43,1,,
2016,10068,임준혁,KIA,투수,,SP,32,2,-0.45,54,1,,
2016,12539,이진영,KIA,타자,,RF,19,1,-0.49,33,1,,
2016,11338,마르테,KT,타자,Y,3B,33,5,2.34,381,1,,
2016,10627,유한준,KT,타자,,RF,35,5,2.02,460,1,,
2016,11380,피어밴드,KT,투수,Y,SP,31,5,1.88,214,2,,
2016,11323,주권,KT,투수,,SP,21,4,2.61,402,1,,
2016,10492,이진영,KT,타자,,DH,36,4,1.41,424,1,,
2016,11288,밴와트,KT,투수,Y,SP,30,4,1.34,404,1,,
2016,11311,심재민,KT,투수,,RP,22,3,0.53,163,1,,
2016,12572,박세진,KT,투수,,RP,19,3,0.25,63,1,,
2016,11324,홍성무,KT,투수,,RP,23,4,0.09,27,1,,
2016,12655,류희운,KT,투수,,RP,21,4,-0.06,25,1,,
2016,11318,엄상백,KT,투수,,RP,20,3,-0.23,220,1,,
2016,10831,이상화,KT,투수,,RP,28,1,-0.37,98,1,,
2016,10469,박경수,KT,타자,,2B,32,4,4.36,476,1,,
2016,12507,마리몬,KT,투수,Y,SP,28,3,0.97,186,1,,
2016,12689,로위,KT,투수,Y,SP,32,3,0.11,180,1,,
2016,12508,피노,KT,투수,Y,SP,33,3,-0.13,117,1,,
2016,10224,정대현,KT,투수,,SP,25,2,0.1,274,1,,
2016,10453,장시환,KT,투수,,RP,29,2,-0.3,226,1,,
2016,10490,이대형,KT,타자,,CF,33,4,-0.62,654,1,,
2016,10417,전민수,KT,타자,,RF,27,1,0.91,240,1,,
2016,11489,김재윤,KT,투수,,RP,26,2,0.43,163,1,,
2016,11308,고영표,KT,투수,,RP,25,2,0.39,169,1,,
2016,11320,이창재,KT,투수,,RP,24,1,0.3,121,1,,
2016,11321,정성곤,KT,투수,,RP,20,1,0.26,199,1,,
2016,10512,배우열,KT,투수,,RP,30,1,0.19,121,1,,
2016,11312,안현준,KT,투수,,RP,21,1,0.17,36,1,,
2016,10272,김사율,KT,투수,,RP,36,4,0.15,91,1,,
2016,10081,윤요섭,KT,타자,,C,34,1,0.07,149,1,,
2016,11317,김민수,KT,투수,,RP,24,1,0.07,24,1,,
2016,10551,김지열,KT,타자,,RF,28,1,0.04,63,1,,
2016,10340,오정복,KT,타자,,LF,30,1,0,344,1,,
2016,11322,조무근,KT,투수,,RP,25,2,-0.11,116,1,,
2016,10162,최원재,KT,투수,,RP,29,1,-0.15,28,1,,
2016,11253,홍성용,KT,투수,,RP,30,2,-0.18,139,1,,
2016,11334,심우준,KT,타자,,SS,21,1,-0.23,251,1,,
2016,11327,김종민,KT,타자,,C,30,1,-0.24,217,1,,
2016,10895,유민상,KT,타자,,1B,27,1,-0.28,254,1,,
2016,10241,박기혁,KT,타자,,SS,35,3,-0.32,348,1,,
2016,11331,김동은,KT,타자,,SS,26,1,-0.32,63,1,,
2016,11339,김민혁,KT,타자,,LF,21,1,-0.35,31,1,,
2016,12521,남태혁,KT,타자,,1B,25,1,-0.4,48,1,,
2016,10309,김동욱,KT,타자,,1B,28,1,-0.41,41,1,,
2016,10471,박용근,KT,타자,,SS,32,1,-0.42,86,1,,
2016,11212,배정대,KT,타자,,CF,21,1,-0.54,55,1,,
2016,10007,김상현,KT,타자,,LF,36,4,-0.59,246,1,,
2016,11333,문상철,KT,타자,,3B,25,1,-0.63,87,1,,
2016,10391,이해창,KT,타자,,C,29,1,-0.8,254,1,,
2016,10089,김연훈,KT,타자,,SS,32,1,-1.36,181,1,,
2016,10475,오지환,LG,타자,,SS,26,3,4.9,472,1,,
2016,10485,박용택,LG,타자,,DH,37,5,3.34,578,1,,
2016,10477,이병규,LG,타자,,LF,33,5,1.2,350,1,,
2016,10514,봉중근,LG,투수,,RP,36,4,0.52,109,1,,
2016,11495,히메네스,LG,타자,Y,3B,28,4,4.97,579,1,,
2016,10933,소사,LG,투수,Y,SP,31,4,3.2,597,1,,
2016,10523,우규민,LG,투수,,SP,31,4,1.76,396,1,,
2016,10479,정성훈,LG,타자,,1B,36,4,0.9,418,1,,
2016,12516,이형종,LG,타자,,LF,27,4,0.52,147,1,,
2016,10652,임찬규,LG,투수,,SP,24,3,0.31,141,1,,
2016,10083,정상호,LG,타자,,C,34,4,-0.11,159,1,Y,
2016,10524,이동현,LG,투수,,RP,33,4,-0.11,130,1,,
2016,11087,강승호,LG,타자,,SS,22,1,-0.46,41,1,,
2016,10604,유원상,LG,투수,,RP,30,2,-0.74,72,1,,
2016,11090,류제국,LG,투수,,SP,33,4,3.73,484,1,,
2016,12682,허프,LG,투수,Y,SP,32,3,2.11,224,1,,
2016,12658,코프랜드,LG,투수,Y,SP,29,3,0.03,190,1,,
2016,10377,정현욱,LG,투수,,RP,38,4,-0.17,63,1,,
2016,10325,손주인,LG,타자,,2B,33,2,2.48,409,1,,
2016,11215,채은성,LG,타자,,RF,26,2,1.79,451,1,,
2016,10747,김지용,LG,투수,,RP,28,2,2.12,189,1,,
2016,10468,문선재,LG,타자,,LF,26,1,1.54,127,1,,
2016,10466,김용의,LG,타자,,CF,31,1,1.5,347,1,,
2016,10713,임정우,LG,투수,,CL,25,2,1.46,212,1,,
2016,10935,이천웅,LG,타자,,LF,28,1,1.01,320,1,,
2016,10753,유강남,LG,타자,,C,24,1,0.98,297,1,,
2016,11213,양석환,LG,타자,,1B,25,1,0.64,215,1,,
2016,10859,서상우,LG,타자,,LF,27,1,0.51,137,1,,
2016,10527,이승현,LG,투수,,RP,25,1,0.44,123,1,,
2016,10903,이준형,LG,투수,,SP,23,1,0.42,214,1,,
2016,10535,최동환,LG,투수,,RP,27,1,0.25,104,1,,
2016,10928,전인환,LG,투수,,RP,26,1,0.25,19,1,,
2016,10533,정찬헌,LG,투수,,RP,26,2,0.23,24,1,,
2016,11347,안익훈,LG,타자,,CF,20,1,0.21,52,1,,
2016,10075,진해수,LG,투수,,RP,30,2,0.07,162,1,,
2016,11290,황목치승,LG,타자,,SS,31,1,0.04,39,1,,
2016,10138,신승현,LG,투수,,RP,33,2,0.02,136,1,,
2016,10522,유경국,LG,투수,,SP,25,1,0.02,16,1,,
2016,10923,배민관,LG,투수,,RP,25,1,0.01,17,1,,
2016,10120,임훈,LG,타자,,RF,31,2,-0.06,198,1,,
2016,10657,윤지웅,LG,투수,,RP,28,2,-0.19,132,1,,
2016,10085,최경철,LG,타자,,C,36,1,-0.26,52,1,,
2016,12544,유재유,LG,투수,,RP,19,1,-0.27,20,1,,
2016,10851,최성훈,LG,투수,,RP,27,1,-0.31,68,1,,
2016,10750,장진용,LG,투수,,SP,30,1,-0.33,16,1,,
2016,12512,박재욱,LG,타자,,C,21,1,-0.52,50,1,,
2016,10480,정주현,LG,타자,,LF,26,1,-0.68,257,1,,
2016,11252,테임즈,NC,타자,Y,1B,30,5,5.15,529,1,,
2016,11156,해커,NC,투수,Y,SP,33,5,4.76,422,1,,
2016,11162,나성범,NC,타자,,RF,27,4,4.34,653,1,,
2016,11497,스튜어트,NC,투수,Y,SP,30,5,3.49,450,1,,
2016,10322,박석민,NC,타자,,3B,31,5,3.17,506,1,,
2016,10177,손시헌,NC,타자,,SS,36,5,3.5,403,1,,
2016,10220,이재학,NC,투수,,SP,26,2,2.44,383,1,,
2016,10101,이호준,NC,타자,,DH,40,5,1.96,472,1,,
2016,10192,이종욱,NC,타자,,CF,36,4,1.87,517,1,,
2016,11151,이민호,NC,투수,,SP,23,3,1.17,392,1,,
2016,11137,박민우,NC,타자,,2B,23,3,4,515,1,,
2016,10681,이태양,NC,투수,,SP,23,3,1.26,141,1,,
2016,11164,장현식,NC,투수,,RP,21,2,1.87,229,1,,
2016,11174,최금강,NC,투수,,SP,27,2,1.7,324,1,,
2016,11166,김진성,NC,투수,,RP,31,2,1.58,253,1,,
2016,10333,김종호,NC,타자,,LF,32,2,-0.03,137,1,,
2016,10459,김태군,NC,타자,,C,27,2,-0.48,395,1,,
2016,10683,지석훈,NC,타자,,2B,32,2,-1.74,394,1,,
2016,11161,원종현,NC,투수,,RP,29,3,2.37,212,1,,
2016,10452,임창민,NC,투수,,CL,31,3,2.35,210,1,,
2016,11353,구창모,NC,투수,,RP,19,1,1.64,206,1,,
2016,11153,김성욱,NC,타자,,LF,23,1,1.51,348,1,,
2016,10330,조영훈,NC,타자,,1B,34,1,1.47,207,1,,
2016,11182,김준완,NC,타자,,LF,25,1,1.34,325,1,,
2016,10093,모창민,NC,타자,,3B,31,2,1.3,147,1,,
2016,10205,박민석,NC,투수,,RP,27,1,0.92,65,1,,
2016,12561,정수민,NC,투수,,SP,26,1,0.45,144,1,,
2016,10128,김선규,NC,투수,,RP,30,1,0.31,46,1,,
2016,11248,배재환,NC,투수,,RP,21,1,0.25,66,1,,
2016,10434,민태호,NC,투수,,RP,27,1,0.19,85,1,,
2016,12624,임서준,NC,투수,,SP,23,1,-0.03,19,1,,
2016,11172,권희동,NC,타자,,LF,26,1,-0.07,47,1,,
2016,10166,용덕한,NC,타자,,C,35,1,-0.14,116,1,,
2016,11168,임정호,NC,투수,,RP,26,2,-0.37,70,1,,
2016,11368,켈리,SK,투수,Y,SP,28,5,6.44,601,1,,
2016,10106,최정,SK,타자,,3B,29,5,5.89,606,1,,
2016,10126,김광현,SK,투수,,SP,28,5,3.63,411,1,,
2016,10108,김강민,SK,타자,,CF,34,5,2.36,422,1,,
2016,12514,고메즈,SK,타자,Y,SS,28,4,1.51,492,1,,
2016,10096,박정권,SK,타자,,1B,35,5,1.09,468,1,,
2016,11080,세든,SK,투수,Y,SP,33,4,0.12,186,1,,
2016,10082,이재원,SK,타자,,C,28,2,1.49,472,1,,
2016,12672,라라,SK,투수,Y,SP,28,3,-0.27,145,1,,
2016,10145,윤희상,SK,투수,,SP,31,2,2.75,368,1,,
2016,10161,채병용,SK,투수,,RP,34,3,2.16,251,1,,
2016,10636,김성현,SK,타자,,2B,29,2,2.15,530,1,,
2016,10131,박종훈,SK,투수,,SP,25,2,1.76,420,1,,
2016,10655,정의윤,SK,타자,,RF,30,2,1.53,616,1,,
2016,10921,신재웅,SK,투수,,RP,34,1,-0.16,54,1,,
2016,10135,박희수,SK,투수,,CL,33,2,1.81,164,1,,
2016,10111,김재현,SK,타자,,CF,29,1,1.43,193,1,,
2016,12531,김주한,SK,투수,,RP,23,1,1.29,178,1,,
2016,11092,최승준,SK,타자,,1B,28,1,0.97,231,1,,
2016,10707,김민식,SK,타자,,C,27,1,0.95,170,1,,
2016,10112,박재상,SK,타자,,LF,34,3,0.75,288,1,,
2016,10804,박승욱,SK,타자,,SS,24,1,0.64,103,1,,
2016,10092,나주환,SK,타자,,2B,32,4,0.51,65,1,,
2016,11236,박민호,SK,투수,,RP,24,1,0.5,110,1,,
2016,10808,최정민,SK,타자,,2B,27,1,0.49,177,1,,
2016,12527,정영일,SK,투수,,RP,28,1,0.36,74,1,,
2016,10133,김태훈,SK,투수,,RP,26,1,0.35,44,1,,
2016,10841,전유수,SK,투수,,RP,30,2,0.31,163,1,,
2016,12548,김동엽,SK,타자,,LF,26,1,0.28,150,1,,
2016,10783,문승원,SK,투수,,SP,27,1,0.25,191,1,,
2016,10784,서진용,SK,투수,,RP,24,1,0.18,80,1,,
2016,11407,최정용,SK,타자,,2B,20,1,0.11,61,1,,
2016,10741,이정담,SK,투수,,RP,25,1,0.09,16,1,,
2016,10119,이명기,SK,타자,,LF,29,1,0.02,326,1,,
2016,10202,김승회,SK,투수,,RP,35,2,-0.08,73,1,,
2016,10068,임준혁,SK,투수,,RP,32,2,-0.16,48,2,,
2016,11371,이진석,SK,타자,,CF,21,1,-0.17,45,1,,
2016,10206,박정배,SK,투수,,RP,34,1,-0.22,155,1,,
2016,10124,고효준,SK,투수,,RP,33,2,-0.35,29,1,,
2016,10130,문광은,SK,투수,,RP,29,1,-0.52,51,1,,
2016,10121,조동화,SK,타자,,CF,35,4,-1.06,172,1,,
2016,10855,서건창,넥센,타자,,2B,27,4,4.59,646,1,,3→4
2016,11380,피어밴드,넥센,투수,Y,SP,31,5,2.59,332,1,,
2016,10844,밴헤켄,넥센,투수,Y,SP,37,5,2.56,216,1,,
2016,10493,이택근,넥센,타자,,CF,36,5,1.06,460,1,,
2016,12519,대니돈,넥센,타자,Y,LF,32,4,2.83,497,1,,
2016,11379,최원태,넥센,투수,,SP,19,4,-0.05,183,1,,
2016,11224,김하성,넥센,타자,,SS,21,3,3.79,599,1,,
2016,10238,김민성,넥센,타자,,3B,28,2,3.33,579,1,,
2016,12518,코엘로,넥센,투수,Y,SP,32,3,1.92,186,1,,
2016,12670,맥그레거,넥센,투수,Y,SP,30,3,1.74,270,1,,
2016,10331,채태인,넥센,타자,,1B,34,3,-0.19,417,1,,
2016,11149,신재영,넥센,투수,,SP,27,2,5.43,506,1,,
2016,10644,윤석민,넥센,타자,,DH,31,2,3.04,402,1,,
2016,10659,고종욱,넥센,타자,,LF,27,2,1.99,566,1,,
2016,10427,김상수,넥센,투수,,RP,28,2,1.38,222,1,,
2016,10387,박동원,넥센,타자,,C,26,2,0.91,454,1,,
2016,11375,박주현,넥센,투수,,SP,20,2,0.86,357,1,,
2016,10602,양훈,넥센,투수,,SP,30,2,-0.45,212,1,,
2016,10431,김세현,넥센,투수,,CL,29,2,2.07,187,1,,
2016,10866,박정음,넥센,타자,,LF,27,1,1.51,263,1,,
2016,10445,오주원,넥센,투수,,RP,31,2,1.37,153,1,,
2016,10436,마정길,넥센,투수,,RP,37,3,1.16,191,1,,
2016,11226,임병욱,넥센,타자,,CF,21,1,1.05,265,1,,
2016,10448,이보근,넥센,투수,,RP,30,2,0.9,194,1,,
2016,10432,김건태,넥센,투수,,RP,25,1,0.69,190,1,,
2016,11222,하영민,넥센,투수,,RP,21,1,0.64,86,1,,
2016,10399,김지수,넥센,타자,,SS,30,1,0.61,106,1,,
2016,11139,황덕균,넥센,투수,,RP,33,1,0.47,49,1,,
2016,10451,정회찬,넥센,투수,,RP,29,1,0.13,29,1,,
2016,11378,정용준,넥센,투수,,RP,21,1,0.11,27,1,,
2016,10425,금민철,넥센,투수,,RP,30,2,0.08,79,1,,
2016,10401,유재신,넥센,타자,,CF,29,1,0.05,74,1,,
2016,11373,김택형,넥센,투수,,RP,20,1,-0.01,85,1,,
2016,10296,이정훈,넥센,투수,,RP,39,2,-0.07,54,1,,
2016,11294,홍성갑,넥센,타자,,LF,24,1,-0.08,68,1,,
2016,10404,장영석,넥센,타자,,3B,26,1,-0.17,33,1,,
2016,10870,김재현,넥센,타자,,C,23,1,-0.41,82,1,,
2016,10299,장원준,두산,투수,,SP,31,5,5.41,504,1,,
2016,10165,양의지,두산,타자,,C,29,5,5.02,392,1,,
2016,10256,홍성흔,두산,타자,,DH,39,5,-0.21,45,1,,
2016,10641,니퍼트,두산,투수,Y,SP,35,5,6.29,503,1,,
2016,12515,보우덴,두산,투수,Y,SP,30,4,4.78,540,1,,
2016,10213,유희관,두산,투수,,SP,30,3,4.54,557,1,,
2016,10174,김재호,두산,타자,,SS,31,4,4.44,496,1,,
2016,12517,에반스,두산,타자,Y,1B,30,4,4.16,481,1,,
2016,10178,오재원,두산,타자,,2B,31,5,1.07,484,1,,
2016,10217,이용찬,두산,투수,,RP,27,2,0.24,20,1,,
2016,10188,민병헌,두산,타자,,RF,29,3,3.42,579,1,,
2016,10195,정수빈,두산,타자,,CF,26,2,0.22,305,1,,
2016,10221,이현승,두산,투수,,CL,33,4,-0.14,173,1,,
2016,10643,김재환,두산,타자,,LF,28,2,5.9,568,1,,
2016,10400,오재일,두산,타자,,1B,30,2,4.48,455,1,,
2016,10189,박건우,두산,타자,,RF,26,2,4.17,540,1,,
2016,10184,허경민,두산,타자,,3B,26,4,0.64,609,1,,
2016,10305,허준혁,두산,투수,,SP,26,2,0.63,268,1,,
2016,10230,홍상삼,두산,투수,,RP,26,2,0.22,36,1,,
2016,11094,함덕주,두산,투수,,RP,21,2,-0.03,26,1,,
2016,10894,류지혁,두산,타자,,SS,22,1,1.7,134,1,,
2016,10225,정재훈,두산,투수,,RP,36,2,1.63,157,1,,
2016,10885,윤명준,두산,투수,,RP,27,2,1.43,171,1,,
2016,10229,진야곱,두산,투수,,RP,27,2,0.46,186,1,,
2016,10172,국해성,두산,타자,,LF,27,1,0.45,174,1,,
2016,10201,김성배,두산,투수,,RP,35,2,0.44,66,2,,
2016,10645,정진호,두산,타자,,CF,28,1,0.37,32,1,,
2016,10891,박세혁,두산,타자,,C,26,1,0.32,210,1,,
2016,10424,고원준,두산,투수,,RP,26,2,0.25,45,2,,
2016,10690,김강률,두산,투수,,RP,28,1,0.21,84,1,,
2016,12605,고봉재,두산,투수,,RP,23,1,0.21,70,1,,
2016,10729,안규영,두산,투수,,SP,28,1,0.1,143,1,,
2016,10883,강동연,두산,투수,,RP,24,1,0.01,23,1,,
2016,12665,홍영현,두산,투수,,RP,25,1,0.01,19,1,,
2016,10210,오현택,두산,투수,,RP,31,1,-0.05,62,1,,
2016,10182,최주환,두산,타자,,2B,28,1,-0.2,182,1,,
2016,10227,조승수,두산,투수,,RP,26,1,-0.22,25,1,,
2016,10203,노경은,두산,투수,,RP,32,2,-0.26,29,1,,
2016,10677,이현호,두산,투수,,RP,24,3,-0.37,141,1,,
2016,10232,강민호,롯데,타자,,C,31,5,5.47,460,1,,
2016,10261,손아섭,롯데,타자,,RF,28,5,5.09,672,1,,
2016,11392,레일리,롯데,투수,Y,SP,28,5,4.32,554,1,,
2016,11393,린드블럼,롯데,투수,Y,SP,29,5,3.39,532,1,,
2016,10442,손승락,롯데,투수,,CL,34,4,1.24,152,1,,
2016,11395,아두치,롯데,타자,Y,CF,31,5,0.56,272,1,,
2016,10407,황재균,롯데,타자,,3B,29,4,5.05,559,1,,
2016,10183,최준석,롯데,타자,,DH,33,5,0.98,396,1,,
2016,10142,윤길현,롯데,투수,,RP,33,4,0.07,180,1,,
2016,10154,정대현,롯데,투수,,RP,38,3,0.03,52,1,,
2016,10285,송승준,롯데,투수,,SP,36,4,-0.15,124,1,,
2016,10253,정훈,롯데,타자,,2B,29,2,0.68,439,1,,
2016,12693,맥스웰,롯데,타자,Y,CF,33,3,0.13,99,1,,
2016,10295,이정민,롯데,투수,,RP,37,2,2.05,231,1,,
2016,11310,박세웅,롯데,투수,,SP,21,2,1.94,417,1,,
2016,10240,문규현,롯데,타자,,SS,33,2,1.57,368,1,,
2016,11425,박진형,롯데,투수,,SP,22,2,1.26,279,1,,
2016,10648,김문호,롯데,타자,,LF,29,2,1.05,599,1,,
2016,10203,노경은,롯데,투수,,SP,32,2,0.7,255,2,,
2016,10814,홍성민,롯데,투수,,RP,27,2,0.32,127,1,,
2016,10837,김상호,롯데,타자,,DH,27,2,-0.11,415,1,,
2016,10266,전준우,롯데,타자,,CF,30,2,-0.21,113,1,,
2016,10281,배장호,롯데,투수,,RP,29,2,0.88,71,1,,
2016,10737,박시영,롯데,투수,,RP,27,1,0.85,185,1,,
2016,10840,신본기,롯데,타자,,SS,27,1,0.8,104,1,,
2016,10835,김준태,롯데,타자,,C,22,1,0.65,144,1,,
2016,10424,고원준,롯데,투수,,RP,26,2,0.19,29,1,,
2016,11229,김유영,롯데,투수,,RP,22,1,0.16,103,1,,
2016,10834,김사훈,롯데,타자,,C,29,1,0.08,36,1,,
2016,10410,박헌도,롯데,타자,,LF,29,1,0.07,82,1,,
2016,10269,강영식,롯데,투수,,RP,35,3,0.05,35,1,,
2016,11503,박한길,롯데,투수,,RP,22,1,0.02,49,1,,
2016,12592,나경민,롯데,타자,,CF,25,1,-0.02,66,1,,
2016,11154,이성민,롯데,투수,,RP,26,1,-0.04,206,1,,
2016,10825,김원중,롯데,투수,,SP,23,1,-0.05,23,1,,
2016,11285,김주현,롯데,타자,,LF,28,1,-0.07,33,1,,
2016,10268,강승현,롯데,투수,,RP,31,1,-0.11,25,1,,
2016,10249,오태곤,롯데,타자,,SS,25,1,-0.16,135,1,,
2016,11390,김대륙,롯데,타자,,SS,24,1,-0.17,59,1,,
2016,10243,박종윤,롯데,타자,,1B,34,1,-0.25,211,1,,
2016,10777,김민하,롯데,타자,,LF,27,1,-0.26,49,1,,
2016,10247,손용석,롯데,타자,,3B,29,1,-0.28,99,1,,
2016,10290,이명우,롯데,투수,,RP,34,1,-0.34,99,1,,
2016,11398,이우민,롯데,타자,,LF,34,1,-0.35,98,1,,
2016,11483,김재유,롯데,타자,,CF,24,1,-0.35,30,1,,
2016,10734,김동한,롯데,타자,,2B,28,1,-0.37,96,1,,
2016,10560,이여상,롯데,타자,,3B,32,1,-0.4,83,1,,
2016,10201,김성배,롯데,투수,,RP,35,2,-0.57,46,1,,
2016,10344,최형우,삼성,타자,,LF,33,5,7.48,618,1,,
2016,10368,윤성환,삼성,투수,,SP,35,5,4.48,540,1,,
2016,10364,안지만,삼성,투수,,RP,33,4,-0.13,112,1,,
2016,10381,차우찬,삼성,투수,,SP,29,4,3.26,457,1,,
2016,10881,이승엽,삼성,타자,,DH,40,4,2.66,623,1,,
2016,10720,심창민,삼성,투수,,CL,23,4,2.18,218,1,,
2016,10336,박한이,삼성,타자,,RF,37,4,1.27,401,1,,
2016,10320,김상수,삼성,타자,,SS,26,4,0.15,401,1,,
2016,10375,장원삼,삼성,투수,,SP,33,4,-0.06,235,1,,
2016,12530,최충연,삼성,투수,,SP,19,4,-0.29,23,1,,
2016,10892,구자욱,삼성,타자,,1B,23,4,4.23,495,1,,
2016,11190,박해민,삼성,타자,,CF,26,2,2.82,641,1,,
2016,12504,웹스터,삼성,투수,Y,SP,26,3,1.17,213,1,,
2016,10337,배영섭,삼성,타자,,RF,30,2,1.13,381,1,,
2016,10329,조동찬,삼성,타자,,3B,33,4,0.45,282,1,Y,
2016,12506,발디리스,삼성,타자,Y,3B,33,3,0.45,190,1,,
2016,12666,레온,삼성,투수,Y,SP,28,3,-0.14,24,1,,
2016,12695,플란데,삼성,투수,Y,SP,30,3,-0.16,206,1,,
2016,12505,벨레스터,삼성,투수,Y,SP,30,3,-0.22,37,1,,
2016,10324,백상원,삼성,타자,,2B,28,2,1.72,517,1,,
2016,10312,이지영,삼성,타자,,C,30,2,1.22,419,1,,
2016,10376,정인욱,삼성,투수,,SP,26,2,0.44,333,1,,
2016,10718,김기태,삼성,투수,,SP,29,2,0.3,225,1,,
2016,11404,장필준,삼성,투수,,RP,28,2,1.37,216,1,,
2016,10350,권오준,삼성,투수,,RP,36,2,1.1,139,1,,
2016,10363,백정현,삼성,투수,,RP,29,2,1.03,206,1,,
2016,11141,최재원,삼성,타자,,2B,26,1,0.99,105,1,,
2016,10685,김대우,삼성,투수,,RP,28,2,0.76,198,1,,
2016,11112,박근홍,삼성,투수,,RP,31,2,0.41,123,1,,
2016,10045,김건한,삼성,투수,,SP,35,1,0.27,29,1,,
2016,12558,임대한,삼성,투수,,RP,23,1,0.25,84,1,,
2016,10358,김현우,삼성,투수,,RP,28,1,0.24,62,1,,
2016,10361,박민규,삼성,투수,,RP,26,1,0.14,19,1,,
2016,10341,우동균,삼성,타자,,RF,27,1,0.12,82,1,,
2016,11401,김동호,삼성,투수,,RP,31,1,0.07,99,1,,
2016,11108,이흥련,삼성,타자,,C,27,1,-0.02,174,1,,
2016,10055,신용운,삼성,투수,,RP,33,2,-0.09,24,1,,
2016,10342,이영욱,삼성,타자,,CF,31,1,-0.17,52,1,,
2016,10467,김태완,삼성,타자,,2B,35,1,-0.36,52,1,,
2016,10380,조현근,삼성,투수,,RP,31,2,-0.36,16,1,,
2016,10726,김정혁,삼성,타자,,3B,31,1,-0.56,118,1,,
2016,11289,김재현,삼성,타자,,SS,25,1,-0.87,215,1,,
2016,10552,김태균,한화,타자,,DH,34,5,6.91,652,1,,
2016,10035,이용규,한화,타자,,CF,31,5,4.54,530,1,,
2016,10103,정근우,한화,타자,,2B,34,5,4.24,650,1,,
2016,10156,정우람,한화,투수,,CL,31,5,2.43,243,1,,
2016,12511,로사리오,한화,타자,Y,1B,27,4,2.41,532,1,,
2016,10351,권혁,한화,투수,,RP,33,4,2.02,286,1,,
2016,10137,송은범,한화,투수,,SP,32,5,0.91,366,1,,
2016,11549,로저스,한화,투수,Y,SP,31,4,0.81,113,1,,
2016,12668,카스티요,한화,투수,Y,SP,27,4,0.74,252,1,,
2016,10913,하주석,한화,타자,,SS,22,3,0.67,441,1,,
2016,10028,김경언,한화,타자,,RF,34,3,0.31,217,1,,
2016,10578,최진행,한화,타자,,DH,31,2,0.28,85,1,,
2016,12680,서캠프,한화,투수,Y,RP,29,3,0.17,124,1,,
2016,12648,마에스트리,한화,투수,Y,SP,31,3,-0.71,86,1,,
2016,10463,조인성,한화,타자,,C,41,4,-1.51,146,1,,
2016,10555,송광민,한화,타자,,3B,33,2,2.69,494,1,,
2016,10609,이태양,한화,투수,,SP,26,2,2.33,337,1,,
2016,10610,장민재,한화,투수,,SP,26,2,2.28,358,1,,
2016,10598,송창식,한화,투수,,RP,31,2,1.37,293,1,,
2016,10606,윤규진,한화,투수,,SP,32,2,0.75,301,1,,
2016,10596,박정진,한화,투수,,RP,40,2,0.25,252,1,,
2016,10916,양성우,한화,타자,,LF,27,2,0.15,446,1,,
2016,10518,심수창,한화,투수,,SP,35,3,0.1,340,1,,
2016,10005,차일목,한화,타자,,C,35,3,-0.28,329,1,,
2016,10168,이성열,한화,타자,,DH,32,3,1.15,219,1,,
2016,10611,정대훈,한화,투수,,RP,31,1,0.34,116,1,,
2016,10684,허도환,한화,타자,,C,32,1,0.32,93,1,,
2016,11118,송창현,한화,투수,,RP,27,1,0.24,32,1,,
2016,10443,송신영,한화,투수,,RP,40,2,0.16,43,1,,
2016,10778,이동걸,한화,투수,,RP,33,1,0.08,15,1,,
2016,11492,신성현,한화,타자,,3B,26,1,0.05,184,1,,
2016,10554,김회성,한화,타자,,1B,31,1,0.02,58,1,,
2016,10557,오선진,한화,타자,,3B,27,1,0.02,53,1,,
2016,10941,이종환,한화,타자,,RF,30,1,-0.06,33,1,,
2016,10614,정재원,한화,투수,,RP,32,1,-0.08,64,1,,
2016,10219,이재우,한화,투수,,RP,36,2,-0.09,76,1,,
2016,10465,권용관,한화,타자,,SS,40,1,-0.11,49,1,,
2016,11411,김범수,한화,투수,,RP,21,1,-0.11,17,1,,
2016,12547,김재영,한화,투수,,RP,23,1,-0.13,34,1,,
2016,10583,김경태,한화,투수,,RP,25,1,-0.14,35,1,,
2016,10585,김용주,한화,투수,,RP,25,1,-0.21,47,1,,
2016,10573,이양기,한화,타자,,LF,35,1,-0.31,58,1,,
2016,11122,장운호,한화,타자,,CF,22,1,-0.33,85,1,,
2016,11410,김민우,한화,투수,,SP,21,1,-0.8,29,1,,
2016,10326,송주호,한화,타자,,LF,28,1,-0.93,52,1,,
2016,10676,강경학,한화,타자,,SS,24,1,-1.29,116,1,,
2016,10416,장민석,한화,타자,,LF,34,2,-1.37,227,1,,
2017,10344,최형우,KIA,타자,,LF,34,5,6.13,629,1,,
2017,10058,양현종,KIA,투수,,SP,29,5,5.45,580,1,,
2017,12509,헥터,KIA,투수,Y,SP,30,5,6.45,605,1,,
2017,10008,김선빈,KIA,타자,,SS,28,2,5.49,529,1,,
2017,12949,팻딘,KIA,투수,Y,SP,28,4,4.36,528,1,,
2017,12950,버나디나,KIA,타자,Y,CF,33,4,4.28,621,1,,
2017,10014,안치홍,KIA,타자,,2B,27,2,4.27,545,1,,
2017,10030,나지완,KIA,타자,,DH,32,5,3.32,551,1,,
2017,10239,김주찬,KIA,타자,,1B,36,5,2.64,478,1,,
2017,10559,이범호,KIA,타자,,3B,36,4,2.15,447,1,,
2017,13003,이민우,KIA,투수,,SP,24,3,0.49,38,1,,
2017,10812,한승혁,KIA,투수,,RP,24,2,-0.65,117,1,Y,
2017,11281,임창용,KIA,투수,,RP,41,4,1.12,150,1,,
2017,10909,임기영,KIA,투수,,SP,24,2,3.25,355,1,,
2017,10119,이명기,KIA,타자,,RF,30,2,2.83,512,1,,
2017,10821,김윤동,KIA,투수,,RP,24,2,1.43,241,1,,
2017,10486,서동욱,KIA,타자,,2B,33,2,0.73,366,1,,
2017,10431,김세현,KIA,투수,,RP,30,4,0.34,63,2,,
2017,10695,김진우,KIA,투수,,SP,34,3,-0.31,109,1,,
2017,10707,김민식,KIA,타자,,C,28,2,-0.65,391,1,,
2017,10054,손영민,KIA,투수,,RP,30,2,-0.66,40,1,,
2017,10124,고효준,KIA,투수,,RP,34,1,0.94,120,1,,
2017,11298,김호령,KIA,타자,,CF,25,1,0.83,105,1,,
2017,12534,최원준,KIA,타자,,SS,20,1,0.68,174,1,,
2017,10066,임기준,KIA,투수,,RP,26,1,0.68,66,1,,
2017,10056,심동섭,KIA,투수,,RP,26,2,0.46,152,1,,
2017,10072,정용운,KIA,투수,,SP,27,1,0.27,178,1,,
2017,11297,김명찬,KIA,투수,,RP,25,1,0.15,15,1,,
2017,11119,한승택,KIA,타자,,C,23,1,0.08,91,1,,
2017,10696,홍건희,KIA,투수,,RP,25,1,-0.06,177,1,,
2017,10940,김지성,KIA,타자,,3B,32,1,-0.07,49,1,,
2017,12913,박진태,KIA,투수,,RP,23,1,-0.09,173,1,,
2017,11073,고장혁,KIA,타자,,SS,27,1,-0.17,40,1,,
2017,10789,박지훈,KIA,투수,,RP,28,1,-0.19,42,1,,
2017,12535,남하준,KIA,투수,,RP,21,1,-0.2,23,1,,
2017,10031,신종길,KIA,타자,,RF,34,1,-0.25,90,1,,
2017,10502,김광수,KIA,투수,,RP,36,2,-0.83,62,1,,
2017,10650,김주형,KIA,타자,,3B,32,1,-0.94,116,1,,
2017,10644,윤석민,KT,타자,,DH,32,2,0.89,265,2,,
2017,11380,피어밴드,KT,투수,Y,SP,32,4,4.92,480,1,,
2017,12995,로하스,KT,타자,Y,CF,27,4,2.39,367,1,,
2017,12959,로치,KT,투수,Y,SP,28,4,2.35,495,1,,
2017,10627,유한준,KT,타자,,RF,36,5,1.49,497,1,,
2017,10831,이상화,KT,투수,,RP,29,2,1.18,198,1,,
2017,11318,엄상백,KT,투수,,RP,21,3,1.1,156,1,,
2017,11311,심재민,KT,투수,,RP,23,3,0.06,224,1,,
2017,10492,이진영,KT,타자,,DH,37,4,0.04,285,1,,
2017,11323,주권,KT,투수,,SP,22,4,-0.13,245,1,,
2017,12572,박세진,KT,투수,,SP,20,3,-0.13,34,1,,
2017,11324,홍성무,KT,투수,,RP,24,4,-0.28,19,1,,
2017,12655,류희운,KT,투수,,SP,22,4,-0.4,243,1,,
2017,10469,박경수,KT,타자,,2B,33,3,1.95,511,1,,
2017,12960,모넬,KT,타자,Y,1B,31,3,-0.81,105,1,,
2017,11308,고영표,KT,투수,,SP,26,2,2.58,425,1,,
2017,11111,정현,KT,타자,,3B,23,2,1.72,399,1,,
2017,10249,오태곤,KT,타자,,1B,26,2,-0.24,384,1,,
2017,11321,정성곤,KT,투수,,SP,21,2,-0.58,323,1,,
2017,10490,이대형,KT,타자,,CF,34,4,-1.14,366,1,,
2017,10391,이해창,KT,타자,,C,30,1,1.14,283,1,,
2017,10340,오정복,KT,타자,,LF,31,1,0.85,213,1,,
2017,11489,김재윤,KT,투수,,CL,27,1,0.52,112,1,,
2017,10417,전민수,KT,타자,,RF,28,1,0.44,145,1,,
2017,11334,심우준,KT,타자,,3B,22,1,0.44,303,1,,
2017,11341,김진곤,KT,타자,,CF,30,1,0.37,40,1,,
2017,10607,윤근영,KT,투수,,RP,31,1,0.35,54,1,,
2017,10453,장시환,KT,투수,,RP,30,3,0.32,19,1,,
2017,11253,홍성용,KT,투수,,RP,31,1,0.13,117,1,,
2017,12521,남태혁,KT,타자,,1B,26,1,0.03,68,1,,
2017,10272,김사율,KT,투수,,RP,37,3,0.01,104,1,,
2017,10895,유민상,KT,타자,,1B,28,1,-0.02,33,1,,
2017,10235,장성우,KT,타자,,C,27,1,-0.03,348,1,,
2017,10081,윤요섭,KT,타자,,C,35,1,-0.12,43,1,,
2017,11394,배제성,KT,투수,,RP,21,1,-0.16,96,1,,
2017,12938,이종혁,KT,투수,,RP,20,1,-0.18,57,1,,
2017,11279,강장산,KT,투수,,RP,27,1,-0.2,45,2,,
2017,10224,정대현,KT,투수,,RP,26,1,-0.22,160,1,,
2017,11322,조무근,KT,투수,,RP,26,1,-0.3,44,1,,
2017,10551,김지열,KT,타자,,RF,29,1,-0.37,52,1,,
2017,10512,배우열,KT,투수,,RP,31,1,-0.4,103,1,,
2017,10241,박기혁,KT,타자,,SS,36,2,-0.48,263,1,,
2017,10309,김동욱,KT,타자,,1B,29,1,-0.77,223,1,,
2017,10485,박용택,LG,타자,,DH,38,5,3.89,596,1,,
2017,10475,오지환,LG,타자,,SS,27,3,1.86,390,1,,
2017,10477,이병규,LG,타자,,LF,34,2,-0.12,48,1,,
2017,10381,차우찬,LG,투수,,SP,30,5,5.1,527,1,,
2017,12682,허프,LG,투수,Y,SP,33,5,4.99,374,1,,
2017,10933,소사,LG,투수,Y,SP,32,4,4.8,556,1,,
2017,10652,임찬규,LG,투수,,SP,25,3,2.53,373,1,,
2017,12516,이형종,LG,타자,,LF,28,4,1.43,434,1,,
2017,10479,정성훈,LG,타자,,1B,37,4,1.35,321,1,,
2017,12532,김대현,LG,투수,,SP,20,4,1.13,282,1,,
2017,11495,히메네스,LG,타자,Y,3B,29,4,1.03,198,1,,
2017,10524,이동현,LG,투수,,RP,34,4,0.43,152,1,,
2017,12907,고우석,LG,투수,,RP,19,3,0.24,78,1,,
2017,11087,강승호,LG,타자,,SS,23,1,-0.13,268,1,,
2017,10516,신정락,LG,투수,,RP,30,2,-0.13,177,1,,
2017,11090,류제국,LG,투수,,SP,34,4,1.27,394,1,,
2017,10083,정상호,LG,타자,,C,35,4,0.43,150,1,,
2017,13005,로니,LG,타자,Y,1B,33,3,0.03,93,1,,
2017,10753,유강남,LG,타자,,C,25,2,2.66,364,1,,
2017,10325,손주인,LG,타자,,2B,34,1,1.25,334,1,,
2017,11213,양석환,LG,타자,,1B,26,2,1.09,496,1,,
2017,10713,임정우,LG,투수,,RP,26,3,0.54,50,1,,
2017,11215,채은성,LG,타자,,RF,27,2,-0.19,372,1,,
2017,10075,진해수,LG,투수,,RP,31,2,0.9,158,1,,
2017,11347,안익훈,LG,타자,,CF,21,1,0.87,248,1,,
2017,10473,백진우,LG,타자,,LF,29,1,0.82,122,1,,
2017,10935,이천웅,LG,타자,,LF,29,1,0.73,266,1,,
2017,10657,윤지웅,LG,투수,,RP,29,1,0.37,105,1,,
2017,10929,김재율,LG,타자,,3B,28,1,0.33,198,1,,
2017,12908,손주영,LG,투수,,RP,19,1,0.18,18,1,,
2017,10851,최성훈,LG,투수,,RP,28,1,0.07,66,1,,
2017,12544,유재유,LG,투수,,RP,20,1,0.07,15,1,,
2017,10747,김지용,LG,투수,,RP,29,2,0.02,159,1,,
2017,11351,최민창,LG,타자,,LF,21,1,0.01,33,1,,
2017,10604,유원상,LG,투수,,RP,31,2,0.01,22,1,,
2017,10466,김용의,LG,타자,,CF,32,1,-0.04,189,1,,
2017,10535,최동환,LG,투수,,RP,28,1,-0.11,114,1,,
2017,10468,문선재,LG,타자,,LF,27,1,-0.13,107,1,,
2017,10854,조윤준,LG,타자,,C,28,1,-0.26,43,1,,
2017,10120,임훈,LG,타자,,RF,32,2,-0.31,85,1,,
2017,11290,황목치승,LG,타자,,SS,32,1,-0.33,34,1,,
2017,11141,최재원,LG,타자,,2B,27,1,-0.59,159,1,,
2017,10533,정찬헌,LG,투수,,RP,27,2,-0.66,185,1,,
2017,11162,나성범,NC,타자,,RF,28,3,5.9,561,1,,
2017,11156,해커,NC,투수,Y,SP,34,4,5.52,481,1,,
2017,11137,박민우,NC,타자,,2B,24,2,4.89,452,1,,
2017,12947,스크럭스,NC,타자,Y,1B,30,4,4.32,518,1,,
2017,10177,손시헌,NC,타자,,SS,37,4,3.52,391,1,,
2017,12946,맨쉽,NC,투수,Y,SP,32,5,3.37,338,1,,
2017,10192,이종욱,NC,타자,,CF,37,4,1.55,355,1,,
2017,11151,이민호,NC,투수,,RP,24,3,1.25,266,1,,
2017,10220,이재학,NC,투수,,SP,27,2,0.7,357,1,,
2017,10101,이호준,NC,타자,,DH,41,4,0.69,187,1,,
2017,10322,박석민,NC,타자,,3B,32,4,0.61,382,1,,
2017,11172,권희동,NC,타자,,LF,27,2,3.01,554,1,,
2017,11166,김진성,NC,투수,,RP,32,2,2.18,269,1,,
2017,10093,모창민,NC,타자,,3B,32,2,2.12,527,1,,
2017,10459,김태군,NC,타자,,C,28,3,2,420,1,,
2017,10452,임창민,NC,투수,,CL,32,2,1.92,198,1,,
2017,11164,장현식,NC,투수,,SP,22,2,1.61,403,1,,
2017,11161,원종현,NC,투수,,RP,30,4,1.46,240,1,,
2017,11353,구창모,NC,투수,,SP,20,2,1.06,345,1,,
2017,10423,강윤구,NC,투수,,RP,27,2,0.44,164,1,,
2017,11174,최금강,NC,투수,,SP,28,2,-0.16,269,1,,
2017,10683,지석훈,NC,타자,,2B,33,1,0.43,304,1,,
2017,11159,이형범,NC,투수,,RP,23,1,0.42,88,1,,
2017,11168,임정호,NC,투수,,RP,27,2,0.42,91,1,,
2017,11153,김성욱,NC,타자,,CF,24,1,0.39,347,1,,
2017,11279,강장산,NC,투수,,RP,27,1,0.32,34,1,,
2017,11148,강진성,NC,타자,,3B,24,1,0.2,32,1,,
2017,11319,윤수호,NC,투수,,RP,25,1,0.15,141,1,,
2017,11147,이상호,NC,타자,,2B,28,1,0.05,241,1,,
2017,10434,민태호,NC,투수,,RP,28,1,0.01,26,1,,
2017,10776,조평호,NC,타자,,1B,32,1,-0.05,52,1,,
2017,11248,배재환,NC,투수,,RP,22,1,-0.1,24,1,,
2017,12561,정수민,NC,투수,,RP,27,1,-0.14,84,1,,
2017,11182,김준완,NC,타자,,LF,26,1,-0.2,144,1,,
2017,12560,도태훈,NC,타자,,2B,24,1,-0.26,51,1,,
2017,10330,조영훈,NC,타자,,1B,35,2,-0.27,46,1,,
2017,11359,윤병호,NC,타자,,RF,28,1,-0.3,58,1,,
2017,12565,최성영,NC,투수,,RP,20,1,-0.3,34,1,,
2017,11246,박대온,NC,타자,,C,22,1,-0.66,66,1,,
2017,10106,최정,SK,타자,,3B,30,5,6.58,527,1,,
2017,11368,켈리,SK,투수,Y,SP,29,5,5.35,570,1,,
2017,12951,다이아몬드,SK,투수,Y,SP,31,4,3.25,403,1,,
2017,12991,로맥,SK,타자,Y,1B,32,4,1.81,416,1,,
2017,10096,박정권,SK,타자,,1B,36,4,0.69,345,1,,
2017,10108,김강민,SK,타자,,CF,35,5,0.04,203,1,,
2017,10145,윤희상,SK,투수,,SP,32,2,1.12,360,1,,
2017,10131,박종훈,SK,투수,,SP,26,2,3.72,454,1,,
2017,10815,한유섬,SK,타자,,RF,28,2,3.43,414,1,,
2017,10783,문승원,SK,투수,,SP,28,2,1.95,466,1,,
2017,10092,나주환,SK,타자,,SS,33,2,1.38,452,1,,
2017,10636,김성현,SK,타자,,2B,30,2,1.37,429,1,,
2017,10655,정의윤,SK,타자,,RF,31,2,1.27,381,1,,
2017,11268,노수광,SK,타자,,RF,27,2,0.98,406,1,,
2017,12548,김동엽,SK,타자,,LF,27,2,0.96,428,1,,
2017,10082,이재원,SK,타자,,C,29,2,0.25,350,1,,
2017,10161,채병용,SK,투수,,RP,35,3,-0.43,150,1,,
2017,10206,박정배,SK,투수,,RP,35,2,1.3,204,1,,
2017,10784,서진용,SK,투수,,RP,25,1,0.99,138,1,,
2017,10558,이대수,SK,타자,,3B,36,3,0.94,124,1,,
2017,10921,신재웅,SK,투수,,RP,35,1,0.76,93,1,,
2017,10136,백청훈,SK,투수,,RP,30,1,0.67,56,1,,
2017,10810,최항,SK,타자,,3B,23,1,0.48,116,1,,
2017,10068,임준혁,SK,투수,,RP,33,1,0.33,136,1,,
2017,11071,이홍구,SK,타자,,C,27,1,0.24,100,1,,
2017,12943,조용호,SK,타자,,LF,28,1,0.19,225,1,,
2017,10004,이성우,SK,타자,,C,36,1,0.11,125,1,,
2017,12531,김주한,SK,투수,,RP,24,2,0.08,209,1,,
2017,12918,김성민,SK,투수,,RP,23,1,0.01,35,1,,
2017,11092,최승준,SK,타자,,1B,29,1,-0.04,98,1,,
2017,10792,허건엽,SK,투수,,RP,24,1,-0.06,25,1,,
2017,12614,김찬호,SK,투수,,RP,20,1,-0.09,16,1,,
2017,10133,김태훈,SK,투수,,RP,27,1,-0.12,124,1,,
2017,10130,문광은,SK,투수,,RP,30,1,-0.16,134,1,,
2017,10841,전유수,SK,투수,,RP,31,2,-0.23,62,1,,
2017,10717,정진기,SK,타자,,CF,25,1,-0.28,212,1,,
2017,12527,정영일,SK,투수,,RP,29,1,-0.59,24,1,,
2017,10135,박희수,SK,투수,,RP,34,3,-0.61,114,1,,
2017,10804,박승욱,SK,타자,,SS,25,1,-0.78,184,1,,
2017,10855,서건창,넥센,타자,,2B,28,4,4.07,615,1,,
2017,10644,윤석민,넥센,타자,,DH,32,2,0.43,321,1,,
2017,11379,최원태,넥센,투수,,SP,20,4,3.65,448,1,,
2017,10844,밴헤켄,넥센,투수,Y,SP,38,4,3.6,415,1,,
2017,12992,브리검,넥센,투수,Y,SP,29,4,3.23,432,1,,
2017,12906,이정후,넥센,타자,,CF,19,4,2.69,622,1,,
2017,10863,한현희,넥센,투수,,SP,24,2,1.61,320,1,,
2017,11126,조상우,넥센,투수,,SP,23,3,0.79,133,1,,
2017,10493,이택근,넥센,타자,,CF,37,4,-0.08,269,1,,
2017,12519,대니돈,넥센,타자,Y,LF,33,4,-0.66,57,1,,
2017,12567,주효상,넥센,타자,,C,20,3,-0.79,129,1,,
2017,11224,김하성,넥센,타자,,SS,22,3,5.96,601,1,,
2017,11149,신재영,넥센,투수,,SP,28,3,2.44,375,1,,
2017,10238,김민성,넥센,타자,,3B,29,2,2.36,530,1,,
2017,13007,초이스,넥센,타자,Y,RF,28,3,2.09,201,1,,
2017,12948,오설리반,넥센,투수,Y,SP,30,3,-0.54,24,1,,
2017,10331,채태인,넥센,타자,,1B,35,2,1.55,384,1,,
2017,12918,김성민,넥센,투수,,SP,23,2,1.39,228,2,,
2017,10445,오주원,넥센,투수,,RP,32,2,1.08,221,1,,
2017,10659,고종욱,넥센,타자,,LF,28,2,0.99,453,1,,
2017,10602,양훈,넥센,투수,,RP,31,2,0.17,49,1,,
2017,10431,김세현,넥센,투수,,RP,30,4,-0.29,87,1,,
2017,10387,박동원,넥센,타자,,C,27,1,1.43,284,1,,
2017,10427,김상수,넥센,투수,,CL,29,2,1.39,184,1,,
2017,10404,장영석,넥센,타자,,3B,27,1,0.69,212,1,,
2017,11222,하영민,넥센,투수,,RP,22,1,0.65,136,1,,
2017,10553,김태완,넥센,타자,,DH,33,2,0.61,100,1,,
2017,10448,이보근,넥센,투수,,RP,31,2,0.38,158,1,,
2017,10425,금민철,넥센,투수,,RP,31,2,0.31,162,1,,
2017,11498,허정협,넥센,타자,,RF,27,1,0.22,266,1,,
2017,11531,김정인,넥센,투수,,RP,21,1,0.16,41,1,,
2017,12997,이영준,넥센,투수,,RP,26,1,0.11,25,1,,
2017,10224,정대현,넥센,투수,,RP,26,1,0.1,39,2,,
2017,10722,윤영삼,넥센,투수,,RP,25,3,0.1,149,1,,
2017,11226,임병욱,넥센,타자,,CF,22,1,0.01,46,1,,
2017,10866,박정음,넥센,타자,,LF,28,1,-0.01,162,1,,
2017,12974,김홍빈,넥센,투수,,RP,21,1,-0.03,22,1,,
2017,11376,송성문,넥센,타자,,3B,21,1,-0.07,90,1,,
2017,10436,마정길,넥센,투수,,RP,38,2,-0.2,31,1,,
2017,12856,오윤성,넥센,투수,,RP,19,1,-0.2,23,1,,
2017,11139,황덕균,넥센,투수,,RP,34,1,-0.28,45,1,,
2017,10432,김건태,넥센,투수,,RP,26,1,-0.29,18,1,,
2017,10870,김재현,넥센,타자,,C,24,1,-0.48,88,1,,
2017,10399,김지수,넥센,타자,,SS,31,1,-0.5,40,1,,
2017,12503,김웅빈,넥센,타자,,SS,21,1,-0.94,142,1,,
2017,10299,장원준,두산,투수,,SP,32,5,5.65,541,1,,
2017,10174,김재호,두산,타자,,SS,32,5,2.97,331,1,,
2017,10165,양의지,두산,타자,,C,30,5,2.94,406,1,,
2017,10643,김재환,두산,타자,,LF,29,4,7.21,636,1,Y,
2017,10641,니퍼트,두산,투수,Y,SP,36,5,4.07,539,1,,
2017,10213,유희관,두산,투수,,SP,31,3,3.31,566,1,,
2017,12517,에반스,두산,타자,Y,1B,31,4,3.11,581,1,,
2017,10188,민병헌,두산,타자,,RF,30,4,2.1,520,1,,
2017,12515,보우덴,두산,투수,Y,SP,31,5,1.61,262,1,,
2017,10217,이용찬,두산,투수,,CL,28,2,1.14,215,1,,
2017,10178,오재원,두산,타자,,2B,32,4,0.29,390,1,,
2017,12568,이영하,두산,투수,,RP,20,4,0.29,107,1,,
2017,11098,김인태,두산,타자,,RF,23,1,-0.06,44,1,,
2017,10221,이현승,두산,투수,,RP,34,4,0.6,156,1,,
2017,10189,박건우,두산,타자,,CF,27,3,6.13,543,1,,
2017,10400,오재일,두산,타자,,1B,31,2,4.1,466,1,,
2017,11094,함덕주,두산,투수,,SP,22,2,3.46,412,1,,
2017,10690,김강률,두산,투수,,RP,29,2,1.94,267,1,,
2017,10182,최주환,두산,타자,,2B,29,2,1.88,452,1,,
2017,10184,허경민,두산,타자,,3B,27,3,0.22,422,1,,
2017,10891,박세혁,두산,타자,,C,27,1,1.28,237,1,,
2017,10894,류지혁,두산,타자,,SS,23,1,1.03,330,1,,
2017,12847,김명신,두산,투수,,RP,24,1,0.85,136,1,,
2017,12524,조수행,두산,타자,,CF,24,1,0.76,52,1,,
2017,10202,김승회,두산,투수,,RP,36,2,0.72,207,1,,
2017,10645,정진호,두산,타자,,CF,29,1,0.43,224,1,,
2017,10201,김성배,두산,투수,,RP,36,2,0.02,132,1,,
2017,11205,전용훈,두산,투수,,RP,22,1,-0.03,27,1,,
2017,10424,고원준,두산,투수,,SP,27,2,-0.11,28,1,,
2017,10729,안규영,두산,투수,,RP,29,1,-0.14,16,1,,
2017,10230,홍상삼,두산,투수,,RP,27,2,-0.16,51,1,,
2017,12850,박치국,두산,투수,,RP,19,1,-0.25,96,1,,
2017,10172,국해성,두산,타자,,LF,28,1,-0.27,96,1,,
2017,10677,이현호,두산,투수,,RP,25,3,-0.37,90,1,,
2017,11492,신성현,두산,타자,,3B,27,1,-0.65,38,2,,
2017,10261,손아섭,롯데,타자,,RF,29,5,5.77,667,1,,
2017,10232,강민호,롯데,타자,,C,32,5,3.74,515,1,,
2017,10251,이대호,롯데,타자,,1B,35,5,3.34,608,1,,
2017,10442,손승락,롯데,투수,,CL,35,4,2.51,186,1,,
2017,11392,레일리,롯데,투수,Y,SP,29,5,5.55,562,1,,
2017,12956,번즈,롯데,타자,Y,2B,27,4,3.76,468,1,,
2017,10285,송승준,롯데,투수,,SP,37,4,3.45,391,1,,
2017,11393,린드블럼,롯데,투수,Y,SP,30,4,2.45,218,1,,
2017,12990,애디튼,롯데,투수,Y,SP,30,3,0.58,210,1,,
2017,10183,최준석,롯데,타자,,DH,34,4,0.25,464,1,,
2017,10142,윤길현,롯데,투수,,RP,34,4,0.13,118,1,,
2017,11310,박세웅,롯데,투수,,SP,22,2,5.72,514,1,,
2017,10266,전준우,롯데,타자,,CF,31,2,3.21,496,1,,
2017,10825,김원중,롯데,투수,,SP,24,2,1.72,322,1,,
2017,11425,박진형,롯데,투수,,RP,23,2,1.72,264,1,,
2017,10648,김문호,롯데,타자,,LF,30,2,1.16,448,1,,
2017,10840,신본기,롯데,타자,,SS,28,2,0.63,381,1,,
2017,10300,조정훈,롯데,투수,,RP,32,2,0.58,69,1,,
2017,10253,정훈,롯데,타자,,2B,30,2,0.26,136,1,,
2017,10295,이정민,롯데,투수,,RP,38,1,0.2,80,1,,
2017,10281,배장호,롯데,투수,,RP,30,2,0.97,199,1,,
2017,11229,김유영,롯데,투수,,RP,23,1,0.8,146,1,,
2017,10453,장시환,롯데,투수,,RP,30,3,0.59,135,2,,
2017,12927,강동호,롯데,투수,,RP,23,1,0.54,124,1,,
2017,10257,황진수,롯데,타자,,3B,28,1,0.41,133,1,,
2017,12592,나경민,롯데,타자,,CF,26,1,0.36,129,1,,
2017,10410,박헌도,롯데,타자,,LF,30,1,0.32,130,1,,
2017,10240,문규현,롯데,타자,,SS,34,1,0.18,337,1,,
2017,10301,진명호,롯데,투수,,RP,28,1,0.18,15,1,,
2017,10290,이명우,롯데,투수,,RP,35,2,0.06,80,1,,
2017,11398,이우민,롯데,타자,,LF,35,1,-0.01,215,1,,
2017,10734,김동한,롯데,타자,,3B,29,1,-0.26,205,1,,
2017,10737,박시영,롯데,투수,,RP,28,1,-0.3,171,1,,
2017,10203,노경은,롯데,투수,,RP,33,1,-0.56,44,1,,
2017,10837,김상호,롯데,타자,,DH,28,1,-0.58,114,1,,
2017,10834,김사훈,롯데,타자,,C,30,1,-0.63,89,1,,
2017,11390,김대륙,롯데,타자,,SS,25,1,-0.81,58,1,,
2017,10368,윤성환,삼성,투수,,SP,36,5,4.8,523,1,,
2017,12961,러프,삼성,타자,Y,1B,31,4,4.11,591,1,,
2017,10720,심창민,삼성,투수,,RP,24,3,1.72,226,1,,
2017,10881,이승엽,삼성,타자,,DH,41,4,1.36,533,1,,
2017,12958,페트릭,삼성,투수,Y,SP,28,4,1.24,402,1,,
2017,10523,우규민,삼성,투수,,SP,32,5,1,399,1,,
2017,10375,장원삼,삼성,투수,,RP,34,4,0.46,202,1,,
2017,10320,김상수,삼성,타자,,SS,27,2,-0.06,154,1,Y,
2017,10336,박한이,삼성,타자,,RF,38,4,-0.1,134,1,,
2017,12530,최충연,삼성,투수,,RP,20,4,-0.16,252,1,,
2017,10892,구자욱,삼성,타자,,RF,24,4,4.14,647,1,,
2017,10329,조동찬,삼성,타자,,3B,34,4,1.22,393,1,,
2017,12957,레나도,삼성,투수,Y,SP,28,5,-0.22,147,1,,
2017,10363,백정현,삼성,투수,,SP,30,2,2.5,302,1,,
2017,11190,박해민,삼성,타자,,CF,27,2,1.88,638,1,,
2017,11255,강한울,삼성,타자,,SS,26,2,1.48,448,1,,
2017,10180,이원석,삼성,타자,,3B,31,4,0.91,459,1,,
2017,10640,김헌곤,삼성,타자,,LF,29,2,0.24,404,1,,
2017,10337,배영섭,삼성,타자,,LF,31,2,0.1,244,1,,
2017,11404,장필준,삼성,투수,,CL,29,2,1.02,202,1,,
2017,12639,김성훈,삼성,타자,,SS,24,1,0.99,166,1,,
2017,10350,권오준,삼성,투수,,RP,37,2,0.51,168,1,,
2017,10756,정병곤,삼성,타자,,2B,29,1,0.5,82,1,,
2017,10085,최경철,삼성,타자,,C,37,1,0.41,39,1,,
2017,11401,김동호,삼성,투수,,RP,32,1,0.1,108,1,,
2017,12934,최지광,삼성,투수,,SP,19,1,0.1,75,1,,
2017,12637,김승현,삼성,투수,,RP,25,1,0.08,131,1,,
2017,10637,임현준,삼성,투수,,RP,29,1,0.07,32,1,,
2017,10527,이승현,삼성,투수,,RP,26,1,0.06,95,1,,
2017,10726,김정혁,삼성,타자,,3B,32,1,-0.03,91,1,,
2017,12644,안성무,삼성,투수,,SP,27,1,-0.03,35,1,,
2017,12932,김시현,삼성,투수,,RP,19,1,-0.08,64,1,,
2017,12529,권정웅,삼성,타자,,C,25,1,-0.09,112,1,,
2017,10376,정인욱,삼성,투수,,SP,27,1,-0.18,96,1,,
2017,10358,김현우,삼성,투수,,RP,29,1,-0.22,32,1,,
2017,10312,이지영,삼성,타자,,C,31,2,-0.26,336,1,,
2017,11112,박근홍,삼성,투수,,RP,32,1,-0.27,46,1,,
2017,10877,황수범,삼성,투수,,SP,31,1,-0.31,94,1,,
2017,12558,임대한,삼성,투수,,RP,24,1,-0.39,42,1,,
2017,10324,백상원,삼성,타자,,2B,29,1,-0.67,51,1,,
2017,10685,김대우,삼성,투수,,RP,29,2,-1.17,150,1,,
2017,10103,정근우,한화,타자,,2B,35,5,3.19,442,1,,
2017,10552,김태균,한화,타자,,DH,35,5,2.53,407,1,,
2017,10156,정우람,한화,투수,,CL,32,5,1.87,177,1,,
2017,10035,이용규,한화,타자,,CF,32,5,0.26,200,1,,
2017,12511,로사리오,한화,타자,Y,1B,28,5,5.24,510,1,,
2017,12953,오간도,한화,투수,Y,SP,34,5,2.65,330,1,,
2017,12954,비야누에바,한화,투수,Y,SP,34,4,2.62,336,1,,
2017,10913,하주석,한화,타자,,SS,23,3,2.3,470,1,,
2017,10362,배영수,한화,투수,,SP,36,4,1.96,384,1,,
2017,10137,송은범,한화,투수,,RP,33,4,0.04,112,1,,
2017,10351,권혁,한화,투수,,RP,34,4,-0.4,94,1,,
2017,10578,최진행,한화,타자,,DH,32,2,1.9,289,1,,
2017,10555,송광민,한화,타자,,3B,34,2,3.34,473,1,,
2017,10606,윤규진,한화,투수,,SP,33,2,1.93,357,1,,
2017,12547,김재영,한화,투수,,SP,24,2,1.01,256,1,,
2017,10916,양성우,한화,타자,,LF,28,2,0.79,417,1,,
2017,10596,박정진,한화,투수,,RP,41,2,0.57,144,1,,
2017,10600,안영명,한화,투수,,SP,33,2,0.46,263,1,,
2017,10028,김경언,한화,타자,,RF,35,2,0.44,118,1,,
2017,10609,이태양,한화,투수,,SP,27,2,0.13,177,1,,
2017,10598,송창식,한화,투수,,RP,32,2,-0.25,220,1,,
2017,10168,이성열,한화,타자,,DH,33,2,2.02,318,1,,
2017,10911,김원석,한화,타자,,RF,28,1,1.08,212,1,,
2017,10778,이동걸,한화,투수,,RP,34,1,0.67,110,1,,
2017,10583,김경태,한화,투수,,RP,26,1,0.49,38,1,,
2017,10170,최재훈,한화,타자,,C,28,1,0.42,301,1,,
2017,10614,정재원,한화,투수,,RP,33,1,0.4,63,1,,
2017,10005,차일목,한화,타자,,C,36,2,0.39,112,1,,
2017,12871,박상원,한화,투수,,RP,23,1,0.37,65,1,,
2017,12570,김주현,한화,타자,,1B,24,1,0.28,43,1,,
2017,11271,서균,한화,투수,,RP,25,1,0.27,43,1,,
2017,10518,심수창,한화,투수,,RP,36,2,0.25,171,1,,
2017,10268,강승현,한화,투수,,RP,32,1,0.22,115,1,,
2017,10557,오선진,한화,타자,,3B,28,1,0.2,209,1,,
2017,10684,허도환,한화,타자,,C,33,1,0.18,49,1,,
2017,10772,정범모,한화,타자,,C,30,1,0.05,50,1,,
2017,10416,장민석,한화,타자,,CF,35,1,0.03,327,1,,
2017,11492,신성현,한화,타자,,3B,27,1,-0.01,34,1,,
2017,12996,정경운,한화,타자,,SS,24,1,-0.09,121,1,,
2017,10443,송신영,한화,투수,,RP,41,2,-0.09,19,1,,
2017,10328,임익준,한화,타자,,2B,29,1,-0.13,47,1,,
2017,10554,김회성,한화,타자,,1B,32,1,-0.13,103,1,,
2017,10676,강경학,한화,타자,,SS,25,1,-0.22,93,1,,
2017,12526,이시원,한화,타자,,CF,21,1,-0.32,145,1,,
2017,10104,최윤석,한화,타자,,SS,30,1,-0.41,33,1,,
2017,11411,김범수,한화,투수,,RP,22,1,-0.46,93,1,,
2017,10573,이양기,한화,타자,,LF,36,1,-0.48,48,1,,
2017,11410,김민우,한화,투수,,SP,22,1,-0.59,22,1,,
2017,11116,이충호,한화,투수,,RP,23,1,-0.62,34,1,,
2017,10610,장민재,한화,투수,,RP,27,1,-0.97,188,1,,
2018,10058,양현종,KIA,투수,,SP,30,5,5.14,553,1,,
2018,10344,최형우,KIA,타자,,LF,35,5,4.26,609,1,,
2018,10061,윤석민,KIA,투수,,RP,32,5,-0.22,120,1,,
2018,10014,안치홍,KIA,타자,,2B,28,4,4.82,549,1,Y,
2018,12950,버나디나,KIA,타자,Y,CF,34,4,3.36,590,1,,
2018,12509,헥터,KIA,투수,Y,SP,31,5,2.98,522,1,,
2018,10030,나지완,KIA,타자,,DH,33,5,2.63,379,1,,
2018,10239,김주찬,KIA,타자,,1B,37,5,1.91,471,1,,
2018,10008,김선빈,KIA,타자,,SS,29,4,1.75,492,1,,
2018,10559,이범호,KIA,타자,,3B,37,4,1.74,380,1,,
2018,12949,팻딘,KIA,투수,Y,SP,29,4,0.96,388,1,,
2018,10479,정성훈,KIA,타자,,1B,38,2,0.44,205,1,,
2018,13003,이민우,KIA,투수,,RP,25,3,-0.19,113,1,,
2018,11281,임창용,KIA,투수,,SP,42,3,1.13,259,1,,
2018,10119,이명기,KIA,타자,,RF,31,2,1.84,502,1,,
2018,10821,김윤동,KIA,투수,,RP,25,3,1.81,248,1,,
2018,10812,한승혁,KIA,투수,,SP,25,2,1.11,264,1,,
2018,10909,임기영,KIA,투수,,SP,25,3,0.91,315,1,,
2018,10707,김민식,KIA,타자,,C,29,2,0.82,365,1,,
2018,10486,서동욱,KIA,타자,,2B,34,1,0.03,56,1,,
2018,10431,김세현,KIA,투수,,RP,31,2,-0.1,120,1,,
2018,10066,임기준,KIA,투수,,RP,27,2,1.06,168,1,,
2018,11299,문경찬,KIA,투수,,RP,26,1,0.8,166,1,,
2018,11119,한승택,KIA,타자,,C,24,2,0.76,101,1,,
2018,12914,유승철,KIA,투수,,RP,20,1,0.61,142,1,,
2018,13180,황인준,KIA,투수,,RP,27,1,0.57,158,1,,
2018,10401,유재신,KIA,타자,,CF,31,1,0.56,40,1,,
2018,11260,박준태,KIA,타자,,CF,27,1,0.37,150,1,,
2018,12534,최원준,KIA,타자,,SS,21,2,0.19,331,1,,
2018,10895,유민상,KIA,타자,,1B,29,1,0.14,58,1,,
2018,10072,정용운,KIA,투수,,SP,28,1,0.14,30,1,,
2018,10003,백용환,KIA,타자,,C,29,1,0.11,57,1,,
2018,12537,전상현,KIA,투수,,RP,22,1,0.09,31,1,,
2018,12543,류승현,KIA,타자,,2B,21,1,0.03,85,1,,
2018,10050,박경태,KIA,투수,,RP,31,1,-0.02,19,1,,
2018,13114,김유신,KIA,투수,,RP,19,1,-0.07,39,1,,
2018,10056,심동섭,KIA,투수,,RP,27,1,-0.08,17,1,,
2018,10808,최정민,KIA,타자,,2B,29,1,-0.19,95,1,,
2018,10027,홍재호,KIA,타자,,SS,31,1,-0.26,87,1,,
2018,13115,하준영,KIA,투수,,RP,19,1,-0.26,44,1,,
2018,11300,박정수,KIA,투수,,RP,22,1,-0.35,40,1,,
2018,10696,홍건희,KIA,투수,,RP,26,1,-0.44,50,1,,
2018,11363,황윤호,KIA,타자,,2B,25,1,-0.57,62,1,,
2018,10644,윤석민,KT,타자,,DH,33,2,-0.21,509,1,,
2018,12995,로하스,KT,타자,Y,CF,28,4,6.55,645,1,,
2018,10641,니퍼트,KT,투수,Y,SP,37,4,4.62,527,1,,
2018,10407,황재균,KT,타자,,3B,31,5,3.57,588,1,,
2018,11380,피어밴드,KT,투수,Y,SP,33,4,3.39,490,1,,
2018,10627,유한준,KT,타자,,RF,37,5,3.07,480,1,,
2018,13168,강백호,KT,타자,,LF,19,4,2.06,585,1,,
2018,13167,김민,KT,투수,,SP,19,3,0.51,112,1,,
2018,11311,심재민,KT,투수,,RP,24,4,0.44,123,1,,
2018,11318,엄상백,KT,투수,,RP,22,3,0.14,139,1,,
2018,10831,이상화,KT,투수,,RP,30,1,0.09,31,1,,
2018,12572,박세진,KT,투수,,SP,21,3,-0.58,91,1,,
2018,11323,주권,KT,투수,,SP,23,4,-0.84,264,1,,
2018,10469,박경수,KT,타자,,2B,34,3,2.56,528,1,,
2018,10492,이진영,KT,타자,,DH,38,4,0.38,312,1,,
2018,11308,고영표,KT,투수,,SP,27,2,2.28,426,1,,
2018,10425,금민철,KT,투수,,SP,32,2,2.06,469,1,,
2018,10235,장성우,KT,타자,,C,28,2,1.01,393,1,,
2018,11334,심우준,KT,타자,,3B,23,2,0.92,403,1,,
2018,10249,오태곤,KT,타자,,1B,27,2,0.01,374,1,,
2018,11489,김재윤,KT,투수,,CL,28,2,0.9,183,1,,
2018,11321,정성곤,KT,투수,,RP,22,1,0.8,73,1,,
2018,12655,류희운,KT,투수,,RP,23,1,0.49,132,1,,
2018,10272,김사율,KT,투수,,RP,38,3,0.39,136,1,,
2018,11253,홍성용,KT,투수,,RP,32,2,0.25,135,1,,
2018,12938,이종혁,KT,투수,,RP,21,1,0.15,145,1,,
2018,10512,배우열,KT,투수,,RP,32,1,0.11,17,1,,
2018,10196,고창성,KT,투수,,RP,34,2,0.04,113,1,,
2018,12577,김태오,KT,투수,,SP,21,1,0.02,63,1,,
2018,10391,이해창,KT,타자,,C,31,1,0,174,1,,
2018,10417,전민수,KT,타자,,RF,29,1,-0.02,35,1,,
2018,13173,신병률,KT,투수,,RP,22,1,-0.19,77,1,,
2018,11111,정현,KT,타자,,3B,24,2,-0.25,132,1,,
2018,10551,김지열,KT,타자,,RF,30,1,-0.27,48,1,,
2018,10672,오준혁,KT,타자,,LF,26,1,-0.28,31,1,,
2018,10607,윤근영,KT,투수,,RP,32,1,-0.46,50,1,,
2018,10241,박기혁,KT,타자,,SS,37,2,-0.67,196,1,,
2018,10187,김현수,LG,타자,,LF,30,5,4.99,511,1,,
2018,10475,오지환,LG,타자,,SS,28,3,3.78,617,1,,
2018,10485,박용택,LG,타자,,DH,39,5,1.65,583,1,,
2018,13062,윌슨,LG,투수,Y,SP,29,4,6.28,510,1,,
2018,10933,소사,LG,투수,Y,SP,33,4,5.21,544,1,,
2018,12516,이형종,LG,타자,,LF,29,4,2.69,485,1,,
2018,10381,차우찬,LG,투수,,SP,31,5,1.14,510,1,,
2018,10652,임찬규,LG,투수,,SP,26,2,1.1,440,1,,
2018,10516,신정락,LG,투수,,RP,31,2,0.4,152,1,Y,
2018,13102,김영준,LG,투수,,RP,19,3,0.21,62,1,,
2018,12907,고우석,LG,투수,,RP,20,3,0.2,201,1,,
2018,10524,이동현,LG,투수,,RP,35,4,-0.5,109,1,,
2018,12532,김대현,LG,투수,,SP,21,4,-0.61,315,1,,
2018,13060,가르시아,LG,타자,Y,3B,33,3,1.35,206,1,,
2018,10083,정상호,LG,타자,,C,36,4,0.13,128,1,,
2018,11215,채은성,LG,타자,,RF,28,2,3.57,578,1,,
2018,10753,유강남,LG,타자,,C,26,2,3.37,465,1,,
2018,10935,이천웅,LG,타자,,LF,30,2,1.83,405,1,,
2018,11213,양석환,LG,타자,,1B,27,2,0.64,519,1,,
2018,10480,정주현,LG,타자,,2B,28,1,0.96,339,1,,
2018,10535,최동환,LG,투수,,RP,29,1,0.54,111,1,,
2018,12697,배재준,LG,투수,,RP,24,1,0.26,116,1,,
2018,10859,서상우,LG,타자,,LF,29,1,0.25,84,1,,
2018,10851,최성훈,LG,투수,,RP,29,1,0.25,50,1,,
2018,10923,배민관,LG,투수,,RP,27,1,0.2,33,1,,
2018,10928,전인환,LG,투수,,RP,28,1,0.14,17,1,,
2018,10140,여건욱,LG,투수,,RP,32,1,0.1,68,1,,
2018,12908,손주영,LG,투수,,SP,20,1,0,35,1,,
2018,10657,윤지웅,LG,투수,,RP,30,2,-0.06,19,1,,
2018,10929,김재율,LG,타자,,3B,29,1,-0.24,41,1,,
2018,10533,정찬헌,LG,투수,,CL,28,2,-0.27,195,1,,
2018,10476,윤진호,LG,타자,,SS,32,1,-0.29,61,1,,
2018,10120,임훈,LG,타자,,RF,33,1,-0.38,88,1,,
2018,10075,진해수,LG,투수,,RP,32,2,-0.39,131,1,,
2018,10747,김지용,LG,투수,,RP,30,1,-0.43,141,1,,
2018,10130,문광은,LG,투수,,RP,31,1,-0.49,20,1,,
2018,11087,강승호,LG,타자,,SS,24,1,-0.67,109,1,,
2018,10466,김용의,LG,타자,,1B,33,1,-0.7,185,1,,
2018,11346,박지규,LG,타자,,2B,27,1,-0.72,53,1,,
2018,11347,안익훈,LG,타자,,CF,22,2,-1.05,135,1,,
2018,11162,나성범,NC,타자,,RF,29,5,4.3,620,1,,
2018,10220,이재학,NC,투수,,SP,28,2,3.26,457,1,,
2018,11137,박민우,NC,타자,,2B,25,3,2.69,460,1,,
2018,12783,왕웨이중,NC,투수,Y,SP,26,4,2.58,425,1,,
2018,13066,베렛,NC,투수,Y,SP,28,4,2.54,465,1,,
2018,12947,스크럭스,NC,타자,Y,1B,31,4,1.21,571,1,,
2018,10322,박석민,NC,타자,,3B,33,4,0.84,375,1,,
2018,11144,노건우,NC,투수,,RP,29,1,-0.16,98,1,,
2018,11151,이민호,NC,투수,,RP,25,3,-0.27,150,1,,
2018,10177,손시헌,NC,타자,,SS,38,4,-0.29,150,1,,
2018,10192,이종욱,NC,타자,,CF,38,3,-0.3,128,1,,
2018,11353,구창모,NC,투수,,SP,21,3,1.68,399,1,,
2018,11165,노진혁,NC,타자,,SS,29,2,1.11,458,1,,
2018,11172,권희동,NC,타자,,LF,28,2,1.09,391,1,,
2018,11161,원종현,NC,투수,,RP,31,3,0.41,193,1,,
2018,10183,최준석,NC,타자,,1B,35,2,-0.15,179,1,,
2018,10452,임창민,NC,투수,,RP,33,2,-0.23,21,1,,
2018,11164,장현식,NC,투수,,RP,23,3,-0.33,80,1,,
2018,11166,김진성,NC,투수,,RP,33,2,-0.4,136,1,,
2018,11153,김성욱,NC,타자,,CF,25,2,1.12,358,1,,
2018,12565,최성영,NC,투수,,RP,21,1,0.65,193,1,,
2018,10093,모창민,NC,타자,,3B,33,2,0.62,314,1,,
2018,11248,배재환,NC,투수,,RP,23,1,0.48,108,1,,
2018,12561,정수민,NC,투수,,RP,28,1,0.38,174,1,,
2018,11358,박진우,NC,투수,,RP,28,1,0.37,59,1,,
2018,10432,김건태,NC,투수,,RP,27,1,0.33,159,1,,
2018,11159,이형범,NC,투수,,RP,24,1,0.31,162,1,,
2018,12622,김찬형,NC,타자,,SS,21,1,0.19,160,1,,
2018,11244,김태진,NC,타자,,3B,23,1,0.11,35,1,,
2018,13084,김재균,NC,투수,,RP,19,1,0.1,17,1,,
2018,12560,도태훈,NC,타자,,2B,25,1,0.07,42,1,,
2018,11319,윤수호,NC,투수,,RP,26,1,0.03,24,1,,
2018,12999,이원재,NC,타자,,LF,29,1,-0.01,150,1,,
2018,10434,민태호,NC,투수,,RP,29,1,-0.03,29,1,,
2018,10772,정범모,NC,타자,,C,31,1,-0.15,219,1,,
2018,11246,박대온,NC,타자,,C,23,1,-0.18,30,1,,
2018,10423,강윤구,NC,투수,,RP,28,2,-0.18,164,1,,
2018,11359,윤병호,NC,타자,,RF,29,1,-0.24,37,1,,
2018,10604,유원상,NC,투수,,RP,32,2,-0.26,142,1,,
2018,11148,강진성,NC,타자,,3B,25,1,-0.28,75,1,,
2018,11174,최금강,NC,투수,,RP,29,1,-0.3,112,1,,
2018,11155,윤강민,NC,투수,,RP,28,1,-0.34,17,1,,
2018,10836,윤수강,NC,타자,,C,28,1,-0.44,79,1,,
2018,12525,이재율,NC,타자,,CF,25,1,-0.54,45,1,,
2018,11099,이우성,NC,타자,,RF,24,1,-0.6,133,2,,
2018,10683,지석훈,NC,타자,,2B,34,2,-0.68,105,1,,
2018,13081,김형준,NC,타자,,C,19,1,-0.87,89,1,,
2018,11147,이상호,NC,타자,,2B,29,1,-1,204,1,,
2018,10126,김광현,SK,투수,,SP,30,5,5.39,408,1,,
2018,10106,최정,SK,타자,,3B,31,5,3.37,489,1,,
2018,12991,로맥,SK,타자,Y,1B,33,4,5.68,616,1,,
2018,11368,켈리,SK,투수,Y,SP,30,5,4.32,475,1,,
2018,13063,산체스,SK,투수,Y,SP,29,4,2.43,436,1,,
2018,10108,김강민,SK,타자,,CF,36,5,1.34,267,1,,
2018,10096,박정권,SK,타자,,1B,37,4,-0.13,31,1,,
2018,10131,박종훈,SK,투수,,SP,27,2,4.27,478,1,,
2018,10082,이재원,SK,타자,,C,30,2,3.72,471,1,,
2018,10815,한유섬,SK,타자,,RF,29,2,3.7,562,1,,
2018,11268,노수광,SK,타자,,RF,28,2,2.91,588,1,,
2018,10783,문승원,SK,투수,,SP,29,2,2.89,452,1,,
2018,10133,김태훈,SK,투수,,RP,28,2,2.55,282,1,,
2018,10092,나주환,SK,타자,,SS,34,2,0.98,420,1,,
2018,10145,윤희상,SK,투수,,RP,33,2,0.87,153,1,,
2018,10636,김성현,SK,타자,,2B,31,2,0.64,462,1,,
2018,12548,김동엽,SK,타자,,LF,28,2,-0.11,446,1,,
2018,10655,정의윤,SK,타자,,RF,32,3,-0.14,239,1,,
2018,10810,최항,SK,타자,,3B,24,1,1.73,257,1,,
2018,10921,신재웅,SK,투수,,CL,36,2,1.5,156,1,,
2018,10135,박희수,SK,투수,,RP,35,2,0.79,99,1,,
2018,10111,김재현,SK,타자,,CF,31,1,0.63,77,1,,
2018,11087,강승호,SK,타자,,SS,24,1,0.5,103,2,,
2018,12678,이승진,SK,투수,,RP,23,1,0.48,124,1,,
2018,10161,채병용,SK,투수,,RP,36,3,0.29,90,1,,
2018,10784,서진용,SK,투수,,RP,26,1,0.28,150,1,,
2018,10004,이성우,SK,타자,,C,37,1,0.26,134,1,,
2018,10804,박승욱,SK,타자,,SS,26,1,0.22,79,1,,
2018,10841,전유수,SK,투수,,RP,32,2,0.22,54,1,,
2018,12527,정영일,SK,투수,,RP,30,2,0.14,132,1,,
2018,12919,남윤성,SK,투수,,RP,31,1,0.11,26,1,,
2018,11373,김택형,SK,투수,,RP,22,1,0.09,35,1,,
2018,11092,최승준,SK,타자,,1B,30,1,-0.01,79,1,,
2018,10068,임준혁,SK,투수,,RP,34,1,-0.03,22,1,,
2018,10651,윤정우,SK,타자,,CF,30,1,-0.05,43,1,,
2018,10206,박정배,SK,투수,,RP,36,1,-0.15,134,1,,
2018,13126,최민준,SK,투수,,RP,19,1,-0.18,15,1,,
2018,10136,백청훈,SK,투수,,RP,31,1,-0.28,43,1,,
2018,12531,김주한,SK,투수,,RP,25,1,-0.37,18,1,,
2018,12922,박성한,SK,타자,,SS,20,1,-0.63,59,1,,
2018,10717,정진기,SK,타자,,CF,26,1,-0.72,212,1,,
2018,10470,박병호,넥센,타자,,1B,32,5,7.24,488,1,,
2018,10855,서건창,넥센,타자,,2B,29,3,0.51,160,1,,
2018,12992,브리검,넥센,투수,Y,SP,30,4,6.13,597,1,,
2018,11224,김하성,넥센,타자,,SS,23,4,4.27,576,1,,
2018,11379,최원태,넥센,투수,,SP,21,4,4.16,403,1,,
2018,12906,이정후,넥센,타자,,CF,20,4,3.92,520,1,,
2018,10863,한현희,넥센,투수,,SP,25,2,3.28,507,1,,
2018,11549,로저스,넥센,투수,Y,SP,33,5,2.38,249,1,,
2018,11156,해커,넥센,투수,Y,SP,35,4,1.37,239,1,,
2018,13007,초이스,넥센,타자,Y,RF,29,4,0.9,397,1,,
2018,10493,이택근,넥센,타자,,CF,38,4,0.81,356,1,,
2018,11126,조상우,넥센,투수,,RP,24,2,-0.06,57,1,,
2018,13091,안우진,넥센,투수,,RP,19,4,-0.31,124,1,,
2018,12567,주효상,넥센,타자,,C,21,3,-0.43,126,1,,
2018,10238,김민성,넥센,타자,,3B,30,2,1.86,465,1,,
2018,13288,샌즈,넥센,타자,Y,RF,31,3,1.22,93,1,,
2018,11149,신재영,넥센,투수,,SP,29,2,0.58,304,1,,
2018,11226,임병욱,넥센,타자,,CF,23,2,1.35,447,1,,
2018,12905,김혜성,넥센,타자,,2B,19,2,1.14,473,1,,
2018,10387,박동원,넥센,타자,,C,28,1,0.51,128,1,,
2018,10659,고종욱,넥센,타자,,LF,29,2,-0.72,351,1,,
2018,11376,송성문,넥센,타자,,3B,22,1,2.17,238,1,,
2018,10448,이보근,넥센,투수,,RP,32,2,0.85,183,1,,
2018,10730,양현,넥센,투수,,RP,26,1,0.62,98,1,,
2018,12865,이승호,넥센,투수,,RP,19,1,0.57,135,1,,
2018,10427,김상수,넥센,투수,,CL,30,2,0.44,167,1,,
2018,10445,오주원,넥센,투수,,RP,33,2,0.43,157,1,,
2018,10722,윤영삼,넥센,투수,,RP,26,3,0.27,89,1,,
2018,10871,김태훈,넥센,투수,,RP,26,1,0.26,143,1,,
2018,10868,김규민,넥센,타자,,LF,25,1,0.12,336,1,,
2018,12918,김성민,넥센,투수,,RP,24,1,0.09,144,1,,
2018,11531,김정인,넥센,투수,,SP,22,1,-0.04,22,1,,
2018,11130,조성운,넥센,투수,,RP,29,1,-0.05,80,1,,
2018,10404,장영석,넥센,타자,,3B,28,1,-0.17,221,1,,
2018,11222,하영민,넥센,투수,,RP,23,1,-0.21,49,1,,
2018,10399,김지수,넥센,타자,,SS,32,1,-0.27,39,1,,
2018,10553,김태완,넥센,타자,,DH,34,2,-0.37,74,1,,
2018,10870,김재현,넥센,타자,,C,25,1,-0.42,234,1,,
2018,13092,김선기,넥센,투수,,RP,27,1,-0.57,68,1,,
2018,10165,양의지,두산,타자,,C,31,5,6.97,503,1,,
2018,10643,김재환,두산,타자,,LF,30,4,6.71,602,1,,
2018,10174,김재호,두산,타자,,SS,33,5,4.2,467,1,,
2018,10189,박건우,두산,타자,,CF,28,3,2.93,529,1,,
2018,10299,장원준,두산,투수,,SP,33,5,-1.15,215,1,,
2018,11393,린드블럼,두산,투수,Y,SP,31,5,6.71,506,1,,
2018,13058,후랭코프,두산,투수,Y,SP,30,4,4.72,448,1,,
2018,10217,이용찬,두산,투수,,SP,29,2,4.69,432,1,,
2018,10178,오재원,두산,타자,,2B,33,4,3.73,521,1,,
2018,12568,이영하,두산,투수,,SP,21,4,1.59,368,1,,
2018,10213,유희관,두산,투수,,SP,32,3,0.55,423,1,,
2018,11098,김인태,두산,타자,,RF,24,1,0.15,109,1,,
2018,13061,곽빈,두산,투수,,RP,19,3,-0.33,93,1,,
2018,10400,오재일,두산,타자,,1B,32,2,3.59,477,1,,
2018,11094,함덕주,두산,투수,,CL,23,3,2.42,201,1,,
2018,10221,이현승,두산,투수,,RP,35,4,0.36,92,1,,
2018,13286,반슬라이크,두산,타자,Y,RF,32,3,-0.42,44,1,,
2018,13059,파레디스,두산,타자,Y,RF,30,3,-0.77,71,1,,
2018,10182,최주환,두산,타자,,2B,30,2,5.9,590,1,,
2018,10184,허경민,두산,타자,,3B,28,2,3.59,577,1,,
2018,10894,류지혁,두산,타자,,SS,24,2,1.94,280,1,,
2018,10690,김강률,두산,투수,,RP,30,2,1.53,228,1,,
2018,10195,정수빈,두산,타자,,CF,28,2,1.22,112,1,,
2018,12850,박치국,두산,투수,,RP,20,2,1.72,201,1,,
2018,10891,박세혁,두산,타자,,C,28,1,1.18,194,1,,
2018,10202,김승회,두산,투수,,RP,37,2,1,164,1,,
2018,10645,정진호,두산,타자,,CF,30,1,0.43,299,1,,
2018,13070,박신지,두산,투수,,RP,19,1,0.42,63,1,,
2018,13184,김정후,두산,투수,,RP,30,1,0.34,52,1,,
2018,11099,이우성,두산,타자,,RF,24,1,0.27,66,1,,
2018,10677,이현호,두산,투수,,RP,26,1,0.26,84,1,,
2018,10230,홍상삼,두산,투수,,RP,28,2,0.22,44,1,,
2018,11084,백동훈,두산,타자,,LF,28,1,0.13,34,1,,
2018,12524,조수행,두산,타자,,CF,25,1,0.08,198,1,,
2018,12544,유재유,두산,투수,,RP,21,1,0.07,19,1,,
2018,12970,김민혁,두산,타자,,1B,22,1,-0.04,58,1,,
2018,10883,강동연,두산,투수,,RP,26,1,-0.07,35,1,,
2018,13271,현도훈,두산,투수,,RP,25,1,-0.09,26,1,,
2018,10882,변시원,두산,투수,,RP,25,1,-0.2,32,1,,
2018,10302,최대성,두산,투수,,RP,33,1,-0.33,30,1,,
2018,12852,최원준,두산,투수,,RP,24,1,-0.57,28,1,,
2018,11319,윤수호,두산,투수,,RP,26,1,-0.67,52,2,,
2018,10261,손아섭,롯데,타자,,RF,30,5,5.64,625,1,,
2018,10251,이대호,롯데,타자,,DH,36,5,3.87,604,1,,
2018,10442,손승락,롯데,투수,,CL,36,4,2.23,173,1,,
2018,11392,레일리,롯데,투수,Y,SP,30,5,3.66,535,1,,
2018,10188,민병헌,롯데,타자,,CF,31,5,3.36,494,1,,
2018,13067,듀브론트,롯데,투수,Y,SP,31,4,2.7,412,1,,
2018,12956,번즈,롯데,타자,Y,2B,28,4,2.57,505,1,,
2018,10477,이병규,롯데,타자,,LF,35,2,1.63,257,1,,
2018,10285,송승준,롯데,투수,,SP,38,4,0.69,237,1,,
2018,12928,윤성빈,롯데,투수,,SP,19,4,0.62,152,1,,
2018,10142,윤길현,롯데,투수,,RP,35,4,0.69,99,1,,
2018,11310,박세웅,롯데,투수,,SP,23,4,-0.38,147,1,,
2018,10266,전준우,롯데,타자,,LF,32,2,5.41,614,1,,
2018,10203,노경은,롯데,투수,,SP,34,2,3.69,397,1,,
2018,10840,신본기,롯데,타자,,SS,29,2,1.4,479,1,,
2018,11291,구승민,롯데,투수,,RP,28,2,1.34,221,1,,
2018,10825,김원중,롯데,투수,,SP,25,2,0.81,436,1,,
2018,10331,채태인,롯데,타자,,1B,36,3,0.33,420,1,,
2018,11425,박진형,롯데,투수,,RP,24,2,-0.34,39,1,,
2018,11422,전병우,롯데,타자,,3B,26,1,1.39,77,1,,
2018,10210,오현택,롯데,투수,,RP,33,2,1.29,194,1,,
2018,10301,진명호,롯데,투수,,RP,29,2,0.99,185,1,,
2018,10253,정훈,롯데,타자,,1B,31,2,0.72,194,1,,
2018,12944,김건국,롯데,투수,,RP,30,3,0.36,32,1,,
2018,12592,나경민,롯데,타자,,CF,27,2,0.34,71,1,,
2018,10290,이명우,롯데,투수,,RP,36,2,0.3,132,1,,
2018,10240,문규현,롯데,타자,,SS,35,3,0.28,349,1,,
2018,11329,안중열,롯데,타자,,C,23,1,0.26,176,1,,
2018,10648,김문호,롯데,타자,,LF,31,1,0.24,115,1,,
2018,10453,장시환,롯데,투수,,RP,31,2,0.22,110,1,,
2018,13147,정성종,롯데,투수,,RP,23,1,0.15,57,1,,
2018,10281,배장호,롯데,투수,,RP,31,2,0.08,73,1,,
2018,10124,고효준,롯데,투수,,RP,35,1,-0.01,97,1,,
2018,11086,조홍석,롯데,타자,,CF,28,1,-0.13,71,1,,
2018,10737,박시영,롯데,투수,,RP,29,1,-0.28,79,1,,
2018,10410,박헌도,롯데,타자,,LF,31,1,-0.31,31,1,,
2018,10834,김사훈,롯데,타자,,C,31,1,-0.35,79,1,,
2018,10734,김동한,롯데,타자,,3B,30,1,-0.63,96,1,,
2018,13145,한동희,롯데,타자,,3B,19,1,-0.86,226,1,,
2018,10232,강민호,삼성,타자,,C,33,5,1.48,477,1,,
2018,10368,윤성환,삼성,투수,,SP,37,5,0.53,352,1,,
2018,12961,러프,삼성,타자,Y,1B,32,5,3.96,597,1,,
2018,13064,아델만,삼성,투수,Y,SP,31,4,3.5,513,1,,
2018,10892,구자욱,삼성,타자,,RF,25,3,3.1,529,1,,
2018,13178,보니야,삼성,투수,Y,SP,28,4,3.08,504,1,,
2018,13157,양창섭,삼성,투수,,SP,19,3,1.75,262,1,,
2018,10720,심창민,삼성,투수,,CL,25,2,1.74,199,1,,
2018,10523,우규민,삼성,투수,,RP,33,5,1.64,176,1,,
2018,13156,최채흥,삼성,투수,,SP,23,3,0.87,84,1,,
2018,10336,박한이,삼성,타자,,RF,39,3,0.29,392,1,,
2018,10077,한기주,삼성,투수,,RP,31,2,0.07,117,1,,
2018,10329,조동찬,삼성,타자,,3B,35,4,-0.14,59,1,,
2018,12530,최충연,삼성,투수,,RP,21,2,3.08,255,1,,
2018,11190,박해민,삼성,타자,,CF,28,2,3,649,1,,
2018,10363,백정현,삼성,투수,,SP,31,2,2.93,377,1,,
2018,10180,이원석,삼성,타자,,3B,32,4,2.31,543,1,,
2018,10640,김헌곤,삼성,타자,,LF,30,2,1.22,586,1,,
2018,10375,장원삼,삼성,투수,,SP,35,2,0.46,114,1,,
2018,10320,김상수,삼성,타자,,SS,28,2,0.04,499,1,,
2018,10325,손주인,삼성,타자,,2B,35,1,-0.96,297,1,,
2018,11404,장필준,삼성,투수,,RP,30,3,1.8,199,1,,
2018,10312,이지영,삼성,타자,,C,32,1,1.65,203,1,,
2018,12639,김성훈,삼성,타자,,SS,25,1,0.7,212,1,,
2018,10350,권오준,삼성,투수,,RP,38,2,0.68,130,1,,
2018,10637,임현준,삼성,투수,,RP,30,1,0.65,83,1,,
2018,10376,정인욱,삼성,투수,,RP,28,1,0.46,93,1,,
2018,12637,김승현,삼성,투수,,RP,26,1,0.28,97,1,,
2018,10934,최영진,삼성,타자,,3B,30,1,0.13,140,1,,
2018,10685,김대우,삼성,투수,,SP,30,1,0.04,109,1,,
2018,12932,김시현,삼성,투수,,RP,20,1,-0.11,15,1,,
2018,12934,최지광,삼성,투수,,RP,20,1,-0.14,26,1,,
2018,11112,박근홍,삼성,투수,,RP,33,2,-0.18,69,1,,
2018,10527,이승현,삼성,투수,,RP,27,1,-0.24,51,1,,
2018,13241,백승민,삼성,타자,,1B,28,1,-0.29,32,1,,
2018,10930,박찬도,삼성,타자,,CF,29,1,-0.34,82,1,,
2018,11255,강한울,삼성,타자,,SS,27,1,-0.35,209,1,,
2018,10337,배영섭,삼성,타자,,LF,32,2,-0.74,168,1,,
2018,10035,이용규,한화,타자,,CF,33,3,1.78,575,1,,
2018,10156,정우람,한화,투수,,CL,33,5,1.44,159,1,,
2018,10552,김태균,한화,타자,,DH,36,5,0.5,271,1,,
2018,13069,호잉,한화,타자,Y,RF,29,4,4.86,590,1,,
2018,13068,샘슨,한화,투수,Y,SP,27,4,3.07,485,1,,
2018,13065,휠러,한화,투수,Y,SP,28,4,1.72,305,1,,
2018,10103,정근우,한화,타자,,2B,36,4,1.3,425,1,,
2018,10913,하주석,한화,타자,,SS,24,4,0.61,517,1,,
2018,10362,배영수,한화,투수,,SP,37,3,0.42,167,1,,
2018,10137,송은범,한화,투수,,RP,34,4,2.46,238,1,,
2018,13287,헤일,한화,투수,Y,SP,31,3,1.66,199,1,,
2018,10351,권혁,한화,투수,,RP,35,4,0.06,33,1,,
2018,10609,이태양,한화,투수,,RP,28,2,2.27,238,1,,
2018,10168,이성열,한화,타자,,DH,34,2,2.07,528,1,,
2018,12547,김재영,한화,투수,,SP,25,2,1.78,334,1,,
2018,10555,송광민,한화,타자,,3B,35,2,1.35,460,1,,
2018,10600,안영명,한화,투수,,RP,34,4,0.73,198,1,,
2018,10606,윤규진,한화,투수,,SP,34,2,0.73,252,1,,
2018,11410,김민우,한화,투수,,SP,23,2,0.42,298,1,,
2018,10578,최진행,한화,타자,,DH,33,2,-0.04,154,1,,
2018,10676,강경학,한화,타자,,SS,26,1,2.14,289,1,,
2018,12871,박상원,한화,투수,,RP,24,2,2.12,180,1,,
2018,10170,최재훈,한화,타자,,C,29,1,1.12,341,1,,
2018,10610,장민재,한화,투수,,RP,28,1,0.8,179,1,,
2018,12924,김성훈,한화,투수,,SP,20,1,0.75,83,1,,
2018,11413,지시완,한화,타자,,C,24,1,0.54,224,1,,
2018,10554,김회성,한화,타자,,1B,33,1,0.49,102,1,,
2018,13137,정은원,한화,타자,,2B,18,1,0.34,227,1,,
2018,11411,김범수,한화,투수,,RP,23,2,0.23,145,1,,
2018,10598,송창식,한화,투수,,RP,33,1,0.16,38,1,,
2018,10795,임준섭,한화,투수,,RP,29,1,0.15,25,1,,
2018,11117,김종수,한화,투수,,RP,24,1,0.13,15,1,,
2018,12926,김진영,한화,투수,,SP,26,1,0.12,34,1,,
2018,13144,김진욱,한화,투수,,RP,18,1,0.08,17,1,,
2018,10916,양성우,한화,타자,,LF,29,1,0.02,236,1,,
2018,12526,이시원,한화,타자,,CF,22,1,-0.07,50,1,,
2018,11271,서균,한화,투수,,RP,26,2,-0.07,112,1,,
2018,13136,박성웅,한화,투수,,RP,19,1,-0.11,56,1,,
2018,10777,김민하,한화,타자,,LF,29,1,-0.17,108,1,,
2018,12583,장진혁,한화,타자,,RF,25,1,-0.17,48,1,,
2018,12585,김태연,한화,타자,,3B,21,1,-0.21,30,1,,
2018,10473,백진우,한화,타자,,LF,30,1,-0.23,169,1,,
2018,10557,오선진,한화,타자,,3B,29,1,-0.52,148,1,,
2019,10058,양현종,KIA,투수,,SP,31,5,6.75,554,1,,
2019,10344,최형우,KIA,타자,,DH,36,5,4.9,555,1,,
2019,10014,안치홍,KIA,타자,,2B,29,4,2.24,408,1,,
2019,10008,김선빈,KIA,타자,,SS,30,3,2.85,447,1,,
2019,14224,터커,KIA,타자,Y,RF,29,4,2.47,399,1,,
2019,13924,윌랜드,KIA,투수,Y,SP,29,4,1.86,495,1,,
2019,11263,차명진,KIA,투수,,SP,24,3,0.55,99,1,,
2019,14176,김기훈,KIA,투수,,SP,19,3,0.45,238,1,,
2019,10239,김주찬,KIA,타자,,1B,38,5,0.16,363,1,,
2019,13925,터너,KIA,투수,Y,SP,28,4,0.06,460,1,,
2019,10559,이범호,KIA,타자,,3B,38,4,-0.06,31,1,,
2019,13003,이민우,KIA,투수,,RP,26,3,-0.17,184,1,,
2019,10030,나지완,KIA,타자,,DH,34,5,-0.37,153,1,,
2019,13926,해즐베이커,KIA,타자,Y,CF,32,3,0.03,46,1,,
2019,11233,이창진,KIA,타자,,CF,28,2,2.21,470,1,,
2019,10119,이명기,KIA,타자,,RF,32,2,1.46,302,1,,
2019,11261,박찬호,KIA,타자,,3B,24,2,1.09,541,1,,
2019,10909,임기영,KIA,투수,,SP,26,3,0.07,146,1,,
2019,10821,김윤동,KIA,투수,,RP,26,2,0.04,33,1,,
2019,10696,홍건희,KIA,투수,,SP,27,2,-0.43,245,1,,
2019,11299,문경찬,KIA,투수,,CL,27,2,2.13,165,1,,
2019,12537,전상현,KIA,투수,,RP,23,2,1.97,182,1,,
2019,11070,박준표,KIA,투수,,RP,27,1,1.81,168,1,,
2019,10895,유민상,KIA,타자,,1B,30,1,1.18,202,1,,
2019,10066,임기준,KIA,투수,,RP,28,2,0.68,110,1,,
2019,12541,신범수,KIA,타자,,C,21,1,0.5,65,1,,
2019,11363,황윤호,KIA,타자,,2B,26,1,0.4,130,1,,
2019,10003,백용환,KIA,타자,,C,30,1,0.32,51,1,,
2019,11119,한승택,KIA,타자,,C,25,1,0.22,288,1,,
2019,11068,고영창,KIA,투수,,RP,30,2,0.22,162,1,,
2019,12913,박진태,KIA,투수,,SP,25,1,0.14,25,1,,
2019,13180,황인준,KIA,투수,,RP,28,1,-0.01,34,1,,
2019,10468,문선재,KIA,타자,,LF,29,1,-0.13,61,1,,
2019,13115,하준영,KIA,투수,,RP,20,2,-0.14,158,1,,
2019,10401,유재신,KIA,타자,,LF,32,1,-0.16,59,1,,
2019,11260,박준태,KIA,타자,,RF,28,1,-0.25,47,1,,
2019,12543,류승현,KIA,타자,,1B,22,1,-0.25,163,1,,
2019,12866,강이준,KIA,투수,,SP,21,1,-0.27,27,1,,
2019,14178,장지수,KIA,투수,,RP,19,1,-0.32,49,1,,
2019,11073,고장혁,KIA,타자,,SS,29,1,-0.34,32,1,,
2019,11300,박정수,KIA,투수,,RP,23,1,-0.37,15,1,,
2019,10707,김민식,KIA,타자,,C,30,1,-0.38,116,1,,
2019,14181,오선우,KIA,타자,,RF,23,1,-0.46,57,1,,
2019,10431,김세현,KIA,투수,,RP,32,2,-0.52,26,1,,
2019,11099,이우성,KIA,타자,,LF,25,1,-0.59,87,2,,
2019,14180,양승철,KIA,투수,,RP,27,1,-0.71,49,1,,
2019,11303,이준영,KIA,투수,,RP,27,1,-0.79,153,1,,
2019,12534,최원준,KIA,타자,,3B,22,1,-1.28,255,1,,
2019,12995,로하스,KT,타자,Y,LF,29,5,5.69,578,1,,
2019,10407,황재균,KT,타자,,3B,32,5,4.88,507,1,,
2019,13168,강백호,KT,타자,,RF,20,4,4.53,505,1,,
2019,13942,쿠에바스,KT,투수,Y,SP,29,4,4.27,552,1,,
2019,13941,알칸타라,KT,투수,Y,SP,27,4,3.84,518,1,,
2019,10627,유한준,KT,타자,,RF,38,5,3,562,1,,
2019,13167,김민,KT,투수,,SP,20,3,1.68,452,1,,
2019,11318,엄상백,KT,투수,,RP,23,3,-0.69,94,1,,
2019,10644,윤석민,KT,타자,,1B,34,1,-0.72,178,1,,
2019,10469,박경수,KT,타자,,2B,35,4,2.93,490,1,,
2019,11334,심우준,KT,타자,,SS,24,2,3.02,433,1,,
2019,11394,배제성,KT,투수,,SP,23,2,2.69,395,1,,
2019,11323,주권,KT,투수,,RP,24,2,2.35,226,1,,
2019,10235,장성우,KT,타자,,C,29,2,1.46,413,1,,
2019,11317,김민수,KT,투수,,SP,27,2,1.15,245,1,,
2019,11339,김민혁,KT,타자,,LF,24,2,1.14,521,1,,
2019,11907,이대은,KT,투수,,CL,30,2,0.95,258,1,,
2019,10249,오태곤,KT,타자,,1B,28,2,0.55,392,1,,
2019,10425,금민철,KT,투수,,SP,33,2,0.27,171,1,,
2019,11489,김재윤,KT,투수,,RP,29,2,1.97,143,1,,
2019,11342,송민섭,KT,타자,,LF,28,1,0.95,64,1,,
2019,10841,전유수,KT,투수,,RP,33,2,0.72,199,1,,
2019,10706,김대유,KT,투수,,RP,28,1,0.7,81,1,,
2019,12943,조용호,KT,타자,,RF,30,1,0.36,211,1,,
2019,10804,박승욱,KT,타자,,1B,27,1,0.3,230,1,,
2019,10304,하준호,KT,투수,,RP,30,1,0.3,24,1,,
2019,14108,손동현,KT,투수,,RP,18,1,0.18,142,1,,
2019,11212,배정대,KT,타자,,CF,24,1,0.17,84,1,,
2019,11316,조현우,KT,투수,,RP,25,1,0.15,23,1,,
2019,11341,김진곤,KT,타자,,CF,32,1,0.13,34,1,,
2019,12938,이종혁,KT,투수,,RP,22,1,0.06,16,1,,
2019,10931,이준수,KT,타자,,C,31,1,-0.03,49,1,,
2019,12993,조근종,KT,투수,,RP,29,1,-0.1,32,1,,
2019,11333,문상철,KT,타자,,1B,28,1,-0.15,68,1,,
2019,12937,이정현,KT,투수,,RP,22,1,-0.21,36,1,,
2019,11243,강민국,KT,타자,,SS,27,1,-0.26,94,1,,
2019,14109,이상동,KT,투수,,RP,24,1,-0.26,19,1,,
2019,10391,이해창,KT,타자,,C,32,1,-0.29,43,1,,
2019,11328,안승한,KT,타자,,C,27,1,-0.56,47,1,,
2019,11321,정성곤,KT,투수,,RP,23,2,-0.91,161,1,,
2019,10475,오지환,LG,타자,,SS,29,4,5.26,547,1,,
2019,10187,김현수,LG,타자,,LF,31,5,3.15,595,1,,
2019,10485,박용택,LG,타자,,DH,40,5,0.34,215,1,,
2019,13934,켈리,LG,투수,Y,SP,30,4,4.22,541,1,,
2019,13062,윌슨,LG,투수,Y,SP,30,5,4.09,555,1,,
2019,12907,고우석,LG,투수,,CL,21,3,3.49,213,1,,
2019,12516,이형종,LG,타자,,LF,30,4,3.34,482,1,,
2019,10381,차우찬,LG,투수,,SP,32,5,1.95,505,1,,
2019,12532,김대현,LG,투수,,RP,22,4,1.2,200,1,,
2019,10652,임찬규,LG,투수,,SP,27,3,0.35,266,1,,
2019,11211,임지섭,LG,투수,,RP,24,1,-0.17,20,1,,
2019,10516,신정락,LG,투수,,RP,32,2,-0.87,57,1,,
2019,10753,유강남,LG,타자,,C,27,2,3.52,468,1,,
2019,10238,김민성,LG,타자,,3B,31,3,1.55,401,1,,
2019,13935,조셉,LG,타자,Y,1B,28,3,1.36,217,1,,
2019,14228,페게로,LG,타자,Y,1B,32,3,1.06,214,1,,
2019,11215,채은성,LG,타자,,RF,29,2,3.03,514,1,,
2019,10935,이천웅,LG,타자,,CF,31,2,2.47,613,1,,
2019,11090,류제국,LG,투수,,SP,36,2,0.69,160,1,,
2019,10749,이우찬,LG,투수,,SP,27,2,0.6,273,1,,
2019,10480,정주현,LG,타자,,2B,29,2,0.58,425,1,,
2019,10375,장원삼,LG,투수,,RP,36,2,-0.14,44,1,,
2019,10137,송은범,LG,투수,,RP,35,2,-0.56,75,2,,
2019,14136,정우영,LG,투수,,RP,20,2,0.95,196,1,,
2019,10075,진해수,LG,투수,,RP,33,2,0.68,126,1,,
2019,10130,문광은,LG,투수,,RP,32,1,0.41,99,1,,
2019,10140,여건욱,LG,투수,,RP,33,1,0.23,89,1,,
2019,10524,이동현,LG,투수,,RP,36,2,0.19,15,1,,
2019,10466,김용의,LG,타자,,1B,34,1,0.16,210,1,,
2019,14144,한선태,LG,투수,,RP,25,1,0.1,22,1,,
2019,14138,강정현,LG,투수,,RP,24,1,0.08,32,1,,
2019,12860,오석주,LG,투수,,RP,21,1,0.02,15,1,,
2019,12697,배재준,LG,투수,,SP,25,1,0,186,1,,
2019,13056,신민재,LG,타자,,2B,23,1,-0.04,94,1,,
2019,10533,정찬헌,LG,투수,,RP,29,1,-0.09,33,1,,
2019,10004,이성우,LG,타자,,C,38,1,-0.13,74,1,,
2019,10518,심수창,LG,투수,,RP,38,2,-0.16,35,1,,
2019,10535,최동환,LG,투수,,RP,30,1,-0.26,69,1,,
2019,10417,전민수,LG,타자,,RF,30,1,-0.4,106,1,,
2019,14140,구본혁,LG,타자,,3B,22,1,-0.41,95,1,,
2019,10476,윤진호,LG,타자,,SS,33,1,-0.42,62,1,,
2019,10248,양종민,LG,타자,,3B,29,1,-0.67,49,1,,
2019,10165,양의지,NC,타자,,C,32,5,7.18,459,1,,
2019,11162,나성범,NC,타자,,RF,30,5,1.76,106,1,,
2019,13932,루친스키,NC,투수,Y,SP,31,4,5.31,532,1,,
2019,11137,박민우,NC,타자,,2B,26,3,5.26,526,1,,
2019,10322,박석민,NC,타자,,3B,34,4,3.11,444,1,,
2019,10220,이재학,NC,투수,,SP,29,2,2.8,389,1,,
2019,11151,이민호,NC,투수,,RP,26,2,-0.11,29,1,Y,
2019,11324,홍성무,NC,투수,,RP,26,3,-0.12,43,1,,
2019,14227,프리드릭,NC,투수,Y,SP,32,3,2.66,216,1,,
2019,10177,손시헌,NC,타자,,SS,39,4,0.77,149,1,,
2019,13931,버틀러,NC,투수,Y,SP,28,4,0.75,221,1,,
2019,14226,스몰린스키,NC,타자,Y,RF,30,3,0.33,228,1,,
2019,13930,베탄코트,NC,타자,Y,C,28,3,-0.42,224,1,,
2019,11358,박진우,NC,투수,,SP,29,2,4.24,422,1,,
2019,11353,구창모,NC,투수,,SP,22,2,3.17,321,1,,
2019,11165,노진혁,NC,타자,,SS,30,2,3.06,390,1,,
2019,12565,최성영,NC,투수,,SP,22,2,1.89,247,1,,
2019,11172,권희동,NC,타자,,RF,29,2,1.44,413,1,,
2019,11244,김태진,NC,타자,,LF,24,2,1.44,399,1,,
2019,10093,모창민,NC,타자,,1B,34,4,1.36,386,1,,
2019,10119,이명기,NC,타자,,RF,32,2,1.04,245,2,,
2019,11153,김성욱,NC,타자,,CF,26,1,0.9,333,1,,
2019,10452,임창민,NC,투수,,RP,34,2,0.25,45,1,,
2019,11161,원종현,NC,투수,,CL,32,2,0.21,180,1,,
2019,11166,김진성,NC,투수,,RP,34,1,0.07,126,1,,
2019,11164,장현식,NC,투수,,RP,24,2,-0.04,164,1,,
2019,11248,배재환,NC,투수,,RP,24,2,1.37,163,1,,
2019,10432,김건태,NC,투수,,RP,28,1,1.02,154,1,,
2019,10423,강윤구,NC,투수,,RP,29,2,0.95,169,1,,
2019,13088,김영규,NC,투수,,SP,19,1,0.42,199,1,,
2019,11099,이우성,NC,타자,,LF,25,1,0.41,81,1,,
2019,12622,김찬형,NC,타자,,SS,22,1,0.38,154,1,,
2019,10683,지석훈,NC,타자,,3B,35,2,0.17,169,1,,
2019,10772,정범모,NC,타자,,C,32,1,0.12,45,1,,
2019,13081,김형준,NC,타자,,C,20,1,0,119,1,,
2019,10434,민태호,NC,투수,,RP,30,1,-0.07,16,1,,
2019,12999,이원재,NC,타자,,1B,30,1,-0.1,285,1,,
2019,10657,윤지웅,NC,투수,,RP,31,2,-0.1,38,1,,
2019,11148,강진성,NC,타자,,LF,26,1,-0.11,104,1,,
2019,11360,이우석,NC,투수,,RP,23,1,-0.16,16,1,,
2019,11155,윤강민,NC,투수,,RP,29,1,-0.18,23,1,,
2019,10604,유원상,NC,투수,,RP,33,2,-0.22,62,1,,
2019,11147,이상호,NC,타자,,2B,30,1,-0.48,256,1,,
2019,12561,정수민,NC,투수,,RP,29,1,-0.59,28,1,,
2019,10126,김광현,SK,투수,,SP,31,5,6.32,571,1,,
2019,10106,최정,SK,타자,,3B,32,5,5.98,606,1,,
2019,10082,이재원,SK,타자,,C,31,5,2.58,502,1,,
2019,13063,산체스,SK,투수,Y,SP,30,5,5.74,495,1,,
2019,12991,로맥,SK,타자,Y,1B,34,5,3.31,589,1,,
2019,10933,소사,SK,투수,Y,SP,34,4,2.07,283,1,,
2019,10108,김강민,SK,타자,,CF,37,4,1.64,460,1,,
2019,10131,박종훈,SK,투수,,SP,28,3,2.85,432,1,,
2019,10815,한유섬,SK,타자,,RF,30,2,1.9,502,1,,
2019,13933,다익손,SK,투수,Y,SP,25,3,1.53,197,1,,
2019,10096,박정권,SK,타자,,1B,38,4,-0.2,37,1,,
2019,10783,문승원,SK,투수,,SP,30,2,3.53,432,1,,
2019,10659,고종욱,SK,타자,,LF,30,2,2.34,513,1,,
2019,10655,정의윤,SK,타자,,LF,33,3,1.3,419,1,,
2019,11268,노수광,SK,타자,,LF,29,2,1.06,445,1,,
2019,10921,신재웅,SK,투수,,RP,37,1,0.53,65,1,,
2019,10636,김성현,SK,타자,,SS,32,2,0.01,472,1,,
2019,10784,서진용,SK,투수,,RP,27,2,2.2,204,1,,
2019,10133,김태훈,SK,투수,,RP,29,2,1.28,209,1,,
2019,12527,정영일,SK,투수,,RP,31,1,1.05,126,1,,
2019,10135,박희수,SK,투수,,RP,36,2,0.83,86,1,,
2019,11236,박민호,SK,투수,,RP,27,1,0.6,151,1,,
2019,10495,강지광,SK,투수,,RP,29,1,0.54,82,1,,
2019,14145,백승건,SK,투수,,RP,19,1,0.42,58,1,,
2019,10111,김재현,SK,타자,,CF,32,1,0.36,49,1,,
2019,13128,최준우,SK,타자,,2B,20,1,0.14,36,1,,
2019,10092,나주환,SK,타자,,2B,35,2,0.12,245,1,,
2019,11087,강승호,SK,타자,,SS,25,1,0.11,42,1,,
2019,12531,김주한,SK,투수,,RP,26,1,0.11,36,1,,
2019,10810,최항,SK,타자,,2B,25,1,0.07,147,1,,
2019,11111,정현,SK,타자,,SS,25,1,-0.12,34,1,,
2019,11284,조이현,SK,투수,,RP,24,1,-0.14,37,1,,
2019,11373,김택형,SK,투수,,RP,23,1,-0.15,70,1,,
2019,10337,배영섭,SK,타자,,LF,33,2,-0.18,80,1,,
2019,12613,안상현,SK,타자,,2B,22,1,-0.2,108,1,,
2019,14146,김창평,SK,타자,,2B,19,1,-0.34,53,1,,
2019,10206,박정배,SK,투수,,RP,37,1,-0.47,59,1,,
2019,12678,이승진,SK,투수,,RP,24,1,-0.5,57,1,,
2019,10684,허도환,SK,타자,,C,35,1,-0.54,93,1,,
2019,10174,김재호,두산,타자,,SS,34,5,3.93,470,1,,
2019,10643,김재환,두산,타자,,LF,31,5,3.14,574,1,,
2019,11393,린드블럼,두산,투수,Y,SP,32,5,6.75,584,1,,
2019,13927,페르난데스,두산,타자,Y,DH,31,4,5.4,645,1,,
2019,10189,박건우,두산,타자,,RF,29,2,5.2,537,1,,
2019,10400,오재일,두산,타자,,1B,33,2,4.18,529,1,,
2019,12568,이영하,두산,투수,,SP,22,4,3.99,490,1,,
2019,10213,유희관,두산,투수,,SP,33,3,3.94,499,1,,
2019,13058,후랭코프,두산,투수,Y,SP,31,5,2.65,352,1,,
2019,10217,이용찬,두산,투수,,SP,30,3,2.31,445,1,,
2019,11098,김인태,두산,타자,,LF,25,1,0.57,70,1,,
2019,10178,오재원,두산,타자,,2B,34,4,-0.91,204,1,,
2019,10184,허경민,두산,타자,,3B,29,4,2.64,540,1,Y,
2019,11094,함덕주,두산,투수,,CL,24,3,0.79,164,1,,
2019,10182,최주환,두산,타자,,2B,31,3,0.73,325,1,,
2019,10221,이현승,두산,투수,,RP,36,4,0.23,18,1,,
2019,10891,박세혁,두산,타자,,C,29,2,3.84,505,1,,
2019,10195,정수빈,두산,타자,,CF,29,2,2.69,513,1,,
2019,10894,류지혁,두산,타자,,SS,25,1,1.25,316,1,,
2019,10362,배영수,두산,투수,,RP,38,2,-0.06,136,1,,
2019,12852,최원준,두산,투수,,RP,25,1,1.24,163,1,,
2019,10885,윤명준,두산,투수,,RP,30,2,1.21,205,1,,
2019,11159,이형범,두산,투수,,CL,25,2,0.97,183,1,,
2019,10202,김승회,두산,투수,,RP,38,2,0.77,176,1,,
2019,10351,권혁,두산,투수,,RP,36,2,0.42,110,1,,
2019,11108,이흥련,두산,타자,,C,30,1,0.33,44,1,,
2019,11084,백동훈,두산,타자,,RF,29,1,0.28,52,1,,
2019,10756,정병곤,두산,타자,,2B,31,1,0.15,31,1,,
2019,10677,이현호,두산,투수,,SP,27,1,0.14,121,1,,
2019,11492,신성현,두산,타자,,1B,29,1,0.12,54,1,,
2019,10230,홍상삼,두산,투수,,RP,29,2,0.02,17,1,,
2019,11097,장승현,두산,타자,,C,25,1,-0.06,46,1,,
2019,10883,강동연,두산,투수,,RP,27,1,-0.14,15,1,,
2019,10172,국해성,두산,타자,,LF,30,1,-0.17,41,1,,
2019,12850,박치국,두산,투수,,RP,21,3,-0.26,156,1,,
2019,10645,정진호,두산,타자,,RF,31,1,-0.37,110,1,,
2019,10261,손아섭,롯데,타자,,RF,31,5,2.7,568,1,,
2019,10251,이대호,롯데,타자,,DH,37,5,1.52,549,1,,
2019,10442,손승락,롯데,투수,,RP,37,4,0.71,158,1,,
2019,11392,레일리,롯데,투수,Y,SP,31,5,3.81,543,1,,
2019,10266,전준우,롯데,타자,,LF,33,5,3.05,606,1,,
2019,10188,민병헌,롯데,타자,,CF,32,5,2.75,420,1,,
2019,14159,서준원,롯데,투수,,SP,19,3,0.78,291,1,,
2019,13933,다익손,롯데,투수,Y,SP,25,4,0.73,251,2,,
2019,13929,아수아헤,롯데,타자,Y,2B,28,3,1.19,194,1,,
2019,14225,윌슨,롯데,타자,Y,3B,29,3,1.09,268,1,,
2019,11310,박세웅,롯데,투수,,SP,24,2,0.77,180,1,,
2019,13928,톰슨,롯데,투수,Y,SP,25,3,0.64,188,1,,
2019,10285,송승준,롯데,투수,,RP,39,4,0.06,43,1,,
2019,10142,윤길현,롯데,투수,,RP,36,4,-0.98,15,1,,
2019,10453,장시환,롯데,투수,,SP,32,2,1.21,376,1,,
2019,10840,신본기,롯데,타자,,SS,30,2,0.34,413,1,,
2019,10825,김원중,롯데,투수,,SP,26,2,0.03,307,1,,
2019,10301,진명호,롯데,투수,,RP,30,2,1.63,190,1,,
2019,10737,박시영,롯데,투수,,RP,30,1,1.13,185,1,,
2019,12944,김건국,롯데,투수,,RP,31,3,0.72,200,1,,
2019,11425,박진형,롯데,투수,,RP,25,2,0.32,121,1,,
2019,10124,고효준,롯데,투수,,RP,36,2,0.3,187,1,,
2019,10734,김동한,롯데,타자,,2B,31,1,0.23,85,1,,
2019,12592,나경민,롯데,타자,,CF,28,1,0.21,49,1,,
2019,14162,김현수,롯데,투수,,RP,19,1,0.17,19,1,,
2019,11322,조무근,롯데,투수,,RP,28,1,0.13,29,1,,
2019,10331,채태인,롯데,타자,,1B,37,3,0.07,182,1,,
2019,11399,차재용,롯데,투수,,RP,23,1,0.05,29,1,,
2019,11389,강로한,롯데,타자,,2B,27,1,0.04,306,1,,
2019,10814,홍성민,롯데,투수,,RP,30,1,0.04,38,1,,
2019,14160,고승민,롯데,타자,,2B,19,1,-0.07,89,1,,
2019,13147,정성종,롯데,투수,,RP,24,1,-0.08,149,1,,
2019,10240,문규현,롯데,타자,,SS,36,3,-0.1,72,1,,
2019,13154,정보근,롯데,타자,,C,20,1,-0.11,35,1,,
2019,11276,최설우,롯데,투수,,RP,27,1,-0.11,59,1,,
2019,11112,박근홍,롯데,투수,,RP,34,2,-0.13,53,1,,
2019,10210,오현택,롯데,투수,,RP,34,2,-0.16,38,1,,
2019,12931,김민수,롯데,타자,,3B,23,1,-0.2,37,1,,
2019,10253,정훈,롯데,타자,,1B,32,2,-0.28,222,1,,
2019,11086,조홍석,롯데,타자,,CF,29,1,-0.32,65,1,,
2019,11329,안중열,롯데,타자,,C,24,1,-0.38,145,1,,
2019,10835,김준태,롯데,타자,,C,25,1,-0.46,104,1,,
2019,10692,허일,롯데,타자,,CF,27,1,-0.52,162,1,,
2019,13279,배성근,롯데,타자,,2B,24,1,-0.55,48,1,,
2019,10648,김문호,롯데,타자,,CF,32,1,-0.62,109,1,,
2019,11422,전병우,롯데,타자,,1B,27,1,-0.75,55,1,,
2019,11397,오윤석,롯데,타자,,1B,27,1,-0.81,228,1,,
2019,11291,구승민,롯데,투수,,RP,29,1,-0.91,108,1,,
2019,11232,이인복,롯데,투수,,RP,28,1,-1.02,37,1,,
2019,13145,한동희,롯데,타자,,3B,20,1,-1.03,207,1,,
2019,12961,러프,삼성,타자,Y,1B,33,5,4.08,568,1,,
2019,10892,구자욱,삼성,타자,,RF,26,2,2.54,526,1,,
2019,10232,강민호,삼성,타자,,C,34,4,2.13,393,1,,
2019,10523,우규민,삼성,투수,,CL,34,5,1.79,177,1,,
2019,10368,윤성환,삼성,투수,,SP,38,4,1.7,436,1,,
2019,13936,맥과이어,삼성,투수,Y,SP,30,4,1.22,337,1,,
2019,14113,원태인,삼성,투수,,SP,19,4,1.18,336,1,,
2019,13156,최채흥,삼성,투수,,SP,24,3,0.46,320,1,,
2019,13937,헤일리,삼성,투수,Y,SP,28,4,0.4,263,1,,
2019,12530,최충연,삼성,투수,,RP,22,3,-0.82,110,1,,
2019,11190,박해민,삼성,타자,,CF,29,3,2.17,581,1,,
2019,14232,라이블리,삼성,투수,Y,SP,27,3,1.36,171,1,,
2019,10336,박한이,삼성,타자,,RF,40,2,-0.03,85,1,,
2019,14230,윌리엄슨,삼성,타자,Y,RF,29,3,-0.12,168,1,,
2019,10320,김상수,삼성,타자,,2B,29,3,2.7,543,1,,
2019,14114,이학주,삼성,타자,,SS,29,2,2.59,436,1,,
2019,10363,백정현,삼성,투수,,SP,32,2,2.44,471,1,,
2019,10640,김헌곤,삼성,타자,,LF,31,2,1.54,467,1,,
2019,10180,이원석,삼성,타자,,3B,33,4,1.29,455,1,,
2019,11404,장필준,삼성,투수,,RP,31,3,0.93,209,1,,
2019,10325,손주인,삼성,타자,,2B,36,1,-0.6,35,1,,
2019,10527,이승현,삼성,투수,,RP,28,1,1.1,111,1,,
2019,12934,최지광,삼성,투수,,RP,21,2,1,204,1,,
2019,10637,임현준,삼성,투수,,RP,31,2,0.9,127,1,,
2019,11198,박계범,삼성,타자,,SS,23,1,0.75,204,1,,
2019,12932,김시현,삼성,투수,,RP,21,1,0.22,49,1,,
2019,10685,김대우,삼성,투수,,RP,31,1,0.21,179,1,,
2019,13162,김무신,삼성,투수,,RP,20,1,0.16,35,1,,
2019,10350,권오준,삼성,투수,,RP,39,2,0.13,129,1,,
2019,12562,이성규,삼성,타자,,SS,26,1,0.06,46,1,,
2019,13164,공민규,삼성,타자,,1B,20,1,0.05,60,1,,
2019,13240,김호재,삼성,타자,,2B,24,1,0.03,33,1,,
2019,10376,정인욱,삼성,투수,,RP,29,2,0.01,65,1,,
2019,11200,송준석,삼성,타자,,LF,25,1,-0.13,56,1,,
2019,11266,김민수,삼성,타자,,C,28,1,-0.14,41,1,,
2019,12637,김승현,삼성,투수,,RP,27,1,-0.14,38,1,,
2019,10930,박찬도,삼성,타자,,RF,30,1,-0.17,34,1,,
2019,12639,김성훈,삼성,타자,,2B,26,1,-0.17,88,1,,
2019,12933,장지훈,삼성,투수,,RP,22,1,-0.17,43,1,,
2019,13242,홍정우,삼성,투수,,RP,23,1,-0.19,16,1,,
2019,14115,김도환,삼성,타자,,C,19,1,-0.29,106,1,,
2019,10934,최영진,삼성,타자,,3B,31,1,-0.35,275,1,,
2019,13241,백승민,삼성,타자,,1B,29,1,-0.35,45,1,,
2019,12548,김동엽,삼성,타자,,LF,29,1,-0.64,211,1,,
2019,10470,박병호,키움,타자,,1B,33,5,6.54,532,1,,
2019,10855,서건창,키움,타자,,2B,30,3,2.44,486,1,,
2019,11224,김하성,키움,타자,,SS,24,4,7.27,625,1,,
2019,13288,샌즈,키움,타자,Y,RF,32,4,5.9,613,1,,
2019,13940,요키시,키움,투수,Y,SP,30,4,4.67,544,1,,
2019,12906,이정후,키움,타자,,LF,21,4,4.64,630,1,,
2019,12992,브리검,키움,투수,Y,SP,31,4,4.28,475,1,,
2019,11379,최원태,키움,투수,,SP,22,4,3.78,472,1,,
2019,11126,조상우,키움,투수,,CL,25,2,1.33,142,1,,
2019,10863,한현희,키움,투수,,RP,26,2,1.14,174,1,,
2019,13091,안우진,키움,투수,,SP,20,4,0.15,265,1,,
2019,10387,박동원,키움,타자,,C,29,2,3.49,361,1,,
2019,12905,김혜성,키움,타자,,2B,20,2,2.48,387,1,,
2019,12865,이승호,키움,투수,,SP,20,2,1.44,368,1,,
2019,11226,임병욱,키움,타자,,CF,24,2,-0.07,419,1,,
2019,10404,장영석,키움,타자,,3B,29,2,-0.41,413,1,,
2019,11376,송성문,키움,타자,,3B,23,1,-0.48,335,1,,
2019,10445,오주원,키움,투수,,CL,34,2,1.9,163,1,,
2019,10427,김상수,키움,투수,,RP,31,2,1.49,170,1,,
2019,10730,양현,키움,투수,,RP,27,1,1.45,122,1,,
2019,10722,윤영삼,키움,투수,,RP,27,3,1.28,188,1,,
2019,12918,김성민,키움,투수,,RP,25,2,1.15,169,1,,
2019,12997,이영준,키움,투수,,RP,28,1,0.85,100,1,,
2019,11149,신재영,키움,투수,,SP,30,2,0.61,88,1,,
2019,10871,김태훈,키움,투수,,RP,27,1,0.55,210,1,,
2019,13092,김선기,키움,투수,,SP,28,1,0.54,84,1,,
2019,10312,이지영,키움,타자,,C,33,1,0.36,331,1,,
2019,10868,김규민,키움,타자,,LF,26,1,0.15,250,1,,
2019,10866,박정음,키움,타자,,LF,30,1,0.14,88,1,,
2019,11130,조성운,키움,투수,,RP,30,1,-0.01,15,1,,
2019,12567,주효상,키움,타자,,C,22,1,-0.1,30,1,,
2019,10399,김지수,키움,타자,,SS,33,1,-0.13,32,1,,
2019,11498,허정협,키움,타자,,LF,29,1,-0.16,77,1,,
2019,12854,양지율,키움,투수,,RP,21,1,-0.29,16,1,,
2019,10448,이보근,키움,투수,,RP,33,2,-0.5,50,1,,
2019,10156,정우람,한화,투수,,CL,34,5,2.54,175,1,,
2019,10552,김태균,한화,타자,,DH,37,5,1.37,500,1,,
2019,13939,채드벨,한화,투수,Y,SP,30,4,4.29,532,1,,
2019,13938,서폴드,한화,투수,Y,SP,29,4,4.21,577,1,,
2019,13069,호잉,한화,타자,Y,RF,30,4,3.92,525,1,,
2019,10516,신정락,한화,투수,,RP,32,2,0.56,77,2,,
2019,10103,정근우,한화,타자,,CF,37,4,0.01,305,1,,
2019,14124,변우혁,한화,타자,,1B,19,3,-0.19,61,1,,
2019,14125,노시환,한화,타자,,1B,19,3,-1.36,192,1,,
2019,10170,최재훈,한화,타자,,C,30,2,4.25,451,1,,
2019,13137,정은원,한화,타자,,2B,19,2,1.61,624,1,,
2019,10168,이성열,한화,타자,,RF,35,2,1.56,476,1,,
2019,10610,장민재,한화,투수,,SP,29,2,0.79,358,1,,
2019,10555,송광민,한화,타자,,3B,36,3,0.46,486,1,,
2019,10557,오선진,한화,타자,,SS,30,2,0.45,453,1,,
2019,10578,최진행,한화,타자,,LF,34,3,0.12,129,1,,
2019,10137,송은범,한화,투수,,RP,35,2,0.12,105,1,,
2019,11411,김범수,한화,투수,,SP,24,2,0.06,309,1,,
2019,10609,이태양,한화,투수,,RP,29,2,-0.76,200,1,,
2019,10777,김민하,한화,타자,,LF,30,1,0.7,140,1,,
2019,14128,김도현,한화,투수,,SP,19,1,0.68,114,1,,
2019,12926,김진영,한화,투수,,SP,27,1,0.56,80,1,,
2019,10600,안영명,한화,투수,,RP,35,4,0.43,186,1,,
2019,10795,임준섭,한화,투수,,RP,30,2,0.22,148,1,,
2019,12526,이시원,한화,타자,,CF,23,1,0.16,31,1,,
2019,10554,김회성,한화,타자,,1B,34,1,0.13,117,1,,
2019,12871,박상원,한화,투수,,RP,25,2,0.12,177,1,,
2019,14129,박윤철,한화,투수,,RP,23,1,0.11,90,1,,
2019,10676,강경학,한화,타자,,SS,27,1,0.1,135,1,,
2019,12583,장진혁,한화,타자,,CF,26,1,0.04,349,1,,
2019,11117,김종수,한화,투수,,RP,25,1,0.03,93,1,,
2019,12924,김성훈,한화,투수,,RP,21,1,0,67,1,,
2019,11413,지시완,한화,타자,,C,25,1,-0.05,109,1,,
2019,11118,송창현,한화,투수,,SP,30,1,-0.05,38,1,,
2019,10583,김경태,한화,투수,,RP,28,1,-0.16,33,1,,
2019,14126,유로결,한화,타자,,LF,19,1,-0.2,61,1,,
2019,12589,김인환,한화,타자,,1B,25,1,-0.21,46,1,,
2019,10473,백진우,한화,타자,,LF,31,1,-0.3,48,1,,
2019,12547,김재영,한화,투수,,RP,26,2,-0.42,25,1,,
2019,11410,김민우,한화,투수,,SP,24,1,-0.61,204,1,,
2019,13136,박성웅,한화,투수,,RP,20,1,-0.73,115,1,,
2019,11230,문동욱,한화,투수,,RP,27,1,-0.86,47,1,,
2019,10916,양성우,한화,타자,,LF,30,1,-0.87,129,1,,
2020,10344,최형우,KIA,타자,,DH,37,5,6.45,600,1,,
2020,10058,양현종,KIA,투수,,SP,32,5,3.35,517,1,,
2020,14610,브룩스,KIA,투수,Y,SP,30,4,6.48,454,1,,
2020,14224,터커,KIA,타자,Y,RF,30,4,4.97,631,1,,
2020,14609,가뇽,KIA,투수,Y,SP,30,4,3.31,479,1,,
2020,10030,나지완,KIA,타자,,LF,35,5,2.74,556,1,,
2020,10008,김선빈,KIA,타자,,2B,31,5,2.51,351,1,,
2020,14608,정해영,KIA,투수,,RP,19,3,0.75,115,1,,
2020,14176,김기훈,KIA,투수,,RP,20,3,0.14,156,1,,
2020,10909,임기영,KIA,투수,,SP,27,2,2.04,383,1,,
2020,12534,최원준,KIA,타자,,CF,23,2,1.46,412,1,,
2020,10895,유민상,KIA,타자,,1B,31,2,-0.08,456,1,,
2020,13003,이민우,KIA,투수,,SP,27,2,-0.22,318,1,,
2020,11261,박찬호,KIA,타자,,SS,25,2,-1.04,531,1,,
2020,11070,박준표,KIA,투수,,RP,28,2,2.1,155,1,,
2020,12537,전상현,KIA,투수,,CL,24,1,1.27,143,1,,
2020,10230,홍상삼,KIA,투수,,RP,30,2,0.75,144,1,,
2020,10707,김민식,KIA,타자,,C,31,1,0.68,238,1,,
2020,11306,황대인,KIA,타자,,3B,24,1,0.6,138,1,,
2020,11233,이창진,KIA,타자,,CF,29,1,0.54,99,1,,
2020,11119,한승택,KIA,타자,,C,26,1,0.49,262,1,,
2020,10003,백용환,KIA,타자,,C,31,1,0.4,107,1,,
2020,10092,나주환,KIA,타자,,3B,36,2,0.27,222,1,,
2020,11298,김호령,KIA,타자,,CF,28,1,0.21,159,1,,
2020,11363,황윤호,KIA,타자,,3B,27,1,0.21,73,1,,
2020,11300,박정수,KIA,투수,,RP,24,1,0.17,22,1,,
2020,11299,문경찬,KIA,투수,,RP,28,3,0.16,72,1,,
2020,10696,홍건희,KIA,투수,,RP,28,2,0.04,36,1,,
2020,14162,김현수,KIA,투수,,RP,20,1,-0.04,97,1,,
2020,14181,오선우,KIA,타자,,RF,24,1,-0.06,73,1,,
2020,12538,서덕원,KIA,투수,,RP,27,1,-0.06,38,1,,
2020,11303,이준영,KIA,투수,,RP,28,1,-0.07,71,1,,
2020,14747,김재열,KIA,투수,,RP,24,1,-0.07,52,1,,
2020,10882,변시원,KIA,투수,,RP,27,1,-0.09,15,1,,
2020,12535,남하준,KIA,투수,,RP,24,1,-0.11,47,1,,
2020,14612,홍종표,KIA,타자,,2B,20,1,-0.22,88,1,,
2020,11099,이우성,KIA,타자,,LF,26,1,-0.34,67,1,,
2020,11297,김명찬,KIA,투수,,RP,28,1,-0.37,26,1,,
2020,14180,양승철,KIA,투수,,RP,28,1,-0.47,86,1,,
2020,12533,김현준,KIA,투수,,RP,23,1,-0.49,43,1,,
2020,11407,최정용,KIA,타자,,2B,24,1,-0.57,59,1,,
2020,12913,박진태,KIA,투수,,RP,26,1,-0.64,56,1,,
2020,10404,장영석,KIA,타자,,3B,30,1,-0.65,37,1,,
2020,12540,김규성,KIA,타자,,2B,23,1,-0.69,182,1,,
2020,11068,고영창,KIA,투수,,RP,31,1,-0.82,174,1,,
2020,11244,김태진,KIA,타자,,3B,25,1,-0.94,192,2,,
2020,11164,장현식,KIA,투수,,RP,25,1,-1.56,94,2,,
2020,12995,로하스,KT,타자,Y,RF,30,5,9.34,628,1,,
2020,13168,강백호,KT,타자,,1B,21,4,5.7,574,1,,
2020,10407,황재균,KT,타자,,3B,33,5,5.36,600,1,,
2020,14602,데스파이네,KT,투수,Y,SP,33,4,4.88,623,1,,
2020,13942,쿠에바스,KT,투수,Y,SP,30,4,3.82,474,1,,
2020,14600,소형준,KT,투수,,SP,19,4,3.56,399,1,,
2020,10627,유한준,KT,타자,,RF,39,4,0.76,428,1,,
2020,10831,이상화,KT,투수,,RP,32,1,0.25,45,1,,
2020,13167,김민,KT,투수,,RP,21,3,-0.23,128,1,,
2020,10469,박경수,KT,타자,,2B,36,4,2.88,391,1,,
2020,11212,배정대,KT,타자,,CF,25,2,4.09,615,1,,
2020,11394,배제성,KT,투수,,SP,24,2,3.76,424,1,,
2020,10235,장성우,KT,타자,,C,30,2,3.16,455,1,,
2020,11323,주권,KT,투수,,RP,25,2,2.14,210,1,,
2020,12943,조용호,KT,타자,,LF,31,2,1.95,482,1,,
2020,11334,심우준,KT,타자,,SS,25,2,0.12,535,1,,
2020,11317,김민수,KT,투수,,SP,28,2,-0.26,310,1,,
2020,11316,조현우,KT,투수,,RP,26,2,1.87,140,1,,
2020,11489,김재윤,KT,투수,,CL,30,2,1.87,182,1,,
2020,10448,이보근,KT,투수,,RP,34,3,1.34,140,1,,
2020,10604,유원상,KT,투수,,RP,34,2,1.11,192,1,,
2020,10841,전유수,KT,투수,,RP,34,2,0.81,137,1,,
2020,11342,송민섭,KT,타자,,LF,29,1,0.47,51,1,,
2020,10304,하준호,KT,투수,,RP,31,1,0.47,125,1,,
2020,11333,문상철,KT,타자,,1B,29,1,0.12,172,1,,
2020,14108,손동현,KT,투수,,RP,19,1,0.11,61,1,,
2020,11320,이창재,KT,투수,,RP,28,1,0.06,24,1,,
2020,11907,이대은,KT,투수,,RP,31,1,0.01,88,1,,
2020,12939,조병욱,KT,투수,,RP,22,1,-0.01,85,1,,
2020,10249,오태곤,KT,타자,,LF,29,1,-0.03,55,1,,
2020,11071,이홍구,KT,타자,,C,30,1,-0.06,43,2,,
2020,14109,이상동,KT,투수,,RP,25,1,-0.09,18,1,,
2020,14601,이강준,KT,투수,,RP,19,1,-0.12,17,1,,
2020,10684,허도환,KT,타자,,C,36,1,-0.14,62,1,,
2020,10804,박승욱,KT,타자,,2B,28,1,-0.18,128,1,,
2020,11339,김민혁,KT,타자,,LF,25,1,-0.21,249,1,,
2020,12655,류희운,KT,투수,,RP,25,1,-0.24,25,1,,
2020,14603,강현우,KT,타자,,C,19,1,-0.25,32,1,,
2020,14606,천성호,KT,타자,,2B,23,1,-0.49,77,1,,
2020,11243,강민국,KT,타자,,2B,28,1,-0.67,120,1,,
2020,10475,오지환,LG,타자,,SS,30,5,6.41,591,1,,
2020,10187,김현수,LG,타자,,LF,32,5,4.83,619,1,,
2020,13934,켈리,LG,투수,Y,SP,31,5,5.17,520,1,,
2020,14592,라모스,LG,타자,Y,1B,26,4,4.12,494,1,,
2020,12516,이형종,LG,타자,,LF,31,4,2.97,323,1,,
2020,10652,임찬규,LG,투수,,SP,28,2,2.7,443,1,,
2020,14589,이민호,LG,투수,,SP,19,4,2.4,293,1,,
2020,13062,윌슨,LG,투수,Y,SP,31,5,2.26,434,1,,
2020,14134,이정용,LG,투수,,RP,24,3,0.58,102,1,,
2020,10381,차우찬,LG,투수,,SP,33,5,0.41,192,1,,
2020,12907,고우석,LG,투수,,CL,22,4,0.39,125,1,,
2020,10485,박용택,LG,타자,,DH,41,5,0.32,236,1,,
2020,14588,김윤식,LG,투수,,SP,20,3,0.03,203,1,,
2020,12532,김대현,LG,투수,,RP,23,4,-0.07,97,1,,
2020,10103,정근우,LG,타자,,2B,38,4,-0.53,177,1,,
2020,10753,유강남,LG,타자,,C,28,2,2.75,478,1,,
2020,11215,채은성,LG,타자,,RF,30,2,1.62,464,1,,
2020,10238,김민성,LG,타자,,3B,32,4,0.61,333,1,,
2020,12546,홍창기,LG,타자,,RF,27,2,4.59,507,1,,
2020,10533,정찬헌,LG,투수,,SP,30,2,2.97,331,1,,
2020,14136,정우영,LG,투수,,RP,21,2,2.2,225,1,,
2020,10480,정주현,LG,타자,,2B,30,2,0.23,371,1,,
2020,10935,이천웅,LG,타자,,CF,32,2,0.18,359,1,,
2020,10535,최동환,LG,투수,,RP,31,2,0.87,171,1,,
2020,10075,진해수,LG,투수,,RP,34,4,0.84,150,1,,
2020,10851,최성훈,LG,투수,,RP,31,1,0.65,100,1,,
2020,10137,송은범,LG,투수,,RP,36,3,0.44,168,1,,
2020,10466,김용의,LG,타자,,1B,35,1,0.28,75,1,,
2020,13056,신민재,LG,타자,,2B,24,1,0.28,32,1,,
2020,14139,남호,LG,투수,,SP,20,1,0.2,55,1,,
2020,12554,김호은,LG,타자,,1B,28,1,0.16,112,1,,
2020,11214,장준원,LG,타자,,SS,25,1,0.08,68,1,,
2020,10004,이성우,LG,타자,,C,39,1,0.07,88,1,,
2020,11213,양석환,LG,타자,,1B,29,1,0.04,132,1,,
2020,14590,손호영,LG,타자,,2B,26,1,-0.14,31,1,,
2020,13245,이상규,LG,투수,,RP,24,1,-0.43,93,1,,
2020,14140,구본혁,LG,타자,,3B,23,1,-0.46,98,1,,
2020,10140,여건욱,LG,투수,,RP,34,1,-0.53,83,1,,
2020,10165,양의지,NC,타자,,C,33,5,6.79,528,1,,
2020,11162,나성범,NC,타자,,DH,31,5,5.09,584,1,,
2020,13932,루친스키,NC,투수,Y,SP,32,5,6.97,549,1,,
2020,11137,박민우,NC,타자,,2B,27,5,5.45,530,1,,
2020,10322,박석민,NC,타자,,3B,35,4,3.61,448,1,,
2020,14596,라이트,NC,투수,Y,SP,30,5,3.4,473,1,,
2020,14599,알테어,NC,타자,Y,CF,29,5,3.38,546,1,,
2020,14155,송명기,NC,투수,,SP,20,3,2.36,263,1,,
2020,10220,이재학,NC,투수,,SP,30,3,0.78,272,1,,
2020,12522,박준영,NC,타자,,SS,23,3,-0.41,51,1,,
2020,11353,구창모,NC,투수,,SP,23,3,4.9,280,1,,
2020,11165,노진혁,NC,타자,,SS,31,2,4.2,484,1,,
2020,11172,권희동,NC,타자,,RF,30,2,2.34,426,1,,
2020,11148,강진성,NC,타자,,1B,27,2,1.62,432,1,,
2020,10119,이명기,NC,타자,,LF,33,2,1.51,540,1,,
2020,11358,박진우,NC,투수,,RP,30,1,0.03,129,1,,
2020,11168,임정호,NC,투수,,RP,30,2,1.31,123,1,,
2020,11166,김진성,NC,투수,,RP,35,2,1.21,142,1,,
2020,10814,홍성민,NC,투수,,RP,31,2,1.17,78,1,,
2020,10432,김건태,NC,투수,,RP,29,1,0.8,105,1,,
2020,11161,원종현,NC,투수,,CL,33,3,0.71,171,1,,
2020,13081,김형준,NC,타자,,C,21,1,0.63,82,1,,
2020,13085,신민혁,NC,투수,,RP,21,1,0.52,126,1,,
2020,10683,지석훈,NC,타자,,3B,36,2,0.51,142,1,,
2020,10459,김태군,NC,타자,,C,31,2,0.5,131,1,,
2020,11300,박정수,NC,투수,,RP,24,1,0.31,77,2,,
2020,10093,모창민,NC,타자,,1B,35,4,0.28,149,1,,
2020,12565,최성영,NC,투수,,SP,23,1,0.27,182,1,,
2020,11299,문경찬,NC,투수,,RP,28,3,0.25,84,2,,
2020,13088,김영규,NC,투수,,SP,20,1,0.25,203,1,,
2020,11153,김성욱,NC,타자,,CF,27,1,0.24,225,1,,
2020,11248,배재환,NC,투수,,RP,25,2,0.24,129,1,,
2020,14221,최정원,NC,타자,,2B,20,1,0.12,48,1,,
2020,12900,소이현,NC,투수,,RP,21,1,0.11,37,1,,
2020,12999,이원재,NC,타자,,1B,31,1,0.09,146,1,,
2020,11142,손정욱,NC,투수,,RP,30,1,0.09,36,1,,
2020,10423,강윤구,NC,투수,,RP,30,2,0.02,63,1,,
2020,11182,김준완,NC,타자,,RF,29,1,0.01,75,1,,
2020,14158,배민서,NC,투수,,RP,21,1,-0.01,40,1,,
2020,10883,강동연,NC,투수,,RP,28,1,-0.02,72,1,,
2020,12897,김진호,NC,투수,,SP,22,1,-0.06,31,1,,
2020,10452,임창민,NC,투수,,RP,35,2,-0.13,113,1,,
2020,12622,김찬형,NC,타자,,SS,23,1,-0.23,72,1,,
2020,11164,장현식,NC,투수,,RP,25,1,-0.23,29,1,,
2020,11244,김태진,NC,타자,,3B,25,1,-0.44,88,1,,
2020,11324,홍성무,NC,투수,,RP,27,1,-0.44,45,1,,
2020,11147,이상호,NC,타자,,2B,31,1,-0.76,65,1,,
2020,10106,최정,SK,타자,,3B,33,5,4.9,553,1,,
2020,10082,이재원,SK,타자,,C,32,5,-0.39,251,1,,
2020,12991,로맥,SK,타자,Y,1B,35,5,4.61,586,1,,
2020,10108,김강민,SK,타자,,CF,38,5,1.03,327,1,,
2020,14583,핀토,SK,투수,Y,SP,26,4,0.43,486,1,,
2020,14581,오원석,SK,투수,,RP,19,3,-0.1,29,1,,
2020,10783,문승원,SK,투수,,SP,31,2,3.87,437,1,,
2020,10131,박종훈,SK,투수,,SP,29,3,2.77,472,1,,
2020,10815,한유섬,SK,타자,,RF,31,2,0.63,231,1,,
2020,14744,화이트,SK,타자,Y,1B,30,3,0.04,30,1,,
2020,14582,킹험,SK,투수,Y,SP,29,3,-0.23,32,1,,
2020,11242,이건욱,SK,투수,,SP,25,2,1.36,366,1,,
2020,10636,김성현,SK,타자,,SS,33,2,1.25,392,1,,
2020,14587,최지훈,SK,타자,,RF,23,2,0.7,520,1,,
2020,11284,조이현,SK,투수,,RP,25,2,0.52,231,1,,
2020,10609,이태양,SK,투수,,RP,30,2,0.45,142,2,,
2020,10133,김태훈,SK,투수,,RP,30,2,0.08,186,1,,
2020,10921,신재웅,SK,투수,,RP,38,1,-0.11,58,1,,
2020,11268,노수광,SK,타자,,LF,30,2,-0.14,83,1,,
2020,10659,고종욱,SK,타자,,LF,31,2,-0.41,288,1,,
2020,11236,박민호,SK,투수,,RP,28,2,1.42,156,1,,
2020,10810,최항,SK,타자,,2B,26,1,1.07,155,1,,
2020,12561,정수민,SK,투수,,SP,30,1,0.94,47,1,,
2020,10331,채태인,SK,타자,,1B,38,2,0.73,189,1,,
2020,10249,오태곤,SK,타자,,LF,29,1,0.66,203,2,,
2020,10784,서진용,SK,투수,,RP,28,2,0.35,183,1,,
2020,12922,박성한,SK,타자,,SS,22,1,0.25,112,1,,
2020,11364,김사윤,SK,투수,,RP,26,2,0.17,142,1,,
2020,14146,김창평,SK,타자,,2B,20,1,0.05,90,1,,
2020,10135,박희수,SK,투수,,RP,37,2,0.03,74,1,,
2020,13191,서동민,SK,투수,,RP,26,1,0.02,25,1,,
2020,10672,오준혁,SK,타자,,LF,28,1,-0.14,161,1,,
2020,13057,김주온,SK,투수,,RP,24,1,-0.21,93,1,,
2020,10717,정진기,SK,타자,,RF,28,1,-0.24,140,1,,
2020,12920,이원준,SK,투수,,RP,22,1,-0.3,58,1,,
2020,11207,김경호,SK,타자,,LF,25,1,-0.31,110,1,,
2020,14145,백승건,SK,투수,,SP,20,1,-0.32,88,1,,
2020,11071,이홍구,SK,타자,,C,30,1,-0.35,53,1,,
2020,11108,이흥련,SK,타자,,C,31,1,-0.36,130,1,,
2020,10431,김세현,SK,투수,,RP,33,2,-0.42,126,1,,
2020,12531,김주한,SK,투수,,RP,27,1,-0.46,138,1,,
2020,13128,최준우,SK,타자,,2B,21,1,-0.5,207,1,,
2020,12521,남태혁,SK,타자,,1B,29,1,-0.57,72,1,,
2020,11373,김택형,SK,투수,,RP,24,1,-0.57,69,1,,
2020,12527,정영일,SK,투수,,RP,32,1,-0.57,70,1,,
2020,11369,이현석,SK,타자,,C,28,1,-0.62,109,1,,
2020,10644,윤석민,SK,타자,,1B,35,1,-0.68,76,1,,
2020,11111,정현,SK,타자,,SS,26,1,-0.68,128,1,,
2020,10655,정의윤,SK,타자,,LF,34,3,-0.85,203,1,,
2020,10643,김재환,두산,타자,,LF,32,5,3.98,614,1,,
2020,10174,김재호,두산,타자,,SS,35,5,1.98,458,1,,
2020,10299,장원준,두산,투수,,SP,35,2,-0.21,17,1,,
2020,13941,알칸타라,두산,투수,Y,SP,28,5,8,596,1,,
2020,13927,페르난데스,두산,타자,Y,DH,32,4,4.78,668,1,,
2020,10184,허경민,두산,타자,,3B,30,4,4.13,487,1,,
2020,10189,박건우,두산,타자,,RF,30,4,3.76,551,1,,
2020,14575,플렉센,두산,투수,Y,SP,26,4,3.53,350,1,,
2020,10400,오재일,두산,타자,,1B,34,3,2.85,534,1,,
2020,12568,이영하,두산,투수,,SP,23,4,2.02,396,1,,
2020,10213,유희관,두산,투수,,SP,34,4,1.14,409,1,,
2020,11098,김인태,두산,타자,,LF,26,1,0.28,110,1,,
2020,10217,이용찬,두산,투수,,SP,31,3,-0.21,80,1,,
2020,10182,최주환,두산,타자,,2B,32,2,4.66,574,1,,
2020,10195,정수빈,두산,타자,,CF,30,2,2.94,559,1,,
2020,10891,박세혁,두산,타자,,C,30,3,2.32,423,1,,
2020,11094,함덕주,두산,투수,,RP,25,3,0.88,166,1,,
2020,10221,이현승,두산,투수,,RP,37,3,0.35,127,1,,
2020,10178,오재원,두산,타자,,2B,35,3,-0.08,174,1,,
2020,12852,최원준,두산,투수,,SP,26,2,3.18,369,1,,
2020,10894,류지혁,두산,타자,,SS,26,1,0.17,31,1,,
2020,12850,박치국,두산,투수,,RP,22,2,1.51,215,1,,
2020,13072,김민규,두산,투수,,RP,21,1,0.78,160,1,,
2020,10885,윤명준,두산,투수,,RP,31,2,0.46,123,1,,
2020,12894,이유찬,두산,타자,,2B,22,1,0.41,108,1,,
2020,12847,김명신,두산,투수,,RP,27,1,0.33,46,1,,
2020,11491,박소준,두산,투수,,SP,25,1,0.31,78,1,,
2020,12678,이승진,두산,투수,,RP,25,1,0.18,154,1,,
2020,13665,권휘,두산,투수,,RP,20,1,0.17,41,1,,
2020,10696,홍건희,두산,투수,,RP,28,2,0.13,170,2,,
2020,12649,최용제,두산,타자,,C,29,1,0.12,49,1,,
2020,11387,채원후,두산,투수,,RP,25,1,0.04,99,1,,
2020,14732,조제영,두산,투수,,RP,19,1,-0.06,18,1,,
2020,14571,안권수,두산,타자,,LF,27,1,-0.09,41,1,,
2020,10351,권혁,두산,투수,,RP,37,1,-0.11,23,1,,
2020,12524,조수행,두산,타자,,CF,27,1,-0.19,40,1,,
2020,12848,문원,두산,투수,,RP,22,1,-0.27,17,1,,
2020,10172,국해성,두산,타자,,RF,31,1,-0.47,94,1,,
2020,13079,권민석,두산,타자,,3B,21,1,-0.51,57,1,,
2020,10690,김강률,두산,투수,,RP,32,2,-0.6,84,1,,
2020,10083,정상호,두산,타자,,C,38,2,-0.79,92,1,,
2020,11159,이형범,두산,투수,,RP,26,1,-0.82,77,1,,
2020,10014,안치홍,롯데,타자,,2B,30,5,1.53,460,1,,
2020,10251,이대호,롯데,타자,,DH,38,5,1.4,611,1,,
2020,10188,민병헌,롯데,타자,,CF,33,5,-1.31,342,1,,
2020,14627,스트레일리,롯데,투수,Y,SP,32,5,8.12,584,1,,
2020,10261,손아섭,롯데,타자,,RF,32,4,5.02,611,1,,
2020,14629,마차도,롯데,타자,Y,SS,28,4,3.92,560,1,,
2020,10266,전준우,롯데,타자,,LF,34,5,2.72,628,1,,
2020,14626,샘슨,롯데,투수,Y,SP,29,4,1.7,390,1,,
2020,14159,서준원,롯데,투수,,SP,20,3,1.28,323,1,,
2020,10477,이병규,롯데,타자,,1B,37,2,0.72,194,1,,
2020,14624,최준용,롯데,투수,,RP,19,4,0.45,89,1,,
2020,11310,박세웅,롯데,투수,,SP,25,2,2.46,442,1,,
2020,10203,노경은,롯데,투수,,SP,36,2,2.51,399,1,,
2020,13145,한동희,롯데,타자,,3B,21,2,2.38,531,1,,
2020,10253,정훈,롯데,타자,,1B,33,2,2.21,476,1,,
2020,10835,김준태,롯데,타자,,C,26,2,1.04,369,1,,
2020,10285,송승준,롯데,투수,,RP,40,3,0.01,74,1,,
2020,10375,장원삼,롯데,투수,,RP,37,2,-0.11,102,1,,
2020,11291,구승민,롯데,투수,,RP,30,2,1.51,181,1,,
2020,10825,김원중,롯데,투수,,CL,27,2,1.2,178,1,,
2020,10271,김대우,롯데,투수,,RP,36,1,0.96,148,1,,
2020,11397,오윤석,롯데,타자,,2B,28,1,0.94,197,1,,
2020,10210,오현택,롯데,투수,,RP,35,2,0.84,108,1,,
2020,12944,김건국,롯데,투수,,RP,32,3,0.65,95,1,,
2020,13146,이승헌,롯데,투수,,SP,22,1,0.62,110,1,,
2020,11232,이인복,롯데,투수,,RP,29,1,0.56,136,1,,
2020,11483,김재유,롯데,타자,,CF,28,1,0.35,133,1,,
2020,11425,박진형,롯데,투수,,RP,26,2,0.22,128,1,,
2020,11229,김유영,롯데,투수,,RP,26,1,0.14,22,1,,
2020,12590,한승혁,롯데,투수,,RP,24,1,0.11,21,1,,
2020,10301,진명호,롯데,투수,,RP,31,2,0.03,94,1,,
2020,10840,신본기,롯데,타자,,SS,31,1,-0.02,123,1,,
2020,10124,고효준,롯데,투수,,RP,37,2,-0.02,47,1,,
2020,11276,최설우,롯데,투수,,RP,28,1,-0.09,30,1,,
2020,12927,강동호,롯데,투수,,RP,26,1,-0.19,33,1,,
2020,10734,김동한,롯데,타자,,2B,32,1,-0.37,73,1,,
2020,10737,박시영,롯데,투수,,RP,31,1,-0.46,91,1,,
2020,10692,허일,롯데,타자,,CF,28,1,-0.61,95,1,,
2020,13154,정보근,롯데,타자,,C,21,1,-1.09,152,1,,
2020,10367,오승환,삼성,투수,,CL,38,4,1.92,143,1,,
2020,14617,뷰캐넌,삼성,투수,Y,SP,31,4,5.98,524,1,,
2020,13156,최채흥,삼성,투수,,SP,25,3,4.29,438,1,,
2020,10892,구자욱,삼성,타자,,RF,27,2,3.3,510,1,,
2020,14232,라이블리,삼성,투수,Y,SP,28,4,2.79,336,1,,
2020,10232,강민호,삼성,타자,,C,35,4,2.66,393,1,,
2020,14113,원태인,삼성,투수,,SP,20,4,2.47,420,1,,
2020,10523,우규민,삼성,투수,,RP,35,5,0.38,144,1,,
2020,13157,양창섭,삼성,투수,,RP,21,3,0.2,20,1,,
2020,10368,윤성환,삼성,투수,,SP,39,4,0.09,56,1,,
2020,10720,심창민,삼성,투수,,RP,27,2,-0.13,61,1,,
2020,10320,김상수,삼성,타자,,2B,30,4,3.11,471,1,,
2020,14630,살라디노,삼성,타자,Y,3B,31,4,0.87,163,1,,
2020,14743,팔카,삼성,타자,Y,RF,29,3,-1.24,217,1,,
2020,11190,박해민,삼성,타자,,CF,30,2,3.36,541,1,,
2020,12548,김동엽,삼성,타자,,LF,30,2,1.7,451,1,,
2020,10685,김대우,삼성,투수,,RP,32,2,1.04,233,1,,
2020,10363,백정현,삼성,투수,,SP,33,2,0.19,177,1,,
2020,10180,이원석,삼성,타자,,3B,34,4,0.07,467,1,,
2020,10527,이승현,삼성,투수,,RP,29,2,1.47,163,1,,
2020,13240,김호재,삼성,타자,,2B,25,1,1.17,138,1,,
2020,14613,허윤동,삼성,투수,,SP,19,1,0.9,135,1,,
2020,14114,이학주,삼성,타자,,SS,30,1,0.86,243,1,,
2020,12934,최지광,삼성,투수,,RP,22,2,0.73,133,1,,
2020,11255,강한울,삼성,타자,,SS,29,1,0.61,122,1,,
2020,10637,임현준,삼성,투수,,RP,32,2,0.54,76,1,,
2020,14618,김지찬,삼성,타자,,2B,19,1,0.52,287,1,,
2020,11144,노건우,삼성,투수,,RP,31,1,0.42,109,1,,
2020,11200,송준석,삼성,타자,,LF,26,1,0.29,50,1,,
2020,11404,장필준,삼성,투수,,RP,32,2,0.29,108,1,,
2020,13162,김무신,삼성,투수,,RP,21,2,0.29,174,1,,
2020,11206,이성곤,삼성,타자,,1B,28,1,0.19,154,1,,
2020,10934,최영진,삼성,타자,,3B,32,1,0.15,118,1,,
2020,14616,이승민,삼성,투수,,SP,20,1,0.13,79,1,,
2020,11169,이상민,삼성,투수,,RP,30,1,0.08,42,1,,
2020,10376,정인욱,삼성,투수,,RP,30,1,-0.01,16,1,,
2020,13242,홍정우,삼성,투수,,RP,24,1,-0.03,90,1,,
2020,10930,박찬도,삼성,타자,,RF,31,1,-0.07,116,1,,
2020,14122,박승규,삼성,타자,,CF,20,1,-0.11,196,1,,
2020,10890,김응민,삼성,타자,,C,29,1,-0.32,85,1,,
2020,10640,김헌곤,삼성,타자,,LF,32,2,-0.33,283,1,,
2020,14115,김도환,삼성,타자,,C,20,1,-0.37,49,1,,
2020,10350,권오준,삼성,투수,,RP,40,2,-0.41,48,1,,
2020,12562,이성규,삼성,타자,,1B,27,1,-0.7,245,1,,
2020,12933,장지훈,삼성,투수,,RP,23,1,-0.72,83,1,,
2020,11198,박계범,삼성,타자,,SS,24,1,-1.08,175,1,,
2020,11224,김하성,키움,타자,,SS,25,5,7.27,622,1,,
2020,12906,이정후,키움,타자,,LF,22,4,6.37,617,1,,
2020,10855,서건창,키움,타자,,2B,31,3,2.87,595,1,,
2020,13940,요키시,키움,투수,Y,SP,31,4,6.02,479,1,,
2020,12992,브리검,키움,투수,Y,SP,32,5,3.23,321,1,,
2020,10863,한현희,키움,투수,,SP,27,3,2.48,407,1,,
2020,11126,조상우,키움,투수,,CL,26,3,2.42,163,1,,
2020,10470,박병호,키움,타자,,1B,34,4,1.76,383,1,,
2020,11379,최원태,키움,투수,,SP,23,4,1.44,330,1,,
2020,13091,안우진,키움,투수,,RP,21,4,1.08,108,1,,
2020,12905,김혜성,키움,타자,,2B,21,2,2.88,553,1,,
2020,10427,김상수,키움,투수,,RP,32,2,0.35,154,1,,
2020,14742,러셀,키움,타자,Y,SS,26,3,0.19,271,1,,
2020,14579,모터,키움,타자,Y,2B,31,3,-0.47,37,1,,
2020,10387,박동원,키움,타자,,C,30,2,2.32,372,1,,
2020,12865,이승호,키움,투수,,SP,21,2,1.91,356,1,,
2020,11260,박준태,키움,타자,,RF,29,2,1.72,443,1,,
2020,11498,허정협,키움,타자,,LF,30,2,0.82,360,1,,
2020,11422,전병우,키움,타자,,3B,28,2,0.4,402,1,,
2020,10437,문성현,키움,투수,,RP,29,2,0.3,45,1,,
2020,10445,오주원,키움,투수,,RP,35,3,-0.09,55,1,,
2020,10493,이택근,키움,타자,,CF,40,3,-0.15,64,1,,
2020,10730,양현,키움,투수,,RP,28,2,1.1,180,1,,
2020,12997,이영준,키움,투수,,RP,29,2,0.92,120,1,,
2020,10312,이지영,키움,타자,,C,34,3,0.78,289,1,,
2020,12854,양지율,키움,투수,,RP,22,1,0.62,70,1,,
2020,10871,김태훈,키움,투수,,RP,28,2,0.47,192,1,,
2020,13092,김선기,키움,투수,,RP,29,1,0.45,66,1,,
2020,12858,김재웅,키움,투수,,RP,22,1,0.3,179,1,,
2020,11226,임병욱,키움,타자,,CF,25,1,0.21,41,1,,
2020,13010,임규빈,키움,투수,,RP,29,1,0.21,113,1,,
2020,14214,김주형,키움,타자,,2B,24,1,0.19,50,1,,
2020,14132,조영건,키움,투수,,SP,21,1,0.18,133,1,,
2020,14674,김동혁,키움,투수,,RP,19,1,0.11,26,1,,
2020,11130,조성운,키움,투수,,RP,31,1,0.03,135,1,,
2020,13223,변상권,키움,타자,,RF,23,1,0.01,64,1,,
2020,12503,김웅빈,키움,타자,,3B,24,1,-0.02,235,1,,
2020,12567,주효상,키움,타자,,C,23,1,-0.12,101,1,,
2020,11149,신재영,키움,투수,,RP,31,2,-0.23,15,1,,
2020,10866,박정음,키움,타자,,LF,31,1,-0.29,47,1,,
2020,12918,김성민,키움,투수,,RP,26,2,-0.34,71,1,,
2020,10868,김규민,키움,타자,,LF,27,1,-0.45,111,1,,
2020,14131,윤정현,키움,투수,,RP,27,1,-0.74,82,1,,
2020,10035,이용규,한화,타자,,CF,35,4,1.26,487,1,,
2020,10156,정우람,한화,투수,,CL,35,5,0.79,163,1,,
2020,10552,김태균,한화,타자,,DH,38,5,-0.64,254,1,,
2020,13938,서폴드,한화,투수,Y,SP,30,5,1.59,495,1,,
2020,14741,반즈,한화,타자,Y,RF,34,4,1.44,319,1,,
2020,13939,채드벨,한화,투수,Y,SP,31,4,0.52,231,1,,
2020,10913,하주석,한화,타자,,SS,26,2,0.38,281,1,,
2020,14125,노시환,한화,타자,,3B,20,3,0.3,387,1,,
2020,10516,신정락,한화,투수,,RP,33,1,0.03,36,1,,
2020,11170,윤호솔,한화,투수,,RP,26,4,-0.25,18,1,,
2020,13069,호잉,한화,타자,Y,RF,31,4,-0.34,134,1,,
2020,10168,이성열,한화,타자,,RF,36,4,-1.09,248,1,,
2020,10170,최재훈,한화,타자,,C,31,2,3.06,389,1,,
2020,10600,안영명,한화,투수,,RP,36,3,-0.18,137,1,Y,
2020,11410,김민우,한화,투수,,SP,25,2,2.59,398,1,,
2020,10453,장시환,한화,투수,,SP,33,2,1.51,398,1,,
2020,13137,정은원,한화,타자,,2B,20,1,1.09,303,1,,
2020,11268,노수광,한화,타자,,LF,30,2,0.33,247,2,,
2020,10609,이태양,한화,투수,,RP,30,2,-0.07,26,1,,
2020,14708,강재민,한화,투수,,RP,23,2,1.81,147,1,,
2020,11110,윤대경,한화,투수,,RP,26,2,1.21,153,1,,
2020,10645,정진호,한화,타자,,RF,32,1,1.12,326,1,,
2020,10676,강경학,한화,타자,,SS,28,1,0.86,238,1,,
2020,12926,김진영,한화,투수,,RP,28,2,0.8,162,1,,
2020,10777,김민하,한화,타자,,LF,31,1,0.7,85,1,,
2020,11411,김범수,한화,투수,,RP,25,1,0.52,165,1,,
2020,10748,송윤준,한화,투수,,RP,28,1,0.39,69,1,,
2020,11230,문동욱,한화,투수,,RP,28,1,0.35,54,1,,
2020,13144,김진욱,한화,투수,,RP,20,1,0.26,134,1,,
2020,14714,장웅정,한화,투수,,SP,23,1,0.24,23,1,,
2020,11271,서균,한화,투수,,RP,28,1,0.23,22,1,,
2020,14128,김도현,한화,투수,,SP,20,1,0.07,194,1,,
2020,10557,오선진,한화,타자,,SS,31,1,0.05,222,1,,
2020,10391,이해창,한화,타자,,C,33,1,-0.01,135,1,,
2020,10610,장민재,한화,투수,,SP,30,2,-0.04,172,1,,
2020,14704,박정현,한화,타자,,SS,19,1,-0.06,64,1,,
2020,12871,박상원,한화,투수,,RP,26,2,-0.12,174,1,,
2020,10648,김문호,한화,타자,,CF,33,1,-0.19,52,1,,
2020,10677,이현호,한화,투수,,RP,28,1,-0.2,46,1,,
2020,12875,김기탁,한화,투수,,RP,22,1,-0.22,21,1,,
2020,12985,정기훈,한화,타자,,1B,25,1,-0.23,36,1,,
2020,14126,유로결,한화,타자,,LF,20,1,-0.24,46,1,,
2020,12587,박상언,한화,타자,,C,23,1,-0.27,47,1,,
2020,13136,박성웅,한화,투수,,RP,21,1,-0.3,74,1,,
2020,14210,조한민,한화,타자,,SS,20,1,-0.33,52,1,,
2020,12526,이시원,한화,타자,,CF,24,1,-0.34,39,1,,
2020,11269,노태형,한화,타자,,2B,25,1,-0.38,113,1,,
2020,11117,김종수,한화,투수,,RP,26,2,-0.39,150,1,,
2020,14706,임종찬,한화,타자,,RF,19,1,-0.48,119,1,,
2020,12583,장진혁,한화,타자,,CF,27,1,-0.49,37,1,,
2020,10555,송광민,한화,타자,,3B,37,3,-0.54,298,1,,
2020,14713,오동욱,한화,투수,,RP,19,1,-0.54,30,1,,
2020,10578,최진행,한화,타자,,LF,35,3,-0.56,240,1,,
2020,10795,임준섭,한화,투수,,RP,31,1,-0.6,26,1,,
2020,11278,황영국,한화,투수,,RP,25,1,-0.61,58,1,,
2020,14707,최인호,한화,타자,,LF,20,1,-0.88,135,1,,
2021,14610,브룩스,KIA,투수,Y,SP,31,5,1.99,234,1,,
2021,10344,최형우,KIA,타자,,DH,38,5,1.17,446,1,,
2021,14224,터커,KIA,타자,Y,RF,31,5,0.25,539,1,,
2021,10008,김선빈,KIA,타자,,2B,32,5,3.04,564,1,,
2021,14755,멩덴,KIA,투수,Y,SP,28,4,2.86,360,1,,
2021,14788,이의리,KIA,투수,,SP,19,3,2.42,284,1,,
2021,14608,정해영,KIA,투수,,CL,20,3,2.41,196,1,,
2021,11263,차명진,KIA,투수,,SP,26,3,-0.1,32,1,,
2021,10030,나지완,KIA,타자,,LF,36,4,-0.73,102,1,,
2021,14994,다카하시,KIA,투수,Y,SP,24,3,0.35,110,1,,
2021,12534,최원준,KIA,타자,,CF,24,2,3.04,668,1,,
2021,10909,임기영,KIA,투수,,SP,28,2,2.7,459,1,,
2021,11164,장현식,KIA,투수,,RP,26,2,2.26,230,1,,
2021,10894,류지혁,KIA,타자,,SS,27,1,1.74,327,1,,
2021,11261,박찬호,KIA,타자,,SS,26,2,1.59,483,1,,
2021,13122,윤중현,KIA,투수,,SP,26,2,1.15,248,1,,
2021,12537,전상현,KIA,투수,,RP,25,2,0.32,39,1,,
2021,11244,김태진,KIA,타자,,3B,26,2,0.12,414,1,,
2021,11070,박준표,KIA,투수,,RP,29,1,-0.2,96,1,,
2021,11119,한승택,KIA,타자,,C,27,1,1.08,239,1,,
2021,10707,김민식,KIA,타자,,C,32,1,0.85,301,1,,
2021,11298,김호령,KIA,타자,,CF,29,1,0.66,154,1,,
2021,11233,이창진,KIA,타자,,CF,30,1,0.36,293,1,,
2021,12539,이진영,KIA,타자,,RF,24,1,0.29,47,1,,
2021,14178,장지수,KIA,투수,,RP,21,1,0.25,43,1,,
2021,14747,김재열,KIA,투수,,RP,25,1,0.22,98,1,,
2021,10812,한승혁,KIA,투수,,SP,28,1,0.18,71,1,,
2021,12533,김현준,KIA,투수,,RP,24,1,0.15,59,1,,
2021,14789,장민기,KIA,투수,,RP,20,1,0.1,70,1,,
2021,12869,박정우,KIA,타자,,CF,23,1,0.06,61,1,,
2021,12916,이정훈,KIA,타자,,C,27,1,0.06,151,1,,
2021,11099,이우성,KIA,타자,,LF,27,1,-0.04,100,1,,
2021,10895,유민상,KIA,타자,,1B,32,1,-0.05,74,1,,
2021,11407,최정용,KIA,타자,,2B,25,1,-0.05,65,1,,
2021,12913,박진태,KIA,투수,,RP,27,2,-0.12,195,1,,
2021,11303,이준영,KIA,투수,,RP,29,2,-0.19,107,1,,
2021,12540,김규성,KIA,타자,,2B,24,1,-0.21,41,1,,
2021,14658,최용준,KIA,투수,,SP,20,1,-0.21,19,1,,
2021,11068,고영창,KIA,투수,,RP,32,1,-0.25,70,1,,
2021,14611,박민,KIA,타자,,2B,20,1,-0.27,38,1,,
2021,10092,나주환,KIA,타자,,3B,37,2,-0.28,32,1,,
2021,10230,홍상삼,KIA,투수,,RP,31,2,-0.34,108,1,,
2021,12535,남하준,KIA,투수,,RP,25,1,-0.37,24,1,,
2021,14787,이승재,KIA,투수,,RP,21,1,-0.43,72,1,,
2021,12538,서덕원,KIA,투수,,RP,28,1,-0.45,98,1,,
2021,13114,김유신,KIA,투수,,SP,22,1,-0.53,163,1,,
2021,14162,김현수,KIA,투수,,RP,21,1,-0.58,137,1,,
2021,13003,이민우,KIA,투수,,SP,28,1,-0.71,171,1,,
2021,11306,황대인,KIA,타자,,3B,25,1,-0.74,308,1,,
2021,14602,데스파이네,KT,투수,Y,SP,34,4,5.25,566,1,,
2021,13942,쿠에바스,KT,투수,Y,SP,31,4,2.49,400,1,,
2021,13168,강백호,KT,타자,,1B,22,5,7.02,627,1,,
2021,10407,황재균,KT,타자,,3B,34,5,2.92,507,1,,
2021,14600,소형준,KT,투수,,SP,20,4,2.07,357,1,,
2021,10627,유한준,KT,타자,,RF,40,4,1.75,337,1,,
2021,11318,엄상백,KT,투수,,SP,25,2,1.37,158,1,,
2021,11311,심재민,KT,투수,,RP,27,3,1.23,140,1,,
2021,13069,호잉,KT,타자,Y,RF,32,4,1.04,294,1,,
2021,10469,박경수,KT,타자,,2B,37,4,0.1,280,1,,
2021,11394,배제성,KT,투수,,SP,25,2,3.42,425,1,,
2021,14752,알몬테,KT,타자,Y,LF,32,3,0.18,250,1,,
2021,11308,고영표,KT,투수,,SP,30,2,5.58,500,1,,
2021,11212,배정대,KT,타자,,CF,26,2,3.02,595,1,,
2021,11489,김재윤,KT,투수,,CL,31,2,2.41,201,1,,
2021,11334,심우준,KT,타자,,SS,26,2,2.4,460,1,,
2021,10235,장성우,KT,타자,,C,31,2,1.66,460,1,,
2021,11323,주권,KT,투수,,RP,26,2,1.4,147,1,,
2021,12943,조용호,KT,타자,,LF,32,2,-0.4,515,1,,
2021,10448,이보근,KT,투수,,RP,35,3,-0.89,33,1,,
2021,11397,오윤석,KT,타자,,2B,29,1,1.54,122,2,,
2021,10737,박시영,KT,투수,,RP,32,1,1.2,135,1,,
2021,11317,김민수,KT,투수,,RP,29,2,1.12,174,1,,
2021,11339,김민혁,KT,타자,,LF,26,1,1.1,199,1,,
2021,11342,송민섭,KT,타자,,LF,30,1,1.05,65,1,,
2021,11316,조현우,KT,투수,,RP,27,1,1,93,1,,
2021,11330,김병희,KT,타자,,3B,31,1,0.78,70,1,,
2021,10600,안영명,KT,투수,,RP,37,2,0.77,106,1,,
2021,10684,허도환,KT,타자,,C,37,1,0.68,125,1,,
2021,11320,이창재,KT,투수,,RP,29,1,0.63,80,1,,
2021,11907,이대은,KT,투수,,RP,32,1,0.6,93,1,,
2021,10840,신본기,KT,타자,,SS,32,2,0.44,206,1,,
2021,14777,권동진,KT,타자,,2B,23,1,0.33,86,1,,
2021,10841,전유수,KT,투수,,RP,35,2,0.08,32,1,,
2021,11333,문상철,KT,타자,,1B,30,1,0.03,106,1,,
2021,10604,유원상,KT,투수,,RP,35,2,0.01,40,1,,
2021,14606,천성호,KT,타자,,2B,24,1,0,47,1,,
2021,11243,강민국,KT,타자,,2B,29,1,-0.04,50,1,,
2021,10304,하준호,KT,투수,,RP,32,1,-0.08,36,1,,
2021,12937,이정현,KT,투수,,SP,24,1,-0.11,26,1,,
2021,14779,김건형,KT,타자,,LF,25,1,-0.15,39,1,,
2021,14109,이상동,KT,투수,,RP,26,1,-0.15,19,1,,
2021,11336,김태훈,KT,타자,,1B,25,1,-0.39,91,1,,
2021,11071,이홍구,KT,타자,,C,31,1,-0.44,58,1,,
2021,13934,켈리,LG,투수,Y,SP,32,5,5.22,531,1,,
2021,10187,김현수,LG,타자,,LF,33,5,3.45,595,1,,
2021,10475,오지환,LG,타자,,SS,31,5,3.28,532,1,,
2021,10855,서건창,LG,타자,,2B,32,3,1.02,267,2,,
2021,14592,라모스,LG,타자,Y,1B,27,4,0.62,205,1,,
2021,14753,수아레즈,LG,투수,Y,SP,29,4,4.23,346,1,,
2021,12907,고우석,LG,투수,,CL,23,3,2.37,174,1,,
2021,14589,이민호,LG,투수,,SP,20,4,2.01,345,1,,
2021,10652,임찬규,LG,투수,,SP,29,2,1.6,272,1,,
2021,14134,이정용,LG,투수,,RP,25,3,1.49,209,1,,
2021,10238,김민성,LG,타자,,3B,33,4,1.46,426,1,,
2021,12516,이형종,LG,타자,,RF,32,3,0.53,281,1,,2→3
2021,14588,김윤식,LG,투수,,RP,21,3,0.44,200,1,,
2021,10381,차우찬,LG,투수,,SP,34,3,0.26,67,1,,
2021,11215,채은성,LG,타자,,RF,31,3,2.41,448,1,,
2021,10753,유강남,LG,타자,,C,29,3,2.24,441,1,,
2021,14988,보어,LG,타자,Y,1B,33,3,-0.54,117,1,,
2021,12546,홍창기,LG,타자,,CF,28,2,7.14,651,1,,
2021,14136,정우영,LG,투수,,RP,22,2,2.44,195,1,,
2021,10533,정찬헌,LG,투수,,SP,31,2,0.74,174,1,,
2021,11094,함덕주,LG,투수,,RP,26,2,0.26,63,1,,
2021,10935,이천웅,LG,타자,,CF,33,2,-0.39,211,1,,
2021,10706,김대유,LG,투수,,RP,30,2,1.8,152,1,,
2021,14137,문보경,LG,타자,,1B,21,1,1.32,329,1,,
2021,10075,진해수,LG,투수,,RP,35,4,0.83,133,1,,
2021,13104,이재원,LG,타자,,RF,22,1,0.73,171,1,,
2021,14142,임준형,LG,투수,,SP,21,1,0.72,69,1,,
2021,10137,송은범,LG,투수,,RP,37,4,0.69,112,1,,
2021,10480,정주현,LG,타자,,2B,31,1,0.62,214,1,,
2021,13009,백승현,LG,투수,,RP,26,1,0.61,50,1,,
2021,14135,이상영,LG,투수,,RP,21,1,0.5,150,1,,
2021,10851,최성훈,LG,투수,,RP,32,1,0.46,122,1,,
2021,10466,김용의,LG,타자,,1B,36,2,0.36,41,1,,
2021,12697,배재준,LG,투수,,RP,27,1,0.29,98,1,,
2021,11387,채원후,LG,투수,,RP,26,1,0.16,52,1,,
2021,13112,문성주,LG,타자,,CF,24,1,0.13,89,1,,
2021,13251,류원석,LG,투수,,RP,32,1,0.1,18,1,,
2021,14783,이영빈,LG,타자,,SS,19,1,0.02,169,1,,
2021,10535,최동환,LG,투수,,RP,32,1,-0.04,17,1,,
2021,12860,오석주,LG,투수,,RP,23,1,-0.05,25,1,,
2021,13245,이상규,LG,투수,,RP,25,1,-0.07,18,1,,
2021,11147,이상호,LG,타자,,2B,32,1,-0.09,68,1,,
2021,10004,이성우,LG,타자,,C,40,1,-0.11,39,1,,
2021,14140,구본혁,LG,타자,,3B,24,1,-0.11,45,1,,
2021,10749,이우찬,LG,투수,,RP,29,1,-0.21,102,1,,
2021,11344,김재성,LG,타자,,C,25,1,-0.24,73,1,,
2021,12908,손주영,LG,투수,,SP,23,1,-0.43,80,1,,
2021,10165,양의지,NC,타자,,C,34,5,6.19,570,1,,
2021,13932,루친스키,NC,투수,Y,SP,33,5,4.96,536,1,,
2021,11162,나성범,NC,타자,,DH,32,5,3.02,623,1,,
2021,11137,박민우,NC,타자,,2B,28,5,1.61,215,1,,
2021,14599,알테어,NC,타자,Y,CF,30,5,4.96,565,1,,
2021,14749,파슨스,NC,투수,Y,SP,29,4,3.81,399,1,,
2021,10220,이재학,NC,투수,,SP,31,3,1.39,249,1,,
2021,10217,이용찬,NC,투수,,CL,32,4,1.26,111,1,,
2021,10322,박석민,NC,타자,,3B,36,4,1.24,205,1,,
2021,14155,송명기,NC,투수,,SP,21,3,1.01,370,1,,
2021,12522,박준영,NC,타자,,SS,24,3,0.29,315,1,,
2021,12898,김태현,NC,투수,,RP,23,3,-0.26,16,1,,
2021,11165,노진혁,NC,타자,,SS,32,2,2.94,384,1,,
2021,11161,원종현,NC,투수,,RP,34,3,0.02,159,1,,
2021,13085,신민혁,NC,투수,,SP,22,2,2.8,435,1,,
2021,11172,권희동,NC,타자,,RF,31,2,1.3,171,1,,
2021,10119,이명기,NC,타자,,LF,34,2,0.99,232,1,,
2021,11358,박진우,NC,투수,,RP,31,1,0.34,33,1,,
2021,11148,강진성,NC,타자,,1B,28,2,-0.51,462,1,,
2021,11166,김진성,NC,투수,,RP,36,2,-0.98,113,1,,
2021,14221,최정원,NC,타자,,2B,21,1,1.19,238,1,,
2021,10459,김태군,NC,타자,,C,32,2,1.06,276,1,,
2021,10814,홍성민,NC,투수,,RP,32,2,1.05,124,1,,
2021,14765,김주원,NC,타자,,2B,19,1,0.93,189,1,,
2021,11355,류진욱,NC,투수,,RP,25,1,0.85,130,1,,
2021,11168,임정호,NC,투수,,RP,31,2,0.65,104,1,,
2021,13088,김영규,NC,투수,,RP,21,1,0.5,191,1,,
2021,11300,박정수,NC,투수,,RP,25,1,0.43,48,1,,
2021,11299,문경찬,NC,투수,,RP,29,2,0.38,93,1,Y,
2021,10452,임창민,NC,투수,,RP,36,2,0.35,121,1,,
2021,14593,김태경,NC,투수,,RP,20,1,0.27,45,1,,
2021,14158,배민서,NC,투수,,RP,22,1,0.17,120,1,,
2021,14647,강태경,NC,투수,,SP,20,1,0.11,38,1,,
2021,11360,이우석,NC,투수,,RP,25,1,0.08,29,1,,
2021,11111,정현,NC,타자,,SS,27,1,0.05,120,1,,
2021,11174,최금강,NC,투수,,RP,32,2,0.02,84,1,,
2021,13089,이승헌,NC,투수,,RP,26,1,-0.01,16,1,,
2021,14187,최승민,NC,타자,,LF,25,1,-0.03,34,1,,
2021,14598,안인산,NC,투수,,RP,20,1,-0.06,20,1,,
2021,10432,김건태,NC,투수,,RP,30,1,-0.12,20,1,,
2021,10417,전민수,NC,타자,,RF,32,1,-0.13,109,1,,
2021,10683,지석훈,NC,타자,,3B,37,2,-0.13,43,1,,
2021,12900,소이현,NC,투수,,RP,22,1,-0.19,32,1,,
2021,11135,윤형준,NC,타자,,1B,27,1,-0.24,81,1,,
2021,11400,김기환,NC,타자,,RF,26,1,-0.28,149,1,,
2021,12560,도태훈,NC,타자,,3B,28,1,-0.33,76,1,,
2021,10883,강동연,NC,투수,,RP,29,1,-0.33,69,1,,
2021,11142,손정욱,NC,투수,,RP,31,1,-0.36,37,1,,
2021,12999,이원재,NC,타자,,1B,32,1,-0.58,69,1,,
2021,11246,박대온,NC,타자,,C,26,1,-0.59,95,1,,
2021,10717,정진기,NC,타자,,RF,29,1,-0.65,199,1,,
2021,10106,최정,SSG,타자,,3B,34,5,6.51,555,1,,
2021,14888,추신수,SSG,타자,,RF,39,5,3.81,580,1,,
2021,10082,이재원,SSG,타자,,C,33,5,1.66,313,1,,
2021,12991,로맥,SSG,타자,Y,1B,36,5,1.21,421,1,,
2021,14759,폰트,SSG,투수,Y,SP,31,5,3.5,437,1,,
2021,10182,최주환,SSG,타자,,2B,33,5,2.44,470,1,,
2021,10108,김강민,SSG,타자,,CF,39,5,1.01,260,1,,
2021,14896,가빌리오,SSG,투수,Y,SP,31,4,0.67,244,1,,
2021,14803,김건우,SSG,투수,,SP,19,3,0.25,33,1,,
2021,14581,오원석,SSG,투수,,SP,20,3,-0.29,330,1,,
2021,10815,한유섬,SSG,타자,,RF,32,2,3.85,519,1,,
2021,10131,박종훈,SSG,투수,,SP,30,3,1.87,163,1,,
2021,10783,문승원,SSG,투수,,SP,32,3,1.47,151,1,,
2021,10427,김상수,SSG,투수,,RP,33,4,0.67,175,1,,
2021,14758,르위키,SSG,투수,Y,SP,29,3,0.4,43,1,,
2021,10655,정의윤,SSG,타자,,LF,35,4,-0.72,178,1,,
2021,12922,박성한,SSG,타자,,SS,23,2,4.26,471,1,,
2021,14587,최지훈,SSG,타자,,RF,24,2,2.38,534,1,,
2021,11373,김택형,SSG,투수,,RP,25,2,2.14,226,1,,
2021,10636,김성현,SSG,타자,,SS,34,4,1.68,274,1,,
2021,14804,장지훈,SSG,투수,,RP,23,2,1.47,241,1,,
2021,10133,김태훈,SSG,투수,,RP,31,2,0.76,174,1,,
2021,13126,최민준,SSG,투수,,SP,22,2,0.59,258,1,,
2021,10609,이태양,SSG,투수,,SP,31,2,0.51,311,1,,
2021,10659,고종욱,SSG,타자,,LF,32,2,-0.47,199,1,,
2021,10784,서진용,SSG,투수,,RP,29,2,1.27,202,1,,
2021,11236,박민호,SSG,투수,,RP,29,1,0.68,123,1,,
2021,10249,오태곤,SSG,타자,,LF,30,1,0.47,253,1,,
2021,11369,이현석,SSG,타자,,C,29,1,0.45,89,1,,
2021,11108,이흥련,SSG,타자,,C,32,1,0.38,146,1,,
2021,11284,조이현,SSG,투수,,RP,26,1,0.36,200,1,,
2021,10810,최항,SSG,타자,,2B,27,1,0.27,79,1,,
2021,13191,서동민,SSG,투수,,RP,27,1,0.17,79,1,,
2021,12613,안상현,SSG,타자,,2B,24,1,0.11,40,1,,
2021,11149,신재영,SSG,투수,,RP,32,2,0.09,85,1,,
2021,10921,신재웅,SSG,투수,,RP,39,1,0.08,25,1,,
2021,12561,정수민,SSG,투수,,SP,31,1,0.04,91,1,,
2021,13194,이정범,SSG,타자,,LF,23,1,-0.02,66,1,,
2021,14858,조요한,SSG,투수,,RP,21,1,-0.03,21,1,,
2021,12622,김찬형,SSG,타자,,SS,24,1,-0.04,135,1,,
2021,10672,오준혁,SSG,타자,,LF,29,1,-0.05,50,1,,
2021,14805,조병현,SSG,투수,,SP,19,1,-0.11,20,1,,
2021,13130,이채호,SSG,투수,,RP,23,1,-0.16,15,1,,
2021,11242,이건욱,SSG,투수,,SP,26,1,-0.36,38,1,,
2021,11364,김사윤,SSG,투수,,SP,27,1,-0.4,52,1,,
2021,10643,김재환,두산,타자,,LF,33,5,4.32,566,1,,
2021,13927,페르난데스,두산,타자,Y,1B,33,4,3.31,617,1,,
2021,14751,미란다,두산,투수,Y,SP,32,5,6.73,521,1,,
2021,10189,박건우,두산,타자,,RF,31,4,4.32,525,1,,
2021,14750,로켓,두산,투수,Y,SP,27,4,3.93,372,1,,
2021,11098,김인태,두산,타자,,LF,27,2,2.75,418,1,,
2021,13061,곽빈,두산,투수,,SP,22,3,2.09,296,1,,
2021,10195,정수빈,두산,타자,,CF,31,5,1.22,351,1,,
2021,14771,안재석,두산,타자,,2B,19,3,0.79,224,1,,
2021,10174,김재호,두산,타자,,SS,36,5,0.29,251,1,,
2021,12568,이영하,두산,투수,,SP,24,4,0.16,236,1,,
2021,10184,허경민,두산,타자,,3B,31,5,0.09,518,1,,
2021,10299,장원준,두산,투수,,RP,36,2,-0.34,56,1,,
2021,10213,유희관,두산,투수,,SP,35,4,-0.66,189,1,,
2021,10178,오재원,두산,타자,,2B,36,4,-0.42,79,1,,
2021,12852,최원준,두산,투수,,SP,27,2,4.31,475,1,,
2021,11198,박계범,두산,타자,,SS,25,2,2.56,385,1,,
2021,11213,양석환,두산,타자,,3B,30,2,2.4,546,1,,
2021,10696,홍건희,두산,투수,,RP,29,2,2.37,223,1,,
2021,10891,박세혁,두산,타자,,C,31,2,0.3,270,1,,
2021,12850,박치국,두산,투수,,RP,23,2,0.18,66,1,,
2021,10690,김강률,두산,투수,,CL,33,2,1.75,155,1,,
2021,11087,강승호,두산,타자,,SS,27,1,1.71,340,1,,
2021,12678,이승진,두산,투수,,RP,26,1,1.14,145,1,,
2021,12524,조수행,두산,타자,,CF,28,1,1.07,104,1,,
2021,11097,장승현,두산,타자,,C,27,1,0.86,211,1,,
2021,10221,이현승,두산,투수,,RP,38,1,0.83,70,1,,
2021,12649,최용제,두산,타자,,C,30,1,0.33,119,1,,
2021,13665,권휘,두산,투수,,RP,21,1,0.27,61,1,,
2021,10885,윤명준,두산,투수,,RP,32,2,0.25,137,1,,
2021,12847,김명신,두산,투수,,RP,28,2,0.21,201,1,,
2021,14571,안권수,두산,타자,,LF,28,1,0.04,47,1,,
2021,13072,김민규,두산,투수,,RP,22,1,0.03,169,1,,
2021,14731,박웅,두산,투수,,RP,24,1,0.03,35,1,,
2021,14770,최승용,두산,투수,,RP,20,1,-0.01,55,1,,
2021,11491,박소준,두산,투수,,RP,26,1,-0.15,179,1,,
2021,13271,현도훈,두산,투수,,RP,28,1,-0.25,26,1,,
2021,14173,이교훈,두산,투수,,RP,21,1,-0.3,25,1,,
2021,14732,조제영,두산,투수,,RP,20,1,-0.37,32,1,,
2021,11300,박정수,두산,투수,,RP,25,1,-0.57,43,2,,
2021,14627,스트레일리,롯데,투수,Y,SP,33,5,3.74,497,1,,
2021,14629,마차도,롯데,타자,Y,SS,29,4,3.65,539,1,,
2021,10014,안치홍,롯데,타자,,2B,31,5,3.01,490,1,,
2021,10251,이대호,롯데,타자,,DH,39,5,0.72,465,1,,
2021,10266,전준우,롯데,타자,,LF,35,5,4.02,619,1,,
2021,10261,손아섭,롯데,타자,,RF,33,4,2.65,610,1,,
2021,14624,최준용,롯데,투수,,RP,20,4,1.95,142,1,,
2021,14756,프랑코,롯데,투수,Y,SP,29,4,1.7,450,1,,
2021,14792,김진욱,롯데,투수,,RP,19,4,0.17,137,1,,
2021,14797,나승엽,롯데,타자,,3B,19,4,-0.34,128,1,,
2021,14159,서준원,롯데,투수,,RP,21,3,-0.39,162,1,,
2021,10188,민병헌,롯데,타자,,CF,34,5,-0.56,49,1,,
2021,11310,박세웅,롯데,투수,,SP,26,2,4.46,489,1,,
2021,10203,노경은,롯데,투수,,SP,37,2,-0.41,169,1,,
2021,13145,한동희,롯데,타자,,3B,22,2,3.09,496,1,,
2021,10253,정훈,롯데,타자,,1B,34,2,2.75,561,1,,
2021,10825,김원중,롯데,투수,,CL,28,2,1.83,188,1,,
2021,11291,구승민,롯데,투수,,RP,31,2,1.35,187,1,,
2021,11329,안중열,롯데,타자,,C,26,1,1.16,157,1,,
2021,11232,이인복,롯데,투수,,RP,30,1,1.08,184,1,,
2021,11413,지시완,롯데,타자,,C,27,1,0.91,187,1,,
2021,13094,추재현,롯데,타자,,RF,22,1,0.8,300,1,,
2021,13146,이승헌,롯데,투수,,SP,23,1,0.62,173,1,,
2021,10835,김준태,롯데,타자,,C,27,1,0.45,131,1,,
2021,12931,김민수,롯데,타자,,3B,25,1,0.39,224,1,,
2021,13148,김도규,롯데,투수,,RP,23,1,0.26,126,1,,
2021,10301,진명호,롯데,투수,,RP,32,2,0.16,73,1,,
2021,11276,최설우,롯데,투수,,RP,29,1,0.16,122,1,,
2021,11483,김재유,롯데,타자,,CF,29,1,0.14,192,1,,
2021,10271,김대우,롯데,투수,,RP,37,1,0.13,106,1,,
2021,12944,김건국,롯데,투수,,RP,33,3,0.08,66,1,,
2021,10477,이병규,롯데,타자,,1B,38,2,0.01,43,1,,
2021,12930,나균안,롯데,투수,,RP,23,1,0.01,139,1,,
2021,14795,정우준,롯데,투수,,RP,21,1,-0.01,17,1,,
2021,14601,이강준,롯데,투수,,RP,20,1,-0.13,17,1,,
2021,11397,오윤석,롯데,타자,,2B,29,1,-0.15,76,1,,
2021,10210,오현택,롯데,투수,,RP,36,2,-0.16,49,1,,
2021,13147,정성종,롯데,투수,,RP,26,1,-0.16,36,1,,
2021,13149,김동우,롯데,투수,,RP,26,1,-0.17,15,1,,
2021,11389,강로한,롯데,타자,,CF,29,1,-0.19,35,1,,
2021,10423,강윤구,롯데,투수,,RP,31,2,-0.19,42,1,,
2021,13155,장두성,롯데,타자,,RF,22,1,-0.25,41,1,,
2021,11229,김유영,롯데,투수,,RP,27,1,-0.28,56,1,,
2021,14169,신윤후,롯데,타자,,RF,25,1,-0.32,136,1,,
2021,11388,강태율,롯데,타자,,C,25,1,-0.33,31,1,,
2021,14793,김창훈,롯데,투수,,RP,20,1,-0.33,24,1,,
2021,13279,배성근,롯데,타자,,SS,26,1,-0.46,109,1,,
2021,11425,박진형,롯데,투수,,RP,27,1,-0.52,48,1,,
2021,14794,송재영,롯데,투수,,RP,19,1,-0.58,44,1,,
2021,14617,뷰캐넌,삼성,투수,Y,SP,32,5,5.09,531,1,,
2021,10367,오승환,삼성,투수,,CL,39,4,2.42,186,1,,
2021,14113,원태인,삼성,투수,,SP,21,4,5.36,476,1,,
2021,10892,구자욱,삼성,타자,,RF,28,3,4.9,610,1,,
2021,10232,강민호,삼성,타자,,C,36,4,4.06,462,1,,
2021,10400,오재일,삼성,타자,,1B,35,4,2.81,484,1,,
2021,14757,피렐라,삼성,타자,Y,LF,32,4,2.47,621,1,,
2021,13156,최채흥,삼성,투수,,SP,26,3,2.11,367,1,,
2021,14232,라이블리,삼성,투수,Y,SP,29,4,0.82,100,1,,
2021,14798,이승현,삼성,투수,,RP,19,3,0.43,118,1,,
2021,10720,심창민,삼성,투수,,RP,28,2,0.3,154,1,,
2021,13157,양창섭,삼성,투수,,RP,22,3,0,45,1,,
2021,11190,박해민,삼성,타자,,CF,31,3,3.45,542,1,,
2021,10180,이원석,삼성,타자,,3B,35,4,0.85,480,1,,
2021,14898,몽고메리,삼성,투수,Y,SP,32,3,0.6,156,1,,
2021,10320,김상수,삼성,타자,,2B,31,5,-0.14,496,1,,
2021,10363,백정현,삼성,투수,,SP,34,2,5.54,473,1,,
2021,10523,우규민,삼성,투수,,RP,36,4,0.76,147,1,,
2021,10640,김헌곤,삼성,타자,,LF,33,2,0.62,364,1,,
2021,14114,이학주,삼성,타자,,SS,31,1,-0.4,174,1,,
2021,14618,김지찬,삼성,타자,,2B,20,1,1.06,336,1,,
2021,14122,박승규,삼성,타자,,CF,21,1,0.46,78,1,,
2021,14799,이재희,삼성,투수,,SP,20,1,0.44,65,1,,
2021,12934,최지광,삼성,투수,,RP,23,2,0.4,154,1,,
2021,11144,노건우,삼성,투수,,RP,32,1,0.36,57,1,,
2021,12885,문용익,삼성,투수,,RP,26,1,0.26,66,1,,
2021,11266,김민수,삼성,타자,,C,30,1,0.24,87,1,,
2021,13242,홍정우,삼성,투수,,RP,25,1,0.15,47,1,,
2021,10934,최영진,삼성,타자,,3B,33,1,0.12,63,1,,
2021,11169,이상민,삼성,투수,,RP,31,1,0.06,74,1,,
2021,10685,김대우,삼성,투수,,RP,33,1,0.02,153,1,,
2021,11200,송준석,삼성,타자,,RF,27,1,-0.01,55,1,,
2021,13244,이재익,삼성,투수,,RP,27,1,-0.03,30,1,,
2021,13240,김호재,삼성,타자,,3B,26,1,-0.1,90,1,,
2021,10637,임현준,삼성,투수,,RP,33,1,-0.1,33,1,,
2021,13162,김무신,삼성,투수,,RP,22,1,-0.15,57,1,,
2021,14616,이승민,삼성,투수,,SP,21,1,-0.2,107,1,,
2021,14115,김도환,삼성,타자,,C,21,1,-0.27,46,1,,
2021,10527,이승현,삼성,투수,,RP,30,1,-0.3,51,1,,
2021,11255,강한울,삼성,타자,,SS,30,1,-0.31,258,1,,
2021,10557,오선진,삼성,타자,,SS,32,1,-0.43,46,1,,
2021,12548,김동엽,삼성,타자,,LF,31,2,-0.6,203,1,,
2021,11404,장필준,삼성,투수,,RP,33,2,-0.77,104,1,,
2021,12906,이정후,키움,타자,,RF,23,5,6.49,544,1,,
2021,13940,요키시,키움,투수,Y,SP,32,5,5.43,544,1,,
2021,10035,이용규,키움,타자,,CF,36,5,3.42,547,1,,
2021,10855,서건창,키움,타자,,2B,32,3,2.19,333,1,,
2021,13091,안우진,키움,투수,,SP,22,4,2.65,323,1,,
2021,10863,한현희,키움,투수,,SP,28,2,1.95,257,1,,
2021,12992,브리검,키움,투수,Y,SP,33,4,1.68,183,1,,
2021,11379,최원태,키움,투수,,SP,24,3,1.31,430,1,,2→3
2021,10470,박병호,키움,타자,,1B,35,4,0.95,477,1,,
2021,11126,조상우,키움,투수,,CL,27,4,0.82,132,1,,
2021,14784,장재영,키움,투수,,RP,19,4,-0.16,53,1,,
2021,14580,박주홍,키움,타자,,LF,20,3,-0.24,56,1,,
2021,12905,김혜성,키움,타자,,SS,22,2,4.12,635,1,,
2021,10312,이지영,키움,타자,,C,35,4,0.59,258,1,,
2021,14754,스미스,키움,투수,Y,SP,34,3,0,30,1,,
2021,14990,크레익,키움,타자,Y,LF,27,3,-0.19,247,1,,
2021,14762,프레이타스,키움,타자,Y,1B,32,3,-0.53,148,1,,
2021,10387,박동원,키움,타자,,C,31,2,3.24,481,1,,
2021,10533,정찬헌,키움,투수,,SP,31,2,1.26,169,2,,
2021,14674,김동혁,키움,투수,,RP,20,2,0.51,246,1,,
2021,12865,이승호,키움,투수,,RP,22,2,-0.43,142,1,,
2021,10445,오주원,키움,투수,,RP,36,3,-0.52,58,1,,
2021,12503,김웅빈,키움,타자,,1B,25,1,1.77,279,1,,
2021,11377,송우현,키움,타자,,RF,25,1,1.7,282,1,,
2021,10871,김태훈,키움,투수,,RP,29,2,1.39,193,1,,
2021,11376,송성문,키움,타자,,3B,25,1,1.35,274,1,,
2021,12858,김재웅,키움,투수,,RP,23,2,0.88,160,1,,
2021,12918,김성민,키움,투수,,RP,27,2,0.58,140,1,,
2021,11422,전병우,키움,타자,,3B,29,1,0.36,261,1,,
2021,14131,윤정현,키움,투수,,RP,28,1,0.36,37,1,,
2021,14480,김인범,키움,투수,,RP,21,1,0.23,16,1,,
2021,14848,김준형,키움,투수,,RP,19,1,0.15,43,1,,
2021,14214,김주형,키움,타자,,2B,25,1,0.1,70,1,,
2021,13223,변상권,키움,타자,,CF,24,1,0,171,1,,
2021,14130,박주성,키움,투수,,RP,21,1,-0.03,55,1,,
2021,11498,허정협,키움,타자,,LF,31,1,-0.09,52,1,,
2021,10730,양현,키움,투수,,RP,29,1,-0.11,144,1,,
2021,11260,박준태,키움,타자,,CF,30,1,-0.12,58,1,,
2021,13096,김수환,키움,타자,,1B,23,1,-0.13,44,1,,
2021,11531,김정인,키움,투수,,SP,25,1,-0.13,95,1,,
2021,14849,김성진,키움,투수,,RP,24,1,-0.13,125,1,,
2021,11225,임지열,키움,타자,,RF,26,1,-0.17,30,1,,
2021,10870,김재현,키움,타자,,C,28,1,-0.21,51,1,,
2021,14695,신준우,키움,타자,,2B,20,1,-0.22,51,1,,
2021,13010,임규빈,키움,투수,,RP,30,1,-0.25,26,1,,
2021,13093,예진원,키움,타자,,CF,22,1,-0.27,132,1,,
2021,13092,김선기,키움,투수,,RP,30,1,-0.37,145,1,,
2021,14785,김휘집,키움,타자,,2B,19,1,-0.63,89,1,,
2021,10156,정우람,한화,투수,,CL,36,5,-0.31,134,1,,
2021,14125,노시환,한화,타자,,3B,21,3,4.31,458,1,,
2021,14582,킹험,한화,투수,Y,SP,30,4,4.05,432,1,,
2021,10913,하주석,한화,타자,,SS,27,2,3.02,594,1,,
2021,14760,카펜터,한화,투수,Y,SP,31,4,2.74,510,1,,
2021,11170,윤호솔,한화,투수,,RP,27,4,-0.05,146,1,,
2021,10168,이성열,한화,타자,,RF,37,4,-0.25,140,1,,
2021,10516,신정락,한화,투수,,RP,34,1,-1.21,60,1,,
2021,10170,최재훈,한화,타자,,C,32,2,5.07,467,1,,
2021,14991,페레즈,한화,타자,Y,2B,30,3,0.51,252,1,,
2021,14761,힐리,한화,타자,Y,1B,29,3,0.24,268,1,,
2021,13137,정은원,한화,타자,,2B,21,2,4.59,608,1,,
2021,11410,김민우,한화,투수,,SP,26,2,3.86,466,1,,
2021,11110,윤대경,한화,투수,,RP,27,2,1.46,233,1,,
2021,10453,장시환,한화,투수,,SP,34,2,-0.48,207,1,,
2021,12585,김태연,한화,타자,,3B,24,1,2.34,220,1,,
2021,14708,강재민,한화,투수,,RP,24,2,1.97,190,1,,
2021,11206,이성곤,한화,타자,,1B,29,1,0.87,206,1,,
2021,11415,주현상,한화,투수,,RP,29,1,0.81,151,1,,
2021,11411,김범수,한화,투수,,RP,26,2,0.7,212,1,,
2021,14707,최인호,한화,타자,,LF,21,1,0.54,164,1,,
2021,10777,김민하,한화,타자,,LF,32,1,0.46,142,1,,
2021,14808,김기중,한화,투수,,SP,19,1,0.45,161,1,,
2021,10610,장민재,한화,투수,,SP,31,1,0.39,88,1,,
2021,14809,배동현,한화,투수,,RP,23,1,0.36,114,1,,
2021,10748,송윤준,한화,투수,,RP,29,1,0.31,38,1,,
2021,11268,노수광,한화,타자,,LF,31,2,0.18,180,1,,
2021,11122,장운호,한화,타자,,CF,27,1,0.16,338,1,,
2021,12926,김진영,한화,투수,,RP,29,1,0.11,55,1,,
2021,14619,남지민,한화,투수,,SP,20,1,0.01,22,1,,
2021,10376,정인욱,한화,투수,,RP,31,1,-0.03,28,1,,
2021,11278,황영국,한화,투수,,RP,26,1,-0.03,44,1,,
2021,11117,김종수,한화,투수,,RP,27,1,-0.06,140,1,,
2021,14128,김도현,한화,투수,,RP,21,1,-0.1,78,1,,
2021,14713,오동욱,한화,투수,,RP,20,1,-0.11,75,1,,
2021,10645,정진호,한화,타자,,RF,33,1,-0.17,167,1,,
2021,14714,장웅정,한화,투수,,RP,24,1,-0.17,22,1,,
2021,12875,김기탁,한화,투수,,RP,23,1,-0.23,37,1,,
2021,11116,이충호,한화,투수,,RP,27,1,-0.26,49,1,,
2021,10391,이해창,한화,타자,,C,34,1,-0.36,60,1,,
2021,14210,조한민,한화,타자,,SS,21,1,-0.37,145,1,,
2021,12564,강상원,한화,타자,,CF,24,1,-0.39,49,1,,
2021,14704,박정현,한화,타자,,SS,20,1,-0.4,120,1,,
2021,10003,백용환,한화,타자,,C,32,1,-0.41,95,1,,
2021,14880,장지승,한화,타자,,LF,23,1,-0.41,72,1,,
2021,14204,허관회,한화,타자,,C,22,1,-0.47,79,1,,
2021,11269,노태형,한화,타자,,2B,26,1,-0.52,49,1,,
2021,12526,이시원,한화,타자,,CF,25,1,-0.52,62,1,,
2021,11414,이도윤,한화,타자,,3B,25,1,-0.53,68,1,,
2021,13135,이승관,한화,투수,,RP,22,1,-0.78,17,1,,
2021,14126,유로결,한화,타자,,LF,21,1,-0.83,112,1,,
2021,10795,임준섭,한화,투수,,RP,32,1,-0.83,32,1,,
2021,13138,이원석,한화,타자,,CF,22,1,-0.93,130,1,,
2021,14706,임종찬,한화,타자,,RF,20,1,-1.24,146,1,,
2022,11162,나성범,KIA,타자,,RF,33,5,7.16,649,1,,
2022,10058,양현종,KIA,투수,,SP,34,5,2.93,526,1,,
2022,14996,소크라테스,KIA,타자,Y,CF,30,4,4.6,554,1,,
2022,14998,놀린,KIA,투수,Y,SP,33,4,4.11,372,1,,
2022,10008,김선빈,KIA,타자,,2B,33,5,3.22,587,1,,
2022,10344,최형우,KIA,타자,,DH,39,4,2.71,530,1,,
2022,14788,이의리,KIA,투수,,SP,20,4,2.21,462,1,,
2022,15056,김도영,KIA,타자,,3B,19,4,1.75,254,1,,
2022,14608,정해영,KIA,투수,,CL,21,3,1.51,168,1,,
2022,14176,김기훈,KIA,투수,,RP,22,3,0.48,26,1,,
2022,10387,박동원,KIA,타자,,C,32,2,3.88,407,2,,
2022,15147,파노니,KIA,투수,Y,SP,28,3,2.44,248,1,,
2022,14997,로니,KIA,투수,Y,SP,26,3,-0.12,133,1,,
2022,11261,박찬호,KIA,타자,,SS,27,2,3.53,566,1,,
2022,10909,임기영,KIA,투수,,SP,29,2,2.44,388,1,,
2022,10894,류지혁,KIA,타자,,3B,28,2,2.02,477,1,,
2022,11233,이창진,KIA,타자,,LF,31,2,1.94,404,1,,
2022,12537,전상현,KIA,투수,,RP,26,2,1.07,139,1,,
2022,11164,장현식,KIA,투수,,RP,27,2,0.93,156,1,,
2022,11306,황대인,KIA,타자,,1B,26,2,0.19,524,1,,
2022,10812,한승혁,KIA,투수,,SP,29,2,0.08,241,1,,
2022,11070,박준표,KIA,투수,,RP,30,1,-0.29,70,1,,
2022,11303,이준영,KIA,투수,,RP,30,2,1.24,139,1,,
2022,10659,고종욱,KIA,타자,,DH,33,2,0.3,114,1,,
2022,11068,고영창,KIA,투수,,RP,33,1,0.29,72,1,,
2022,11298,김호령,KIA,타자,,CF,30,1,0.28,88,1,,
2022,13122,윤중현,KIA,투수,,RP,27,1,0.19,161,1,,
2022,14128,김도현,KIA,투수,,RP,22,1,0,32,1,,
2022,10230,홍상삼,KIA,투수,,RP,32,2,-0.03,65,1,,
2022,10707,김민식,KIA,타자,,C,33,1,-0.04,62,1,,
2022,11099,이우성,KIA,타자,,LF,28,1,-0.09,137,1,,
2022,11119,한승택,KIA,타자,,C,28,1,-0.1,119,1,,
2022,13114,김유신,KIA,투수,,RP,23,1,-0.1,44,1,,
2022,15057,최지민,KIA,투수,,RP,19,1,-0.28,18,1,,
2022,12540,김규성,KIA,타자,,2B,25,1,-0.29,52,1,,
2022,12533,김현준,KIA,투수,,RP,25,1,-0.31,44,1,,
2022,12917,김석환,KIA,타자,,LF,23,1,-0.34,107,1,,
2022,14747,김재열,KIA,투수,,RP,26,1,-0.38,129,1,,
2022,12535,남하준,KIA,투수,,RP,26,1,-0.4,31,1,,
2022,11364,김사윤,KIA,투수,,RP,28,1,-0.45,81,1,,
2022,12914,유승철,KIA,투수,,RP,24,1,-0.93,57,1,,
2022,13168,강백호,KT,타자,,DH,23,5,-0.06,264,1,,
2022,14600,소형준,KT,투수,,SP,21,4,4.75,514,1,,
2022,10470,박병호,KT,타자,,1B,36,4,4.66,487,1,,
2022,11318,엄상백,KT,투수,,SP,26,2,4.19,421,1,,
2022,15143,벤자민,KT,투수,Y,SP,29,4,3.1,290,1,,
2022,15144,알포드,KT,타자,Y,LF,28,4,2.28,323,1,,
2022,14602,데스파이네,KT,투수,Y,SP,35,5,2.22,489,1,,
2022,10407,황재균,KT,타자,,3B,35,5,1.87,581,1,,
2022,15089,박영현,KT,투수,,RP,19,4,0.78,155,1,,
2022,11311,심재민,KT,투수,,RP,28,2,0.52,130,1,,
2022,13942,쿠에바스,KT,투수,Y,SP,32,4,0.43,33,1,,
2022,13167,김민,KT,투수,,RP,23,3,0.19,23,1,,
2022,11308,고영표,KT,투수,,SP,31,4,5.43,547,1,,
2022,10235,장성우,KT,타자,,C,32,4,3.51,420,1,,
2022,11212,배정대,KT,타자,,CF,27,2,2.09,575,1,,
2022,11394,배제성,KT,투수,,SP,26,2,1.79,321,1,,
2022,15000,라모스,KT,타자,Y,RF,30,3,0.2,80,1,,
2022,10469,박경수,KT,타자,,2B,38,3,-1.2,194,1,,
2022,12943,조용호,KT,타자,,RF,33,2,3.18,531,1,,
2022,11317,김민수,KT,투수,,RP,30,2,2.9,242,1,,
2022,11489,김재윤,KT,투수,,CL,32,2,2,199,1,,
2022,11334,심우준,KT,타자,,SS,27,2,1.31,449,1,,
2022,11323,주권,KT,투수,,RP,27,2,1.2,152,1,,
2022,11339,김민혁,KT,타자,,LF,27,2,0.59,434,1,,
2022,10835,김준태,KT,타자,,C,28,1,1.93,270,1,,
2022,11397,오윤석,KT,타자,,2B,30,1,1.42,337,1,,
2022,13130,이채호,KT,투수,,RP,24,1,0.65,110,1,,
2022,12941,홍현빈,KT,타자,,RF,25,1,0.54,92,1,,
2022,10737,박시영,KT,투수,,RP,33,1,0.31,47,1,,
2022,11316,조현우,KT,투수,,RP,28,1,0.21,36,1,,
2022,11214,장준원,KT,타자,,2B,27,1,0.16,63,1,,
2022,14777,권동진,KT,타자,,2B,24,1,-0.13,40,1,,
2022,11333,문상철,KT,타자,,DH,31,1,-0.21,52,1,,
2022,11342,송민섭,KT,타자,,RF,31,1,-0.22,72,1,,
2022,10841,전유수,KT,투수,,RP,36,2,-0.22,33,1,,
2022,10304,하준호,KT,투수,,RP,33,1,-0.31,49,1,,
2022,12655,류희운,KT,투수,,RP,27,1,-0.35,17,1,,
2022,10840,신본기,KT,타자,,SS,33,1,-0.44,138,1,,
2022,11330,김병희,KT,타자,,1B,32,1,-0.59,85,1,,
2022,10475,오지환,LG,타자,,SS,32,5,6.52,569,1,,
2022,10187,김현수,LG,타자,,LF,34,5,4.31,604,1,,
2022,12546,홍창기,LG,타자,,RF,29,4,3.64,525,1,,
2022,12907,고우석,LG,투수,,CL,24,3,2.78,182,1,,
2022,10855,서건창,LG,타자,,2B,33,2,-0.11,247,1,,
2022,13934,켈리,LG,투수,Y,SP,33,5,5.47,499,1,,
2022,15003,플럿코,LG,투수,Y,SP,31,4,5.29,486,1,,
2022,11190,박해민,LG,타자,,CF,32,5,4.3,636,1,,
2022,14588,김윤식,LG,투수,,SP,22,3,2.83,343,1,,
2022,10652,임찬규,LG,투수,,SP,30,2,0.89,311,1,,
2022,14134,이정용,LG,투수,,RP,26,3,0.62,178,1,,
2022,13102,김영준,LG,투수,,SP,23,3,0.47,29,1,,
2022,14589,이민호,LG,투수,,SP,21,4,0.43,358,1,,
2022,12516,이형종,LG,타자,,DH,33,2,0.27,63,1,,
2022,14780,강효종,LG,투수,,SP,20,3,0.13,15,1,,
2022,10238,김민성,LG,타자,,3B,34,2,-0.47,157,1,,
2022,10753,유강남,LG,타자,,C,30,2,2.87,469,1,,
2022,14136,정우영,LG,투수,,RP,23,2,1.18,174,1,,
2022,15150,가르시아,LG,타자,Y,2B,29,3,0.25,156,1,,
2022,15002,루이즈,LG,타자,Y,3B,28,3,-0.34,94,1,,
2022,14137,문보경,LG,타자,,3B,22,2,4.27,466,1,,
2022,13112,문성주,LG,타자,,DH,25,2,3.17,390,1,,
2022,11215,채은성,LG,타자,,1B,32,2,2.19,526,1,,
2022,11166,김진성,LG,투수,,RP,37,2,1.29,174,1,,
2022,10706,김대유,LG,투수,,RP,31,2,1.32,119,1,,
2022,10749,이우찬,LG,투수,,RP,30,1,1.32,134,1,,
2022,13104,이재원,LG,타자,,DH,23,1,1.25,253,1,,
2022,10075,진해수,LG,투수,,RP,36,3,1.24,135,1,,
2022,12697,배재준,LG,투수,,RP,28,1,0.89,94,1,,
2022,10851,최성훈,LG,투수,,RP,33,1,0.68,100,1,,
2022,10535,최동환,LG,투수,,RP,33,1,0.5,150,1,,
2022,10137,송은범,LG,투수,,RP,38,2,0.45,80,1,,
2022,13109,송찬의,LG,타자,,2B,23,1,0.42,78,1,,
2022,11094,함덕주,LG,투수,,RP,27,2,0.39,38,1,,
2022,14143,이지강,LG,투수,,RP,23,1,0.14,33,1,,
2022,12908,손주영,LG,투수,,SP,24,1,0.07,38,1,,
2022,10684,허도환,LG,타자,,C,38,2,0.06,92,1,,
2022,14590,손호영,LG,타자,,2B,28,1,0.06,82,1,,
2022,14783,이영빈,LG,타자,,2B,20,1,0.02,83,1,,
2022,14846,송승기,LG,투수,,RP,20,1,-0.01,25,1,,
2022,14142,임준형,LG,투수,,SP,22,1,-0.07,90,1,,
2022,11147,이상호,LG,타자,,2B,33,1,-0.25,80,1,,
2022,13009,백승현,LG,투수,,RP,27,1,-0.57,30,1,,
2022,10165,양의지,NC,타자,,C,35,5,5.64,510,1,,
2022,10189,박건우,NC,타자,,CF,32,5,3.97,463,1,,
2022,11137,박민우,NC,타자,,2B,29,4,2.83,451,1,,
2022,13932,루친스키,NC,투수,Y,SP,34,5,4.99,581,1,,
2022,15008,마티니,NC,타자,Y,LF,32,4,2.66,576,1,,
2022,10261,손아섭,NC,타자,,RF,34,4,2.28,617,1,,
2022,10217,이용찬,NC,투수,,CL,33,3,2.15,182,1,,
2022,13080,김시훈,NC,투수,,RP,23,3,1.96,250,1,,
2022,14155,송명기,NC,투수,,SP,22,3,0.94,323,1,,
2022,14749,파슨스,NC,투수,Y,SP,30,4,0.89,129,1,,
2022,10220,이재학,NC,투수,,SP,32,3,0.82,273,1,,
2022,12522,박준영,NC,타자,,3B,25,3,-0.22,240,1,,
2022,10322,박석민,NC,타자,,3B,37,4,-0.29,58,1,,
2022,11353,구창모,NC,투수,,SP,25,2,4.3,335,1,,
2022,11165,노진혁,NC,타자,,3B,33,2,2.96,451,1,,
2022,15154,더모디,NC,투수,Y,SP,32,3,0.13,119,1,,
2022,13085,신민혁,NC,투수,,SP,23,2,1.6,355,1,,
2022,11172,권희동,NC,타자,,CF,32,2,0.66,280,1,,
2022,10119,이명기,NC,타자,,LF,35,2,-0.35,341,1,,
2022,14765,김주원,NC,타자,,SS,20,1,3.3,326,1,,
2022,14593,김태경,NC,투수,,RP,21,1,1.31,133,1,,
2022,13088,김영규,NC,투수,,RP,22,2,1.23,198,1,,
2022,11161,원종현,NC,투수,,RP,35,2,0.93,190,1,,
2022,11400,김기환,NC,타자,,CF,27,1,0.62,131,1,,
2022,11168,임정호,NC,투수,,RP,32,2,0.27,75,1,,
2022,12560,도태훈,NC,타자,,3B,29,1,0.17,163,1,,
2022,13115,하준영,NC,투수,,RP,23,1,0.13,117,1,,
2022,14156,전사민,NC,투수,,RP,23,1,0.1,25,1,,
2022,15112,박동수,NC,투수,,RP,23,1,0.03,44,1,,
2022,14764,한재승,NC,투수,,RP,21,1,0.02,32,1,,
2022,10717,정진기,NC,타자,,CF,30,1,-0.03,59,1,,
2022,15119,조민석,NC,투수,,RP,24,1,-0.09,48,1,,
2022,10417,전민수,NC,타자,,DH,33,1,-0.12,41,1,,
2022,11355,류진욱,NC,투수,,RP,26,2,-0.14,139,1,,
2022,10720,심창민,NC,투수,,RP,29,1,-0.19,19,1,,
2022,10883,강동연,NC,투수,,RP,30,1,-0.22,26,1,,
2022,14187,최승민,NC,타자,,CF,26,1,-0.27,34,1,,
2022,11135,윤형준,NC,타자,,1B,28,1,-0.34,69,1,,
2022,13082,오영수,NC,타자,,1B,22,1,-0.38,259,1,,
2022,12897,김진호,NC,투수,,RP,24,1,-0.46,128,1,,
2022,10432,김건태,NC,투수,,RP,31,1,-0.47,55,1,,
2022,14220,서호철,NC,타자,,2B,26,1,-0.5,214,1,,
2022,13261,천재환,NC,타자,,CF,28,1,-0.51,36,1,,
2022,10890,김응민,NC,타자,,C,31,1,-0.56,75,1,,
2022,14763,이용준,NC,투수,,RP,20,1,-0.61,66,1,,
2022,11246,박대온,NC,타자,,C,27,1,-0.74,133,1,,
2022,10126,김광현,SSG,투수,,SP,34,5,6.63,520,1,,
2022,10106,최정,SSG,타자,,3B,35,5,5.47,505,1,,
2022,10815,한유섬,SSG,타자,,RF,33,4,4.53,545,1,,
2022,14888,추신수,SSG,타자,,DH,40,5,2.93,499,1,,
2022,10082,이재원,SSG,타자,,C,34,5,0.11,279,1,,
2022,10131,박종훈,SSG,투수,,SP,31,4,0.05,144,1,,
2022,10783,문승원,SSG,투수,,RP,33,4,-0.05,74,1,,
2022,14759,폰트,SSG,투수,Y,SP,32,5,5.78,552,1,,
2022,10108,김강민,SSG,타자,,CF,40,3,1.72,202,1,,
2022,10182,최주환,SSG,타자,,2B,34,4,-0.28,333,1,,
2022,12922,박성한,SSG,타자,,SS,24,2,5.55,564,1,,
2022,15149,모리만도,SSG,투수,Y,SP,30,3,3.09,226,1,,
2022,15151,라가레스,SSG,타자,Y,LF,33,3,1.52,202,1,,
2022,15006,크론,SSG,타자,Y,1B,29,3,-0.32,259,1,,
2022,15007,노바,SSG,투수,Y,SP,35,4,-0.37,191,1,,
2022,14587,최지훈,SSG,타자,,CF,25,2,5.87,640,1,,
2022,10203,노경은,SSG,투수,,RP,38,2,2.49,239,1,,
2022,10609,이태양,SSG,투수,,SP,32,2,2.4,336,1,,
2022,14581,오원석,SSG,투수,,SP,21,2,2.11,432,1,,
2022,10784,서진용,SSG,투수,,CL,30,2,1.16,202,1,,
2022,10636,김성현,SSG,타자,,2B,35,3,-0.06,359,1,,
2022,10707,김민식,SSG,타자,,C,33,1,0.97,204,2,,
2022,13126,최민준,SSG,투수,,RP,23,2,0.65,205,1,,
2022,11373,김택형,SSG,투수,,CL,26,2,0.63,181,1,,
2022,14699,전의산,SSG,타자,,1B,22,1,0.5,266,1,,
2022,10249,오태곤,SSG,타자,,LF,31,1,0.48,295,1,,
2022,14151,최경모,SSG,타자,,3B,26,1,0.44,75,1,,
2022,14804,장지훈,SSG,투수,,RP,24,1,0.44,165,1,,
2022,10124,고효준,SSG,투수,,RP,39,1,0.26,116,1,,
2022,13191,서동민,SSG,투수,,RP,28,1,0.26,63,1,,
2022,12613,안상현,SSG,타자,,2B,25,1,0.22,47,1,,
2022,11236,박민호,SSG,투수,,RP,30,1,0.12,66,1,,
2022,10672,오준혁,SSG,타자,,RF,30,1,0.08,67,1,,
2022,15032,전영준,SSG,투수,,RP,20,1,-0.02,15,1,,
2022,11108,이흥련,SSG,타자,,C,33,1,-0.08,55,1,,
2022,14147,하재훈,SSG,타자,,LF,32,1,-0.12,114,1,,
2022,14858,조요한,SSG,투수,,RP,22,1,-0.12,58,1,,
2022,10427,김상수,SSG,투수,,RP,34,4,-0.17,24,1,,
2022,10133,김태훈,SSG,투수,,RP,32,2,-0.27,16,1,,
2022,13228,한두솔,SSG,투수,,RP,25,1,-0.54,16,1,,
2022,10643,김재환,두산,타자,,LF,34,5,2.5,517,1,,
2022,13061,곽빈,두산,투수,,SP,23,3,2.8,443,1,,
2022,10184,허경민,두산,타자,,3B,32,4,2.56,493,1,,
2022,14999,스탁,두산,투수,Y,SP,33,4,2.07,495,1,,
2022,11098,김인태,두산,타자,,RF,28,1,1.37,279,1,,
2022,10195,정수빈,두산,타자,,CF,32,5,1.28,455,1,,
2022,13927,페르난데스,두산,타자,Y,DH,34,4,0.8,550,1,,
2022,14771,안재석,두산,타자,,SS,20,3,0.71,264,1,,
2022,14170,김대한,두산,타자,,RF,22,3,0.42,110,1,,
2022,12568,이영하,두산,투수,,SP,25,2,0.09,296,1,,
2022,15099,이병헌,두산,투수,,RP,19,3,0.09,15,1,,
2022,14751,미란다,두산,투수,Y,SP,33,5,-0.15,23,1,,
2022,12852,최원준,두산,투수,,SP,28,3,2.73,495,1,,
2022,15153,브랜든,두산,투수,Y,SP,28,3,1.29,195,1,,
2022,11213,양석환,두산,타자,,1B,31,3,0.93,446,1,,
2022,10174,김재호,두산,타자,,SS,37,5,0.36,264,1,,
2022,10299,장원준,두산,투수,,RP,37,2,-0.2,51,1,,
2022,11087,강승호,두산,타자,,2B,28,2,2.88,487,1,,
2022,10891,박세혁,두산,타자,,C,32,2,1.58,402,1,,
2022,12847,김명신,두산,투수,,RP,29,2,0.96,239,1,,
2022,14770,최승용,두산,투수,,SP,21,2,0.62,280,1,,
2022,12850,박치국,두산,투수,,RP,24,2,0.12,35,1,,
2022,10690,김강률,두산,투수,,RP,34,2,-0.44,74,1,,
2022,13071,정철원,두산,투수,,RP,23,2,1.54,218,1,,
2022,14571,안권수,두산,타자,,RF,29,1,0.7,267,1,,
2022,14738,양찬열,두산,타자,,RF,25,1,0.51,94,1,,
2022,11328,안승한,두산,타자,,C,30,1,0.43,39,1,,
2022,10696,홍건희,두산,투수,,CL,30,2,0.34,186,1,,
2022,11300,박정수,두산,투수,,RP,26,1,0.27,59,1,,
2022,13073,전민재,두산,타자,,SS,23,1,0.24,46,1,,
2022,11198,박계범,두산,타자,,3B,26,1,0.2,168,1,,
2022,12970,김민혁,두산,타자,,1B,26,1,0.12,97,1,,
2022,14731,박웅,두산,투수,,RP,25,1,0.07,18,1,,
2022,11097,장승현,두산,타자,,C,28,1,0.04,109,1,,
2022,11159,이형범,두산,투수,,RP,28,1,-0.04,93,1,,
2022,13665,권휘,두산,투수,,RP,22,1,-0.04,28,1,,
2022,10747,김지용,두산,투수,,RP,34,1,-0.1,58,1,,
2022,12894,이유찬,두산,타자,,SS,24,1,-0.24,31,1,,
2022,12524,조수행,두산,타자,,LF,29,1,-0.31,134,1,,
2022,14769,김동주,두산,투수,,RP,20,1,-0.31,50,1,,
2022,11148,강진성,두산,타자,,1B,29,1,-0.32,94,1,,
2022,10178,오재원,두산,타자,,2B,37,3,-0.38,31,1,,
2022,12678,이승진,두산,투수,,RP,27,1,-0.4,94,1,,
2022,10452,임창민,두산,투수,,RP,37,2,-0.42,82,1,,
2022,10221,이현승,두산,투수,,RP,39,2,-0.71,26,1,,
2022,14171,전루건,두산,투수,,RP,22,1,-0.75,28,1,,
2022,13070,박신지,두산,투수,,RP,23,1,-0.76,185,1,,
2022,10885,윤명준,두산,투수,,RP,33,2,-0.96,67,1,,
2022,10251,이대호,롯데,타자,,DH,40,5,3.62,591,1,,
2022,10014,안치홍,롯데,타자,,2B,32,5,3.18,562,1,,
2022,15011,반즈,롯데,투수,Y,SP,27,4,4.46,559,1,,
2022,14627,스트레일리,롯데,투수,Y,SP,34,4,1.9,187,1,,
2022,10266,전준우,롯데,타자,,LF,36,5,1.65,517,1,,
2022,14159,서준원,롯데,투수,,RP,22,3,0.93,180,1,,
2022,14624,최준용,롯데,투수,,RP,21,4,0.92,213,1,,
2022,15009,피터스,롯데,타자,Y,CF,27,4,0.86,354,1,,
2022,15010,스파크맨,롯데,투수,Y,SP,30,4,0.71,254,1,,
2022,14792,김진욱,롯데,투수,,SP,20,4,0.02,140,1,,
2022,15045,이민석,롯데,투수,,RP,19,3,-0.38,101,1,,
2022,13145,한동희,롯데,타자,,3B,23,2,2.84,499,1,,
2022,11310,박세웅,롯데,투수,,SP,27,3,2.82,472,1,,
2022,15152,렉스,롯데,타자,Y,RF,29,3,2.66,251,1,,
2022,10253,정훈,롯데,타자,,1B,35,3,-0.28,340,1,,
2022,11232,이인복,롯데,투수,,SP,31,2,2.6,380,1,,
2022,12930,나균안,롯데,투수,,SP,24,2,2.12,353,1,,
2022,11291,구승민,롯데,투수,,RP,32,2,1.58,186,1,,
2022,10825,김원중,롯데,투수,,CL,29,2,0.5,129,1,,
2022,14160,고승민,롯데,타자,,RF,22,1,1.93,262,1,,
2022,13148,김도규,롯데,투수,,RP,24,2,0.71,153,1,,
2022,14169,신윤후,롯데,타자,,RF,26,1,0.51,73,1,,
2022,11413,지시완,롯데,타자,,C,28,1,0.45,199,1,,
2022,12931,김민수,롯데,타자,,3B,26,1,0.19,156,1,,
2022,10804,박승욱,롯데,타자,,SS,30,1,0.09,228,1,,
2022,14642,황성빈,롯데,타자,,CF,25,1,0,353,1,,
2022,10423,강윤구,롯데,투수,,RP,32,2,-0.05,64,1,,
2022,11329,안중열,롯데,타자,,C,27,1,-0.13,84,1,,
2022,10271,김대우,롯데,투수,,RP,38,1,-0.13,30,1,,
2022,10301,진명호,롯데,투수,,RP,33,2,-0.16,49,1,,
2022,14601,이강준,롯데,투수,,RP,21,1,-0.16,29,1,,
2022,15047,진승현,롯데,투수,,RP,19,1,-0.2,27,1,,
2022,13094,추재현,롯데,타자,,RF,23,1,-0.21,66,1,,
2022,11299,문경찬,롯데,투수,,RP,30,2,-0.23,121,1,,
2022,15051,한태양,롯데,타자,,SS,19,1,-0.29,72,1,,
2022,13151,이호연,롯데,타자,,3B,27,1,-0.33,222,1,,
2022,11388,강태율,롯데,타자,,C,26,1,-0.47,38,1,,
2022,13279,배성근,롯데,타자,,2B,27,1,-0.47,41,1,,
2022,14114,이학주,롯데,타자,,SS,32,1,-0.63,260,1,,
2022,13154,정보근,롯데,타자,,C,23,1,-0.71,226,1,,
2022,15046,조세진,롯데,타자,,RF,19,1,-0.81,88,1,,
2022,11229,김유영,롯데,투수,,RP,28,2,-0.99,153,1,,
2022,10367,오승환,삼성,투수,,CL,40,4,1.34,171,1,,
2022,10892,구자욱,삼성,타자,,RF,29,5,1.08,442,1,,
2022,14757,피렐라,삼성,타자,Y,LF,33,4,6.65,630,1,,
2022,15001,수아레즈,삼성,투수,Y,SP,33,4,5.54,521,1,,
2022,14617,뷰캐넌,삼성,투수,Y,SP,33,5,4.85,480,1,,
2022,14113,원태인,삼성,투수,,SP,22,4,3.8,496,1,,
2022,10400,오재일,삼성,타자,,1B,36,4,2.53,536,1,,
2022,10232,강민호,삼성,타자,,C,37,4,1.87,444,1,,
2022,10363,백정현,삼성,투수,,SP,35,5,1.18,374,1,,
2022,14798,이승현,삼성,투수,,RP,20,3,0.15,143,1,,
2022,12530,최충연,삼성,투수,,RP,25,2,0.03,115,1,,
2022,13157,양창섭,삼성,투수,,SP,23,3,-0.2,61,1,,
2022,15034,이재현,삼성,타자,,SS,19,3,-0.25,239,1,,
2022,14615,황동재,삼성,투수,,SP,21,3,-0.56,199,1,,
2022,10320,김상수,삼성,타자,,SS,32,2,-0.23,260,1,,
2022,14618,김지찬,삼성,타자,,2B,21,2,2.98,429,1,,
2022,14867,김현준,삼성,타자,,CF,20,2,1.95,422,1,,
2022,10523,우규민,삼성,투수,,RP,37,4,0.45,141,1,,
2022,11255,강한울,삼성,타자,,3B,31,1,1.71,252,1,,
2022,10459,김태군,삼성,타자,,C,33,2,1.29,235,1,,
2022,11344,김재성,삼성,타자,,DH,26,1,1.28,185,1,,
2022,10180,이원석,삼성,타자,,3B,36,4,1.19,335,1,,
2022,13242,홍정우,삼성,투수,,RP,26,1,0.58,80,1,,
2022,10527,이승현,삼성,투수,,RP,31,2,0.53,150,1,,
2022,12885,문용익,삼성,투수,,RP,27,1,0.32,113,1,,
2022,14616,이승민,삼성,투수,,RP,22,1,0.19,16,1,,
2022,10557,오선진,삼성,타자,,3B,33,1,0.15,306,1,,
2022,13152,최하늘,삼성,투수,,RP,23,1,0.14,101,1,,
2022,14668,박주혁,삼성,투수,,RP,21,1,0.14,20,1,,
2022,14122,박승규,삼성,타자,,CF,22,1,0.09,83,1,,
2022,15036,김재혁,삼성,타자,,LF,23,1,0.07,39,1,,
2022,13162,김무신,삼성,투수,,RP,23,1,0.03,105,1,,
2022,14613,허윤동,삼성,투수,,SP,21,1,0.03,165,1,,
2022,11404,장필준,삼성,투수,,RP,34,2,-0.04,90,1,,
2022,11220,박정준,삼성,투수,,RP,30,1,-0.06,30,1,,
2022,12558,임대한,삼성,투수,,RP,29,1,-0.12,41,1,,
2022,10934,최영진,삼성,타자,,3B,34,1,-0.13,91,1,,
2022,12562,이성규,삼성,타자,,DH,29,1,-0.16,34,1,,
2022,11169,이상민,삼성,투수,,RP,32,1,-0.18,88,1,,
2022,13244,이재익,삼성,투수,,RP,28,1,-0.2,100,1,,
2022,12936,김성윤,삼성,타자,,CF,23,1,-0.28,49,1,,
2022,14121,이해승,삼성,타자,,SS,22,1,-0.42,106,1,,
2022,12548,김동엽,삼성,타자,,DH,32,2,-0.48,100,1,,
2022,11200,송준석,삼성,타자,,RF,28,1,-0.61,32,1,,
2022,10640,김헌곤,삼성,타자,,CF,34,2,-2.3,239,1,,
2022,12906,이정후,키움,타자,,CF,24,5,8.77,627,1,,
2022,10035,이용규,키움,타자,,LF,37,3,-0.64,326,1,,
2022,13091,안우진,키움,투수,,SP,23,4,7.77,588,1,,
2022,13940,요키시,키움,투수,Y,SP,33,5,5.74,556,1,,
2022,12905,김혜성,키움,타자,,2B,23,4,5.2,566,1,,
2022,15004,푸이그,키움,타자,Y,RF,32,4,3.46,547,1,,
2022,15005,애플러,키움,투수,Y,SP,29,4,2.14,421,1,,
2022,11379,최원태,키움,투수,,SP,25,2,1.9,317,1,,
2022,10863,한현희,키움,투수,,SP,29,2,0.91,233,1,,
2022,14580,박주홍,키움,타자,,LF,21,3,-0.04,57,1,,
2022,14784,장재영,키움,투수,,RP,20,4,-0.14,42,1,,
2022,10387,박동원,키움,타자,,C,32,2,0.21,40,1,,
2022,11376,송성문,키움,타자,,3B,26,2,1.68,601,1,,
2022,10312,이지영,키움,타자,,C,36,3,1.13,450,1,,
2022,14785,김휘집,키움,타자,,SS,20,2,0.96,393,1,,
2022,12865,이승호,키움,투수,,RP,23,2,0.75,151,1,,
2022,10533,정찬헌,키움,투수,,SP,32,2,0.38,262,1,,
2022,11182,김준완,키움,타자,,LF,31,2,-0.5,398,1,,
2022,12858,김재웅,키움,투수,,RP,24,2,2.6,188,1,,
2022,10437,문성현,키움,투수,,RP,31,2,0.94,124,1,,
2022,10871,김태훈,키움,투수,,RP,30,2,0.42,129,1,,
2022,14848,김준형,키움,투수,,RP,20,1,0.35,40,1,,
2022,12989,박승주,키움,투수,,RP,28,1,0.33,75,1,,
2022,14695,신준우,키움,타자,,SS,21,1,0.27,54,1,,
2022,11225,임지열,키움,타자,,LF,27,1,0.23,148,1,,
2022,12503,김웅빈,키움,타자,,DH,26,1,0.23,135,1,,
2022,14674,김동혁,키움,투수,,RP,21,1,0.17,80,1,,
2022,11422,전병우,키움,타자,,1B,30,1,0.03,231,1,,
2022,14131,윤정현,키움,투수,,RP,29,1,0.01,68,1,,
2022,15073,이명종,키움,투수,,RP,20,1,0.01,82,1,,
2022,13092,김선기,키움,투수,,RP,31,1,-0.01,110,1,,
2022,14214,김주형,키움,타자,,SS,26,1,-0.06,130,1,,
2022,11244,김태진,키움,타자,,1B,27,1,-0.07,272,1,,
2022,12997,이영준,키움,투수,,RP,31,1,-0.07,63,1,,
2022,12859,이병규,키움,타자,,1B,28,1,-0.21,40,1,,
2022,13096,김수환,키움,타자,,1B,24,1,-0.21,168,1,,
2022,10730,양현,키움,투수,,RP,30,1,-0.25,110,1,,
2022,14130,박주성,키움,투수,,RP,22,1,-0.26,39,1,,
2022,11260,박준태,키움,타자,,RF,31,1,-0.29,84,1,,
2022,10870,김재현,키움,타자,,C,29,1,-0.36,88,1,,
2022,14855,이주형,키움,타자,,DH,20,1,-0.38,85,1,,
2022,15068,박찬혁,키움,타자,,DH,19,1,-0.68,175,1,,
2022,11222,하영민,키움,투수,,RP,27,1,-0.77,118,1,,
2022,14849,김성진,키움,투수,,RP,25,1,-0.93,65,1,,
2022,15012,터크먼,한화,타자,Y,CF,32,4,4.27,648,1,,
2022,13137,정은원,한화,타자,,2B,22,4,3.21,601,1,Y,
2022,10170,최재훈,한화,타자,,C,33,5,2.3,437,1,,
2022,14125,노시환,한화,타자,,3B,22,3,1.94,490,1,,
2022,10913,하주석,한화,타자,,SS,28,2,0.91,483,1,,
2022,14760,카펜터,한화,투수,Y,SP,32,4,0.59,54,1,,
2022,14582,킹험,한화,투수,Y,SP,31,4,0.45,49,1,,
2022,10156,정우람,한화,투수,,RP,37,4,0.24,55,1,,
2022,15013,문동주,한화,투수,,RP,19,4,0.14,86,1,,
2022,14124,변우혁,한화,타자,,1B,22,3,-0.03,61,1,,
2022,15014,박준영,한화,투수,,RP,19,3,-0.23,33,1,,
2022,11410,김민우,한화,투수,,SP,27,3,2.86,489,1,,
2022,15146,페냐,한화,투수,Y,SP,32,3,1.31,203,1,,
2022,15145,라미레즈,한화,투수,Y,SP,29,3,1.13,196,1,,
2022,10610,장민재,한화,투수,,SP,32,2,2.89,380,1,,
2022,12589,김인환,한화,타자,,1B,28,2,1.13,429,1,,
2022,12585,김태연,한화,타자,,3B,25,2,0.93,464,1,,
2022,11268,노수광,한화,타자,,LF,32,2,0.73,361,1,,
2022,14708,강재민,한화,투수,,RP,25,2,0.3,154,1,,
2022,14619,남지민,한화,투수,,SP,21,2,-0.19,267,1,,
2022,11110,윤대경,한화,투수,,SP,28,2,-0.58,226,1,,
2022,14196,윤산흠,한화,투수,,RP,23,1,0.93,101,1,,
2022,14704,박정현,한화,타자,,SS,21,1,0.92,220,1,,
2022,11411,김범수,한화,투수,,RP,27,2,0.54,198,1,,
2022,11122,장운호,한화,타자,,RF,28,1,0.47,146,1,,
2022,10453,장시환,한화,투수,,RP,35,2,0.34,191,1,,
2022,12871,박상원,한화,투수,,RP,28,1,0.2,36,1,,
2022,12583,장진혁,한화,타자,,RF,29,1,0.17,132,1,,
2022,14129,박윤철,한화,투수,,SP,26,1,0.07,100,1,,
2022,14621,한승주,한화,투수,,RP,21,1,0.03,47,1,,
2022,12655,류희운,한화,투수,,RP,27,1,0,18,2,,
2022,13003,이민우,한화,투수,,RP,29,1,-0.01,122,1,,
2022,13676,권광민,한화,타자,,LF,25,1,-0.03,87,1,,
2022,13135,이승관,한화,투수,,RP,23,1,-0.06,16,1,,
2022,11170,윤호솔,한화,투수,,RP,28,2,-0.07,127,1,,
2022,14871,김규연,한화,투수,,RP,20,1,-0.07,41,1,,
2022,15141,유상빈,한화,타자,,LF,22,1,-0.08,49,1,,
2022,11206,이성곤,한화,타자,,1B,30,1,-0.13,117,1,,
2022,12587,박상언,한화,타자,,C,25,1,-0.13,151,1,,
2022,14808,김기중,한화,투수,,SP,20,1,-0.14,36,1,,
2022,10516,신정락,한화,투수,,RP,35,1,-0.16,141,1,,
2022,12539,이진영,한화,타자,,RF,25,1,-0.24,240,1,,
2022,14706,임종찬,한화,타자,,RF,21,1,-0.28,57,1,,
2022,13138,이원석,한화,타자,,CF,23,1,-0.41,39,1,,
2022,12547,김재영,한화,투수,,RP,29,1,-0.5,90,1,,
2022,11414,이도윤,한화,타자,,SS,26,1,-0.57,126,1,,
2022,11117,김종수,한화,투수,,RP,28,2,-0.81,135,1,,
2022,14126,유로결,한화,타자,,LF,22,1,-0.87,68,1,,
2022,11415,주현상,한화,투수,,RP,30,1,-0.94,166,1,,
2023,14996,소크라테스,KIA,타자,Y,CF,31,5,4,608,1,,
2023,11162,나성범,KIA,타자,,RF,34,5,3.68,253,1,,
2023,10058,양현종,KIA,투수,,SP,35,5,3.59,513,1,,
2023,14608,정해영,KIA,투수,,CL,22,3,1.3,148,1,,
2023,10344,최형우,KIA,타자,,DH,40,4,3.85,508,1,,
2023,15056,김도영,KIA,타자,,3B,20,4,3.76,385,1,,
2023,14788,이의리,KIA,투수,,SP,21,4,2.85,395,1,,
2023,10008,김선빈,KIA,타자,,2B,34,5,2.71,473,1,,
2023,15432,윤영철,KIA,투수,,SP,19,4,2.45,368,1,,
2023,15147,파노니,KIA,투수,Y,SP,29,4,1.77,247,1,,
2023,14176,김기훈,KIA,투수,,RP,23,3,-0.31,94,1,,
2023,15533,앤더슨,KIA,투수,Y,SP,29,3,1.33,237,1,,
2023,15648,산체스,KIA,투수,Y,SP,29,3,0.13,191,1,,
2023,15534,메디나,KIA,투수,Y,SP,27,3,0.06,174,1,,
2023,11261,박찬호,KIA,타자,,SS,28,2,4.23,507,1,,
2023,11099,이우성,KIA,타자,,RF,29,2,2.37,400,1,,
2023,10909,임기영,KIA,투수,,RP,30,2,2.06,246,1,,
2023,12537,전상현,KIA,투수,,RP,27,2,1.67,176,1,,
2023,11164,장현식,KIA,투수,,RP,28,2,0.5,153,1,,
2023,12534,최원준,KIA,타자,,1B,26,1,0.36,274,1,,
2023,10894,류지혁,KIA,타자,,3B,29,2,-0.02,253,1,,
2023,11233,이창진,KIA,타자,,LF,32,1,1.41,284,1,,
2023,11303,이준영,KIA,투수,,RP,31,2,0.85,101,1,,
2023,15057,최지민,KIA,투수,,RP,20,2,0.75,178,1,,
2023,10659,고종욱,KIA,타자,,LF,34,1,0.57,286,1,,
2023,13113,한준수,KIA,타자,,C,24,1,0.54,94,1,,
2023,12540,김규성,KIA,타자,,2B,26,1,0.53,177,1,,
2023,13122,윤중현,KIA,투수,,RP,28,1,0.41,84,1,,
2023,11298,김호령,KIA,타자,,CF,31,1,0.2,107,1,,
2023,11407,최정용,KIA,타자,,2B,27,1,0.16,41,1,,
2023,12637,김승현,KIA,투수,,RP,31,1,0.16,38,1,,
2023,11070,박준표,KIA,투수,,RP,31,1,0.08,84,1,,
2023,10706,김대유,KIA,투수,,RP,32,2,0.04,74,1,,
2023,12944,김건국,KIA,투수,,SP,35,1,-0.03,48,1,,
2023,15063,황동하,KIA,투수,,RP,21,1,-0.12,94,1,,
2023,15435,곽도규,KIA,투수,,RP,19,1,-0.19,35,1,,
2023,10459,김태군,KIA,타자,,C,34,2,-0.2,203,2,,
2023,12541,신범수,KIA,타자,,C,25,1,-0.2,100,1,,
2023,14181,오선우,KIA,타자,,1B,27,1,-0.22,31,1,,
2023,11306,황대인,KIA,타자,,1B,27,1,-0.25,199,1,,
2023,13114,김유신,KIA,투수,,RP,24,1,-0.25,91,1,,
2023,14124,변우혁,KIA,타자,,1B,23,1,-0.31,226,1,,
2023,12567,주효상,KIA,타자,,C,26,1,-0.5,36,1,,
2023,11119,한승택,KIA,타자,,C,29,1,-0.55,104,1,,
2023,14747,김재열,KIA,투수,,RP,27,1,-0.74,35,1,,
2023,13168,강백호,KT,타자,,DH,24,4,0.76,271,1,,
2023,13942,쿠에바스,KT,투수,Y,SP,33,4,4.67,343,1,,
2023,15144,알포드,KT,타자,Y,LF,29,5,3.98,547,1,,
2023,10235,장성우,KT,타자,,C,33,4,3.4,464,1,,
2023,10407,황재균,KT,타자,,3B,36,5,3.24,457,1,,
2023,15143,벤자민,KT,투수,Y,SP,30,5,3.14,480,1,,
2023,11318,엄상백,KT,투수,,SP,27,2,3.06,335,1,,
2023,10470,박병호,KT,타자,,1B,37,4,2.75,493,1,,
2023,15089,박영현,KT,투수,,RP,20,4,2.39,226,1,,
2023,10320,김상수,KT,타자,,SS,33,4,2.35,512,1,,
2023,14106,전용주,KT,투수,,RP,23,3,0.3,31,1,,
2023,13167,김민,KT,투수,,RP,24,1,-0.21,87,1,,
2023,14600,소형준,KT,투수,,SP,22,4,-0.23,33,1,,
2023,11308,고영표,KT,투수,,SP,32,4,6.05,524,1,,
2023,11489,김재윤,KT,투수,,CL,33,2,2.51,197,1,,
2023,11394,배제성,KT,투수,,SP,27,2,2.26,391,1,,
2023,15542,슐서,KT,투수,Y,SP,29,3,0.35,149,1,,
2023,11339,김민혁,KT,타자,,RF,28,2,2.63,448,1,,
2023,14108,손동현,KT,투수,,RP,22,2,1.81,221,1,,
2023,11212,배정대,KT,타자,,CF,28,2,1.73,361,1,,
2023,11323,주권,KT,투수,,RP,28,2,0.3,141,1,,
2023,10469,박경수,KT,타자,,2B,39,2,0.2,221,1,,
2023,12943,조용호,KT,타자,,RF,34,1,-0.12,184,1,,
2023,11317,김민수,KT,투수,,RP,31,2,-0.13,39,1,,
2023,13151,이호연,KT,타자,,2B,28,1,1.02,234,1,,
2023,14109,이상동,KT,투수,,RP,28,1,0.71,122,1,,
2023,11397,오윤석,KT,타자,,1B,31,1,0.57,223,1,,
2023,15519,정준영,KT,타자,,CF,19,1,0.39,55,1,,
2023,10840,신본기,KT,타자,,SS,34,2,0.29,75,1,,
2023,14111,이선우,KT,투수,,RP,23,1,0.26,112,1,,
2023,14869,김영현,KT,투수,,RP,21,1,0.22,99,1,,
2023,15527,강건,KT,투수,,RP,19,1,0.19,20,1,,
2023,11214,장준원,KT,타자,,SS,28,1,0.17,104,1,,
2023,12941,홍현빈,KT,타자,,CF,26,1,0.15,86,1,,
2023,13006,안치영,KT,타자,,RF,25,1,0.15,136,1,,
2023,12572,박세진,KT,투수,,RP,26,1,0.03,35,1,,
2023,10835,김준태,KT,타자,,C,29,1,0.01,136,1,,
2023,10304,하준호,KT,투수,,RP,34,1,0.01,39,1,,
2023,15518,김정운,KT,투수,,RP,19,1,0.01,21,1,,
2023,13130,이채호,KT,투수,,RP,25,1,-0.09,74,1,,
2023,12577,김태오,KT,투수,,RP,26,1,-0.22,22,1,,
2023,11333,문상철,KT,타자,,DH,32,1,-0.24,330,1,,
2023,14603,강현우,KT,타자,,C,22,1,-0.26,111,1,,
2023,12526,이시원,KT,타자,,RF,27,1,-0.31,32,1,,
2023,11284,조이현,KT,투수,,RP,28,1,-0.47,105,1,,
2023,11147,이상호,KT,타자,,2B,34,1,-0.6,60,1,,
2023,12546,홍창기,LG,타자,,RF,30,3,6.89,643,1,,2→3
2023,10475,오지환,LG,타자,,SS,33,5,5.17,502,1,,
2023,15003,플럿코,LG,투수,Y,SP,32,5,4.44,370,1,,
2023,13934,켈리,LG,투수,Y,SP,34,5,3.37,536,1,,
2023,10187,김현수,LG,타자,,DH,35,5,1.69,556,1,,
2023,12907,고우석,LG,투수,,CL,25,4,0.66,132,1,,
2023,15532,오스틴,LG,타자,Y,1B,30,4,5.13,583,1,,
2023,11190,박해민,LG,타자,,CF,33,5,3.46,558,1,,
2023,10652,임찬규,LG,투수,,SP,31,2,3.29,434,1,,
2023,14588,김윤식,LG,투수,,SP,23,4,1.44,224,1,,
2023,14134,이정용,LG,투수,,SP,27,3,0.9,260,1,,
2023,14589,이민호,LG,투수,,SP,22,4,0.05,59,1,,
2023,14780,강효종,LG,투수,,SP,21,3,-0.06,65,1,,
2023,11379,최원태,LG,투수,,RP,26,2,-0.21,133,2,,
2023,10855,서건창,LG,타자,,2B,34,2,-0.85,126,1,,
2023,10387,박동원,LG,타자,,C,33,5,4.26,481,1,,
2023,14137,문보경,LG,타자,,3B,23,2,4.12,542,1,,
2023,14136,정우영,LG,투수,,RP,24,3,-0.72,155,1,,
2023,13112,문성주,LG,타자,,LF,26,2,3.69,534,1,,
2023,11094,함덕주,LG,투수,,RP,28,2,2.41,167,1,,
2023,11166,김진성,LG,투수,,RP,38,2,2.14,211,1,,
2023,13009,백승현,LG,투수,,RP,28,1,1.94,120,1,,
2023,10238,김민성,LG,타자,,2B,35,2,1.68,316,1,,
2023,14669,유영찬,LG,투수,,RP,26,2,1.35,204,1,,
2023,13056,신민재,LG,타자,,2B,27,1,1.25,331,1,,
2023,10749,이우찬,LG,투수,,RP,31,1,0.87,115,1,,
2023,10535,최동환,LG,투수,,RP,34,1,0.67,127,1,,
2023,13245,이상규,LG,투수,,RP,27,1,0.21,23,1,,
2023,14143,이지강,LG,투수,,SP,24,1,0.21,204,1,,
2023,14135,이상영,LG,투수,,RP,23,1,0.12,33,1,,
2023,13104,이재원,LG,타자,,LF,24,1,0.05,129,1,,
2023,10075,진해수,LG,투수,,RP,37,2,0.04,44,1,,
2023,12860,오석주,LG,투수,,RP,25,1,-0.02,30,1,,
2023,10684,허도환,LG,타자,,C,39,2,-0.03,81,1,,
2023,15486,박명근,LG,투수,,RP,19,2,-0.1,154,1,,
2023,12908,손주영,LG,투수,,SP,25,1,-0.16,26,1,,
2023,14590,손호영,LG,타자,,SS,29,1,-0.34,45,1,,
2023,12549,김기연,LG,타자,,C,26,1,-0.63,40,1,,
2023,10480,정주현,LG,타자,,1B,33,1,-0.83,101,1,,
2023,11137,박민우,NC,타자,,2B,30,5,4.53,509,1,,
2023,10189,박건우,NC,타자,,RF,33,5,4.05,533,1,,
2023,15535,페디,NC,투수,Y,SP,30,5,7.63,541,1,,
2023,10261,손아섭,NC,타자,,DH,35,4,4.46,609,1,,
2023,15537,마틴,NC,타자,Y,CF,28,4,3.55,503,1,,
2023,11353,구창모,NC,투수,,SP,26,5,1.66,155,1,,
2023,10891,박세혁,NC,타자,,C,33,5,1.22,283,1,,
2023,10220,이재학,NC,투수,,SP,33,3,1.06,202,1,,
2023,10217,이용찬,NC,투수,,CL,34,4,1.03,183,1,,
2023,14155,송명기,NC,투수,,SP,23,3,0.84,313,1,,
2023,12898,김태현,NC,투수,,RP,25,3,0.06,61,1,,
2023,13080,김시훈,NC,투수,,RP,24,3,0.04,158,1,,
2023,14595,정구범,NC,투수,,SP,23,4,-0.11,38,1,,
2023,10322,박석민,NC,타자,,3B,38,2,-0.5,107,1,,
2023,14765,김주원,NC,타자,,SS,21,2,2.3,474,1,,
2023,15653,태너,NC,투수,Y,SP,29,3,1.81,194,1,,
2023,15536,와이드너,NC,투수,Y,SP,29,3,0.75,185,1,,
2023,14220,서호철,NC,타자,,3B,27,2,2.3,435,1,,
2023,11172,권희동,NC,타자,,LF,33,2,2.06,373,1,,
2023,13085,신민혁,NC,투수,,SP,24,2,1.93,366,1,,
2023,11355,류진욱,NC,투수,,RP,27,2,2.43,201,1,,
2023,12560,도태훈,NC,타자,,3B,30,1,1.83,302,1,,
2023,13088,김영규,NC,투수,,RP,23,2,1.22,185,1,,
2023,12565,최성영,NC,투수,,SP,26,1,0.89,200,1,,
2023,13081,김형준,NC,타자,,C,24,1,0.75,82,1,,
2023,14763,이용준,NC,투수,,SP,21,1,0.55,201,1,,
2023,12897,김진호,NC,투수,,RP,25,1,0.46,49,1,,
2023,11153,김성욱,NC,타자,,LF,30,1,0.43,204,1,,
2023,14221,최정원,NC,타자,,2B,23,1,0.36,56,1,,
2023,11168,임정호,NC,투수,,RP,33,2,0.32,150,1,,
2023,13115,하준영,NC,투수,,RP,24,2,0.32,147,1,,
2023,15119,조민석,NC,투수,,RP,25,1,0.27,93,1,,
2023,11246,박대온,NC,타자,,C,28,1,0.22,33,1,,
2023,11135,윤형준,NC,타자,,1B,29,1,0.08,236,1,,
2023,14156,전사민,NC,투수,,RP,24,1,0.06,51,1,,
2023,13261,천재환,NC,타자,,CF,29,1,0.04,179,1,,
2023,14764,한재승,NC,투수,,RP,22,1,-0.02,29,1,,
2023,15455,이준호,NC,투수,,RP,23,1,-0.03,95,1,,
2023,13082,오영수,NC,타자,,1B,23,1,-0.17,238,1,,
2023,11329,안중열,NC,타자,,C,28,1,-0.19,177,1,,
2023,13250,한석현,NC,타자,,LF,29,1,-0.25,66,1,,
2023,14158,배민서,NC,투수,,RP,24,1,-0.26,20,1,,
2023,14716,김한별,NC,타자,,SS,22,1,-0.4,105,1,,
2023,10106,최정,SSG,타자,,3B,36,5,5.42,552,1,,
2023,10126,김광현,SSG,투수,,SP,35,5,3.63,505,1,,
2023,14888,추신수,SSG,타자,,DH,41,5,1.78,462,1,,
2023,10815,한유섬,SSG,타자,,RF,34,5,0.84,388,1,,
2023,10131,박종훈,SSG,투수,,SP,32,5,0.11,240,1,,
2023,15530,에레디아,SSG,타자,Y,LF,32,5,3.95,523,1,,
2023,15644,엘리아스,SSG,투수,Y,SP,35,4,2.92,394,1,,
2023,15528,맥카티,SSG,투수,Y,SP,28,4,2.87,390,1,,
2023,14581,오원석,SSG,투수,,SP,22,2,1.06,434,1,,
2023,10182,최주환,SSG,타자,,2B,35,4,1,478,1,,
2023,10783,문승원,SSG,투수,,SP,34,4,0.6,315,1,,
2023,10108,김강민,SSG,타자,,CF,41,3,0.12,166,1,,
2023,15461,이로운,SSG,투수,,RP,19,3,-0.19,173,1,,
2023,10082,이재원,SSG,타자,,C,35,3,-0.72,48,1,,
2023,12922,박성한,SSG,타자,,SS,25,3,3.66,529,1,,
2023,14587,최지훈,SSG,타자,,CF,26,4,1.3,503,1,,
2023,10784,서진용,SSG,투수,,CL,31,2,2.65,219,1,,
2023,10203,노경은,SSG,투수,,RP,39,2,1.62,249,1,,
2023,10636,김성현,SSG,타자,,2B,36,3,1.23,354,1,,
2023,14147,하재훈,SSG,타자,,LF,33,1,2.52,229,1,,
2023,10707,김민식,SSG,타자,,C,34,1,1.38,318,1,,
2023,10124,고효준,SSG,투수,,RP,40,2,0.67,174,1,,
2023,11242,이건욱,SSG,투수,,RP,28,1,0.61,116,1,,
2023,13128,최준우,SSG,타자,,2B,24,1,0.37,69,1,,
2023,10249,오태곤,SSG,타자,,1B,32,3,0.34,305,1,,
2023,14145,백승건,SSG,투수,,RP,23,1,0.25,114,1,,
2023,11236,박민호,SSG,투수,,RP,31,1,0.24,30,1,,
2023,13126,최민준,SSG,투수,,RP,24,2,0.22,180,1,,
2023,13195,최상민,SSG,타자,,CF,24,1,0.16,41,1,,
2023,11148,강진성,SSG,타자,,1B,30,1,0.1,142,1,,
2023,13125,조성훈,SSG,투수,,SP,24,1,0.01,21,1,,
2023,12613,안상현,SSG,타자,,2B,26,1,-0.03,66,1,,
2023,12622,김찬형,SSG,타자,,3B,26,1,-0.04,53,1,,
2023,15024,신헌민,SSG,투수,,RP,21,1,-0.07,36,1,,
2023,15462,송영진,SSG,투수,,SP,19,1,-0.17,142,1,,
2023,10795,임준섭,SSG,투수,,RP,34,1,-0.26,98,1,,
2023,10810,최항,SSG,타자,,1B,29,1,-0.28,35,1,,
2023,14699,전의산,SSG,타자,,1B,23,1,-0.29,153,1,,
2023,14806,조형우,SSG,타자,,C,21,1,-0.35,133,1,,
2023,13194,이정범,SSG,타자,,DH,25,1,-0.4,33,1,,
2023,10165,양의지,두산,타자,,C,36,5,6.18,510,1,,
2023,13941,알칸타라,두산,투수,Y,SP,31,5,5.36,576,1,,
2023,10195,정수빈,두산,타자,,CF,33,5,4.4,583,1,,
2023,13061,곽빈,두산,투수,,SP,24,3,3.92,382,1,,
2023,15153,브랜든,두산,투수,Y,SP,29,4,3.3,314,1,,
2023,10174,김재호,두산,타자,,SS,38,5,2.97,302,1,,
2023,15539,로하스,두산,타자,Y,LF,30,4,2.59,464,1,,
2023,10184,허경민,두산,타자,,3B,33,4,2.14,475,1,,
2023,12522,박준영,두산,타자,,3B,26,3,1.39,138,1,,
2023,10643,김재환,두산,타자,,DH,35,4,0.45,484,1,,
2023,11098,김인태,두산,타자,,RF,29,1,0.38,115,1,,
2023,14771,안재석,두산,타자,,SS,21,3,0.1,68,1,,
2023,15099,이병헌,두산,투수,,RP,20,3,-0.17,81,1,,
2023,12568,이영하,두산,투수,,RP,26,1,-0.35,118,1,,
2023,14170,김대한,두산,타자,,RF,23,3,-0.82,89,1,,
2023,11213,양석환,두산,타자,,1B,32,2,2.92,582,1,,
2023,12852,최원준,두산,투수,,SP,29,2,1.13,323,1,,
2023,10299,장원준,두산,투수,,SP,38,2,0.05,123,1,,
2023,15538,딜런,두산,투수,Y,SP,27,3,-0.05,27,1,,
2023,14770,최승용,두산,투수,,SP,22,2,1.69,333,1,,
2023,14769,김동주,두산,투수,,SP,21,2,1.62,235,1,,
2023,11087,강승호,두산,타자,,2B,29,2,1.54,459,1,,
2023,12847,김명신,두산,투수,,RP,30,2,1.14,237,1,,
2023,10696,홍건희,두산,투수,,CL,31,2,1.04,185,1,,
2023,12894,이유찬,두산,타자,,2B,25,1,0.88,239,1,,
2023,12850,박치국,두산,투수,,RP,25,2,0.59,158,1,,
2023,10690,김강률,두산,투수,,RP,35,2,0.41,77,1,,
2023,14738,양찬열,두산,타자,,RF,26,1,0.13,99,1,,
2023,11300,박정수,두산,투수,,RP,27,1,0.08,110,1,,
2023,15127,최지강,두산,투수,,RP,22,1,0.08,66,1,,
2023,13072,김민규,두산,투수,,RP,24,1,0.06,25,1,,
2023,13071,정철원,두산,투수,,RP,24,4,0.01,218,1,,
2023,12524,조수행,두산,타자,,RF,30,1,-0.03,249,1,,
2023,13070,박신지,두산,투수,,RP,24,1,-0.03,78,1,,
2023,14172,송승환,두산,타자,,LF,23,1,-0.09,76,1,,
2023,12605,고봉재,두산,투수,,RP,30,1,-0.14,34,1,,
2023,12970,김민혁,두산,타자,,1B,27,1,-0.2,36,1,,
2023,12606,홍성호,두산,타자,,RF,26,1,-0.21,51,1,,
2023,13124,김정우,두산,투수,,RP,24,1,-0.21,20,1,,
2023,11198,박계범,두산,타자,,SS,27,1,-0.31,194,1,,
2023,15509,김유성,두산,투수,,RP,21,1,-0.32,19,1,,
2023,11097,장승현,두산,타자,,C,29,1,-0.56,158,1,,
2023,14175,김태근,두산,타자,,RF,27,1,-0.73,55,1,,
2023,11159,이형범,두산,투수,,RP,29,1,-1.01,83,1,,
2023,15011,반즈,롯데,투수,Y,SP,28,5,4.85,511,1,,
2023,11310,박세웅,롯데,투수,,SP,28,5,3.68,462,1,,
2023,10014,안치홍,롯데,타자,,2B,33,5,2.38,494,1,,
2023,10266,전준우,롯데,타자,,DH,37,5,3.53,559,1,,
2023,10753,유강남,롯데,타자,,C,31,5,2.41,403,1,,
2023,11165,노진혁,롯데,타자,,SS,34,5,2.39,390,1,,
2023,14624,최준용,롯데,투수,,RP,22,4,1.47,143,1,,
2023,14627,스트레일리,롯데,투수,Y,SP,35,5,1.38,241,1,,
2023,11311,심재민,롯데,투수,,RP,29,2,1.04,137,1,,
2023,10863,한현희,롯데,투수,,SP,30,4,0.55,312,1,,
2023,15152,렉스,롯데,타자,Y,RF,30,5,0.13,234,1,,
2023,15253,김민석,롯데,타자,,CF,19,3,0.1,454,1,,
2023,14792,김진욱,롯데,투수,,RP,21,4,-0.22,109,1,,
2023,12295,윌커슨,롯데,투수,Y,SP,34,3,2.6,239,1,,
2023,15651,구드럼,롯데,타자,Y,3B,31,3,0.4,201,1,,
2023,13145,한동희,롯데,타자,,3B,24,2,-1.71,353,1,,
2023,12930,나균안,롯데,투수,,SP,25,2,2.9,391,1,,
2023,10253,정훈,롯데,타자,,1B,36,3,0.78,233,1,,
2023,15048,윤동희,롯데,타자,,RF,20,2,0.36,423,1,,
2023,10804,박승욱,롯데,타자,,2B,31,1,1.88,338,1,,
2023,10427,김상수,롯데,투수,,RP,35,4,1.53,156,1,,
2023,13154,정보근,롯데,타자,,C,24,1,1.37,101,1,,
2023,10825,김원중,롯데,투수,,CL,30,3,1.28,191,1,,
2023,14571,안권수,롯데,타자,,LF,30,1,1.02,309,1,,
2023,11291,구승민,롯데,투수,,RP,33,2,0.81,191,1,,
2023,14796,손성빈,롯데,타자,,C,21,1,0.3,80,1,,
2023,13148,김도규,롯데,투수,,RP,25,1,0.24,89,1,,
2023,15445,석상호,롯데,투수,,RP,23,1,0.22,16,1,,
2023,15441,이진하,롯데,투수,,RP,19,1,0.17,24,1,,
2023,13147,정성종,롯데,투수,,RP,28,1,0.15,66,1,,
2023,14160,고승민,롯데,타자,,1B,23,1,0.09,308,1,,
2023,12916,이정훈,롯데,타자,,DH,29,1,0.08,171,1,,
2023,14642,황성빈,롯데,타자,,LF,26,1,0.08,191,1,,
2023,13169,최이준,롯데,투수,,RP,24,1,-0.01,87,1,,
2023,14816,우강훈,롯데,투수,,RP,21,1,-0.02,18,1,,
2023,15047,진승현,롯데,투수,,RP,20,1,-0.06,83,1,,
2023,14163,박진,롯데,투수,,RP,24,1,-0.08,15,1,,
2023,14114,이학주,롯데,타자,,SS,33,1,-0.16,122,1,,
2023,10516,신정락,롯데,투수,,RP,36,1,-0.19,87,1,,
2023,12931,김민수,롯데,타자,,3B,27,1,-0.24,51,1,,
2023,15444,이태연,롯데,투수,,RP,19,1,-0.4,17,1,,
2023,11232,이인복,롯데,투수,,SP,32,1,-0.44,100,1,,
2023,15443,정대선,롯데,타자,,2B,19,1,-0.51,47,1,,
2023,11276,최설우,롯데,투수,,RP,31,1,-0.58,30,1,,
2023,10885,윤명준,롯데,투수,,RP,34,2,-1.07,58,1,,
2023,14617,뷰캐넌,삼성,투수,Y,SP,34,5,5.57,564,1,,
2023,10892,구자욱,삼성,타자,,RF,30,5,5.43,515,1,,
2023,15001,수아레즈,삼성,투수,Y,SP,34,5,2.2,324,1,,
2023,10367,오승환,삼성,투수,,CL,41,4,0.82,188,1,,
2023,14757,피렐라,삼성,타자,Y,LF,34,5,0.66,605,1,,
2023,14113,원태인,삼성,투수,,SP,23,4,3.89,450,1,,
2023,10232,강민호,삼성,타자,,C,38,4,3.4,495,1,,
2023,15034,이재현,삼성,타자,,SS,20,3,2.73,538,1,,
2023,10363,백정현,삼성,투수,,SP,36,4,2.56,302,1,,
2023,10400,오재일,삼성,타자,,1B,37,4,0.31,364,1,,
2023,14798,이승현,삼성,투수,,RP,21,3,-0.02,130,1,,
2023,13156,최채흥,삼성,투수,,SP,28,2,-0.14,190,1,,
2023,14615,황동재,삼성,투수,,SP,22,3,-0.17,95,1,,
2023,13157,양창섭,삼성,투수,,RP,24,1,-0.46,86,1,,
2023,15536,와이드너,삼성,투수,Y,RP,29,3,0.78,160,2,,
2023,14618,김지찬,삼성,타자,,2B,22,1,2.48,355,1,,
2023,14867,김현준,삼성,타자,,CF,21,2,0.65,479,1,,
2023,10894,류지혁,삼성,타자,,3B,29,2,0.42,269,2,,
2023,12936,김성윤,삼성,타자,,RF,24,1,1.99,272,1,,
2023,10180,이원석,삼성,타자,,1B,37,4,1,72,1,,
2023,14863,김동진,삼성,타자,,2B,27,1,0.75,137,1,,
2023,15496,이호성,삼성,투수,,RP,19,1,0.58,51,1,,
2023,10527,이승현,삼성,투수,,RP,32,2,0.53,180,1,,
2023,11344,김재성,삼성,타자,,C,27,1,0.47,125,1,,
2023,10459,김태군,삼성,타자,,C,34,2,0.39,143,1,,
2023,10685,김대우,삼성,투수,,RP,35,1,0.25,192,1,,
2023,12885,문용익,삼성,투수,,RP,28,1,0.24,39,1,,
2023,13244,이재익,삼성,투수,,RP,29,2,0.2,123,1,,
2023,10523,우규민,삼성,투수,,RP,38,2,0.17,129,1,,
2023,14799,이재희,삼성,투수,,SP,22,1,0.12,24,1,,
2023,15035,김영웅,삼성,타자,,3B,20,1,0.1,103,1,,
2023,15039,김서준,삼성,투수,,RP,20,1,-0.04,23,1,,
2023,13161,윤정빈,삼성,타자,,1B,24,1,-0.07,43,1,,
2023,12530,최충연,삼성,투수,,RP,26,1,-0.13,28,1,,
2023,12934,최지광,삼성,투수,,RP,25,1,-0.15,52,1,,
2023,12548,김동엽,삼성,타자,,DH,33,1,-0.21,182,1,,
2023,12562,이성규,삼성,타자,,CF,30,1,-0.22,162,1,,
2023,14117,이병헌,삼성,타자,,C,24,1,-0.28,33,1,,
2023,14613,허윤동,삼성,투수,,RP,22,1,-0.3,32,1,,
2023,11144,노건우,삼성,투수,,RP,34,1,-0.31,37,1,,
2023,12988,안주형,삼성,타자,,2B,30,1,-0.32,91,1,,
2023,11169,이상민,삼성,투수,,RP,33,1,-0.33,54,1,,
2023,11255,강한울,삼성,타자,,3B,32,1,-0.35,240,1,,
2023,13164,공민규,삼성,타자,,3B,24,1,-0.36,33,1,,
2023,11404,장필준,삼성,투수,,RP,35,2,-0.4,58,1,,
2023,13240,김호재,삼성,타자,,3B,28,1,-0.42,127,1,,
2023,13242,홍정우,삼성,투수,,RP,27,1,-0.45,108,1,,
2023,15503,류승민,삼성,타자,,RF,19,1,-0.47,57,1,,
2023,10871,김태훈,삼성,투수,,RP,31,2,-0.67,167,2,,
2023,13152,최하늘,삼성,투수,,SP,24,1,-0.81,19,1,,
2023,12905,김혜성,키움,타자,,2B,24,4,6.09,621,1,,
2023,13091,안우진,키움,투수,,SP,24,5,5.94,452,1,,
2023,12906,이정후,키움,타자,,CF,25,5,4.36,387,1,,
2023,13940,요키시,키움,투수,Y,SP,34,5,0.66,197,1,,
2023,15531,후라도,키움,투수,Y,SP,27,4,5.88,551,1,,
2023,11379,최원태,키움,투수,,SP,26,2,3.06,307,1,,
2023,14742,러셀,키움,타자,Y,SS,29,4,1.02,239,1,,
2023,10312,이지영,키움,타자,,C,37,4,0.52,237,1,,
2023,12516,이형종,키움,타자,,RF,34,2,-0.12,374,1,,
2023,11161,원종현,키움,투수,,RP,36,4,-0.26,56,1,,
2023,10035,이용규,키움,타자,,LF,38,2,-0.44,178,1,,
2023,15652,도슨,키움,타자,Y,CF,28,3,1.77,261,1,,
2023,15646,맥키니,키움,투수,Y,SP,29,3,-0.27,178,1,,
2023,14785,김휘집,키움,타자,,SS,21,2,1.95,435,1,,
2023,12858,김재웅,키움,투수,,RP,25,2,1.15,179,1,,
2023,11376,송성문,키움,타자,,3B,27,2,0.95,438,1,,
2023,10533,정찬헌,키움,투수,,SP,33,2,0.76,216,1,,
2023,14591,이주형,키움,타자,,CF,22,1,2.22,227,1,,
2023,10452,임창민,키움,투수,,CL,38,2,1.12,140,1,,
2023,15132,박수종,키움,타자,,RF,24,1,1.06,50,1,,
2023,14849,김성진,키움,투수,,RP,26,2,0.73,141,1,,
2023,15473,김동헌,키움,타자,,C,19,1,0.62,242,1,,
2023,14784,장재영,키움,투수,,SP,21,1,0.4,215,1,,
2023,14132,조영건,키움,투수,,RP,24,1,0.36,23,1,,
2023,11226,임병욱,키움,타자,,RF,28,1,0.32,223,1,,
2023,11225,임지열,키움,타자,,1B,28,1,0.24,246,1,,
2023,14131,윤정현,키움,투수,,RP,30,1,0.12,18,1,,
2023,12865,이승호,키움,투수,,RP,24,2,0.09,15,1,,
2023,14848,김준형,키움,투수,,RP,21,1,0.03,23,1,,
2023,15073,이명종,키움,투수,,RP,21,1,0.03,171,1,,
2023,12989,박승주,키움,투수,,RP,29,1,-0.09,54,1,,
2023,15474,오상원,키움,투수,,RP,19,1,-0.09,45,1,,
2023,10437,문성현,키움,투수,,RP,32,2,-0.11,85,1,,
2023,10871,김태훈,키움,투수,,RP,31,2,-0.11,23,1,,
2023,14851,김시앙,키움,타자,,C,22,1,-0.12,82,1,,
2023,13096,김수환,키움,타자,,1B,25,1,-0.17,114,1,,
2023,11422,전병우,키움,타자,,1B,31,1,-0.19,75,1,,
2023,15067,주승우,키움,투수,,RP,23,1,-0.23,48,1,,
2023,11182,김준완,키움,타자,,LF,32,1,-0.26,225,1,,
2023,15071,윤석원,키움,투수,,RP,20,1,-0.28,72,1,,
2023,14576,이종민,키움,투수,,RP,22,1,-0.3,41,1,,
2023,14133,주성원,키움,타자,,RF,23,1,-0.43,72,1,,
2023,13093,예진원,키움,타자,,LF,24,1,-0.48,36,1,,
2023,14674,김동혁,키움,투수,,RP,22,1,-0.55,118,1,,
2023,12503,김웅빈,키움,타자,,1B,27,1,-0.61,74,1,,
2023,14214,김주형,키움,타자,,SS,27,1,-0.68,81,1,,
2023,11244,김태진,키움,타자,,3B,28,1,-0.69,212,1,,
2023,14580,박주홍,키움,타자,,1B,22,1,-0.69,57,1,,
2023,11222,하영민,키움,투수,,RP,28,2,-0.76,157,1,,
2023,15068,박찬혁,키움,타자,,LF,20,1,-0.78,167,1,,
2023,10730,양현,키움,투수,,RP,31,2,-0.8,171,1,,
2023,13092,김선기,키움,투수,,RP,32,1,-0.83,131,1,,
2023,10180,이원석,키움,타자,,1B,37,4,-1.79,273,2,,
2023,11215,채은성,한화,타자,,1B,33,5,1.85,596,1,,
2023,14125,노시환,한화,타자,,3B,23,3,6.74,595,1,,
2023,15146,페냐,한화,투수,Y,SP,33,4,3.7,532,1,,
2023,10170,최재훈,한화,타자,,C,34,4,3.33,417,1,,
2023,15013,문동주,한화,투수,,SP,20,4,2.67,356,1,,
2023,15643,산체스,한화,투수,Y,SP,26,4,2.2,378,1,,
2023,10609,이태양,한화,투수,,SP,33,4,1.49,301,1,,
2023,13137,정은원,한화,타자,,2B,23,3,0.76,459,1,,2→3
2023,10156,정우람,한화,투수,,RP,38,4,0.24,121,1,,
2023,15421,김서현,한화,투수,,RP,19,4,-0.29,67,1,,
2023,10913,하주석,한화,타자,,SS,29,2,-0.5,38,1,,
2023,11410,김민우,한화,투수,,SP,28,2,-0.36,155,1,,
2023,15647,윌리엄스,한화,타자,Y,LF,30,3,-0.59,273,1,,
2023,15541,오그레디,한화,타자,Y,LF,31,3,-0.92,86,1,,
2023,12539,이진영,한화,타자,,RF,26,2,2.52,422,1,,
2023,15422,문현빈,한화,타자,,CF,19,2,1.42,481,1,,
2023,10610,장민재,한화,투수,,SP,33,2,-0.03,207,1,,
2023,12589,김인환,한화,타자,,1B,29,2,-0.17,365,1,,
2023,14708,강재민,한화,투수,,RP,26,1,-0.67,130,1,,
2023,11415,주현상,한화,투수,,RP,31,2,2.18,179,1,,
2023,11414,이도윤,한화,타자,,SS,27,1,1.7,346,1,,
2023,11110,윤대경,한화,투수,,RP,29,1,1.22,143,1,,
2023,12585,김태연,한화,타자,,1B,26,1,1.2,280,1,,
2023,14707,최인호,한화,타자,,LF,23,1,1.14,148,1,,
2023,14621,한승주,한화,투수,,RP,22,1,0.67,212,1,,
2023,14808,김기중,한화,투수,,RP,21,1,0.67,169,1,,
2023,10453,장시환,한화,투수,,RP,36,2,0.55,104,1,,
2023,14871,김규연,한화,투수,,RP,21,1,0.46,59,1,,
2023,13003,이민우,한화,투수,,RP,30,1,0.2,41,1,,
2023,11411,김범수,한화,투수,,RP,28,2,0.14,187,1,,
2023,13138,이원석,한화,타자,,CF,24,1,-0.01,138,1,,
2023,10557,오선진,한화,타자,,SS,34,3,-0.04,199,1,,
2023,11268,노수광,한화,타자,,LF,33,2,-0.08,94,1,,
2023,12547,김재영,한화,투수,,RP,30,1,-0.19,24,1,,
2023,11116,이충호,한화,투수,,RP,29,1,-0.21,26,1,,
2023,12871,박상원,한화,투수,,CL,29,2,-0.21,185,1,,
2023,14619,남지민,한화,투수,,RP,22,1,-0.32,113,1,,
2023,12587,박상언,한화,타자,,C,26,1,-0.33,161,1,,
2023,10119,이명기,한화,타자,,DH,36,2,-0.35,42,1,,
2023,10812,한승혁,한화,투수,,RP,30,1,-0.35,109,1,,
2023,14704,박정현,한화,타자,,SS,22,1,-0.5,113,1,,
2023,14126,유로결,한화,타자,,RF,23,1,-0.6,53,1,,
2023,12583,장진혁,한화,타자,,CF,30,1,-0.62,178,1,,
2023,13676,권광민,한화,타자,,LF,26,1,-0.79,81,1,,
2024,10058,양현종,KIA,투수,,SP,36,5,4.34,514,1,,
2024,14996,소크라테스,KIA,타자,Y,LF,32,4,3.54,602,1,,
2024,14608,정해영,KIA,투수,,CL,23,4,2.2,152,1,,
2024,11162,나성범,KIA,타자,,RF,35,5,1.79,424,1,,
2024,15056,김도영,KIA,타자,,3B,21,4,8.59,625,1,,
2024,16088,네일,KIA,투수,Y,SP,31,4,4.31,448,1,,
2024,10008,김선빈,KIA,타자,,2B,35,5,2.46,466,1,,
2024,15432,윤영철,KIA,투수,,SP,20,4,1.89,245,1,,
2024,10344,최형우,KIA,타자,,DH,41,4,1.59,487,1,,
2024,10459,김태군,KIA,타자,,C,35,4,1.16,270,1,,
2024,14788,이의리,KIA,투수,,SP,22,4,0.04,40,1,,
2024,14176,김기훈,KIA,투수,,RP,24,1,0.02,59,1,,
2024,11261,박찬호,KIA,타자,,SS,29,2,2.87,577,1,,
2024,10855,서건창,KIA,타자,,1B,35,2,1.56,248,1,,
2024,16151,알드레드,KIA,투수,Y,SP,28,3,1.2,131,1,,
2024,16087,크로우,KIA,투수,Y,SP,30,3,1.09,121,1,,
2024,16161,라우어,KIA,투수,Y,SP,29,3,0.76,104,1,,
2024,16163,스타우트,KIA,투수,Y,SP,31,3,0.28,48,1,,
2024,12534,최원준,KIA,타자,,CF,27,3,2.24,508,1,,
2024,15063,황동하,KIA,투수,,SP,22,2,1.78,310,1,,
2024,11164,장현식,KIA,투수,,RP,29,2,1.67,226,1,,
2024,12537,전상현,KIA,투수,,RP,28,2,1.4,198,1,,
2024,14128,김도현,KIA,투수,,SP,24,2,1.01,225,1,,
2024,11233,이창진,KIA,타자,,LF,33,1,0.55,247,1,,
2024,11099,이우성,KIA,타자,,1B,30,2,0.18,449,1,,
2024,10909,임기영,KIA,투수,,RP,31,2,-0.24,137,1,,
2024,13113,한준수,KIA,타자,,C,25,1,1.59,316,1,,
2024,15435,곽도규,KIA,투수,,RP,20,2,1.14,167,1,,
2024,14124,변우혁,KIA,타자,,1B,24,1,0.75,187,1,,
2024,12869,박정우,KIA,타자,,CF,26,1,0.43,69,1,,
2024,11303,이준영,KIA,투수,,RP,32,2,0.32,105,1,,
2024,15057,최지민,KIA,투수,,RP,21,3,0.29,138,1,,
2024,14612,홍종표,KIA,타자,,2B,24,1,0.17,115,1,,
2024,12637,김승현,KIA,투수,,RP,32,1,0.15,54,1,,
2024,12914,유승철,KIA,투수,,RP,26,1,0.11,15,1,,
2024,14611,박민,KIA,타자,,SS,23,1,-0.01,30,1,,
2024,10659,고종욱,KIA,타자,,LF,35,2,-0.02,36,1,,
2024,11070,박준표,KIA,투수,,RP,32,1,-0.04,18,1,,
2024,11364,김사윤,KIA,투수,,RP,30,1,-0.08,111,1,,
2024,11298,김호령,KIA,타자,,CF,32,1,-0.21,67,1,,
2024,12944,김건국,KIA,투수,,RP,36,1,-0.29,103,1,,
2024,14162,김현수,KIA,투수,,RP,24,1,-0.3,15,1,,
2024,11159,이형범,KIA,투수,,RP,30,1,-0.32,45,1,,
2024,10706,김대유,KIA,투수,,RP,33,1,-0.63,75,1,,
2024,13122,윤중현,KIA,투수,,RP,29,1,-0.8,31,1,,
2024,12995,로하스,KT,타자,Y,RF,34,4,6.71,670,1,,
2024,13942,쿠에바스,KT,투수,Y,SP,34,5,4.41,520,1,,
2024,13168,강백호,KT,타자,,DH,25,5,2.19,614,1,,
2024,11308,고영표,KT,투수,,SP,33,5,1.56,300,1,,
2024,11318,엄상백,KT,투수,,SP,28,2,3.39,470,1,,
2024,10235,장성우,KT,타자,,C,34,4,3.34,489,1,,
2024,15143,벤자민,KT,투수,Y,SP,31,5,2.71,449,1,,
2024,15089,박영현,KT,투수,,CL,21,4,2.41,230,1,,
2024,10320,김상수,KT,타자,,SS,34,3,1.95,420,1,,
2024,13167,김민,KT,투수,,RP,25,2,1.84,232,1,,
2024,14600,소형준,KT,투수,,RP,23,4,0.29,25,1,,
2024,16027,원상현,KT,투수,,SP,20,3,-0.07,196,1,,
2024,10470,박병호,KT,타자,,1B,38,4,-0.13,121,1,,
2024,10407,황재균,KT,타자,,3B,37,5,-0.28,536,1,,
2024,11339,김민혁,KT,타자,,LF,29,2,2.27,393,1,,
2024,11333,문상철,KT,타자,,1B,33,2,1.7,403,1,,
2024,11212,배정대,KT,타자,,CF,29,2,0.91,473,1,,
2024,11334,심우준,KT,타자,,SS,29,2,0.66,192,1,,
2024,11317,김민수,KT,투수,,RP,32,2,0.5,244,1,,
2024,10400,오재일,KT,타자,,1B,38,3,-0.42,272,2,,
2024,12943,조용호,KT,타자,,RF,35,1,-0.49,165,1,,
2024,11397,오윤석,KT,타자,,2B,32,1,1.57,201,1,,
2024,10523,우규민,KT,투수,,RP,39,1,1.31,130,1,,
2024,10840,신본기,KT,타자,,SS,35,2,0.85,152,1,,
2024,16028,육청명,KT,투수,,SP,19,1,0.5,134,1,,
2024,13177,조대현,KT,타자,,C,25,1,0.48,45,1,,
2024,11284,조이현,KT,투수,,SP,29,1,0.43,120,1,,
2024,14603,강현우,KT,타자,,C,23,1,0.35,36,1,,
2024,14606,천성호,KT,타자,,2B,27,1,0.31,255,1,,
2024,10737,박시영,KT,투수,,RP,35,1,0.29,76,1,,
2024,15519,정준영,KT,타자,,RF,20,1,0.18,74,1,,
2024,14108,손동현,KT,투수,,RP,23,1,0.17,142,1,,
2024,10835,김준태,KT,타자,,C,30,1,0.15,30,1,,
2024,14111,이선우,KT,투수,,RP,24,1,0.12,30,1,,
2024,14869,김영현,KT,투수,,RP,22,1,0,22,1,,
2024,14109,이상동,KT,투수,,RP,29,1,-0.05,96,1,,
2024,12572,박세진,KT,투수,,RP,27,1,-0.1,16,1,,
2024,13130,이채호,KT,투수,,RP,26,1,-0.14,20,1,,
2024,14667,성재헌,KT,투수,,RP,27,1,-0.15,96,1,,
2024,13006,안치영,KT,타자,,CF,26,1,-0.2,48,1,,
2024,14776,한차현,KT,투수,,SP,26,1,-0.27,57,1,,
2024,11323,주권,KT,투수,,RP,29,4,-0.28,174,1,,
2024,13151,이호연,KT,타자,,3B,29,1,-0.58,43,1,,
2024,12885,문용익,KT,투수,,RP,29,1,-0.78,51,1,,
2024,12546,홍창기,LG,타자,,RF,31,5,5.23,637,1,,
2024,15532,오스틴,LG,타자,Y,1B,31,5,5.23,604,1,,
2024,10387,박동원,LG,타자,,C,34,5,4.54,498,1,,
2024,10475,오지환,LG,타자,,SS,34,5,3.09,428,1,,
2024,10187,김현수,LG,타자,,LF,36,5,1.09,583,1,,
2024,10652,임찬규,LG,투수,,SP,32,4,3.94,402,1,,
2024,16023,엔스,LG,투수,Y,SP,33,4,3.77,503,1,,
2024,11379,최원태,LG,투수,,SP,27,2,2.88,380,1,,
2024,11190,박해민,LG,타자,,CF,34,5,2.1,553,1,,
2024,13934,켈리,LG,투수,Y,SP,35,5,1.85,341,1,,
2024,12532,김대현,LG,투수,,RP,27,1,0.04,105,1,,
2024,15484,김범석,LG,타자,,DH,20,3,-0.31,180,1,,
2024,13102,김영준,LG,투수,,RP,25,1,-0.34,46,1,,
2024,14137,문보경,LG,타자,,3B,24,3,4.46,602,1,,
2024,13112,문성주,LG,타자,,LF,27,2,2.49,361,1,,
2024,16160,에르난데스,LG,투수,Y,SP,29,3,1.39,141,1,,
2024,12908,손주영,LG,투수,,SP,26,2,3.78,434,1,,
2024,13056,신민재,LG,타자,,2B,28,2,2.72,474,1,,
2024,14140,구본혁,LG,타자,,SS,27,2,1.33,389,1,,
2024,11166,김진성,LG,투수,,RP,39,2,1.01,211,1,,
2024,11094,함덕주,LG,투수,,RP,29,3,0.28,35,1,,
2024,14669,유영찬,LG,투수,,CL,27,2,0.89,191,1,,
2024,11229,김유영,LG,투수,,RP,30,2,0.71,143,1,,
2024,14135,이상영,LG,투수,,RP,24,1,0.46,49,1,,
2024,14651,이종준,LG,투수,,RP,23,1,0.44,78,1,,
2024,14816,우강훈,LG,투수,,RP,22,1,0.23,35,1,,
2024,15084,최원영,LG,타자,,LF,21,1,0.17,41,1,,
2024,14142,임준형,LG,투수,,RP,24,1,0.16,41,1,,
2024,16015,진우영,LG,투수,,RP,23,1,0.1,23,1,,
2024,14781,김진수,LG,투수,,RP,26,1,0.06,40,1,,
2024,14136,정우영,LG,투수,,RP,25,2,0.04,68,1,,
2024,14143,이지강,LG,투수,,RP,25,1,0,161,1,,
2024,11347,안익훈,LG,타자,,LF,28,1,-0.02,56,1,,
2024,14783,이영빈,LG,타자,,1B,22,1,-0.17,71,1,,
2024,10535,최동환,LG,투수,,RP,35,1,-0.26,66,1,,
2024,15486,박명근,LG,투수,,RP,20,1,-0.38,76,1,,
2024,16017,정지헌,LG,투수,,RP,21,1,-0.4,37,1,,
2024,13009,백승현,LG,투수,,RP,29,1,-0.51,80,1,,
2024,10684,허도환,LG,타자,,C,40,2,-0.61,105,1,,
2024,10749,이우찬,LG,투수,,RP,32,1,-0.75,101,1,,
2024,11137,박민우,NC,타자,,2B,31,5,4.85,528,1,,
2024,10189,박건우,NC,타자,,RF,34,5,2.73,362,1,,
2024,16065,하트,NC,투수,Y,SP,32,4,6.15,471,1,,
2024,16066,데이비슨,NC,타자,Y,1B,33,4,4.11,567,1,,
2024,13080,김시훈,NC,투수,,SP,25,3,1.92,322,1,,
2024,16064,카스타노,NC,투수,Y,SP,30,4,1.89,335,1,,
2024,10220,이재학,NC,투수,,SP,34,3,1.14,313,1,,
2024,10891,박세혁,NC,타자,,C,34,5,0.5,171,1,,
2024,13940,요키시,NC,투수,Y,SP,35,4,0.13,118,1,,
2024,10261,손아섭,NC,타자,,DH,36,4,0.08,355,1,,
2024,14155,송명기,NC,투수,,RP,24,3,-0.05,115,1,,
2024,15450,신영우,NC,투수,,SP,20,3,-0.14,28,1,,
2024,12898,김태현,NC,투수,,RP,26,3,-0.21,30,1,,
2024,10217,이용찬,NC,투수,,CL,35,3,-1.23,163,1,,
2024,14765,김주원,NC,타자,,SS,22,3,3.87,475,1,,
2024,11172,권희동,NC,타자,,LF,34,2,3.89,511,1,,
2024,13085,신민혁,NC,투수,,SP,25,3,2.68,363,1,,
2024,14785,김휘집,NC,타자,,SS,22,3,2.05,366,2,,
2024,14220,서호철,NC,타자,,3B,28,2,1.44,567,1,,
2024,13081,김형준,NC,타자,,C,25,3,0.43,414,1,,
2024,11153,김성욱,NC,타자,,CF,31,2,-0.46,412,1,,
2024,14747,김재열,NC,투수,,RP,28,2,2.12,206,1,,
2024,13088,김영규,NC,투수,,RP,24,3,1.54,137,1,,
2024,14764,한재승,NC,투수,,RP,23,2,0.73,136,1,,
2024,11168,임정호,NC,투수,,RP,34,2,0.68,165,1,,
2024,14221,최정원,NC,타자,,CF,24,1,0.64,155,1,,
2024,13261,천재환,NC,타자,,RF,30,1,0.38,236,1,,
2024,16056,최우석,NC,투수,,RP,19,1,0.13,26,1,,
2024,13082,오영수,NC,타자,,1B,24,1,0.08,34,1,,
2024,12560,도태훈,NC,타자,,1B,31,1,0.06,181,1,,
2024,14763,이용준,NC,투수,,SP,22,1,0.05,101,1,,
2024,14716,김한별,NC,타자,,SS,23,1,-0.06,50,1,,
2024,16049,김민규,NC,투수,,RP,23,1,-0.08,19,1,,
2024,12574,서의태,NC,투수,,RP,27,1,-0.09,23,1,,
2024,11248,배재환,NC,투수,,RP,29,1,-0.1,59,1,,
2024,16053,임상현,NC,투수,,SP,19,1,-0.1,121,1,,
2024,11355,류진욱,NC,투수,,RP,28,2,-0.11,127,1,,
2024,12565,최성영,NC,투수,,RP,27,1,-0.14,140,1,,
2024,15451,박한결,NC,타자,,LF,20,1,-0.26,71,1,,
2024,15453,목지훈,NC,투수,,SP,20,1,-0.27,27,1,,
2024,14171,전루건,NC,투수,,RP,24,1,-0.43,17,1,,
2024,14597,박시원,NC,타자,,CF,23,1,-0.44,158,1,,
2024,14156,전사민,NC,투수,,RP,25,1,-0.47,71,1,,
2024,13250,한석현,NC,타자,,RF,30,1,-0.49,76,1,,
2024,15455,이준호,NC,투수,,RP,24,1,-0.68,148,1,,
2024,10106,최정,SSG,타자,,3B,37,5,4.7,550,1,,
2024,15530,에레디아,SSG,타자,Y,LF,33,5,4.56,591,1,,
2024,10126,김광현,SSG,투수,,SP,36,5,2.97,487,1,,
2024,14888,추신수,SSG,타자,,DH,42,2,0.69,302,1,,
2024,12922,박성한,SSG,타자,,SS,26,3,3.72,564,1,,
2024,15644,엘리아스,SSG,투수,Y,SP,36,4,3.61,371,1,,
2024,16146,앤더슨,SSG,투수,Y,SP,30,4,3.45,347,1,,
2024,14581,오원석,SSG,투수,,SP,23,3,2.31,365,1,,
2024,10783,문승원,SSG,투수,,CL,35,4,0.91,180,1,,
2024,15461,이로운,SSG,투수,,RP,20,3,0.2,168,1,,
2024,10131,박종훈,SSG,투수,,SP,33,4,0.12,105,1,,
2024,10815,한유섬,SSG,타자,,RF,35,5,-0.22,523,1,,
2024,14587,최지훈,SSG,타자,,CF,27,3,1.82,543,1,,
2024,16148,시라카와,SSG,투수,Y,RP,23,3,0.41,69,1,,
2024,10784,서진용,SSG,투수,,RP,32,4,-0.4,141,1,,
2024,16141,더거,SSG,투수,Y,SP,29,3,-0.84,68,1,,
2024,10203,노경은,SSG,투수,,RP,40,2,2.64,251,1,,
2024,10312,이지영,SSG,타자,,C,38,2,1.58,432,1,,
2024,15462,송영진,SSG,투수,,SP,20,2,0.82,298,1,,
2024,10636,김성현,SSG,타자,,2B,37,2,-0.46,167,1,,
2024,14807,고명준,SSG,타자,,1B,22,2,-0.72,366,1,,
2024,14805,조병현,SSG,투수,,RP,22,3,2.11,219,1,,
2024,16042,정준재,SSG,타자,,2B,21,1,1.86,240,1,,
2024,10249,오태곤,SSG,타자,,1B,33,3,1.33,288,1,,
2024,13228,한두솔,SSG,투수,,RP,27,2,0.71,178,1,,
2024,15028,이기순,SSG,투수,,RP,21,1,0.41,59,1,,
2024,13128,최준우,SSG,타자,,2B,25,1,0.18,34,1,,
2024,11236,박민호,SSG,투수,,RP,32,1,0.11,68,1,,
2024,16038,박지환,SSG,타자,,2B,19,1,0.09,249,1,,
2024,14687,박시후,SSG,투수,,RP,23,1,0.09,44,1,,
2024,11373,김택형,SSG,투수,,RP,28,1,-0.05,21,1,,
2024,14806,조형우,SSG,타자,,C,22,1,-0.08,38,1,,
2024,14804,장지훈,SSG,투수,,RP,26,1,-0.12,64,1,,
2024,14145,백승건,SSG,투수,,RP,24,1,-0.13,28,1,,
2024,11148,강진성,SSG,타자,,DH,31,1,-0.15,31,1,,
2024,10124,고효준,SSG,투수,,RP,41,1,-0.18,66,1,,
2024,14151,최경모,SSG,타자,,2B,28,1,-0.19,50,1,,
2024,10707,김민식,SSG,타자,,C,35,2,-0.24,126,1,,
2024,16043,정현승,SSG,타자,,RF,23,1,-0.24,31,1,,
2024,11242,이건욱,SSG,투수,,RP,29,1,-0.58,57,1,,
2024,14147,하재훈,SSG,타자,,RF,34,1,-0.7,317,1,,
2024,13126,최민준,SSG,투수,,RP,25,1,-0.7,118,1,,
2024,12613,안상현,SSG,타자,,2B,27,1,-0.75,75,1,,
2024,14699,전의산,SSG,타자,,1B,24,1,-1.27,63,1,,
2024,10165,양의지,두산,타자,,C,37,5,3.31,485,1,,
2024,13941,알칸타라,두산,투수,Y,SP,32,5,1.15,193,1,,
2024,13061,곽빈,두산,투수,,SP,25,3,4.39,503,1,,
2024,10184,허경민,두산,타자,,3B,34,4,3.3,477,1,,
2024,10643,김재환,두산,타자,,DH,36,4,3.19,552,1,,
2024,10195,정수빈,두산,타자,,CF,34,5,3.07,608,1,,
2024,16067,김택연,두산,투수,,CL,19,4,2.92,195,1,,
2024,15153,브랜든,두산,투수,Y,SP,30,4,2.18,225,1,,
2024,15000,라모스,두산,타자,Y,RF,32,4,1.74,348,1,,
2024,15099,이병헌,두산,투수,,RP,21,3,1.68,196,1,,
2024,12522,박준영,두산,타자,,SS,27,3,1.51,212,1,,
2024,10174,김재호,두산,타자,,SS,39,3,0.7,154,1,,
2024,12568,이영하,두산,투수,,RP,27,2,0.45,196,1,,
2024,14170,김대한,두산,타자,,RF,24,3,-0.65,89,1,,
2024,16158,제러드,두산,타자,Y,RF,29,3,1.65,169,1,,
2024,16155,발라조빅,두산,투수,Y,SP,26,3,1.25,171,1,,
2024,12852,최원준,두산,투수,,SP,30,2,1.15,330,1,,
2024,16148,시라카와,두산,투수,Y,SP,23,3,0.19,103,2,,
2024,11087,강승호,두산,타자,,2B,30,2,3.83,566,1,,
2024,11213,양석환,두산,타자,,1B,33,5,2.24,593,1,,
2024,12524,조수행,두산,타자,,LF,31,2,1,382,1,,
2024,10690,김강률,두산,투수,,RP,36,2,1.6,126,1,,
2024,10696,홍건희,두산,투수,,RP,32,3,1.39,178,1,,
2024,12549,김기연,두산,타자,,C,27,1,1.2,283,1,,
2024,15508,최준호,두산,투수,,SP,20,1,1.18,217,1,,
2024,15127,최지강,두산,투수,,RP,23,2,1.1,150,1,,
2024,12894,이유찬,두산,타자,,3B,26,1,1.04,262,1,,
2024,13072,김민규,두산,투수,,RP,25,1,0.65,75,1,,
2024,16072,전다민,두산,타자,,LF,23,1,0.31,34,1,,
2024,13070,박신지,두산,투수,,RP,25,1,0.19,26,1,,
2024,14733,최종인,두산,투수,,RP,23,1,0.17,29,1,,
2024,15509,김유성,두산,투수,,RP,22,1,0.17,84,1,,
2024,11300,박정수,두산,투수,,RP,28,1,0.15,89,1,,
2024,14770,최승용,두산,투수,,SP,23,2,0.08,81,1,,
2024,12850,박치국,두산,투수,,RP,26,2,-0.06,144,1,,
2024,13665,권휘,두산,투수,,RP,24,1,-0.11,27,1,,
2024,13071,정철원,두산,투수,,RP,25,3,-0.16,97,1,Y,
2024,13073,전민재,두산,타자,,SS,25,1,-0.3,276,1,,
2024,14769,김동주,두산,투수,,SP,22,1,-0.31,150,1,,
2024,13268,김호준,두산,투수,,RP,26,1,-0.32,40,1,,
2024,14173,이교훈,두산,투수,,RP,24,1,-0.59,106,1,,
2024,12847,김명신,두산,투수,,RP,31,2,-1.4,98,1,,
2024,15011,반즈,롯데,투수,Y,SP,29,5,5.77,452,1,,
2024,11310,박세웅,롯데,투수,,SP,29,5,3.52,520,1,,
2024,10266,전준우,롯데,타자,,DH,38,5,1.85,483,1,,
2024,12295,윌커슨,롯데,투수,Y,SP,35,4,6.06,590,1,,
2024,16106,레이예스,롯데,타자,Y,RF,30,4,3.51,632,1,,
2024,14797,나승엽,롯데,타자,,1B,22,4,2.29,489,1,,
2024,14792,김진욱,롯데,투수,,SP,22,3,1.75,254,1,,
2024,10863,한현희,롯데,투수,,RP,31,4,1.36,229,1,,
2024,16089,전미르,롯데,투수,,RP,19,3,0.35,101,1,,
2024,14624,최준용,롯데,투수,,RP,23,4,0.13,65,1,,
2024,10753,유강남,롯데,타자,,C,32,5,0.08,155,1,,
2024,15045,이민석,롯데,투수,,RP,21,3,0.03,93,1,,
2024,11165,노진혁,롯데,타자,,SS,35,5,-0.25,157,1,,
2024,15253,김민석,롯데,타자,,LF,20,3,-0.39,83,1,,
2024,10825,김원중,롯데,투수,,CL,31,3,2.2,190,1,,
2024,11291,구승민,롯데,투수,,RP,34,3,0.08,173,1,,
2024,13145,한동희,롯데,타자,,DH,25,2,-0.52,36,1,,
2024,15048,윤동희,롯데,타자,,CF,21,3,3.23,613,1,,
2024,14160,고승민,롯데,타자,,2B,24,2,3.18,532,1,,
2024,14590,손호영,롯데,타자,,3B,30,2,2.48,428,1,,
2024,14642,황성빈,롯데,타자,,CF,27,2,2.41,406,1,,
2024,10804,박승욱,롯데,타자,,SS,32,2,1.05,468,1,,
2024,10427,김상수,롯데,투수,,RP,36,2,0.94,221,1,,
2024,10238,김민성,롯데,타자,,3B,36,2,0.1,84,1,,
2024,12930,나균안,롯데,투수,,SP,26,3,-0.68,219,1,,
2024,14163,박진,롯데,투수,,RP,25,1,0.97,148,1,,
2024,10253,정훈,롯데,타자,,1B,37,3,0.78,325,1,,
2024,16090,정현수,롯데,투수,,RP,23,1,0.74,71,1,,
2024,11425,박진형,롯데,투수,,RP,30,2,0.18,19,1,,
2024,12916,이정훈,롯데,타자,,DH,30,1,0.14,116,1,,
2024,14169,신윤후,롯데,타자,,RF,28,1,0.12,35,1,,
2024,14796,손성빈,롯데,타자,,C,22,2,0.08,171,1,,
2024,10795,임준섭,롯데,투수,,RP,35,1,0.04,34,1,,
2024,15047,진승현,롯데,투수,,RP,21,1,0.03,19,1,,
2024,14795,정우준,롯데,투수,,RP,24,1,0.02,25,1,,
2024,13155,장두성,롯데,타자,,CF,25,1,-0.12,37,1,,
2024,14114,이학주,롯데,타자,,SS,34,1,-0.14,105,1,,
2024,10075,진해수,롯데,투수,,RP,38,2,-0.21,83,1,,
2024,10810,최항,롯데,타자,,2B,30,1,-0.29,143,1,,
2024,13271,현도훈,롯데,투수,,RP,31,1,-0.29,30,1,,
2024,11232,이인복,롯데,투수,,SP,33,1,-0.33,99,1,,
2024,14794,송재영,롯데,투수,,RP,22,1,-0.35,25,1,,
2024,13154,정보근,롯데,타자,,C,25,1,-0.6,140,1,,
2024,13169,최이준,롯데,투수,,RP,25,1,-0.7,74,1,,
2024,10892,구자욱,삼성,타자,,LF,31,5,5.88,568,1,,
2024,10367,오승환,삼성,투수,,CL,42,4,-0.02,165,1,,
2024,15860,코너,삼성,투수,Y,SP,28,5,5.27,480,1,,
2024,14113,원태인,삼성,투수,,SP,24,4,5.22,479,1,,
2024,15861,레예스,삼성,투수,Y,SP,28,4,4.47,432,1,,
2024,10232,강민호,삼성,타자,,C,39,4,3.43,452,1,,
2024,15034,이재현,삼성,타자,,SS,21,3,3.13,458,1,,
2024,14798,이승현,삼성,투수,,SP,22,3,2.37,262,1,,
2024,10363,백정현,삼성,투수,,SP,37,4,0.85,236,1,,
2024,15862,맥키넌,삼성,타자,Y,1B,30,5,0.53,315,1,,
2024,15864,육선엽,삼성,투수,,RP,19,3,0.1,51,1,,
2024,13156,최채흥,삼성,투수,,RP,29,2,-0.07,60,1,,
2024,14618,김지찬,삼성,타자,,CF,23,3,4.11,535,1,,
2024,11489,김재윤,삼성,투수,,RP,34,5,1.21,198,1,,
2024,10470,박병호,삼성,타자,,1B,38,3,0.55,285,2,,
2024,16162,디아즈,삼성,타자,Y,1B,28,3,0.55,118,1,,
2024,10400,오재일,삼성,타자,,1B,38,4,-0.25,71,1,,
2024,15035,김영웅,삼성,타자,,3B,21,2,2.37,509,1,,
2024,10894,류지혁,삼성,타자,,2B,30,2,0.09,348,1,,
2024,14867,김현준,삼성,타자,,RF,22,1,-0.55,205,1,,
2024,10452,임창민,삼성,투수,,RP,39,2,1.75,163,1,,
2024,12934,최지광,삼성,투수,,RP,26,2,1.47,109,1,,
2024,12562,이성규,삼성,타자,,RF,31,1,1.14,355,1,,
2024,10871,김태훈,삼성,투수,,RP,32,2,1.14,157,1,,
2024,10640,김헌곤,삼성,타자,,LF,36,1,1.09,311,1,,
2024,13161,윤정빈,삼성,타자,,RF,25,1,1.09,188,1,,
2024,14615,황동재,삼성,투수,,RP,23,1,1.03,126,1,,
2024,10527,이승현,삼성,투수,,RP,33,2,0.98,181,1,,
2024,11169,이상민,삼성,투수,,RP,34,1,0.83,90,1,,
2024,10137,송은범,삼성,투수,,RP,40,2,0.34,25,1,,
2024,11422,전병우,삼성,타자,,3B,32,1,0.31,128,1,,
2024,10685,김대우,삼성,투수,,RP,36,2,0.23,103,1,,
2024,13152,최하늘,삼성,투수,,RP,25,1,0.23,96,1,,
2024,14117,이병헌,삼성,타자,,C,25,1,0.1,166,1,,
2024,14614,홍원표,삼성,투수,,RP,23,1,0.07,19,1,,
2024,10851,최성훈,삼성,투수,,RP,35,1,0.05,39,1,,
2024,10730,양현,삼성,투수,,RP,32,1,-0.01,39,1,,
2024,12936,김성윤,삼성,타자,,CF,25,2,-0.03,89,1,,
2024,15499,김재상,삼성,타자,,2B,20,1,-0.03,91,1,,
2024,15496,이호성,삼성,투수,,SP,20,1,-0.11,135,1,,
2024,13162,김무신,삼성,투수,,RP,25,1,-0.24,16,1,,
2024,14863,김동진,삼성,타자,,2B,28,1,-0.29,42,1,,
2024,15868,김호진,삼성,타자,,3B,19,1,-0.37,32,1,,
2024,14616,이승민,삼성,투수,,RP,24,1,-0.38,142,1,,
2024,15036,김재혁,삼성,타자,,1B,25,1,-0.46,54,1,,
2024,13244,이재익,삼성,투수,,RP,30,1,-0.73,29,1,,
2024,12988,안주형,삼성,타자,,2B,31,1,-0.87,166,1,,
2024,15531,후라도,키움,투수,Y,SP,28,5,5.8,571,1,,
2024,12905,김혜성,키움,타자,,2B,25,5,5.33,567,1,,
2024,16138,헤이수스,키움,투수,Y,SP,28,4,4.39,514,1,,
2024,15652,도슨,키움,타자,Y,LF,29,4,3.27,429,1,,
2024,11126,조상우,키움,투수,,RP,30,2,0.73,119,1,,
2024,12516,이형종,키움,타자,,RF,35,3,0.37,126,1,,
2024,10182,최주환,키움,타자,,1B,36,4,-0.03,544,1,,
2024,16122,전준표,키움,투수,,RP,19,3,-0.38,83,1,,
2024,10035,이용규,키움,타자,,CF,39,2,1.47,227,1,,
2024,11376,송성문,키움,타자,,3B,28,2,6.33,602,1,,
2024,11222,하영민,키움,투수,,SP,29,2,2.73,451,1,,
2024,14591,이주형,키움,타자,,RF,23,2,2.03,537,1,,
2024,12858,김재웅,키움,투수,,RP,26,2,0.45,71,1,,
2024,16123,김윤하,키움,투수,,SP,19,2,0.34,237,1,,
2024,13092,김선기,키움,투수,,RP,33,2,0.15,229,1,,
2024,15067,주승우,키움,투수,,RP,24,2,0.81,155,1,,
2024,14480,김인범,키움,투수,,SP,24,1,0.62,190,1,,
2024,12918,김성민,키움,투수,,RP,30,1,0.51,137,1,,
2024,15472,김건희,키움,타자,,C,20,1,0.22,283,1,,
2024,14785,김휘집,키움,타자,,SS,22,2,0.21,196,1,,
2024,14681,김동욱,키움,투수,,RP,27,1,0.12,108,1,,
2024,12854,양지율,키움,투수,,RP,26,1,0.11,56,1,,
2024,12989,박승주,키움,투수,,RP,30,1,0.06,52,1,,
2024,15132,박수종,키움,타자,,CF,25,1,0.05,148,1,,
2024,15475,박윤성,키움,투수,,RP,20,1,0.05,56,1,,
2024,10533,정찬헌,키움,투수,,SP,34,2,0.01,48,1,,
2024,11244,김태진,키움,타자,,SS,29,1,-0.04,202,1,,
2024,10870,김재현,키움,타자,,C,31,1,-0.07,326,1,,
2024,14133,주성원,키움,타자,,RF,24,1,-0.13,62,1,,
2024,16125,손현기,키움,투수,,RP,19,1,-0.13,43,1,,
2024,11226,임병욱,키움,타자,,CF,29,1,-0.15,92,1,,
2024,10437,문성현,키움,투수,,RP,33,2,-0.16,115,1,,
2024,14577,김병휘,키움,타자,,SS,23,1,-0.17,71,1,,
2024,16127,김연주,키움,투수,,RP,20,1,-0.17,94,1,,
2024,14576,이종민,키움,투수,,SP,23,1,-0.18,131,1,,
2024,13223,변상권,키움,타자,,LF,27,1,-0.19,232,1,,
2024,16133,박범준,키움,투수,,RP,20,1,-0.19,16,1,,
2024,16136,원성준,키움,타자,,DH,24,1,-0.21,125,1,,
2024,14580,박주홍,키움,타자,,LF,23,1,-0.26,59,1,,
2024,15073,이명종,키움,투수,,RP,22,1,-0.31,33,1,,
2024,12503,김웅빈,키움,타자,,DH,28,1,-0.38,38,1,,
2024,16128,고영우,키움,타자,,3B,23,1,-0.39,290,1,,
2024,10180,이원석,키움,타자,,DH,38,3,-0.5,109,1,,
2024,12860,오석주,키움,투수,,RP,26,1,-0.51,51,1,,
2024,14132,조영건,키움,투수,,RP,25,1,-0.6,118,1,,
2024,15071,윤석원,키움,투수,,RP,21,1,-0.65,52,1,,
2024,15476,이승원,키움,타자,,SS,20,1,-0.69,41,1,,
2024,14674,김동혁,키움,투수,,RP,23,1,-0.73,67,1,,
2024,11225,임지열,키움,타자,,RF,29,1,-0.82,57,1,,
2024,16124,이재상,키움,타자,,SS,19,1,-0.98,89,1,,
2024,10590,류현진,한화,투수,,SP,37,5,3.84,475,1,,
2024,14125,노시환,한화,타자,,3B,24,5,2.49,601,1,,
2024,10014,안치홍,한화,타자,,DH,34,5,1.38,533,1,,
2024,11215,채은성,한화,타자,,1B,34,5,1.18,498,1,,
2024,15146,페냐,한화,투수,Y,SP,34,4,0.18,112,1,,
2024,16153,와이스,한화,투수,Y,SP,28,4,2.57,275,1,,
2024,16121,페라자,한화,타자,Y,LF,26,4,2.2,522,1,,
2024,10170,최재훈,한화,타자,,C,35,4,1.88,348,1,,
2024,15013,문동주,한화,투수,,SP,21,4,1.44,334,1,,
2024,16150,바리아,한화,투수,Y,SP,28,4,1.41,278,1,,
2024,15643,산체스,한화,투수,Y,SP,27,4,1.29,160,1,,
2024,16107,황준서,한화,투수,,SP,19,4,1.02,216,1,,
2024,15421,김서현,한화,투수,,RP,20,4,0.59,115,1,,
2024,10913,하주석,한화,타자,,SS,30,2,0.26,151,1,,
2024,13137,정은원,한화,타자,,LF,24,2,0.06,78,1,,
2024,10609,이태양,한화,투수,,RP,34,4,-0.49,28,1,,
2024,16110,황영묵,한화,타자,,2B,25,2,1.43,389,1,,
2024,10610,장민재,한화,투수,,RP,34,2,0.64,87,1,,
2024,12585,김태연,한화,타자,,RF,27,2,0.63,472,1,,
2024,11414,이도윤,한화,타자,,SS,28,2,0.61,374,1,,
2024,11410,김민우,한화,투수,,SP,29,2,0.56,37,1,,
2024,11415,주현상,한화,투수,,CL,32,2,2.8,214,1,,
2024,14707,최인호,한화,타자,,LF,24,1,1.21,244,1,,
2024,12871,박상원,한화,투수,,RP,30,2,0.91,200,1,,
2024,13003,이민우,한화,투수,,RP,31,2,0.84,165,1,,
2024,10812,한승혁,한화,투수,,RP,31,2,0.76,188,1,,
2024,12583,장진혁,한화,타자,,CF,31,1,0.6,327,1,,
2024,15422,문현빈,한화,타자,,2B,20,2,0.51,289,1,,
2024,12587,박상언,한화,타자,,C,27,1,0.48,52,1,,
2024,13676,권광민,한화,타자,,LF,27,1,0.41,51,1,,
2024,13245,이상규,한화,투수,,RP,28,1,0.39,96,1,,
2024,14808,김기중,한화,투수,,SP,22,1,0.21,177,1,,
2024,10453,장시환,한화,투수,,RP,37,2,0.2,100,1,,
2024,10108,김강민,한화,타자,,CF,42,2,0.02,87,1,,
2024,14126,유로결,한화,타자,,RF,24,1,0.01,39,1,,
2024,11411,김범수,한화,투수,,RP,29,1,0.01,102,1,,
2024,16108,조동욱,한화,투수,,RP,20,1,-0.07,123,1,,
2024,14871,김규연,한화,투수,,RP,22,2,-0.09,177,1,,
2024,12539,이진영,한화,타자,,CF,27,1,-0.14,103,1,,
2024,14178,장지수,한화,투수,,RP,24,1,-0.15,42,1,,
2024,13138,이원석,한화,타자,,CF,25,1,-0.2,154,1,,
2024,14706,임종찬,한화,타자,,CF,23,1,-0.22,64,1,,
2024,11110,윤대경,한화,투수,,RP,30,2,-0.26,23,1,,
2024,10082,이재원,한화,타자,,C,36,2,-0.28,152,1,,
2024,12589,김인환,한화,타자,,LF,30,1,-0.93,143,1,,
2024,14621,한승주,한화,투수,,RP,23,1,-0.94,66,1,,
2025,16088,네일,KIA,투수,Y,SP,32,5,6.59,493,1,,
2025,15056,김도영,KIA,타자,,3B,22,5,1.33,122,1,,
2025,10058,양현종,KIA,투수,,SP,37,5,0.86,459,1,,
2025,14608,정해영,KIA,투수,,CL,24,4,0.7,185,1,,
2025,10344,최형우,KIA,타자,,DH,42,4,4.37,549,1,,
2025,16261,올러,KIA,투수,Y,SP,31,4,3.61,447,1,,
2025,16262,위즈덤,KIA,타자,Y,1B,34,4,3.49,486,1,,
2025,10008,김선빈,KIA,타자,,2B,36,5,2.11,308,1,,
2025,11162,나성범,KIA,타자,,RF,36,4,1.91,310,1,,
2025,10459,김태군,KIA,타자,,C,36,4,1.77,274,1,,
2025,11126,조상우,KIA,투수,,RP,31,2,1.03,180,1,,
2025,14176,김기훈,KIA,투수,,RP,25,1,0.36,83,1,,
2025,16250,김태형,KIA,투수,,RP,19,3,0.33,71,1,,
2025,15432,윤영철,KIA,투수,,SP,21,4,0.18,150,1,,
2025,13080,김시훈,KIA,투수,,RP,26,3,-0.36,29,2,,
2025,14788,이의리,KIA,투수,,SP,23,4,-0.36,119,1,,
2025,11261,박찬호,KIA,타자,,SS,30,4,4.56,595,1,Y,
2025,11298,김호령,KIA,타자,,CF,33,2,2.82,381,1,,
2025,12537,전상현,KIA,투수,,RP,29,2,1.36,210,1,,
2025,14128,김도현,KIA,투수,,SP,25,2,0.97,376,1,,
2025,14181,오선우,KIA,타자,,1B,29,2,0.03,474,1,,
2025,11233,이창진,KIA,타자,,LF,34,1,-0.1,113,1,,
2025,10909,임기영,KIA,투수,,RP,32,3,-0.48,27,1,,
2025,12534,최원준,KIA,타자,,CF,28,3,-0.73,245,1,,
2025,16085,성영탁,KIA,투수,,RP,21,1,1.99,157,1,,
2025,13113,한준수,KIA,타자,,C,26,2,0.66,276,1,,
2025,12540,김규성,KIA,타자,,2B,28,1,0.53,222,1,,
2025,12869,박정우,KIA,타자,,CF,27,1,0.45,75,1,,
2025,15058,윤도현,KIA,타자,,2B,22,1,0.38,160,1,,
2025,14162,김현수,KIA,투수,,RP,25,1,0.29,55,1,,
2025,10659,고종욱,KIA,타자,,LF,36,2,0.18,123,1,,
2025,14612,홍종표,KIA,타자,,2B,25,1,0.15,64,1,,
2025,13122,윤중현,KIA,투수,,RP,30,1,0.07,31,1,,
2025,15063,황동하,KIA,투수,,RP,23,1,0.06,107,1,,
2025,15437,이도현,KIA,투수,,RP,20,1,-0.02,39,1,,
2025,12917,김석환,KIA,타자,,LF,26,1,-0.08,134,1,,
2025,14124,변우혁,KIA,타자,,3B,25,1,-0.11,153,1,,
2025,10706,김대유,KIA,투수,,RP,34,1,-0.11,25,1,,
2025,11303,이준영,KIA,투수,,RP,33,2,-0.14,102,1,,
2025,14611,박민,KIA,타자,,3B,24,1,-0.15,105,1,,
2025,15057,최지민,KIA,투수,,RP,22,3,-0.15,160,1,,
2025,11306,황대인,KIA,타자,,1B,29,1,-0.16,57,1,,
2025,15433,정해원,KIA,타자,,RF,21,1,-0.39,46,1,,
2025,11099,이우성,KIA,타자,,LF,31,3,-0.52,176,1,Y,
2025,16251,이호민,KIA,투수,,RP,19,1,-0.67,44,1,,
2025,11159,이형범,KIA,투수,,RP,31,1,-0.71,30,1,,
2025,12944,김건국,KIA,투수,,RP,37,1,-0.75,138,1,,
2025,14764,한재승,KIA,투수,,RP,24,1,-0.92,46,2,,
2025,16252,박재현,KIA,타자,,CF,19,1,-1.49,69,1,,
2025,16138,헤이수스,KT,투수,Y,SP,29,4,2.47,491,1,,
2025,13168,강백호,KT,타자,,DH,26,5,1.68,369,1,,
2025,12995,로하스,KT,타자,Y,RF,35,5,1.21,384,1,,
2025,13942,쿠에바스,KT,투수,Y,SP,35,5,0.37,295,1,,
2025,11308,고영표,KT,투수,,SP,34,5,4.17,483,1,,
2025,14600,소형준,KT,투수,,SP,24,3,3.72,442,1,,
2025,14581,오원석,KT,투수,,SP,24,2,3.35,397,1,,
2025,10235,장성우,KT,타자,,C,35,4,2.27,480,1,,
2025,10184,허경민,KT,타자,,3B,35,4,1.68,481,1,,
2025,10320,김상수,KT,타자,,2B,35,3,1.17,423,1,,
2025,15089,박영현,KT,투수,,CL,22,4,0.95,207,1,,
2025,10407,황재균,KT,타자,,1B,38,4,0.48,424,1,,
2025,16027,원상현,KT,투수,,RP,21,3,0.19,171,1,,
2025,14106,전용주,KT,투수,,RP,25,3,0.17,41,1,,
2025,16401,패트릭,KT,투수,Y,SP,30,3,1.33,182,1,,
2025,16402,스티븐슨,KT,타자,Y,CF,31,3,0.45,168,1,,
2025,11394,배제성,KT,투수,,SP,29,2,0.16,81,1,,
2025,15092,안현민,KT,타자,,RF,22,2,6.77,482,1,,
2025,11339,김민혁,KT,타자,,LF,30,2,-0.15,417,1,,
2025,10523,우규민,KT,투수,,RP,40,2,1.12,133,1,,
2025,14109,이상동,KT,투수,,RP,30,1,1.12,130,1,,
2025,14108,손동현,KT,투수,,RP,24,2,0.94,176,1,,
2025,14606,천성호,KT,타자,,2B,28,1,0.92,81,1,,
2025,12885,문용익,KT,투수,,RP,30,1,0.71,86,1,,
2025,11397,오윤석,KT,타자,,2B,33,1,0.66,184,1,,
2025,11317,김민수,KT,투수,,RP,33,2,0.43,158,1,,
2025,14777,권동진,KT,타자,,SS,27,1,0.4,309,1,,
2025,11333,문상철,KT,타자,,1B,34,1,0.38,209,1,,
2025,11323,주권,KT,투수,,RP,30,4,0.31,122,1,,
2025,14658,최용준,KT,투수,,RP,24,1,0.24,27,1,,
2025,13151,이호연,KT,타자,,1B,30,1,0.21,75,1,,
2025,11284,조이현,KT,투수,,SP,30,1,0.17,35,1,,
2025,16352,박건우,KT,투수,,RP,19,1,0.17,20,1,,
2025,13006,안치영,KT,타자,,LF,27,1,0.09,56,1,,
2025,11214,장준원,KT,타자,,SS,30,1,0.03,154,1,,
2025,12583,장진혁,KT,타자,,LF,32,1,-0.01,157,1,,
2025,11212,배정대,KT,타자,,CF,30,2,-0.03,276,1,,
2025,12916,이정훈,KT,타자,,LF,31,1,-0.08,148,1,,
2025,13130,이채호,KT,투수,,RP,27,1,-0.1,35,1,,
2025,14603,강현우,KT,타자,,C,24,1,-0.11,78,1,,
2025,14778,유준규,KT,타자,,LF,23,1,-0.12,41,1,,
2025,10535,최동환,KT,투수,,RP,36,1,-0.32,56,1,,
2025,13177,조대현,KT,타자,,C,26,1,-0.39,90,1,,
2025,14191,강민성,KT,타자,,2B,26,1,-0.46,36,1,,
2025,10387,박동원,LG,타자,,C,35,5,5.12,523,1,,
2025,15532,오스틴,LG,타자,Y,1B,32,5,4.86,499,1,,
2025,10187,김현수,LG,타자,,LF,37,5,3.36,552,1,,
2025,10475,오지환,LG,타자,,SS,35,5,2.89,472,1,,
2025,12546,홍창기,LG,타자,,RF,32,5,0.99,215,1,,
2025,16286,치리노스,LG,투수,Y,SP,32,4,5.21,531,1,,
2025,10652,임찬규,LG,투수,,SP,33,4,4.9,481,1,,
2025,11190,박해민,LG,타자,,CF,35,5,4.55,544,1,,
2025,14137,문보경,LG,타자,,3B,25,4,4.18,607,1,Y,
2025,16160,에르난데스,LG,투수,Y,SP,30,4,1.28,198,1,,
2025,14134,이정용,LG,투수,,RP,29,2,0.57,102,1,,
2025,13112,문성주,LG,타자,,RF,28,2,2.61,542,1,,
2025,16404,톨허스트,LG,투수,Y,SP,26,3,1.31,132,1,,
2025,15265,코엔 윈,LG,투수,Y,SP,26,3,-0.06,69,1,,
2025,12908,손주영,LG,투수,,SP,27,3,3.82,459,1,Y,
2025,14140,구본혁,LG,타자,,3B,28,2,3.59,397,1,,
2025,14846,송승기,LG,투수,,SP,23,2,3.55,432,1,,
2025,13056,신민재,LG,타자,,2B,29,3,3.49,538,1,,
2025,11164,장현식,LG,투수,,RP,30,5,0.73,149,1,,
2025,11166,김진성,LG,투수,,RP,40,2,0.54,212,1,,
2025,10690,김강률,LG,투수,,RP,37,2,0.4,37,1,,
2025,11094,함덕주,LG,투수,,RP,30,3,-0.07,81,1,,
2025,16274,김영우,LG,투수,,RP,20,2,1.5,180,1,,
2025,14669,유영찬,LG,투수,,CL,28,3,0.92,123,1,,
2025,15084,최원영,LG,타자,,LF,22,1,0.77,115,1,,
2025,15081,이주헌,LG,타자,,C,22,1,0.65,156,1,,
2025,15486,박명근,LG,투수,,RP,21,1,0.62,116,1,,
2025,10749,이우찬,LG,투수,,RP,33,1,0.46,57,1,,
2025,13156,최채흥,LG,투수,,RP,30,2,0.17,87,1,,
2025,13009,백승현,LG,투수,,RP,30,1,0.16,90,1,,
2025,12697,배재준,LG,투수,,RP,31,1,0.14,39,1,,
2025,15086,문정빈,LG,타자,,3B,22,1,0.11,33,1,,
2025,14680,함창건,LG,타자,,LF,24,1,0.1,36,1,,
2025,14816,우강훈,LG,투수,,RP,23,1,0.06,29,1,,
2025,16279,박관우,LG,타자,,LF,19,1,0.04,58,1,,
2025,13109,송찬의,LG,타자,,RF,26,1,0.03,166,1,,
2025,14143,이지강,LG,투수,,RP,26,1,-0.04,142,1,,
2025,14781,김진수,LG,투수,,RP,27,1,-0.07,15,1,,
2025,14783,이영빈,LG,타자,,2B,23,1,-0.14,75,1,,
2025,13103,성동현,LG,투수,,RP,26,1,-0.28,27,1,,
2025,14606,천성호,LG,타자,,2B,28,1,-0.37,118,2,,
2025,11137,박민우,NC,타자,,2B,32,5,4.38,468,1,,
2025,16066,데이비슨,NC,타자,Y,1B,34,5,2.72,439,1,,
2025,16349,라일리,NC,투수,Y,SP,29,4,4.34,516,1,,
2025,16350,로건,NC,투수,Y,SP,28,4,2.41,519,1,,
2025,10189,박건우,NC,타자,,RF,35,4,1.85,442,1,,
2025,10261,손아섭,NC,타자,,DH,37,4,1.21,267,1,,
2025,11353,구창모,NC,투수,,SP,28,5,0.67,43,1,,
2025,15450,신영우,NC,투수,,RP,21,3,-0.2,43,1,,
2025,13080,김시훈,NC,투수,,RP,26,3,-0.37,48,1,,
2025,10891,박세혁,NC,타자,,C,35,4,-0.66,93,1,,
2025,14765,김주원,NC,타자,,SS,23,3,6.33,624,1,,
2025,11172,권희동,NC,타자,,LF,35,2,2.76,456,1,,
2025,13081,김형준,NC,타자,,C,26,3,3.27,415,1,,
2025,14785,김휘집,NC,타자,,3B,23,3,2.87,500,1,,
2025,13085,신민혁,NC,투수,,SP,26,2,1.93,396,1,,
2025,13088,김영규,NC,투수,,RP,25,2,1.21,132,1,,
2025,14156,전사민,NC,투수,,RP,26,2,0.83,247,1,,
2025,12534,최원준,NC,타자,,CF,28,3,-0.58,204,2,,
2025,11355,류진욱,NC,투수,,CL,29,2,1.74,198,1,,
2025,12897,김진호,NC,투수,,RP,27,2,1.38,217,1,,
2025,14221,최정원,NC,타자,,CF,25,1,1.31,155,1,,
2025,11248,배재환,NC,투수,,RP,30,2,0.89,181,1,,
2025,16057,손주환,NC,투수,,RP,23,2,0.67,155,1,,
2025,14716,김한별,NC,타자,,2B,24,1,0.5,72,1,,
2025,14764,한재승,NC,투수,,RP,24,1,0.36,54,1,,
2025,15113,김녹원,NC,투수,,SP,22,1,0.32,210,1,,
2025,12560,도태훈,NC,타자,,2B,32,1,0.28,98,1,,
2025,13250,한석현,NC,타자,,CF,31,1,0.26,138,1,,
2025,15453,목지훈,NC,투수,,SP,21,1,0.2,174,1,,
2025,11099,이우성,NC,타자,,LF,31,3,0.17,161,2,Y,
2025,12900,소이현,NC,투수,,RP,26,1,0.12,24,1,,
2025,13261,천재환,NC,타자,,CF,31,1,0.06,294,1,,
2025,13082,오영수,NC,타자,,DH,25,1,0.05,179,1,,
2025,15119,조민석,NC,투수,,RP,27,1,0.02,39,1,,
2025,14659,한재환,NC,타자,,DH,24,1,-0.03,31,1,,
2025,13115,하준영,NC,투수,,RP,26,1,-0.15,16,1,,
2025,16340,김태훈,NC,투수,,RP,19,1,-0.27,57,1,,
2025,16056,최우석,NC,투수,,RP,20,1,-0.34,43,1,,
2025,11329,안중열,NC,타자,,C,30,1,-0.39,60,1,,
2025,14597,박시원,NC,타자,,RF,24,1,-0.41,60,1,,
2025,10217,이용찬,NC,투수,,RP,36,2,-0.44,46,1,,
2025,15111,이준혁,NC,투수,,RP,22,1,-0.5,111,1,,
2025,12565,최성영,NC,투수,,RP,28,1,-0.54,143,1,,
2025,14747,김재열,NC,투수,,RP,29,2,-0.73,65,1,,
2025,14220,서호철,NC,타자,,1B,29,1,-0.82,292,1,,
2025,14593,김태경,NC,투수,,SP,24,1,-0.83,33,1,,
2025,11168,임정호,NC,투수,,RP,35,2,-0.87,56,1,,
2025,16146,앤더슨,SSG,투수,Y,SP,31,5,6.54,515,1,,
2025,15530,에레디아,SSG,타자,Y,LF,34,5,3.54,415,1,,
2025,10126,김광현,SSG,투수,,SP,37,5,1.62,432,1,,
2025,10106,최정,SSG,타자,,DH,38,5,1.41,406,1,,
2025,12922,박성한,SSG,타자,,SS,27,3,5.28,538,1,,
2025,16324,화이트,SSG,투수,Y,SP,31,5,4.24,404,1,,
2025,15461,이로운,SSG,투수,,RP,21,3,2.85,231,1,,
2025,13167,김민,SSG,투수,,RP,26,2,1.99,191,1,,
2025,10815,한유섬,SSG,타자,,RF,36,4,1.82,511,1,,
2025,10783,문승원,SSG,투수,,SP,36,4,1.51,316,1,,
2025,14803,김건우,SSG,투수,,SP,23,3,1.35,198,1,,
2025,10131,박종훈,SSG,투수,,SP,34,4,-0.06,57,1,,
2025,12571,정동윤,SSG,투수,,RP,28,3,-0.26,52,1,,
2025,10203,노경은,SSG,투수,,RP,41,4,3.13,240,1,,
2025,16390,맥브룸,SSG,타자,Y,RF,33,3,-0.17,80,1,,
2025,14587,최지훈,SSG,타자,,CF,28,2,2.3,574,1,,
2025,16042,정준재,SSG,타자,,2B,22,2,1.84,442,1,,
2025,14807,고명준,SSG,타자,,1B,23,2,0.79,500,1,,
2025,10636,김성현,SSG,타자,,3B,38,2,-0.05,137,1,,
2025,14805,조병현,SSG,투수,,CL,23,3,3.37,202,1,,
2025,13126,최민준,SSG,투수,,RP,26,2,0.99,197,1,,
2025,15032,전영준,SSG,투수,,RP,23,1,0.75,158,1,,
2025,14806,조형우,SSG,타자,,C,23,1,0.59,294,1,,
2025,11373,김택형,SSG,투수,,RP,29,1,0.56,68,1,,
2025,12613,안상현,SSG,타자,,3B,28,1,0.45,289,1,,
2025,14687,박시후,SSG,투수,,RP,24,2,0.38,157,1,,
2025,14586,류효승,SSG,타자,,DH,29,1,0.37,103,1,,
2025,13228,한두솔,SSG,투수,,RP,28,1,0.36,109,1,,
2025,16040,박기호,SSG,투수,,RP,20,1,0.32,72,1,,
2025,14584,현원회,SSG,타자,,DH,24,1,0.17,62,1,,
2025,15462,송영진,SSG,투수,,RP,21,1,0.17,190,1,,
2025,12541,신범수,SSG,타자,,C,27,1,0.11,39,1,,
2025,14153,채현우,SSG,타자,,LF,30,1,0.11,52,1,,
2025,16041,최현석,SSG,투수,,RP,22,1,0.02,52,1,,
2025,10312,이지영,SSG,타자,,C,39,2,-0.06,216,1,,
2025,15121,석정우,SSG,타자,,3B,26,1,-0.18,54,1,,
2025,11153,김성욱,SSG,타자,,RF,32,2,-0.26,119,1,,
2025,13128,최준우,SSG,타자,,LF,26,1,-0.29,192,1,,
2025,10249,오태곤,SSG,타자,,1B,34,3,-0.36,229,1,,
2025,12622,김찬형,SSG,타자,,3B,28,1,-0.39,78,1,,
2025,14147,하재훈,SSG,타자,,RF,35,1,-0.48,61,1,,
2025,16038,박지환,SSG,타자,,3B,20,1,-0.95,68,1,,
2025,10165,양의지,두산,타자,,C,38,5,6.79,517,1,,
2025,16299,잭로그,두산,투수,Y,SP,29,4,5.34,528,1,,
2025,16300,케이브,두산,타자,Y,RF,33,4,4.3,593,1,,
2025,10195,정수빈,두산,타자,,CF,35,5,2.83,546,1,,
2025,16298,콜어빈,두산,투수,Y,SP,31,4,2.57,434,1,,
2025,13061,곽빈,두산,투수,,SP,26,4,2.01,328,1,,
2025,10643,김재환,두산,타자,,DH,37,4,1.91,407,1,,
2025,14771,안재석,두산,타자,,SS,23,3,1.77,147,1,,
2025,16067,김택연,두산,투수,,CL,20,4,1.32,199,1,,
2025,12568,이영하,두산,투수,,RP,28,3,0.9,200,1,,
2025,11098,김인태,두산,타자,,LF,31,1,0.8,225,1,,
2025,12522,박준영,두산,타자,,SS,28,2,0.07,126,1,,1→2
2025,16287,박준순,두산,타자,,3B,19,3,-0.05,298,1,,
2025,15099,이병헌,두산,투수,,RP,22,3,-0.12,39,1,,
2025,15253,김민석,두산,타자,,LF,21,3,-1.31,247,1,,
2025,11087,강승호,두산,타자,,1B,31,3,1.55,400,1,Y,
2025,14737,오명진,두산,타자,,2B,24,2,1.8,371,1,,
2025,14770,최승용,두산,투수,,SP,24,3,1.7,349,1,,
2025,16288,최민석,두산,투수,,SP,19,2,1.43,233,1,,
2025,11213,양석환,두산,타자,,1B,34,5,1.24,294,1,,
2025,12852,최원준,두산,투수,,SP,31,2,0.95,321,1,,
2025,10696,홍건희,두산,투수,,RP,33,3,0.01,48,1,,
2025,12894,이유찬,두산,타자,,SS,27,1,0.84,311,1,,
2025,14736,박지훈,두산,타자,,3B,25,1,0.82,55,1,,
2025,16069,임종성,두산,타자,,3B,20,1,0.65,89,1,,
2025,13070,박신지,두산,투수,,RP,26,2,0.47,180,1,,
2025,16293,양재훈,두산,투수,,RP,22,1,0.35,70,1,,
2025,11300,박정수,두산,투수,,RP,29,1,0.33,79,1,,
2025,12549,김기연,두산,타자,,C,28,1,0.3,245,1,,
2025,12850,박치국,두산,투수,,RP,27,2,0.22,187,1,,
2025,14173,이교훈,두산,투수,,RP,25,1,0.17,23,1,,
2025,14573,제환유,두산,투수,,SP,25,1,0.14,49,1,,
2025,13072,김민규,두산,투수,,RP,26,1,0.06,29,1,,
2025,16289,홍민규,두산,투수,,RP,19,1,0.03,100,1,,
2025,13124,김정우,두산,투수,,RP,26,1,-0.02,63,1,,
2025,12524,조수행,두산,타자,,LF,32,1,-0.06,140,1,,
2025,11198,박계범,두산,타자,,2B,29,1,-0.07,198,1,,
2025,15508,최준호,두산,투수,,RP,21,1,-0.13,48,1,,
2025,15104,윤태호,두산,투수,,RP,22,1,-0.14,52,1,,
2025,15509,김유성,두산,투수,,SP,23,1,-0.14,52,1,,
2025,12847,김명신,두산,투수,,RP,32,2,-0.2,25,1,,
2025,13268,김호준,두산,투수,,RP,27,1,-0.24,32,1,,
2025,14170,김대한,두산,타자,,LF,25,1,-0.32,37,1,,
2025,13094,추재현,두산,타자,,LF,26,1,-0.53,87,1,,
2025,15127,최지강,두산,투수,,RP,24,1,-0.56,98,1,,
2025,15100,김동준,두산,타자,,DH,23,1,-0.65,100,1,,
2025,10124,고효준,두산,투수,,RP,42,1,-1.17,63,1,,
2025,16106,레이예스,롯데,타자,Y,LF,31,4,3.21,643,1,,
2025,11310,박세웅,롯데,투수,,SP,30,5,1.95,482,1,,
2025,10266,전준우,롯데,타자,,DH,39,5,1.39,472,1,,
2025,15011,반즈,롯데,투수,Y,SP,30,5,0.3,137,1,,
2025,16273,데이비슨,롯데,투수,Y,SP,29,4,3.38,370,1,,
2025,16391,감보아,롯데,투수,Y,SP,28,4,2.35,324,1,,
2025,10753,유강남,롯데,타자,,C,33,5,2.09,350,1,,
2025,10825,김원중,롯데,투수,,CL,32,5,1.61,182,1,,
2025,15045,이민석,롯데,투수,,SP,22,3,0.95,262,1,,
2025,14624,최준용,롯데,투수,,RP,24,2,0.33,163,1,,
2025,10863,한현희,롯데,투수,,SP,32,4,0.02,26,1,,
2025,12928,윤성빈,롯데,투수,,RP,26,1,0,81,1,,
2025,14797,나승엽,롯데,타자,,1B,23,4,-0.07,392,1,,
2025,11165,노진혁,롯데,타자,,DH,36,5,-0.16,69,1,,
2025,14792,김진욱,롯데,투수,,RP,23,3,-0.73,81,1,,
2025,15048,윤동희,롯데,타자,,RF,22,3,3.14,399,1,,
2025,16405,벨라스케즈,롯데,투수,Y,SP,33,3,-0.31,105,1,,
2025,12930,나균안,롯데,투수,,SP,27,2,3.01,412,1,,
2025,14160,고승민,롯데,타자,,2B,25,3,2.05,538,1,Y,
2025,13073,전민재,롯데,타자,,SS,26,2,1.13,369,1,,
2025,14590,손호영,롯데,타자,,3B,31,2,0.2,375,1,,
2025,10238,김민성,롯데,타자,,3B,37,2,0.15,254,1,,
2025,15051,한태양,롯데,타자,,2B,22,1,1.52,267,1,,
2025,16395,박찬형,롯데,타자,,3B,23,1,1.19,148,1,,
2025,14625,홍민기,롯데,투수,,RP,24,1,1.06,96,1,,
2025,13071,정철원,롯데,투수,,RP,26,2,1.03,210,1,,
2025,16090,정현수,롯데,투수,,RP,24,2,1.03,143,1,,
2025,15645,김동혁,롯데,타자,,CF,25,1,0.83,114,1,,
2025,16091,이호준,롯데,타자,,SS,21,1,0.8,153,1,,
2025,13155,장두성,롯데,타자,,CF,26,1,0.71,284,1,,
2025,14642,황성빈,롯데,타자,,CF,28,2,0.14,273,1,,
2025,14794,송재영,롯데,투수,,RP,23,1,0.13,81,1,,
2025,14163,박진,롯데,투수,,RP,26,2,0.03,208,1,,
2025,13154,정보근,롯데,타자,,C,26,1,0.02,152,1,,
2025,11425,박진형,롯데,투수,,RP,31,2,-0.1,16,1,,
2025,14796,손성빈,롯데,타자,,C,23,1,-0.2,69,1,,
2025,16092,박준우,롯데,투수,,RP,20,1,-0.21,37,1,,
2025,11291,구승민,롯데,투수,,RP,35,4,-0.22,27,1,,
2025,10804,박승욱,롯데,타자,,SS,33,1,-0.31,92,1,,
2025,10427,김상수,롯데,투수,,RP,37,2,-0.52,110,1,,
2025,10737,박시영,롯데,투수,,RP,36,1,-0.54,22,1,,
2025,10253,정훈,롯데,타자,,DH,38,2,-0.65,200,1,,
2025,15531,후라도,삼성,투수,Y,SP,29,5,7.57,592,1,,
2025,10892,구자욱,삼성,타자,,LF,32,5,4.48,616,1,,
2025,15861,레예스,삼성,투수,Y,SP,29,4,1.06,150,1,,
2025,11489,김재윤,삼성,투수,,RP,35,5,0.47,173,1,,
2025,10367,오승환,삼성,투수,,RP,43,4,-0.13,27,1,,
2025,16162,디아즈,삼성,타자,Y,1B,29,4,5.8,628,1,,
2025,15034,이재현,삼성,타자,,SS,22,3,5.13,555,1,,
2025,14113,원태인,삼성,투수,,SP,25,5,4.91,500,1,,
2025,10232,강민호,삼성,타자,,C,40,4,2.59,465,1,,
2025,16397,가라비토,삼성,투수,Y,SP,30,4,2.54,235,1,,
2025,11379,최원태,삼성,투수,,SP,28,5,1.73,373,1,,
2025,10894,류지혁,삼성,타자,,2B,31,3,1.51,464,1,,
2025,14798,이승현,삼성,투수,,SP,23,3,1.39,304,1,,
2025,16239,배찬승,삼성,투수,,RP,19,3,0.59,152,1,,
2025,10470,박병호,삼성,타자,,DH,39,2,0.36,232,1,,
2025,15864,육선엽,삼성,투수,,RP,20,3,0,86,1,,
2025,10363,백정현,삼성,투수,,RP,38,4,1.3,97,1,,
2025,14618,김지찬,삼성,타자,,CF,24,3,0.94,373,1,Y,
2025,12936,김성윤,삼성,타자,,RF,26,2,5.5,538,1,,
2025,15035,김영웅,삼성,타자,,3B,22,3,2.82,499,1,Y,
2025,10452,임창민,삼성,투수,,RP,40,2,-0.07,39,1,,
2025,14122,박승규,삼성,타자,,CF,25,1,1.33,200,1,,
2025,15875,양도근,삼성,타자,,2B,22,1,1.32,198,1,,
2025,10871,김태훈,삼성,투수,,RP,33,2,1.27,199,1,,
2025,12562,이성규,삼성,타자,,RF,32,1,1.23,154,1,,
2025,13157,양창섭,삼성,투수,,RP,26,1,1.04,189,1,,
2025,11422,전병우,삼성,타자,,3B,33,1,0.55,97,1,,
2025,14616,이승민,삼성,투수,,RP,25,2,0.36,193,1,,
2025,13244,이재익,삼성,투수,,RP,31,1,0.33,22,1,,
2025,14799,이재희,삼성,투수,,RP,24,1,0.32,27,1,,
2025,15882,김대호,삼성,투수,,RP,24,1,0.2,63,1,,
2025,14615,황동재,삼성,투수,,RP,24,1,0.1,62,1,,
2025,10137,송은범,삼성,투수,,RP,41,2,0.09,18,1,,
2025,15496,이호성,삼성,투수,,RP,21,2,-0.03,166,1,,
2025,12941,홍현빈,삼성,타자,,CF,28,1,-0.06,38,1,,
2025,14117,이병헌,삼성,타자,,C,26,1,-0.1,59,1,,
2025,16240,심재훈,삼성,타자,,2B,19,1,-0.15,43,1,,
2025,11344,김재성,삼성,타자,,C,29,1,-0.37,73,1,,
2025,11336,김태훈,삼성,타자,,LF,29,2,-0.39,98,1,,
2025,10527,이승현,삼성,투수,,RP,34,2,-0.46,107,1,,
2025,13161,윤정빈,삼성,타자,,RF,26,1,-0.67,46,1,,
2025,10640,김헌곤,삼성,타자,,RF,37,2,-0.98,191,1,,
2025,11376,송성문,키움,타자,,3B,29,4,8.58,646,1,,
2025,13941,알칸타라,키움,투수,Y,SP,33,4,3,363,1,,
2025,12516,이형종,키움,타자,,LF,36,3,0.19,82,1,,
2025,16156,카디네스,키움,타자,Y,DH,28,4,-0.23,361,1,,
2025,16325,정현우,키움,투수,,SP,19,4,-0.26,244,1,,
2025,15004,푸이그,키움,타자,Y,LF,35,5,-0.37,172,1,,
2025,16122,전준표,키움,투수,,RP,20,3,-1.18,61,1,,
2025,16339,로젠버그,키움,투수,Y,SP,30,3,1.79,226,1,,
2025,16403,메르세데스,키움,투수,Y,SP,31,3,0.67,139,1,,
2025,16398,웰스,키움,투수,Y,SP,28,3,0.38,60,1,,
2025,10035,이용규,키움,타자,,CF,40,2,-0.22,41,1,,
2025,16393,스톤,키움,타자,Y,RF,30,3,-0.64,93,1,,
2025,11161,원종현,키움,투수,,RP,38,4,-1.66,163,1,,
2025,14591,이주형,키움,타자,,CF,24,3,2.93,514,1,,
2025,11222,하영민,키움,투수,,SP,30,2,1.41,460,1,,
2025,11225,임지열,키움,타자,,LF,30,2,1.04,417,1,,
2025,10182,최주환,키움,타자,,1B,37,2,0.56,506,1,,
2025,13092,김선기,키움,투수,,RP,34,2,-0.29,234,1,,
2025,14132,조영건,키움,투수,,RP,26,2,-0.51,233,1,,
2025,16328,어준서,키움,타자,,SS,19,2,-0.81,360,1,,
2025,16123,김윤하,키움,투수,,SP,20,2,-0.84,264,1,,
2025,15067,주승우,키움,투수,,CL,25,1,1.35,132,1,,
2025,12860,오석주,키움,투수,,RP,27,2,0.85,175,1,,
2025,15473,김동헌,키움,타자,,C,21,1,0.4,91,1,,
2025,15472,김건희,키움,타자,,C,21,1,0.3,344,1,,
2025,14580,박주홍,키움,타자,,RF,24,1,0.19,283,1,,
2025,14133,주성원,키움,타자,,RF,25,1,0.13,174,1,,
2025,10557,오선진,키움,타자,,SS,36,2,0.06,163,1,,
2025,16136,원성준,키움,타자,,LF,25,1,-0.03,53,1,,
2025,15132,박수종,키움,타자,,CF,26,1,-0.12,45,1,,
2025,15071,윤석원,키움,투수,,RP,22,1,-0.15,112,1,,
2025,15485,김동규,키움,투수,,RP,21,1,-0.22,24,1,,
2025,16332,전태현,키움,타자,,2B,19,1,-0.23,207,1,,
2025,12503,김웅빈,키움,타자,,DH,29,1,-0.25,31,1,,
2025,12918,김성민,키움,투수,,RP,31,2,-0.25,75,1,,
2025,14601,이강준,키움,투수,,RP,24,1,-0.33,74,1,,
2025,16130,송지후,키움,타자,,2B,20,1,-0.34,86,1,,
2025,16329,여동욱,키움,타자,,3B,20,1,-0.37,61,1,,
2025,16330,박정훈,키움,투수,,RP,19,1,-0.42,69,1,,
2025,16326,김서준,키움,투수,,RP,19,1,-0.46,16,1,,
2025,11244,김태진,키움,타자,,2B,30,1,-0.47,304,1,,
2025,14130,박주성,키움,투수,,RP,25,1,-0.51,156,1,,
2025,16127,김연주,키움,투수,,RP,21,1,-0.52,155,1,,
2025,10870,김재현,키움,타자,,C,32,1,-0.56,128,1,,
2025,11226,임병욱,키움,타자,,RF,30,1,-0.66,140,1,,
2025,12854,양지율,키움,투수,,RP,27,1,-0.72,42,1,,
2025,15475,박윤성,키움,투수,,RP,21,2,-0.73,155,1,,
2025,16384,이준우,키움,투수,,RP,24,1,-1.14,69,1,,
2025,16331,윤현,키움,투수,,RP,19,1,-1.49,66,1,,
2025,14125,노시환,한화,타자,,3B,25,4,4.88,624,1,,
2025,10590,류현진,한화,투수,,SP,38,5,4.03,418,1,,
2025,11215,채은성,한화,타자,,1B,35,5,1.37,527,1,,
2025,10014,안치홍,한화,타자,,DH,35,5,-1.34,196,1,,
2025,16313,폰세,한화,투수,Y,SP,31,5,8.38,542,1,,
2025,16153,와이스,한화,투수,Y,SP,29,4,5.95,536,1,,
2025,10170,최재훈,한화,타자,,C,36,5,3.23,348,1,,
2025,15013,문동주,한화,투수,,SP,22,4,2.53,363,1,,
2025,15421,김서현,한화,투수,,CL,21,4,1.99,198,1,,
2025,16301,정우주,한화,투수,,RP,19,4,1.23,161,1,,
2025,16107,황준서,한화,투수,,SP,20,4,0.41,168,1,,
2025,15014,박준영,한화,투수,,SP,22,3,0.15,15,1,,
2025,11318,엄상백,한화,투수,,SP,29,5,-0.19,242,1,,
2025,16396,리베라토,한화,타자,Y,CF,30,3,2,273,1,,
2025,16312,플로리얼,한화,타자,Y,CF,28,3,1.78,285,1,,
2025,11334,심우준,한화,타자,,SS,30,4,0.8,275,1,,
2025,10261,손아섭,한화,타자,,DH,37,3,-0.05,149,2,,
2025,15422,문현빈,한화,타자,,LF,21,2,2.42,592,1,,
2025,12539,이진영,한화,타자,,RF,28,2,1.99,366,1,,
2025,10609,이태양,한화,투수,,RP,35,4,0.19,34,1,,
2025,11415,주현상,한화,투수,,RP,33,2,-0.12,125,1,,
2025,10812,한승혁,한화,투수,,RP,32,2,2.54,192,1,,
2025,10913,하주석,한화,타자,,SS,31,2,2.08,305,1,,
2025,11411,김범수,한화,투수,,RP,30,2,1.33,144,1,,
2025,16108,조동욱,한화,투수,,RP,21,2,1.31,180,1,,
2025,11117,김종수,한화,투수,,RP,31,2,0.85,191,1,,
2025,12871,박상원,한화,투수,,RP,31,2,0.73,200,1,,
2025,13138,이원석,한화,타자,,RF,26,1,0.58,248,1,,
2025,11414,이도윤,한화,타자,,2B,29,2,0.53,277,1,,
2025,12585,김태연,한화,타자,,1B,28,2,0.49,340,1,,
2025,16110,황영묵,한화,타자,,2B,26,1,0.42,286,1,,
2025,14196,윤산흠,한화,투수,,RP,26,1,0.36,50,1,,
2025,14808,김기중,한화,투수,,RP,23,1,0.3,44,1,,
2025,10082,이재원,한화,타자,,C,37,1,0.23,151,1,,
2025,14707,최인호,한화,타자,,DH,25,1,0.05,159,1,,
2025,16302,권민규,한화,투수,,RP,19,1,-0.03,16,1,,
2025,15015,허인서,한화,타자,,C,22,1,-0.11,30,1,,
2025,14706,임종찬,한화,타자,,RF,24,1,-0.14,35,1,,
2025,13245,이상규,한화,투수,,RP,29,1,-0.29,27,1,,
