이름,선수ID,구분,외국인,출생,소속(순서),첫 시즌,마지막 시즌,시즌 수,시즌 중 재가격,최고 코인,평균 코인,1982,1983,1984,1985,1986,1987,1988,1989,1990,1991,1992,1993,1994,1995,1996,1997,1998,1999,2000,2001,2002,2003,2004,2005,2006,2007,2008,2009,2010,2011,2012,2013,2014,2015,2016,2017,2018,2019,2020,2021,2022,2023,2024,2025
감사용,1118,투수,,1957,삼미 · 삼미·청보,1982,1985,3,,3,1.7,3,1,,1,,,,,,,,,,,,,,,,,,,,,,,,,,,,,,,,,,,,,,,,
강만식,1119,투수,,1957,해태 · 빙그레 · 삼성,1982,1989,7,,5,3.1,3,2,3,3,5,3,,3,,,,,,,,,,,,,,,,,,,,,,,,,,,,,,,,,,,,
강철원,1113,투수,,1958,OB · 청보,1982,1986,4,,3,2.5,3,3,,2,2,,,,,,,,,,,,,,,,,,,,,,,,,,,,,,,,,,,,,,,
계형철,1114,투수,,1953,OB,1982,1991,10,,5,3.9,5,2,3,5,5,4,4,5,4,2,,,,,,,,,,,,,,,,,,,,,,,,,,,,,,,,,,
구천서,1001,타자,,1963,OB,1982,1992,11,,5,2.8,3,5,4,3,3,2,2,2,2,3,2,,,,,,,,,,,,,,,,,,,,,,,,,,,,,,,,,
권두조,1002,타자,,1951,롯데 · 삼미 · 삼미·청보 · 청보,1982,1987,6,,2,1.8,2,2,2,2,2,1,,,,,,,,,,,,,,,,,,,,,,,,,,,,,,,,,,,,,,
권영호,1104,투수,,1954,삼성,1982,1989,8,,5,4.9,5,5,5,4,5,5,5,5,,,,,,,,,,,,,,,,,,,,,,,,,,,,,,,,,,,,
금광옥,1003,타자,,1956,삼미 · 삼미·청보 · 청보 · 태평양,1982,1988,7,,5,3.1,3,5,4,2,3,3,2,,,,,,,,,,,,,,,,,,,,,,,,,,,,,,,,,,,,,
김경남,1004,타자,,1959,삼미 · 청보 · 태평양,1982,1988,7,,2,1.4,2,2,2,1,1,1,1,,,,,,,,,,,,,,,,,,,,,,,,,,,,,,,,,,,,,
김경문,11469,타자,,1958,OB · 태평양,1982,1991,10,,2,1.5,2,1,1,1,2,1,2,1,2,2,,,,,,,,,,,,,,,,,,,,,,,,,,,,,,,,,,
김경훈,1055,타자,,1957,해태,1982,1982,1,,1,1.0,1,,,,,,,,,,,,,,,,,,,,,,,,,,,,,,,,,,,,,,,,,,,
김광수,1035,타자,,1959,OB,1982,1992,11,,5,3.4,4,3,2,3,3,4,4,4,3,5,2,,,,,,,,,,,,,,,,,,,,,,,,,,,,,,,,,
김구길,1056,타자,,1953,삼미,1982,1982,1,,1,1.0,1,,,,,,,,,,,,,,,,,,,,,,,,,,,,,,,,,,,,,,,,,,,
김덕열,1120,투수,,1955,롯데,1982,1983,2,,3,2.5,3,2,,,,,,,,,,,,,,,,,,,,,,,,,,,,,,,,,,,,,,,,,,
김동철,1057,투수,,1960,삼미,1982,1982,1,,2,2.0,2,,,,,,,,,,,,,,,,,,,,,,,,,,,,,,,,,,,,,,,,,,,
김무관,12714,타자,,1955,삼미,1982,1983,2,,3,2.0,3,1,,,,,,,,,,,,,,,,,,,,,,,,,,,,,,,,,,,,,,,,,,
김문희,1121,투수,,1955,롯데,1982,1984,3,,3,2.7,3,2,3,,,,,,,,,,,,,,,,,,,,,,,,,,,,,,,,,,,,,,,,,
김바위,15155,타자,,1955,MBC · 삼미·청보 · 청보 · 태평양,1982,1990,9,,4,3.2,4,3,2,2,3,4,4,4,3,,,,,,,,,,,,,,,,,,,,,,,,,,,,,,,,,,,
김봉기,1058,타자,,1953,MBC,1982,1982,1,,1,1.0,1,,,,,,,,,,,,,,,,,,,,,,,,,,,,,,,,,,,,,,,,,,,
김봉연,1005,타자,,1952,해태,1982,1988,7,,5,4.4,4,5,5,4,4,5,4,,,,,,,,,,,,,,,,,,,,,,,,,,,,,,,,,,,,,
김성관,1006,타자,,1952,롯데,1982,1983,2,,4,3.5,3,4,,,,,,,,,,,,,,,,,,,,,,,,,,,,,,,,,,,,,,,,,,
김성한,12726,타자,,1958,해태,1982,1995,14,,5,4.7,5,5,4,4,5,5,5,5,5,5,5,5,5,3,,,,,,,,,,,,,,,,,,,,,,,,,,,,,,
김시철,1122,투수,,1958,MBC,1982,1982,1,,2,2.0,2,,,,,,,,,,,,,,,,,,,,,,,,,,,,,,,,,,,,,,,,,,,
김용남,1059,투수,,1958,해태 · 빙그레,1982,1988,7,,5,3.9,5,5,5,4,3,3,2,,,,,,,,,,,,,,,,,,,,,,,,,,,,,,,,,,,,,
김용달,1007,타자,,1956,MBC,1982,1987,6,,3,2.0,2,3,2,2,2,1,,,,,,,,,,,,,,,,,,,,,,,,,,,,,,,,,,,,,,
김용만,1060,타자,,1958,해태,1982,1982,1,,1,1.0,1,,,,,,,,,,,,,,,,,,,,,,,,,,,,,,,,,,,,,,,,,,,
김용운,1008,타자,,1955,MBC · 롯데,1982,1990,9,,3,2.0,2,3,1,1,2,2,3,2,2,,,,,,,,,,,,,,,,,,,,,,,,,,,,,,,,,,,
김용철,1009,타자,,1957,롯데 · 삼성,1982,1992,11,,5,4.5,5,5,5,5,5,4,5,5,4,4,3,,,,,,,,,,,,,,,,,,,,,,,,,,,,,,,,,
김용희,11471,타자,,1955,롯데,1982,1988,7,,5,4.3,4,4,4,3,5,5,5,,,,,,,,,,,,,,,,,,,,,,,,,,,,,,,,,,,,,
김우근,1010,타자,,1956,해태 · 삼미 · 삼미·청보 · MBC,1982,1987,6,,3,2.2,2,1,2,2,3,3,,,,,,,,,,,,,,,,,,,,,,,,,,,,,,,,,,,,,,
김우열,1011,타자,,1949,OB · 빙그레,1982,1986,5,,5,4.6,4,5,5,5,4,,,,,,,,,,,,,,,,,,,,,,,,,,,,,,,,,,,,,,,
김유동,1036,타자,,1954,OB · 삼미,1982,1985,4,,2,1.2,1,1,1,2,,,,,,,,,,,,,,,,,,,,,,,,,,,,,,,,,,,,,,,,
김인식,1012,타자,,1953,MBC,1982,1988,7,,3,2.3,2,2,2,3,3,3,1,,,,,,,,,,,,,,,,,,,,,,,,,,,,,,,,,,,,,
김일권,1013,타자,,1956,해태 · 태평양 · LG,1982,1991,10,,4,2.8,3,4,3,2,3,2,2,2,4,3,,,,,,,,,,,,,,,,,,,,,,,,,,,,,,,,,,
김일환,1061,타자,,1954,롯데 · 해태 · 태평양,1982,1988,7,1988 해태 2→태평양 2,2,1.7,2,1,2,2,2,1,2,,,,,,,,,,,,,,,,,,,,,,,,,,,,,,,,,,,,,
김재상,1063,타자,,1959,롯데,1982,1990,7,,2,1.9,2,2,2,,,2,2,2,1,,,,,,,,,,,,,,,,,,,,,,,,,,,,,,,,,,,
김재현,1123,투수,,1959,삼미 · 삼미·청보,1982,1985,4,,3,1.8,3,1,2,1,,,,,,,,,,,,,,,,,,,,,,,,,,,,,,,,,,,,,,,,
김정수,1014,타자,,1953,롯데 · 삼미 · 삼미·청보 · 청보,1982,1986,5,,4,3.0,3,4,3,3,2,,,,,,,,,,,,,,,,,,,,,,,,,,,,,,,,,,,,,,,
김종모,1064,타자,,1959,해태,1982,1991,10,,5,4.5,4,3,5,5,4,5,5,5,4,5,,,,,,,,,,,,,,,,,,,,,,,,,,,,,,,,,,
김종윤,1065,타자,,1957,해태 · 빙그레,1982,1986,5,,2,1.6,2,2,2,1,1,,,,,,,,,,,,,,,,,,,,,,,,,,,,,,,,,,,,,,,
김준환,1015,타자,,1955,해태,1982,1989,8,,5,2.8,4,5,2,2,3,2,2,2,,,,,,,,,,,,,,,,,,,,,,,,,,,,,,,,,,,,
김진철,1066,타자,,1958,삼미,1982,1982,1,,2,2.0,2,,,,,,,,,,,,,,,,,,,,,,,,,,,,,,,,,,,,,,,,,,,
김한근,1037,타자,,1955,삼성 · 빙그레 · 태평양,1982,1990,8,,3,2.2,2,3,2,,2,2,2,2,3,,,,,,,,,,,,,,,,,,,,,,,,,,,,,,,,,,,
김현홍,1124,투수,,1956,OB,1982,1983,2,,2,2.0,2,2,,,,,,,,,,,,,,,,,,,,,,,,,,,,,,,,,,,,,,,,,,
김호인,1068,타자,,1954,삼미,1982,1982,1,,2,2.0,2,,,,,,,,,,,,,,,,,,,,,,,,,,,,,,,,,,,,,,,,,,,
김휘욱,1069,타자,,1957,삼성,1982,1982,1,,2,2.0,2,,,,,,,,,,,,,,,,,,,,,,,,,,,,,,,,,,,,,,,,,,,
노상수,1125,투수,,1958,롯데,1982,1990,7,,5,3.6,5,5,,,4,4,3,2,2,,,,,,,,,,,,,,,,,,,,,,,,,,,,,,,,,,,
박경호,1126,투수,,1951,삼미,1982,1982,1,,2,2.0,2,,,,,,,,,,,,,,,,,,,,,,,,,,,,,,,,,,,,,,,,,,,
박상열,1071,투수,,1955,OB,1982,1988,7,,5,3.4,4,3,5,5,4,2,1,,,,,,,,,,,,,,,,,,,,,,,,,,,,,,,,,,,,,
박석채,1127,투수,,1957,MBC,1982,1983,2,,2,1.5,2,1,,,,,,,,,,,,,,,,,,,,,,,,,,,,,,,,,,,,,,,,,,
박영진,1038,투수,,1958,삼성,1982,1982,1,,1,1.0,1,,,,,,,,,,,,,,,,,,,,,,,,,,,,,,,,,,,,,,,,,,,
박용성,1072,타자,,1958,롯데,1982,1986,5,,4,2.6,2,2,4,3,2,,,,,,,,,,,,,,,,,,,,,,,,,,,,,,,,,,,,,,,
박전섭,1074,타자,,1959,해태,1982,1984,2,,2,1.5,2,,1,,,,,,,,,,,,,,,,,,,,,,,,,,,,,,,,,,,,,,,,,
박정환,1039,타자,,1957,삼성,1982,1992,7,,2,1.9,2,,,,,2,2,2,1,2,2,,,,,,,,,,,,,,,,,,,,,,,,,,,,,,,,,
박준영,1075,타자,,1953,삼미,1982,1984,3,,2,1.7,2,1,2,,,,,,,,,,,,,,,,,,,,,,,,,,,,,,,,,,,,,,,,,
박찬,1041,타자,,1955,삼성,1982,1984,3,,2,1.7,1,2,2,,,,,,,,,,,,,,,,,,,,,,,,,,,,,,,,,,,,,,,,,
박철순,1105,투수,,1956,OB,1982,1996,13,,5,3.8,5,5,,5,4,3,,2,2,2,3,5,5,5,3,,,,,,,,,,,,,,,,,,,,,,,,,,,,,
방기만,1128,투수,,1954,롯데,1982,1982,1,,2,2.0,2,,,,,,,,,,,,,,,,,,,,,,,,,,,,,,,,,,,,,,,,,,,
방수원,1076,투수,,1960,해태,1982,1989,8,,4,2.5,4,4,2,1,2,2,2,3,,,,,,,,,,,,,,,,,,,,,,,,,,,,,,,,,,,,
배대웅,1016,타자,,1954,삼성,1982,1986,5,,3,2.2,2,2,3,2,2,,,,,,,,,,,,,,,,,,,,,,,,,,,,,,,,,,,,,,,
백인천,1017,타자,,1943,MBC · 삼미,1982,1984,3,1983 MBC 5→삼미 5,5,5.0,5,5,5,,,,,,,,,,,,,,,,,,,,,,,,,,,,,,,,,,,,,,,,,
서정환,1042,타자,,1955,삼성 · 해태,1982,1989,8,,4,3.1,4,2,2,2,3,4,4,4,,,,,,,,,,,,,,,,,,,,,,,,,,,,,,,,,,,,
선우대영,1106,투수,,1957,OB,1982,1983,2,,5,4.5,4,5,,,,,,,,,,,,,,,,,,,,,,,,,,,,,,,,,,,,,,,,,,
성낙수,1115,투수,,1957,삼성 · 빙그레,1982,1986,4,,5,3.2,4,5,2,,2,,,,,,,,,,,,,,,,,,,,,,,,,,,,,,,,,,,,,,,
손상득,1044,타자,,1956,삼성,1982,1988,4,,2,1.8,1,,,,2,2,2,,,,,,,,,,,,,,,,,,,,,,,,,,,,,,,,,,,,,
송경섭,1018,타자,,1960,삼미,1982,1982,1,,1,1.0,1,,,,,,,,,,,,,,,,,,,,,,,,,,,,,,,,,,,,,,,,,,,
송영운,1078,타자,,1952,MBC,1982,1987,6,,3,2.0,3,1,2,2,2,2,,,,,,,,,,,,,,,,,,,,,,,,,,,,,,,,,,,,,,
신경식,1019,타자,,1961,OB · 삼성 · 쌍방울,1982,1995,14,,4,3.2,3,4,4,3,3,3,3,3,4,3,4,3,3,2,,,,,,,,,,,,,,,,,,,,,,,,,,,,,,
신언호,1080,타자,,1955,MBC · LG,1982,1990,9,,3,1.8,3,2,2,2,1,2,2,1,1,,,,,,,,,,,,,,,,,,,,,,,,,,,,,,,,,,,
신태중,1081,투수,,1955,해태 · 삼미 · 삼미·청보 · 청보,1982,1986,4,,2,1.5,2,,1,2,1,,,,,,,,,,,,,,,,,,,,,,,,,,,,,,,,,,,,,,,
양세종,1020,타자,,1958,OB,1982,1990,7,,3,2.1,2,2,2,,,2,2,3,2,,,,,,,,,,,,,,,,,,,,,,,,,,,,,,,,,,,
양승관,1021,타자,,1959,삼미 · 삼미·청보 · 청보 · LG,1982,1990,7,,4,2.4,2,3,4,3,2,1,,,2,,,,,,,,,,,,,,,,,,,,,,,,,,,,,,,,,,,
엄태섭,1082,타자,,1959,롯데,1982,1982,1,,2,2.0,2,,,,,,,,,,,,,,,,,,,,,,,,,,,,,,,,,,,,,,,,,,,
오대석,1022,타자,,1960,삼성 · 롯데,1982,1991,10,,5,2.7,3,5,2,4,3,2,3,2,1,2,,,,,,,,,,,,,,,,,,,,,,,,,,,,,,,,,,
오문현,1129,투수,,1953,삼미 · 삼미·청보,1982,1985,4,,3,1.8,3,1,1,2,,,,,,,,,,,,,,,,,,,,,,,,,,,,,,,,,,,,,,,,
유승안,1083,타자,,1956,MBC · 해태 · 빙그레,1982,1991,10,,5,4.0,5,4,3,3,3,3,5,4,5,5,,,,,,,,,,,,,,,,,,,,,,,,,,,,,,,,,,
유종겸,1107,투수,,1956,MBC · LG,1982,1990,9,,5,4.0,4,5,4,4,4,4,4,4,3,,,,,,,,,,,,,,,,,,,,,,,,,,,,,,,,,,,
유지훤,1045,타자,,1955,OB,1982,1988,7,,2,1.7,2,2,1,2,2,2,1,,,,,,,,,,,,,,,,,,,,,,,,,,,,,,,,,,,,,
윤동균,1023,타자,,1949,OB,1982,1988,7,,5,4.6,5,5,5,5,5,4,3,,,,,,,,,,,,,,,,,,,,,,,,,,,,,,,,,,,,,
이경수,1084,타자,,1959,삼미,1982,1982,1,,2,2.0,2,,,,,,,,,,,,,,,,,,,,,,,,,,,,,,,,,,,,,,,,,,,
이광권,1130,투수,,1954,MBC,1982,1985,4,,4,3.0,4,3,3,2,,,,,,,,,,,,,,,,,,,,,,,,,,,,,,,,,,,,,,,,
이광은,1024,타자,,1955,MBC · LG,1982,1991,10,,5,4.4,4,3,3,5,5,5,5,5,4,5,,,,,,,,,,,,,,,,,,,,,,,,,,,,,,,,,,
이근식,1046,타자,,1959,OB,1982,1985,4,,2,1.2,2,1,1,1,,,,,,,,,,,,,,,,,,,,,,,,,,,,,,,,,,,,,,,,
이길환,1108,투수,,1959,MBC · 태평양,1982,1990,9,,5,3.1,4,4,5,4,3,2,2,2,2,,,,,,,,,,,,,,,,,,,,,,,,,,,,,,,,,,,
이만수,1025,타자,,1958,삼성,1982,1997,16,,5,4.9,5,5,5,5,5,5,5,5,5,5,5,5,5,5,4,5,,,,,,,,,,,,,,,,,,,,,,,,,,,,
이상윤,1085,투수,,1960,해태,1982,1988,7,,5,4.4,5,4,5,5,5,4,3,,,,,,,,,,,,,,,,,,,,,,,,,,,,,,,,,,,,,
이선희,1116,투수,,1955,삼성 · MBC,1982,1987,6,,5,3.8,5,5,4,2,4,3,,,,,,,,,,,,,,,,,,,,,,,,,,,,,,,,,,,,,,
이성득,1086,타자,,1953,롯데,1982,1982,1,,2,2.0,2,,,,,,,,,,,,,,,,,,,,,,,,,,,,,,,,,,,,,,,,,,,
이윤섭,1087,투수,,1958,롯데,1982,1984,3,,2,1.3,2,1,1,,,,,,,,,,,,,,,,,,,,,,,,,,,,,,,,,,,,,,,,,
이종도,1026,타자,,1952,MBC · OB,1982,1987,6,,5,4.0,4,5,5,4,3,3,,,,,,,,,,,,,,,,,,,,,,,,,,,,,,,,,,,,,,
이진우,1131,투수,,1956,롯데 · 청보,1982,1987,6,,3,1.8,3,2,1,2,1,2,,,,,,,,,,,,,,,,,,,,,,,,,,,,,,,,,,,,,,
이찬선,1088,타자,,1962,삼미,1982,1982,1,,2,2.0,2,,,,,,,,,,,,,,,,,,,,,,,,,,,,,,,,,,,,,,,,,,,
이철성,1089,타자,,1957,삼미 · 청보,1982,1986,2,,2,2.0,2,,,,2,,,,,,,,,,,,,,,,,,,,,,,,,,,,,,,,,,,,,,,
이홍범,1048,타자,,1953,OB,1982,1985,4,,2,1.5,1,2,2,1,,,,,,,,,,,,,,,,,,,,,,,,,,,,,,,,,,,,,,,,
인호봉,1132,투수,,1958,삼미 · 청보,1982,1985,4,,3,1.5,3,1,1,1,,,,,,,,,,,,,,,,,,,,,,,,,,,,,,,,,,,,,,,,
임정면,1092,타자,,1958,해태 · 빙그레,1982,1987,3,,2,1.7,2,2,,,,1,,,,,,,,,,,,,,,,,,,,,,,,,,,,,,,,,,,,,,
장정기,1093,타자,,1958,삼미,1982,1983,2,,3,2.5,3,2,,,,,,,,,,,,,,,,,,,,,,,,,,,,,,,,,,,,,,,,,,
장태수,1027,타자,,1957,삼성,1982,1992,11,,5,3.7,3,5,2,4,3,4,3,4,5,4,4,,,,,,,,,,,,,,,,,,,,,,,,,,,,,,,,,
정구왕,1028,타자,,1954,삼성 · 삼미 · 삼미·청보 · 청보,1982,1986,5,,2,1.2,1,1,1,1,2,,,,,,,,,,,,,,,,,,,,,,,,,,,,,,,,,,,,,,,
정문섭,1094,타자,,1960,롯데,1982,1982,1,,2,2.0,2,,,,,,,,,,,,,,,,,,,,,,,,,,,,,,,,,,,,,,,,,,,
정순명,1109,투수,,1954,MBC,1982,1985,4,,3,1.8,3,2,1,1,,,,,,,,,,,,,,,,,,,,,,,,,,,,,,,,,,,,,,,,
정영기,1029,타자,,1956,MBC · 롯데 · 태평양,1982,1990,9,1983 MBC 1→롯데 1,3,2.0,2,1,2,2,2,2,3,2,2,,,,,,,,,,,,,,,,,,,,,,,,,,,,,,,,,,,
정종현,1049,타자,,1959,OB,1982,1985,4,,2,1.5,1,2,2,1,,,,,,,,,,,,,,,,,,,,,,,,,,,,,,,,,,,,,,,,
정학수,1095,타자,,1956,롯데,1982,1987,4,,5,4.2,4,5,,,4,4,,,,,,,,,,,,,,,,,,,,,,,,,,,,,,,,,,,,,,
정혁진,1050,타자,,1960,OB,1982,1983,2,,2,2.0,2,2,,,,,,,,,,,,,,,,,,,,,,,,,,,,,,,,,,,,,,,,,,
정현발,1051,타자,,1953,삼성 · 청보 · 태평양,1982,1988,7,,4,2.7,2,3,2,3,2,3,4,,,,,,,,,,,,,,,,,,,,,,,,,,,,,,,,,,,,,
조범현,11476,타자,,1960,OB · 삼성,1982,1991,10,,2,1.4,2,2,2,1,2,1,1,1,1,1,,,,,,,,,,,,,,,,,,,,,,,,,,,,,,,,,,
조충열,1030,타자,,1959,해태,1982,1990,9,,2,1.2,2,1,1,1,1,1,1,2,1,,,,,,,,,,,,,,,,,,,,,,,,,,,,,,,,,,,
조호,1096,타자,,1957,MBC,1982,1982,1,,2,2.0,2,,,,,,,,,,,,,,,,,,,,,,,,,,,,,,,,,,,,,,,,,,,
조흥운,1031,타자,,1954,삼미 · 삼미·청보,1982,1985,4,,5,4.0,4,5,4,3,,,,,,,,,,,,,,,,,,,,,,,,,,,,,,,,,,,,,,,,
차동열,1032,타자,,1956,롯데 · MBC,1982,1989,8,,2,1.8,2,2,2,1,2,2,2,1,,,,,,,,,,,,,,,,,,,,,,,,,,,,,,,,,,,,
차영화,1033,타자,,1957,해태,1982,1988,7,,4,2.1,2,4,3,2,2,1,1,,,,,,,,,,,,,,,,,,,,,,,,,,,,,,,,,,,,,
차준섭,1133,투수,,1956,MBC,1982,1982,1,,2,2.0,2,,,,,,,,,,,,,,,,,,,,,,,,,,,,,,,,,,,,,,,,,,,
천보성,1052,타자,,1953,삼성,1982,1984,3,,2,1.7,1,2,2,,,,,,,,,,,,,,,,,,,,,,,,,,,,,,,,,,,,,,,,,
천창호,1110,투수,,1954,롯데 · 빙그레 · 태평양,1982,1989,8,,5,2.9,4,5,4,2,2,2,2,2,,,,,,,,,,,,,,,,,,,,,,,,,,,,,,,,,,,,
최순하,1097,타자,,1955,롯데,1982,1982,1,,2,2.0,2,,,,,,,,,,,,,,,,,,,,,,,,,,,,,,,,,,,,,,,,,,,
최영조,1098,타자,,1963,해태,1982,1982,1,,2,2.0,2,,,,,,,,,,,,,,,,,,,,,,,,,,,,,,,,,,,,,,,,,,,
최영환,1099,타자,,1959,삼미 · 태평양,1982,1988,3,,2,1.3,2,,1,,,,1,,,,,,,,,,,,,,,,,,,,,,,,,,,,,,,,,,,,,
최옥규,1134,투수,,1953,롯데,1982,1982,1,,3,3.0,3,,,,,,,,,,,,,,,,,,,,,,,,,,,,,,,,,,,,,,,,,,,
최정우,1101,타자,,1955,MBC,1982,1983,2,,2,1.5,2,1,,,,,,,,,,,,,,,,,,,,,,,,,,,,,,,,,,,,,,,,,,
하기룡,1111,투수,,1955,MBC,1982,1987,6,,5,4.2,5,5,5,4,4,2,,,,,,,,,,,,,,,,,,,,,,,,,,,,,,,,,,,,,,
한상연,1135,투수,,1964,삼미,1982,1982,1,,2,2.0,2,,,,,,,,,,,,,,,,,,,,,,,,,,,,,,,,,,,,,,,,,,,
함학수,1053,타자,,1955,삼성,1982,1987,6,,4,2.3,2,2,2,4,2,2,,,,,,,,,,,,,,,,,,,,,,,,,,,,,,,,,,,,,,
허규옥,1034,타자,,1956,삼성 · 롯데,1982,1992,11,,4,3.4,4,4,3,2,4,4,4,3,4,3,2,,,,,,,,,,,,,,,,,,,,,,,,,,,,,,,,,
허운,1102,타자,,1959,삼미,1982,1982,1,,2,2.0,2,,,,,,,,,,,,,,,,,,,,,,,,,,,,,,,,,,,,,,,,,,,
황규봉,1112,투수,,1953,삼성,1982,1986,5,,5,4.8,5,5,5,4,5,,,,,,,,,,,,,,,,,,,,,,,,,,,,,,,,,,,,,,,
황태환,1117,투수,,1952,OB,1982,1988,7,,5,3.1,3,5,4,3,3,3,1,,,,,,,,,,,,,,,,,,,,,,,,,,,,,,,,,,,,,
김근석,1149,타자,,1962,삼성 · 청보 · 태평양,1983,1988,6,,3,2.0,,2,2,3,2,2,1,,,,,,,,,,,,,,,,,,,,,,,,,,,,,,,,,,,,,
김대진,1136,타자,,1955,삼미 · OB,1983,1987,5,,3,2.2,,2,3,2,2,2,,,,,,,,,,,,,,,,,,,,,,,,,,,,,,,,,,,,,,
김무종,1137,타자,,1954,해태,1983,1987,5,,4,3.2,,3,3,3,3,4,,,,,,,,,,,,,,,,,,,,,,,,,,,,,,,,,,,,,,
김상기,1180,투수,,1961,삼미 · 청보,1983,1986,3,,2,1.3,,1,1,,2,,,,,,,,,,,,,,,,,,,,,,,,,,,,,,,,,,,,,,,
김석일,1152,타자,,1959,롯데,1983,1986,4,,2,1.8,,1,2,2,2,,,,,,,,,,,,,,,,,,,,,,,,,,,,,,,,,,,,,,,
김성호,1153,타자,,1960,롯데,1983,1985,3,,1,1.0,,1,1,1,,,,,,,,,,,,,,,,,,,,,,,,,,,,,,,,,,,,,,,,
김시진,1173,투수,,1958,삼성 · 롯데,1983,1992,10,,5,4.6,,4,5,5,5,5,5,5,5,4,3,,,,,,,,,,,,,,,,,,,,,,,,,,,,,,,,,
김재박,1062,타자,,1954,MBC · LG · 태평양,1983,1992,10,,5,4.7,,3,5,5,5,5,5,5,5,5,4,,,,,,,,,,,,,,,,,,,,,,,,,,,,,,,,,
김정수,1146,타자,,1960,MBC,1983,1985,3,,2,1.7,,2,2,1,,,,,,,,,,,,,,,,,,,,,,,,,,,,,,,,,,,,,,,,
김진우,1138,타자,,1958,삼미 · 삼미·청보 · 청보 · MBC,1983,1989,6,,5,4.2,,3,5,4,4,5,,4,,,,,,,,,,,,,,,,,,,,,,,,,,,,,,,,,,,,
김현재,1181,투수,,1956,해태,1983,1984,2,,1,1.0,,1,1,,,,,,,,,,,,,,,,,,,,,,,,,,,,,,,,,,,,,,,,,
김호근,1155,타자,,1960,롯데 · 삼미 · 삼미·청보 · OB · 쌍방울,1983,1993,10,,3,1.7,,1,1,1,1,2,2,2,,2,2,3,,,,,,,,,,,,,,,,,,,,,,,,,,,,,,,,
박동경,1182,투수,,1964,삼성,1983,1988,3,,1,1.0,,1,,,,1,1,,,,,,,,,,,,,,,,,,,,,,,,,,,,,,,,,,,,,
박승호,1156,타자,,1958,삼성,1983,1993,11,,5,3.0,,2,2,3,2,3,3,2,4,5,4,3,,,,,,,,,,,,,,,,,,,,,,,,,,,,,,,,
박영태,1157,타자,,1959,롯데,1983,1992,10,,2,1.4,,1,1,2,2,1,1,1,1,2,2,,,,,,,,,,,,,,,,,,,,,,,,,,,,,,,,,
박정후,1183,투수,,1959,롯데 · 삼미,1983,1985,3,,2,1.7,,1,2,2,,,,,,,,,,,,,,,,,,,,,,,,,,,,,,,,,,,,,,,,
박종훈,1139,타자,,1959,OB,1983,1989,7,,5,4.4,,3,5,4,5,5,5,4,,,,,,,,,,,,,,,,,,,,,,,,,,,,,,,,,,,,
배경환,1184,투수,,1956,롯데 · 청보 · 태평양,1983,1990,8,,3,2.4,,2,2,3,3,3,3,2,1,,,,,,,,,,,,,,,,,,,,,,,,,,,,,,,,,,,
송일섭,1159,타자,,1959,해태 · 빙그레,1983,1990,8,,2,1.8,,1,1,2,2,2,2,2,2,,,,,,,,,,,,,,,,,,,,,,,,,,,,,,,,,,,
송진호,1079,투수,,1957,삼성,1983,1986,4,,1,1.0,,1,1,1,1,,,,,,,,,,,,,,,,,,,,,,,,,,,,,,,,,,,,,,,
심재원,1160,타자,,1953,롯데 · MBC · LG,1983,1990,8,,2,1.8,,1,2,2,2,2,2,2,1,,,,,,,,,,,,,,,,,,,,,,,,,,,,,,,,,,,
양승호,1147,타자,,1960,해태 · OB,1983,1986,4,,1,1.0,,1,1,1,1,,,,,,,,,,,,,,,,,,,,,,,,,,,,,,,,,,,,,,,
양일환,1186,투수,,1961,삼성,1983,1989,7,,4,2.7,,3,3,2,2,2,4,3,,,,,,,,,,,,,,,,,,,,,,,,,,,,,,,,,,,,
엄평재,1187,투수,,1960,해태,1983,1983,1,,1,1.0,,1,,,,,,,,,,,,,,,,,,,,,,,,,,,,,,,,,,,,,,,,,,
오영일,1174,투수,,1960,MBC · 태평양,1983,1990,8,,4,3.4,,3,4,4,4,4,3,3,2,,,,,,,,,,,,,,,,,,,,,,,,,,,,,,,,,,,
우경하,1161,타자,,1957,롯데 · 삼미 · 청보,1983,1987,5,,2,1.4,,1,1,1,2,2,,,,,,,,,,,,,,,,,,,,,,,,,,,,,,,,,,,,,,
유두열,1140,타자,,1956,롯데,1983,1991,9,,4,3.0,,3,4,3,4,3,3,3,2,2,,,,,,,,,,,,,,,,,,,,,,,,,,,,,,,,,,
유성룡,1148,타자,,1960,MBC,1983,1983,1,,1,1.0,,1,,,,,,,,,,,,,,,,,,,,,,,,,,,,,,,,,,,,,,,,,,
유종천,1188,투수,,1956,삼미,1983,1983,1,,1,1.0,,1,,,,,,,,,,,,,,,,,,,,,,,,,,,,,,,,,,,,,,,,,,
이광길,1163,타자,,1960,삼미 · 롯데 · 빙그레 · 태평양 · 삼성,1983,1991,8,,3,2.0,,1,2,,2,2,2,2,3,2,,,,,,,,,,,,,,,,,,,,,,,,,,,,,,,,,,
이선웅,1164,타자,,1961,삼미 · 삼미·청보 · 청보 · 태평양,1983,1992,10,,4,2.3,,2,1,2,2,2,2,3,4,3,2,,,,,,,,,,,,,,,,,,,,,,,,,,,,,,,,,
이영구,1166,타자,,1954,삼미 · 삼미·청보,1983,1985,3,,4,3.7,,3,4,4,,,,,,,,,,,,,,,,,,,,,,,,,,,,,,,,,,,,,,,,
이원국,1179,투수,,1949,MBC,1983,1983,1,,1,1.0,,1,,,,,,,,,,,,,,,,,,,,,,,,,,,,,,,,,,,,,,,,,,
이해창,1141,타자,,1953,MBC · 삼성 · 청보 · 태평양,1983,1988,6,,5,4.2,,3,5,5,4,4,4,,,,,,,,,,,,,,,,,,,,,,,,,,,,,,,,,,,,,
임호균,1175,투수,,1956,삼미 · 롯데 · 청보 · 태평양,1983,1990,8,,5,3.4,,3,5,4,4,3,4,2,2,,,,,,,,,,,,,,,,,,,,,,,,,,,,,,,,,,,
장명부,1176,투수,,1950,삼미 · 삼미·청보 · 빙그레,1983,1986,4,,5,4.8,,5,5,5,4,,,,,,,,,,,,,,,,,,,,,,,,,,,,,,,,,,,,,,,
장진범,1167,타자,,1959,해태,1983,1985,3,,1,1.0,,1,1,1,,,,,,,,,,,,,,,,,,,,,,,,,,,,,,,,,,,,,,,,
장호연,1177,투수,,1960,OB,1983,1995,13,,5,4.1,,2,2,4,3,5,5,4,5,4,5,5,5,4,,,,,,,,,,,,,,,,,,,,,,,,,,,,,,
장효조,1142,타자,,1956,삼성 · 롯데,1983,1992,10,,5,4.9,,4,5,5,5,5,5,5,5,5,5,,,,,,,,,,,,,,,,,,,,,,,,,,,,,,,,,
정구선,1143,타자,,1956,삼미 · 삼미·청보 · 청보 · 롯데,1983,1990,8,,5,4.6,,3,5,5,5,5,5,5,4,,,,,,,,,,,,,,,,,,,,,,,,,,,,,,,,,,,
정선두,1189,투수,,1959,OB · 청보,1983,1987,4,,2,1.8,,2,,2,2,1,,,,,,,,,,,,,,,,,,,,,,,,,,,,,,,,,,,,,,
정성만,1190,투수,,1955,삼미 · 삼미·청보 · 청보 · 롯데,1983,1987,5,,2,1.6,,2,2,2,1,1,,,,,,,,,,,,,,,,,,,,,,,,,,,,,,,,,,,,,,
정진호,1168,타자,,1956,삼성 · 청보 · 태평양,1983,1990,7,,2,1.4,,1,1,1,,2,2,2,1,,,,,,,,,,,,,,,,,,,,,,,,,,,,,,,,,,,
주동식,1178,투수,,1948,해태,1983,1984,2,,4,3.5,,3,4,,,,,,,,,,,,,,,,,,,,,,,,,,,,,,,,,,,,,,,,,
최동원,1191,투수,,1958,롯데 · 삼성,1983,1990,8,,5,4.6,,3,4,5,5,5,5,5,5,,,,,,,,,,,,,,,,,,,,,,,,,,,,,,,,,,,
최홍석,1170,타자,,1960,삼미 · MBC,1983,1988,6,,2,1.3,,1,1,1,1,2,2,,,,,,,,,,,,,,,,,,,,,,,,,,,,,,,,,,,,,
한대화,1144,타자,,1960,OB · 해태 · LG · 쌍방울,1983,1997,15,,5,4.2,,2,3,2,2,5,5,5,5,5,5,5,5,5,5,4,,,,,,,,,,,,,,,,,,,,,,,,,,,,
한문연,1145,타자,,1961,롯데,1983,1991,9,,3,2.1,,1,2,2,2,3,2,2,2,3,,,,,,,,,,,,,,,,,,,,,,,,,,,,,,,,,,
홍승규,1171,타자,,1960,삼성,1983,1990,8,,2,1.8,,1,2,2,2,2,2,2,1,,,,,,,,,,,,,,,,,,,,,,,,,,,,,,,,,,,
황기선,1192,투수,,1958,해태 · OB,1983,1986,4,,2,1.8,,2,2,1,2,,,,,,,,,,,,,,,,,,,,,,,,,,,,,,,,,,,,,,,
황병일,1172,타자,,1960,삼성 · 빙그레,1983,1990,7,,2,1.7,,1,2,,2,2,2,2,1,,,,,,,,,,,,,,,,,,,,,,,,,,,,,,,,,,,
강정남,1201,타자,,1960,해태,1984,1984,1,,1,1.0,,,1,,,,,,,,,,,,,,,,,,,,,,,,,,,,,,,,,,,,,,,,,
권기홍,1222,투수,,1961,삼성,1984,1987,3,,1,1.0,,,1,,1,1,,,,,,,,,,,,,,,,,,,,,,,,,,,,,,,,,,,,,,
김경표,1202,타자,,1960,MBC,1984,1989,4,,2,1.8,,,1,2,,,2,2,,,,,,,,,,,,,,,,,,,,,,,,,,,,,,,,,,,,
김광림,1203,타자,,1961,OB · 쌍방울 · 현대,1984,1999,16,1997 쌍방울 5→현대 5,5,3.8,,,2,2,2,2,4,5,4,3,4,5,5,4,5,5,5,4,,,,,,,,,,,,,,,,,,,,,,,,,,
김동재,1150,타자,,1960,삼성 · MBC · LG,1984,1992,9,,4,2.1,,,1,1,1,2,3,2,3,4,2,,,,,,,,,,,,,,,,,,,,,,,,,,,,,,,,,
김문영,1151,타자,,1960,MBC,1984,1986,3,,1,1.0,,,1,1,1,,,,,,,,,,,,,,,,,,,,,,,,,,,,,,,,,,,,,,,
김민호,1195,타자,,1961,롯데,1984,1996,13,,5,3.9,,,2,2,2,2,3,5,5,5,5,5,5,5,5,,,,,,,,,,,,,,,,,,,,,,,,,,,,,
김봉근,1223,투수,,1961,MBC · 청보 · 태평양 · 쌍방울,1984,1991,7,,3,2.3,,,2,3,3,3,2,1,,2,,,,,,,,,,,,,,,,,,,,,,,,,,,,,,,,,,
김상훈,1193,타자,,1960,MBC · LG · 해태,1984,1995,12,,5,3.4,,,2,2,3,4,4,5,4,4,2,4,4,3,,,,,,,,,,,,,,,,,,,,,,,,,,,,,,
김성래,1196,타자,,1961,삼성 · 쌍방울 · SK,1984,2000,17,,5,3.8,,,2,2,3,5,5,5,5,5,4,5,5,5,5,3,2,2,2,,,,,,,,,,,,,,,,,,,,,,,,,
김이수,1197,타자,,1960,삼성,1984,1986,2,,2,1.5,,,1,,2,,,,,,,,,,,,,,,,,,,,,,,,,,,,,,,,,,,,,,,
김일융,1218,투수,,1951,삼성,1984,1986,3,,5,4.7,,,4,5,5,,,,,,,,,,,,,,,,,,,,,,,,,,,,,,,,,,,,,,,
김재열,1224,투수,,1961,롯데 · 빙그레,1984,1987,3,,2,1.3,,,1,,2,1,,,,,,,,,,,,,,,,,,,,,,,,,,,,,,,,,,,,,,
김진욱,12962,투수,,1960,OB · 쌍방울,1984,1993,10,,5,3.2,,,2,2,4,2,4,5,5,3,3,2,,,,,,,,,,,,,,,,,,,,,,,,,,,,,,,,
김한조,1198,타자,,1962,롯데 · 청보,1984,1987,4,,2,1.5,,,1,2,2,1,,,,,,,,,,,,,,,,,,,,,,,,,,,,,,,,,,,,,,
문희수,1225,투수,,1965,해태,1984,1995,12,,4,2.6,,,1,2,2,3,4,4,3,3,3,3,2,1,,,,,,,,,,,,,,,,,,,,,,,,,,,,,,
박덕용,1226,투수,,1956,롯데,1984,1984,1,,1,1.0,,,1,,,,,,,,,,,,,,,,,,,,,,,,,,,,,,,,,,,,,,,,,
박해종,1208,타자,,1952,OB,1984,1985,2,,1,1.0,,,1,1,,,,,,,,,,,,,,,,,,,,,,,,,,,,,,,,,,,,,,,,
송일수,1199,타자,,1950,삼성,1984,1986,3,,2,1.7,,,1,2,2,,,,,,,,,,,,,,,,,,,,,,,,,,,,,,,,,,,,,,,
안창완,1220,투수,,1961,롯데,1984,1991,8,,3,2.1,,,2,3,2,2,2,2,2,2,,,,,,,,,,,,,,,,,,,,,,,,,,,,,,,,,,
유제룡,1211,타자,,1956,MBC,1984,1984,1,,1,1.0,,,1,,,,,,,,,,,,,,,,,,,,,,,,,,,,,,,,,,,,,,,,,
윤석환,1227,투수,,1961,OB · 삼성,1984,1991,8,,4,3.1,,,2,4,4,3,3,4,3,2,,,,,,,,,,,,,,,,,,,,,,,,,,,,,,,,,,
이문한,1228,투수,,1961,롯데 · 삼성,1984,1991,6,,3,1.8,,,1,,,1,2,3,2,2,,,,,,,,,,,,,,,,,,,,,,,,,,,,,,,,,,
이석규,1213,타자,,1957,롯데 · 빙그레,1984,1986,2,,1,1.0,,,1,,1,,,,,,,,,,,,,,,,,,,,,,,,,,,,,,,,,,,,,,,
전용권,1229,투수,,1961,삼성 · 롯데,1984,1991,6,,2,1.5,,,1,,2,,2,2,1,1,,,,,,,,,,,,,,,,,,,,,,,,,,,,,,,,,,
정성룡,1214,타자,,1964,삼성 · 해태,1984,1994,9,,3,1.9,,,1,,2,,2,1,1,2,3,2,3,,,,,,,,,,,,,,,,,,,,,,,,,,,,,,,
조도연,1230,투수,,1961,해태,1984,1988,4,,3,2.2,,,2,2,,3,2,,,,,,,,,,,,,,,,,,,,,,,,,,,,,,,,,,,,,
조성옥,1200,타자,,1961,롯데,1984,1995,12,,3,1.9,,,2,1,2,2,2,2,3,2,2,2,2,1,,,,,,,,,,,,,,,,,,,,,,,,,,,,,,
진동한,1231,투수,,1961,삼성 · 쌍방울,1984,1992,8,,4,2.5,,,1,2,2,3,4,3,,3,2,,,,,,,,,,,,,,,,,,,,,,,,,,,,,,,,,
최계훈,1219,투수,,1961,삼미 · 삼미·청보 · 청보,1984,1986,3,,3,2.3,,,2,2,3,,,,,,,,,,,,,,,,,,,,,,,,,,,,,,,,,,,,,,,
최일언,1232,투수,,1961,OB · LG · 삼성,1984,1992,9,,5,3.9,,,2,4,4,5,5,5,3,4,3,,,,,,,,,,,,,,,,,,,,,,,,,,,,,,,,,
홍문종,1194,타자,,1954,롯데 · 태평양,1984,1990,7,,5,4.6,,,4,5,5,5,5,4,4,,,,,,,,,,,,,,,,,,,,,,,,,,,,,,,,,,,
홍신차,1216,타자,,1959,OB,1984,1985,2,,1,1.0,,,1,1,,,,,,,,,,,,,,,,,,,,,,,,,,,,,,,,,,,,,,,,
김기철,1233,투수,,1962,해태,1985,1985,1,,1,1.0,,,,1,,,,,,,,,,,,,,,,,,,,,,,,,,,,,,,,,,,,,,,,
김명성,1234,타자,,1961,삼미·청보 · 청보,1985,1986,2,,2,1.5,,,,1,2,,,,,,,,,,,,,,,,,,,,,,,,,,,,,,,,,,,,,,,
김영균,1206,타자,,1961,MBC · 청보 · OB,1985,1988,4,,2,1.5,,,,1,1,2,2,,,,,,,,,,,,,,,,,,,,,,,,,,,,,,,,,,,,,
김용국,1237,타자,,1962,삼성 · 태평양,1985,1995,11,,4,2.3,,,,2,2,1,2,2,2,2,4,4,2,2,,,,,,,,,,,,,,,,,,,,,,,,,,,,,,
김용수,1259,투수,,1960,MBC · LG,1985,2000,16,,5,4.4,,,,2,2,5,5,4,5,5,5,4,5,4,5,5,5,5,5,,,,,,,,,,,,,,,,,,,,,,,,,
김정행,1260,투수,,1952,롯데,1985,1988,4,,4,3.8,,,,3,4,4,4,,,,,,,,,,,,,,,,,,,,,,,,,,,,,,,,,,,,,
김태업,1238,타자,,1962,해태,1985,1985,1,,1,1.0,,,,1,,,,,,,,,,,,,,,,,,,,,,,,,,,,,,,,,,,,,,,,
김형석,1239,타자,,1962,OB,1985,1997,13,,5,4.0,,,,2,3,4,4,3,4,5,5,5,5,5,4,3,,,,,,,,,,,,,,,,,,,,,,,,,,,,
박동수,1262,투수,,1961,롯데,1985,1993,9,,4,2.4,,,,2,3,4,3,3,2,2,1,2,,,,,,,,,,,,,,,,,,,,,,,,,,,,,,,,
박흥식,14223,타자,,1962,MBC · LG,1985,1993,9,,4,2.7,,,,2,2,2,4,4,3,3,2,2,,,,,,,,,,,,,,,,,,,,,,,,,,,,,,,,
선동열,1263,투수,,1963,해태,1985,1995,11,,5,4.9,,,,4,5,5,5,5,5,5,5,5,5,5,,,,,,,,,,,,,,,,,,,,,,,,,,,,,,
신태순,1264,투수,,1962,해태,1985,1985,1,,2,2.0,,,,2,,,,,,,,,,,,,,,,,,,,,,,,,,,,,,,,,,,,,,,,
안언학,1243,타자,,1962,MBC,1985,1986,2,,1,1.0,,,,1,1,,,,,,,,,,,,,,,,,,,,,,,,,,,,,,,,,,,,,,,
양상문,11470,투수,,1961,롯데 · 청보 · 태평양,1985,1993,9,,5,3.3,,,,2,1,2,4,4,5,4,4,4,,,,,,,,,,,,,,,,,,,,,,,,,,,,,,,,
양후승,1244,타자,,1961,삼미 · 청보 · 태평양 · 쌍방울,1985,1991,6,,2,1.2,,,,1,1,1,2,1,,1,,,,,,,,,,,,,,,,,,,,,,,,,,,,,,,,,,
유고웅,1245,타자,,1958,MBC,1985,1988,4,,2,1.8,,,,1,2,2,2,,,,,,,,,,,,,,,,,,,,,,,,,,,,,,,,,,,,,
유지홍,1246,타자,,1962,MBC · LG,1985,1990,4,,1,1.0,,,,1,,,1,1,1,,,,,,,,,,,,,,,,,,,,,,,,,,,,,,,,,,,
윤덕규,1247,타자,,1963,MBC · LG · 태평양 · 현대,1985,1997,13,1992 LG 5→태평양 5,5,3.7,,,,2,2,3,3,3,4,5,5,4,4,5,4,4,,,,,,,,,,,,,,,,,,,,,,,,,,,,
이순철,1250,타자,,1961,해태 · 삼성,1985,1998,14,,5,4.1,,,,2,5,4,3,5,5,4,5,5,5,5,4,4,2,,,,,,,,,,,,,,,,,,,,,,,,,,,
이승희,1251,타자,,1959,OB · 쌍방울,1985,1992,7,,3,1.9,,,,1,1,2,3,2,,2,2,,,,,,,,,,,,,,,,,,,,,,,,,,,,,,,,,
이종두,1252,타자,,1962,삼성 · 쌍방울,1985,1997,13,,4,2.7,,,,2,2,3,2,4,3,4,3,2,3,3,2,2,,,,,,,,,,,,,,,,,,,,,,,,,,,,
이충우,1265,투수,,1958,롯데,1985,1987,3,,1,1.0,,,,1,1,1,,,,,,,,,,,,,,,,,,,,,,,,,,,,,,,,,,,,,,
정삼흠,1258,투수,,1961,MBC · LG,1985,1996,12,,5,3.8,,,,2,4,3,5,2,3,5,4,4,4,5,4,,,,,,,,,,,,,,,,,,,,,,,,,,,,,
정은배,1266,투수,,1962,삼미·청보 · 청보 · 태평양,1985,1991,6,,3,1.8,,,,2,3,2,,2,1,1,,,,,,,,,,,,,,,,,,,,,,,,,,,,,,,,,,
조용철,1221,투수,,1965,롯데,1985,1985,1,,1,1.0,,,,1,,,,,,,,,,,,,,,,,,,,,,,,,,,,,,,,,,,,,,,,
최상주,1267,투수,,1962,해태,1985,1988,4,,2,1.5,,,,2,2,1,1,,,,,,,,,,,,,,,,,,,,,,,,,,,,,,,,,,,,,
한영준,1256,타자,,1962,롯데,1985,1995,11,,5,3.5,,,,2,1,2,4,4,5,5,4,4,4,3,,,,,,,,,,,,,,,,,,,,,,,,,,,,,,
강상진,1317,투수,,1962,해태,1986,1987,2,,1,1.0,,,,,1,1,,,,,,,,,,,,,,,,,,,,,,,,,,,,,,,,,,,,,,
강정길,1276,타자,,1962,빙그레 · 한화,1986,1995,10,,3,2.2,,,,,1,1,2,2,2,2,3,3,3,3,,,,,,,,,,,,,,,,,,,,,,,,,,,,,,
고원부,1278,타자,,1962,빙그레 · OB,1986,1992,7,,5,3.0,,,,,2,2,3,3,5,4,2,,,,,,,,,,,,,,,,,,,,,,,,,,,,,,,,,
구윤,1272,타자,,1963,삼성 · 태평양,1986,1994,7,,2,1.4,,,,,1,1,1,2,,,2,2,1,,,,,,,,,,,,,,,,,,,,,,,,,,,,,,,
김건우,1319,투수,,1963,MBC · LG,1986,1997,6,,4,2.3,,,,,2,4,,3,2,2,,,,,,1,,,,,,,,,,,,,,,,,,,,,,,,,,,,
김경갑,1279,타자,,1960,청보,1986,1987,2,,2,1.5,,,,,1,2,,,,,,,,,,,,,,,,,,,,,,,,,,,,,,,,,,,,,,
김기태,1320,투수,,1952,청보 · 삼성,1986,1987,2,,5,3.5,,,,,2,5,,,,,,,,,,,,,,,,,,,,,,,,,,,,,,,,,,,,,,
김대현,1313,투수,,1962,해태,1986,1988,3,,2,1.7,,,,,1,2,2,,,,,,,,,,,,,,,,,,,,,,,,,,,,,,,,,,,,,
김동기,1281,타자,,1964,청보 · 태평양 · 현대,1986,1996,11,,5,3.9,,,,,1,2,4,5,5,5,4,5,4,5,3,,,,,,,,,,,,,,,,,,,,,,,,,,,,,
김상국,1282,타자,,1963,빙그레 · 한화 · 현대,1986,1997,12,,5,3.1,,,,,2,2,3,2,3,4,5,4,3,4,3,2,,,,,,,,,,,,,,,,,,,,,,,,,,,,
김성갑,1235,타자,,1962,빙그레 · 태평양,1986,1995,10,,2,1.8,,,,,1,2,2,2,2,2,1,2,2,2,,,,,,,,,,,,,,,,,,,,,,,,,,,,,,
김성현,1284,타자,,1963,롯데 · 삼성 · 쌍방울,1986,1998,10,,3,1.9,,,,,1,,1,1,,,2,2,2,3,3,2,2,,,,,,,,,,,,,,,,,,,,,,,,,,,
김성호,1205,타자,,1955,빙그레,1986,1986,1,,1,1.0,,,,,1,,,,,,,,,,,,,,,,,,,,,,,,,,,,,,,,,,,,,,,
김수길,1285,타자,,1963,빙그레,1986,1988,3,,1,1.0,,,,,1,1,1,,,,,,,,,,,,,,,,,,,,,,,,,,,,,,,,,,,,,
김신부,1321,투수,,1963,청보 · 태평양 · LG,1986,1990,5,,3,2.2,,,,,2,2,2,3,2,,,,,,,,,,,,,,,,,,,,,,,,,,,,,,,,,,,
김연철,1322,투수,,1958,빙그레,1986,1988,3,,2,1.7,,,,,2,2,1,,,,,,,,,,,,,,,,,,,,,,,,,,,,,,,,,,,,,
김정수,1314,투수,,1962,해태 · SK · 한화,1986,2003,18,,5,3.3,,,,,2,2,1,2,3,4,4,5,4,5,5,5,5,4,3,2,2,2,,,,,,,,,,,,,,,,,,,,,,
김정태,1286,타자,,1957,빙그레,1986,1986,1,,1,1.0,,,,,1,,,,,,,,,,,,,,,,,,,,,,,,,,,,,,,,,,,,,,,
김종수,1288,타자,,1957,빙그레,1986,1987,2,,2,1.5,,,,,1,2,,,,,,,,,,,,,,,,,,,,,,,,,,,,,,,,,,,,,,
김준희,1261,투수,,1960,삼성,1986,1987,2,,1,1.0,,,,,1,1,,,,,,,,,,,,,,,,,,,,,,,,,,,,,,,,,,,,,,
김태원,1289,투수,,1964,MBC · LG,1986,1998,12,,5,3.4,,,,,2,2,,2,2,4,3,4,4,5,4,5,4,,,,,,,,,,,,,,,,,,,,,,,,,,,
김평호,1270,타자,,1963,해태 · 쌍방울,1986,1992,5,,2,1.4,,,,,1,,1,1,,2,2,,,,,,,,,,,,,,,,,,,,,,,,,,,,,,,,,
김훈기,1323,투수,,1962,삼성,1986,1989,4,,3,2.0,,,,,1,2,2,3,,,,,,,,,,,,,,,,,,,,,,,,,,,,,,,,,,,,
민문식,1324,투수,,1961,빙그레,1986,1987,2,,1,1.0,,,,,1,1,,,,,,,,,,,,,,,,,,,,,,,,,,,,,,,,,,,,,,
박노준,1292,타자,,1962,OB · 해태 · 쌍방울,1986,1997,12,,5,2.5,,,,,1,1,1,2,3,3,4,3,2,5,2,3,,,,,,,,,,,,,,,,,,,,,,,,,,,,
박창언,1274,타자,,1958,OB,1986,1986,1,,1,1.0,,,,,1,,,,,,,,,,,,,,,,,,,,,,,,,,,,,,,,,,,,,,,
박철영,1158,타자,,1960,MBC,1986,1988,3,,1,1.0,,,,,1,1,1,,,,,,,,,,,,,,,,,,,,,,,,,,,,,,,,,,,,,
성준,1315,투수,,1962,삼성 · 롯데,1986,1999,14,,5,3.9,,,,,2,3,3,4,4,3,4,5,5,5,5,4,4,3,,,,,,,,,,,,,,,,,,,,,,,,,,
손문곤,1326,투수,,1965,빙그레 · 쌍방울,1986,1992,6,,2,1.3,,,,,2,2,1,1,,1,1,,,,,,,,,,,,,,,,,,,,,,,,,,,,,,,,,
신동수,1327,투수,,1966,해태 · LG,1986,1997,12,,5,2.8,,,,,1,2,2,2,4,4,5,5,3,2,2,1,,,,,,,,,,,,,,,,,,,,,,,,,,,,
예병준,1328,투수,,1962,MBC · LG,1986,1990,5,,2,1.2,,,,,1,1,1,2,1,,,,,,,,,,,,,,,,,,,,,,,,,,,,,,,,,,,
오덕환,1296,타자,,1959,청보 · 태평양,1986,1988,3,,1,1.0,,,,,1,1,1,,,,,,,,,,,,,,,,,,,,,,,,,,,,,,,,,,,,,
오명록,1329,투수,,1962,롯데 · 삼성,1986,1990,5,,2,2.0,,,,,2,2,2,2,2,,,,,,,,,,,,,,,,,,,,,,,,,,,,,,,,,,,
유해덕,1297,타자,,1962,빙그레,1986,1986,1,,1,1.0,,,,,1,,,,,,,,,,,,,,,,,,,,,,,,,,,,,,,,,,,,,,,
윤학길,1330,투수,,1961,롯데,1986,1996,11,,5,4.4,,,,,2,2,4,5,5,5,5,5,5,5,5,,,,,,,,,,,,,,,,,,,,,,,,,,,,,
윤홍식,1298,타자,,1962,빙그레,1986,1986,1,,1,1.0,,,,,1,,,,,,,,,,,,,,,,,,,,,,,,,,,,,,,,,,,,,,,
이강돈,1299,타자,,1961,빙그레 · 한화,1986,1996,11,,5,3.8,,,,,2,3,2,3,5,5,5,5,5,4,3,,,,,,,,,,,,,,,,,,,,,,,,,,,,,
이건열,1300,타자,,1963,해태,1986,1996,11,,2,1.5,,,,,1,1,1,1,1,1,2,2,2,2,2,,,,,,,,,,,,,,,,,,,,,,,,,,,,,
이광근,1301,타자,,1962,청보 · 태평양,1986,1992,6,,3,2.0,,,,,1,1,2,3,3,,2,,,,,,,,,,,,,,,,,,,,,,,,,,,,,,,,,
이상군,12994,투수,,1962,빙그레 · 한화,1986,2001,14,,5,3.4,,,,,2,3,4,5,5,5,3,5,4,3,2,,,2,2,2,,,,,,,,,,,,,,,,,,,,,,,,
이성수,1165,타자,,1960,빙그레,1986,1986,1,,1,1.0,,,,,1,,,,,,,,,,,,,,,,,,,,,,,,,,,,,,,,,,,,,,,
이우상,1331,투수,,1958,청보,1986,1986,1,,1,1.0,,,,,1,,,,,,,,,,,,,,,,,,,,,,,,,,,,,,,,,,,,,,,
이정은,1304,타자,,1962,빙그레,1986,1986,1,,1,1.0,,,,,1,,,,,,,,,,,,,,,,,,,,,,,,,,,,,,,,,,,,,,,
임경택,1306,타자,,1963,롯데,1986,1990,3,,1,1.0,,,,,1,1,,,1,,,,,,,,,,,,,,,,,,,,,,,,,,,,,,,,,,,
임재준,1332,투수,,1962,빙그레,1986,1987,2,,1,1.0,,,,,1,1,,,,,,,,,,,,,,,,,,,,,,,,,,,,,,,,,,,,,,
장채근,1271,타자,,1964,해태 · 쌍방울,1986,1995,10,,5,3.1,,,,,1,1,2,4,3,3,4,5,5,3,,,,,,,,,,,,,,,,,,,,,,,,,,,,,,
전대영,1269,타자,,1962,빙그레 · 한화,1986,1994,9,,3,2.1,,,,,1,2,2,1,2,2,3,3,3,,,,,,,,,,,,,,,,,,,,,,,,,,,,,,,
조병천,1333,투수,,1960,청보 · 태평양,1986,1992,7,,2,2.0,,,,,2,2,2,2,2,2,2,,,,,,,,,,,,,,,,,,,,,,,,,,,,,,,,,
조호표,1334,투수,,1958,빙그레,1986,1986,1,,1,1.0,,,,,1,,,,,,,,,,,,,,,,,,,,,,,,,,,,,,,,,,,,,,,
차동철,1316,투수,,1963,해태 · LG,1986,1997,11,,3,2.1,,,,,2,2,3,3,2,,2,2,2,2,2,1,,,,,,,,,,,,,,,,,,,,,,,,,,,,
천성호,1335,투수,,1963,청보,1986,1986,1,,1,1.0,,,,,1,,,,,,,,,,,,,,,,,,,,,,,,,,,,,,,,,,,,,,,
최계영,1309,타자,,1963,롯데,1986,1993,8,,4,2.4,,,,,1,1,2,3,3,4,3,2,,,,,,,,,,,,,,,,,,,,,,,,,,,,,,,,
한희민,1336,투수,,1962,빙그레 · 삼성,1986,1993,8,,5,3.6,,,,,2,2,4,5,5,5,4,2,,,,,,,,,,,,,,,,,,,,,,,,,,,,,,,,
김강익,1361,투수,,1961,OB,1987,1989,3,,1,1.0,,,,,,1,1,1,,,,,,,,,,,,,,,,,,,,,,,,,,,,,,,,,,,,
김경남,1362,투수,,1963,OB,1987,1987,1,,1,1.0,,,,,,1,,,,,,,,,,,,,,,,,,,,,,,,,,,,,,,,,,,,,,
김대중,1363,투수,,1963,빙그레,1987,1992,6,,4,2.8,,,,,,2,2,3,3,4,3,,,,,,,,,,,,,,,,,,,,,,,,,,,,,,,,,
김성길,1360,투수,,1956,삼성 · 쌍방울,1987,1993,7,,5,3.7,,,,,,1,2,4,5,5,5,4,,,,,,,,,,,,,,,,,,,,,,,,,,,,,,,,
김영직,1342,타자,,1960,MBC · LG,1987,1995,9,,3,1.9,,,,,,1,1,1,1,2,2,3,3,3,,,,,,,,,,,,,,,,,,,,,,,,,,,,,,
김윤환,1343,타자,,1957,청보 · 태평양,1987,1991,5,,2,2.0,,,,,,2,2,2,2,2,,,,,,,,,,,,,,,,,,,,,,,,,,,,,,,,,,
김종갑,1345,타자,,1964,삼성,1987,1991,5,,2,1.4,,,,,,1,1,1,2,2,,,,,,,,,,,,,,,,,,,,,,,,,,,,,,,,,,
김종문,1287,타자,,1964,빙그레,1987,1987,1,,1,1.0,,,,,,1,,,,,,,,,,,,,,,,,,,,,,,,,,,,,,,,,,,,,,
김종석,1364,투수,,1964,롯데,1987,1993,6,,2,1.7,,,,,,1,2,,1,2,2,2,,,,,,,,,,,,,,,,,,,,,,,,,,,,,,,,
류중일,11467,타자,,1963,삼성,1987,1999,13,,5,3.7,,,,,,2,3,2,2,4,5,4,5,5,4,5,4,3,,,,,,,,,,,,,,,,,,,,,,,,,,
민경삼,1291,타자,,1963,MBC · LG,1987,1992,6,,2,1.5,,,,,,1,1,2,1,2,2,,,,,,,,,,,,,,,,,,,,,,,,,,,,,,,,,
박철우,1337,타자,,1964,해태 · 쌍방울,1987,1998,12,,4,2.4,,,,,,1,1,2,3,3,4,3,3,3,2,2,2,,,,,,,,,,,,,,,,,,,,,,,,,,,
박태호,1346,타자,,1963,롯데,1987,1991,4,,2,1.2,,,,,,1,1,1,,2,,,,,,,,,,,,,,,,,,,,,,,,,,,,,,,,,,
백인수,1338,타자,,1963,해태 · 쌍방울,1987,1998,11,,5,2.9,,,,,,2,2,2,4,5,,4,2,4,3,2,2,,,,,,,,,,,,,,,,,,,,,,,,,,,
서효인,1293,타자,,1962,MBC · LG,1987,1995,7,,2,1.3,,,,,,1,1,1,,2,1,2,,1,,,,,,,,,,,,,,,,,,,,,,,,,,,,,,
송유석,1365,투수,,1966,해태 · LG · 한화,1987,2000,14,,4,2.6,,,,,,1,1,2,2,2,4,2,4,4,4,3,2,3,3,,,,,,,,,,,,,,,,,,,,,,,,,
이동석,1366,투수,,1964,빙그레 · 쌍방울,1987,1993,7,,3,1.9,,,,,,1,2,2,1,2,3,2,,,,,,,,,,,,,,,,,,,,,,,,,,,,,,,,
이동수,1348,투수,,1962,청보 · 태평양,1987,1988,2,,1,1.0,,,,,,1,1,,,,,,,,,,,,,,,,,,,,,,,,,,,,,,,,,,,,,
이복근,1275,타자,,1962,OB,1987,1990,4,,2,1.5,,,,,,1,2,2,1,,,,,,,,,,,,,,,,,,,,,,,,,,,,,,,,,,,
이상훈,1349,투수,,1963,청보 · OB,1987,1992,5,,2,1.2,,,,,,1,2,,1,1,1,,,,,,,,,,,,,,,,,,,,,,,,,,,,,,,,,
이정훈,1352,타자,,1963,빙그레 · 한화 · 삼성 · OB,1987,1997,11,,5,4.1,,,,,,2,4,4,4,5,5,5,5,5,4,2,,,,,,,,,,,,,,,,,,,,,,,,,,,,
이중화,1353,타자,,1964,빙그레 · 한화 · 삼성,1987,1996,8,,3,1.9,,,,,,1,1,2,2,2,3,,2,,2,,,,,,,,,,,,,,,,,,,,,,,,,,,,,
장종훈,1354,타자,,1968,빙그레 · 한화,1987,2004,18,,5,4.1,,,,,,2,2,4,4,5,5,5,5,5,5,5,5,4,4,4,4,3,3,,,,,,,,,,,,,,,,,,,,,
장태수,1368,투수,,1964,삼성 · 롯데,1987,1990,4,,2,1.5,,,,,,2,2,1,1,,,,,,,,,,,,,,,,,,,,,,,,,,,,,,,,,,,
정상진,1356,타자,,1964,빙그레 · 태평양,1987,1991,2,,1,1.0,,,,,,1,,,,1,,,,,,,,,,,,,,,,,,,,,,,,,,,,,,,,,,
정인교,1215,타자,,1957,롯데,1987,1987,1,,1,1.0,,,,,,1,,,,,,,,,,,,,,,,,,,,,,,,,,,,,,,,,,,,,,
조용호,1358,타자,,1965,빙그레 · 쌍방울,1987,1992,5,,2,1.6,,,,,,1,2,1,,2,2,,,,,,,,,,,,,,,,,,,,,,,,,,,,,,,,,
조재환,1340,타자,,1964,해태,1987,1989,3,,2,1.3,,,,,,1,2,1,,,,,,,,,,,,,,,,,,,,,,,,,,,,,,,,,,,,
최무영,1312,타자,,1962,삼성,1987,1989,2,,1,1.0,,,,,,1,,1,,,,,,,,,,,,,,,,,,,,,,,,,,,,,,,,,,,,
최창호,1370,투수,,1966,청보 · 태평양 · 현대 · LG,1987,2002,16,1998 현대 2→LG 2,5,2.6,,,,,,1,1,2,3,4,5,4,4,4,2,3,2,2,1,2,1,,,,,,,,,,,,,,,,,,,,,,,
한오종,1268,투수,,1961,OB,1987,1988,2,,2,1.5,,,,,,1,2,,,,,,,,,,,,,,,,,,,,,,,,,,,,,,,,,,,,,
곽권희,1377,타자,,1966,태평양,1988,1990,3,,1,1.0,,,,,,,1,1,1,,,,,,,,,,,,,,,,,,,,,,,,,,,,,,,,,,,
곽동열,1371,타자,,1955,빙그레,1988,1988,1,,1,1.0,,,,,,,1,,,,,,,,,,,,,,,,,,,,,,,,,,,,,,,,,,,,,
구명근,1403,투수,,1965,롯데,1988,1989,2,,1,1.0,,,,,,,1,1,,,,,,,,,,,,,,,,,,,,,,,,,,,,,,,,,,,,
김명구,1204,타자,,1961,OB,1988,1988,1,,1,1.0,,,,,,,1,,,,,,,,,,,,,,,,,,,,,,,,,,,,,,,,,,,,,
김상호,1380,타자,,1965,MBC · OB · LG,1988,2000,13,,5,3.6,,,,,,,2,2,3,4,2,4,4,4,5,5,5,4,3,,,,,,,,,,,,,,,,,,,,,,,,,
김성규,1372,타자,,1965,해태 · 쌍방울,1988,1993,6,,2,1.3,,,,,,,1,2,1,2,1,1,,,,,,,,,,,,,,,,,,,,,,,,,,,,,,,,
김일부,1405,투수,,1963,태평양,1988,1988,1,,2,2.0,,,,,,,2,,,,,,,,,,,,,,,,,,,,,,,,,,,,,,,,,,,,,
김정수,1344,타자,,1963,삼성,1988,1991,3,,1,1.0,,,,,,,1,1,,1,,,,,,,,,,,,,,,,,,,,,,,,,,,,,,,,,,
김진규,1385,타자,,1965,태평양,1988,1991,4,,2,1.5,,,,,,,1,1,2,2,,,,,,,,,,,,,,,,,,,,,,,,,,,,,,,,,,
김홍명,1401,투수,,1962,빙그레,1988,1992,5,,3,2.2,,,,,,,2,2,2,3,2,,,,,,,,,,,,,,,,,,,,,,,,,,,,,,,,,
문병권,1406,투수,,1965,MBC · LG,1988,1993,6,,3,2.0,,,,,,,2,2,2,3,2,1,,,,,,,,,,,,,,,,,,,,,,,,,,,,,,,,
박상국,1386,타자,,1960,태평양 · 롯데,1988,1992,5,,2,1.6,,,,,,,1,2,2,2,1,,,,,,,,,,,,,,,,,,,,,,,,,,,,,,,,,
박상범,1407,투수,,1965,태평양,1988,1993,4,,1,1.0,,,,,,,1,1,1,,,1,,,,,,,,,,,,,,,,,,,,,,,,,,,,,,,,
박정현,1408,투수,,1969,태평양 · 현대 · 쌍방울 · SK,1988,2000,11,,4,2.5,,,,,,,1,2,3,4,4,,4,,2,2,1,2,3,,,,,,,,,,,,,,,,,,,,,,,,,
서정용,1409,투수,,1969,롯데,1988,1991,4,,3,2.0,,,,,,,1,2,3,2,,,,,,,,,,,,,,,,,,,,,,,,,,,,,,,,,,
송재박,1390,타자,,1956,OB · 태평양,1988,1991,4,,3,2.5,,,,,,,2,3,3,2,,,,,,,,,,,,,,,,,,,,,,,,,,,,,,,,,,
신완근,1410,투수,,1966,태평양,1988,1993,6,,2,1.7,,,,,,,2,2,2,1,1,2,,,,,,,,,,,,,,,,,,,,,,,,,,,,,,,,
여태구,1393,타자,,1964,태평양,1988,1994,7,,5,3.0,,,,,,,2,2,2,4,3,5,3,,,,,,,,,,,,,,,,,,,,,,,,,,,,,,,
원원근,1395,타자,,1967,태평양,1988,1993,6,,4,2.5,,,,,,,1,2,3,2,4,3,,,,,,,,,,,,,,,,,,,,,,,,,,,,,,,,
유광진,1396,타자,,1965,MBC,1988,1988,1,,1,1.0,,,,,,,1,,,,,,,,,,,,,,,,,,,,,,,,,,,,,,,,,,,,,
유동효,1397,타자,,1965,태평양 · 쌍방울 · 롯데,1988,1994,6,,2,1.5,,,,,,,1,1,,2,1,2,2,,,,,,,,,,,,,,,,,,,,,,,,,,,,,,,
이국성,1412,투수,,1965,MBC · LG · 빙그레 · 한화,1988,1995,8,,3,2.0,,,,,,,2,2,2,3,2,2,1,2,,,,,,,,,,,,,,,,,,,,,,,,,,,,,,
이상구,1413,투수,,1963,태평양 · 롯데,1988,1991,4,,2,1.2,,,,,,,2,1,1,1,,,,,,,,,,,,,,,,,,,,,,,,,,,,,,,,,,
이연수,1350,타자,,1963,태평양 · 쌍방울,1988,1995,6,,2,1.3,,,,,,,1,,,1,2,1,2,1,,,,,,,,,,,,,,,,,,,,,,,,,,,,,,
이용철,1414,투수,,1966,MBC · LG · 삼성,1988,1993,6,,4,1.8,,,,,,,2,4,1,2,1,1,,,,,,,,,,,,,,,,,,,,,,,,,,,,,,,,
이재성,1351,타자,,1962,롯데,1988,1990,3,,1,1.0,,,,,,,1,1,1,,,,,,,,,,,,,,,,,,,,,,,,,,,,,,,,,,,
이창원,1305,타자,,1963,롯데 · 쌍방울 · 삼성,1988,1992,4,,2,1.2,,,,,,,1,1,,1,2,,,,,,,,,,,,,,,,,,,,,,,,,,,,,,,,,
이홍식,1374,타자,,1964,삼성,1988,1988,1,,1,1.0,,,,,,,1,,,,,,,,,,,,,,,,,,,,,,,,,,,,,,,,,,,,,
장정순,1415,투수,,1964,빙그레 · 한화 · 삼성,1988,1997,9,,5,2.8,,,,,,,1,1,2,4,4,5,3,,2,3,,,,,,,,,,,,,,,,,,,,,,,,,,,,
정용생,1416,투수,,1964,삼성,1988,1988,1,,1,1.0,,,,,,,1,,,,,,,,,,,,,,,,,,,,,,,,,,,,,,,,,,,,,
정윤수,1417,투수,,1964,삼성,1988,1992,5,,2,1.6,,,,,,,1,1,2,2,2,,,,,,,,,,,,,,,,,,,,,,,,,,,,,,,,,
조상헌,1399,타자,,1964,MBC,1988,1988,1,,1,1.0,,,,,,,1,,,,,,,,,,,,,,,,,,,,,,,,,,,,,,,,,,,,,
조양근,1373,타자,,1964,빙그레 · LG,1988,1993,6,,2,1.5,,,,,,,1,2,2,2,1,1,,,,,,,,,,,,,,,,,,,,,,,,,,,,,,,,
지성규,1418,투수,,1969,빙그레,1988,1989,2,,1,1.0,,,,,,,1,1,,,,,,,,,,,,,,,,,,,,,,,,,,,,,,,,,,,,
하창우,1419,투수,,1969,OB,1988,1994,5,,2,1.2,,,,,,,1,,,1,1,2,1,,,,,,,,,,,,,,,,,,,,,,,,,,,,,,,
한용덕,13282,투수,,1965,빙그레 · 한화,1988,2004,17,,5,3.9,,,,,,,1,2,3,5,5,5,5,5,5,4,3,5,3,3,5,4,3,,,,,,,,,,,,,,,,,,,,,
홍성연,1402,투수,,1965,삼성,1988,1991,4,,2,1.5,,,,,,,1,2,1,2,,,,,,,,,,,,,,,,,,,,,,,,,,,,,,,,,,
황윤태,1359,타자,,1963,MBC,1988,1988,1,,1,1.0,,,,,,,1,,,,,,,,,,,,,,,,,,,,,,,,,,,,,,,,,,,,,
강규성,1466,투수,,1969,OB,1989,1990,2,,1,1.0,,,,,,,,1,1,,,,,,,,,,,,,,,,,,,,,,,,,,,,,,,,,,,
강기웅,1420,타자,,1964,삼성,1989,1995,7,,5,4.1,,,,,,,,2,3,4,5,5,5,5,,,,,,,,,,,,,,,,,,,,,,,,,,,,,,
강석천,1421,타자,,1967,빙그레 · 한화,1989,2002,14,,5,2.9,,,,,,,,1,2,3,3,3,3,2,2,3,5,4,3,4,3,,,,,,,,,,,,,,,,,,,,,,,
강영수,1428,타자,,1965,삼성 · OB · 태평양 · 현대 · 쌍방울,1989,1998,10,,4,2.4,,,,,,,,1,1,2,3,3,3,2,4,3,2,,,,,,,,,,,,,,,,,,,,,,,,,,,
강종필,1429,타자,,1967,삼성 · 쌍방울,1989,1997,6,,2,1.3,,,,,,,,1,,1,,,2,1,1,2,,,,,,,,,,,,,,,,,,,,,,,,,,,,
강태원,1467,투수,,1971,해태,1989,2001,13,,3,1.8,,,,,,,,1,1,1,1,1,2,2,3,3,3,2,2,2,,,,,,,,,,,,,,,,,,,,,,,,
곽연수,1430,타자,,1967,OB,1989,1993,5,,1,1.0,,,,,,,,1,1,1,1,1,,,,,,,,,,,,,,,,,,,,,,,,,,,,,,,,
구동우,1468,투수,,1966,OB,1989,1993,5,,3,2.0,,,,,,,,2,2,3,1,2,,,,,,,,,,,,,,,,,,,,,,,,,,,,,,,,
길홍규,1378,타자,,1965,OB · 쌍방울,1989,1996,8,,2,1.1,,,,,,,,1,1,1,1,2,1,1,1,,,,,,,,,,,,,,,,,,,,,,,,,,,,,
김기범,1469,투수,,1965,MBC · LG,1989,1999,11,,4,3.0,,,,,,,,2,2,2,4,4,4,4,4,3,2,2,,,,,,,,,,,,,,,,,,,,,,,,,,
김기홍,1431,타자,,1970,MBC · LG,1989,1992,3,,1,1.0,,,,,,,,1,1,,1,,,,,,,,,,,,,,,,,,,,,,,,,,,,,,,,,
김덕근,1470,투수,,1964,MBC · LG,1989,1992,4,,2,1.2,,,,,,,,1,1,1,2,,,,,,,,,,,,,,,,,,,,,,,,,,,,,,,,,
김동현,1471,투수,,1966,OB,1989,1992,4,,3,2.2,,,,,,,,2,2,2,3,,,,,,,,,,,,,,,,,,,,,,,,,,,,,,,,,
김락기,1462,투수,,1966,빙그레,1989,1993,3,,2,2.0,,,,,,,,2,2,,,2,,,,,,,,,,,,,,,,,,,,,,,,,,,,,,,,
김상엽,1472,투수,,1970,삼성 · LG,1989,2000,11,,5,3.6,,,,,,,,1,2,3,2,4,5,4,5,5,5,,4,,,,,,,,,,,,,,,,,,,,,,,,,
김상우,1432,타자,,1966,롯데,1989,1993,3,,1,1.0,,,,,,,,1,1,,,1,,,,,,,,,,,,,,,,,,,,,,,,,,,,,,,,
김선일,1433,타자,,1965,롯데,1989,1995,7,,1,1.0,,,,,,,,1,1,1,1,1,1,1,,,,,,,,,,,,,,,,,,,,,,,,,,,,,,
김용희,1383,타자,,1964,OB,1989,1989,1,,1,1.0,,,,,,,,1,,,,,,,,,,,,,,,,,,,,,,,,,,,,,,,,,,,,
김응국,1404,타자,,1966,롯데,1989,2003,15,,5,4.1,,,,,,,,1,2,3,5,5,5,5,5,5,5,4,5,4,3,4,,,,,,,,,,,,,,,,,,,,,,
김인호,1435,타자,,1967,롯데 · 태평양 · 현대,1989,2001,13,,4,2.2,,,,,,,,1,1,2,1,2,2,2,2,4,4,2,3,2,,,,,,,,,,,,,,,,,,,,,,,,
김종석,1436,타자,,1971,OB · 한화,1989,2004,13,,4,2.0,,,,,,,,1,1,1,2,2,2,2,4,,,,2,2,3,2,2,,,,,,,,,,,,,,,,,,,,,
김진규,15156,투수,,1962,OB,1989,1992,4,,3,2.2,,,,,,,,2,2,2,3,,,,,,,,,,,,,,,,,,,,,,,,,,,,,,,,,
김진홍,1067,타자,,1962,OB,1989,1989,1,,1,1.0,,,,,,,,1,,,,,,,,,,,,,,,,,,,,,,,,,,,,,,,,,,,,
김청수,1473,투수,,1966,롯데,1989,1992,4,,4,3.0,,,,,,,,2,3,3,4,,,,,,,,,,,,,,,,,,,,,,,,,,,,,,,,,
김태완,1422,타자,,1966,해태,1989,1990,2,,1,1.0,,,,,,,,1,1,,,,,,,,,,,,,,,,,,,,,,,,,,,,,,,,,,,
김형균,1474,투수,,1969,OB,1989,1991,3,,1,1.0,,,,,,,,1,1,1,,,,,,,,,,,,,,,,,,,,,,,,,,,,,,,,,,
나광남,11427,타자,,1967,삼성,1989,1990,2,,1,1.0,,,,,,,,1,1,,,,,,,,,,,,,,,,,,,,,,,,,,,,,,,,,,,
노민승,1475,투수,,1965,태평양,1989,1990,2,,1,1.0,,,,,,,,1,1,,,,,,,,,,,,,,,,,,,,,,,,,,,,,,,,,,,
노찬엽,1439,타자,,1965,MBC · LG,1989,1997,9,,5,3.0,,,,,,,,2,2,3,5,4,3,3,2,3,,,,,,,,,,,,,,,,,,,,,,,,,,,,
문승훈,11428,타자,,1966,해태,1989,1991,3,,2,1.7,,,,,,,,1,2,2,,,,,,,,,,,,,,,,,,,,,,,,,,,,,,,,,,
박성훈,1442,타자,,1967,MBC,1989,1989,1,,1,1.0,,,,,,,,1,,,,,,,,,,,,,,,,,,,,,,,,,,,,,,,,,,,,
박용준,1476,투수,,1970,삼성,1989,1994,6,,2,1.7,,,,,,,,1,1,2,2,2,2,,,,,,,,,,,,,,,,,,,,,,,,,,,,,,,
박은진,1463,투수,,1964,태평양,1989,1995,7,,5,3.0,,,,,,,,1,2,3,3,5,4,3,,,,,,,,,,,,,,,,,,,,,,,,,,,,,,
박준태,1443,타자,,1967,태평양 · LG,1989,1997,7,1992 태평양 2→LG 2,4,2.3,,,,,,,,1,,1,2,3,4,3,,2,,,,,,,,,,,,,,,,,,,,,,,,,,,,
박현영,1347,타자,,1968,OB · 삼성 · 쌍방울,1989,1998,9,,2,1.7,,,,,,,,1,,1,2,2,2,2,2,2,1,,,,,,,,,,,,,,,,,,,,,,,,,,,
서호진,1478,투수,,1966,롯데,1989,1993,4,,3,2.2,,,,,,,,2,2,3,,2,,,,,,,,,,,,,,,,,,,,,,,,,,,,,,,,
성군철,1444,타자,,1968,빙그레,1989,1992,3,,1,1.0,,,,,,,,1,,1,1,,,,,,,,,,,,,,,,,,,,,,,,,,,,,,,,,
송광훈,1480,투수,,1962,삼성,1989,1990,2,,1,1.0,,,,,,,,1,1,,,,,,,,,,,,,,,,,,,,,,,,,,,,,,,,,,,
송진우,10597,투수,,1966,빙그레 · 한화,1989,2009,21,,5,4.4,,,,,,,,2,3,5,5,5,3,3,4,5,4,3,5,5,5,5,5,5,5,5,5,5,,,,,,,,,,,,,,,,
안대환,1339,타자,,1962,OB,1989,1993,5,,2,1.2,,,,,,,,1,1,1,2,1,,,,,,,,,,,,,,,,,,,,,,,,,,,,,,,,
안민석,1447,타자,,1966,삼성,1989,1989,1,,1,1.0,,,,,,,,1,,,,,,,,,,,,,,,,,,,,,,,,,,,,,,,,,,,,
유명선,1465,투수,,1965,삼성 · 쌍방울,1989,1996,8,,4,2.5,,,,,,,,2,2,2,4,3,3,2,2,,,,,,,,,,,,,,,,,,,,,,,,,,,,,
윤동배,1482,투수,,1966,롯데,1989,1995,5,,2,1.2,,,,,,,,1,2,1,,,1,1,,,,,,,,,,,,,,,,,,,,,,,,,,,,,,
윤재호,1448,타자,,1967,해태 · 쌍방울,1989,1995,7,,3,2.0,,,,,,,,1,2,2,3,3,2,1,,,,,,,,,,,,,,,,,,,,,,,,,,,,,,
이강철,13923,투수,,1966,해태 · 삼성 · KIA,1989,2005,16,2001 삼성 4→KIA 4,5,4.4,,,,,,,,2,3,4,5,5,5,5,5,5,5,,5,4,4,4,4,5,,,,,,,,,,,,,,,,,,,,
이광우,1426,투수,,1965,해태 · OB · 두산 · LG,1989,2002,14,,4,2.3,,,,,,,,2,1,1,2,2,3,4,2,2,2,2,2,4,3,,,,,,,,,,,,,,,,,,,,,,,
이명수,1450,타자,,1966,OB · 현대,1989,2001,13,,5,3.2,,,,,,,,2,2,2,2,2,4,3,5,4,4,4,4,4,,,,,,,,,,,,,,,,,,,,,,,,
이상번,1483,투수,,1970,롯데,1989,1997,8,,2,1.6,,,,,,,,2,1,,2,2,2,2,1,1,,,,,,,,,,,,,,,,,,,,,,,,,,,,
이재홍,1485,투수,,1963,MBC · 쌍방울,1989,1993,4,,2,1.8,,,,,,,,1,,2,2,2,,,,,,,,,,,,,,,,,,,,,,,,,,,,,,,,
이종운,11473,타자,,1966,롯데 · 한화,1989,1998,8,,3,2.0,,,,,,,,1,,1,2,3,3,3,,2,1,,,,,,,,,,,,,,,,,,,,,,,,,,,
이종호,1423,타자,,1967,빙그레 · 한화 · 태평양 · 현대,1989,1996,8,,2,1.1,,,,,,,,1,1,1,1,2,1,1,1,,,,,,,,,,,,,,,,,,,,,,,,,,,,,
이주헌,1486,투수,,1969,삼성,1989,1989,1,,1,1.0,,,,,,,,1,,,,,,,,,,,,,,,,,,,,,,,,,,,,,,,,,,,,
이진,1461,투수,,1966,OB,1989,1993,4,,2,1.2,,,,,,,,2,1,,1,1,,,,,,,,,,,,,,,,,,,,,,,,,,,,,,,,
이현택,1398,타자,,1964,삼성,1989,1991,3,,3,2.0,,,,,,,,1,2,3,,,,,,,,,,,,,,,,,,,,,,,,,,,,,,,,,,
이희성,1455,타자,,1966,태평양 · 현대,1989,1996,8,,3,2.1,,,,,,,,1,1,2,3,2,2,3,3,,,,,,,,,,,,,,,,,,,,,,,,,,,,,
장호익,1424,타자,,1965,해태,1989,1989,1,,1,1.0,,,,,,,,1,,,,,,,,,,,,,,,,,,,,,,,,,,,,,,,,,,,,
정국헌,1355,타자,,1964,롯데,1989,1989,1,,1,1.0,,,,,,,,1,,,,,,,,,,,,,,,,,,,,,,,,,,,,,,,,,,,,
정명원,1464,투수,,1966,태평양 · 현대,1989,2000,12,,5,3.4,,,,,,,,2,2,2,2,2,2,5,5,5,5,5,4,,,,,,,,,,,,,,,,,,,,,,,,,
조계현,12724,투수,,1964,해태 · 삼성 · 두산,1989,2001,13,,5,4.1,,,,,,,,2,2,3,4,5,5,5,5,5,5,4,4,4,,,,,,,,,,,,,,,,,,,,,,,,
조진구,1490,투수,,1969,OB,1989,1989,1,,1,1.0,,,,,,,,1,,,,,,,,,,,,,,,,,,,,,,,,,,,,,,,,,,,,
진정필,1491,투수,,1966,빙그레 · 한화,1989,1994,6,,2,1.7,,,,,,,,1,1,2,2,2,2,,,,,,,,,,,,,,,,,,,,,,,,,,,,,,,
최동창,1311,타자,,1965,OB,1989,1993,5,,2,1.6,,,,,,,,1,1,2,2,2,,,,,,,,,,,,,,,,,,,,,,,,,,,,,,,,
최해명,1427,타자,,1964,삼성 · 쌍방울,1989,1992,4,,2,1.5,,,,,,,,1,1,2,2,,,,,,,,,,,,,,,,,,,,,,,,,,,,,,,,,
최훈재,1457,타자,,1967,MBC · LG · 해태 · 두산,1989,2001,12,,3,2.1,,,,,,,,1,2,2,,2,1,2,2,2,3,3,3,2,,,,,,,,,,,,,,,,,,,,,,,,
한명수,1493,투수,,1966,MBC · LG,1989,1990,2,,2,1.5,,,,,,,,1,2,,,,,,,,,,,,,,,,,,,,,,,,,,,,,,,,,,,
허정욱,1494,투수,,1965,태평양,1989,1991,3,,2,1.7,,,,,,,,1,2,2,,,,,,,,,,,,,,,,,,,,,,,,,,,,,,,,,,
현남수,1460,타자,,1965,롯데,1989,1990,2,,2,1.5,,,,,,,,1,2,,,,,,,,,,,,,,,,,,,,,,,,,,,,,,,,,,,
황대연,1425,타자,,1967,빙그레 · 한화 · LG,1989,1996,7,,2,1.7,,,,,,,,1,1,2,,2,2,2,2,,,,,,,,,,,,,,,,,,,,,,,,,,,,,
강대성,1541,투수,,1971,해태,1990,1990,1,,1,1.0,,,,,,,,,1,,,,,,,,,,,,,,,,,,,,,,,,,,,,,,,,,,,
강민기,1542,투수,,1970,롯데,1990,1990,1,,1,1.0,,,,,,,,,1,,,,,,,,,,,,,,,,,,,,,,,,,,,,,,,,,,,
고정식,1376,타자,,1965,롯데,1990,1993,3,,1,1.0,,,,,,,,,1,,1,1,,,,,,,,,,,,,,,,,,,,,,,,,,,,,,,,
공필성,1503,타자,,1967,롯데,1990,2000,11,,5,2.5,,,,,,,,,1,2,2,2,2,4,5,4,3,2,1,,,,,,,,,,,,,,,,,,,,,,,,,
권영구,1543,투수,,1971,OB,1990,1990,1,,1,1.0,,,,,,,,,1,,,,,,,,,,,,,,,,,,,,,,,,,,,,,,,,,,,
김경기,1505,타자,,1968,태평양 · 현대 · SK,1990,2001,12,,5,3.5,,,,,,,,,2,2,3,3,2,4,5,5,4,5,4,3,,,,,,,,,,,,,,,,,,,,,,,,
김도형,1544,투수,,1967,롯데,1990,1991,2,,1,1.0,,,,,,,,,1,1,,,,,,,,,,,,,,,,,,,,,,,,,,,,,,,,,,
김동수,10386,타자,,1968,LG · 삼성 · SK · 현대 · 우리,1990,2009,20,,5,4.1,,,,,,,,,2,4,3,3,5,5,5,5,5,5,5,5,4,3,5,5,4,4,3,2,,,,,,,,,,,,,,,,
김력,1545,투수,,1968,태평양,1990,1990,1,,1,1.0,,,,,,,,,1,,,,,,,,,,,,,,,,,,,,,,,,,,,,,,,,,,,
김병수,1507,타자,,1964,롯데,1990,1991,2,,2,1.5,,,,,,,,,1,2,,,,,,,,,,,,,,,,,,,,,,,,,,,,,,,,,,
김보선,1546,투수,,1966,OB,1990,1992,3,,2,1.3,,,,,,,,,1,1,2,,,,,,,,,,,,,,,,,,,,,,,,,,,,,,,,,
김선진,1497,타자,,1967,LG,1990,2000,11,,2,1.5,,,,,,,,,1,2,2,1,2,1,2,1,2,1,1,,,,,,,,,,,,,,,,,,,,,,,,,
김종철,1548,투수,,1968,LG,1990,1992,3,,1,1.0,,,,,,,,,1,1,1,,,,,,,,,,,,,,,,,,,,,,,,,,,,,,,,,
김태형,11472,타자,,1967,OB · 두산,1990,1999,10,,3,1.7,,,,,,,,,1,1,1,2,3,2,2,2,2,1,,,,,,,,,,,,,,,,,,,,,,,,,,
나웅,1438,타자,,1967,LG,1990,1992,3,,2,1.3,,,,,,,,,1,2,1,,,,,,,,,,,,,,,,,,,,,,,,,,,,,,,,,
박동희,1539,투수,,1968,롯데 · 삼성,1990,2001,11,,4,3.1,,,,,,,,,2,2,4,4,3,4,4,,4,3,2,2,,,,,,,,,,,,,,,,,,,,,,,,
박형열,1325,투수,,1967,OB,1990,1991,2,,2,2.0,,,,,,,,,2,2,,,,,,,,,,,,,,,,,,,,,,,,,,,,,,,,,,
서일권,1388,타자,,1961,OB,1990,1991,2,,1,1.0,,,,,,,,,1,1,,,,,,,,,,,,,,,,,,,,,,,,,,,,,,,,,,
손길호,1516,타자,,1967,롯데,1990,1991,2,,1,1.0,,,,,,,,,1,1,,,,,,,,,,,,,,,,,,,,,,,,,,,,,,,,,,
손병희,1551,투수,,1971,OB,1990,1991,2,,2,1.5,,,,,,,,,1,2,,,,,,,,,,,,,,,,,,,,,,,,,,,,,,,,,,
윤성훈,1520,타자,,1966,태평양,1990,1991,2,,1,1.0,,,,,,,,,1,1,,,,,,,,,,,,,,,,,,,,,,,,,,,,,,,,,,
이병훈,1498,타자,,1967,LG · 해태 · 삼성,1990,1996,7,,2,1.6,,,,,,,,,1,1,1,2,2,2,2,,,,,,,,,,,,,,,,,,,,,,,,,,,,,
이상대,1451,타자,,1967,태평양 · 쌍방울,1990,1994,5,,2,1.4,,,,,,,,,1,1,2,2,1,,,,,,,,,,,,,,,,,,,,,,,,,,,,,,,
이상목,1553,투수,,1971,삼성 · 빙그레 · 한화 · 롯데,1990,2008,16,1993 삼성 1→빙그레 1,5,2.8,,,,,,,,,1,,,1,2,2,3,3,2,2,,3,2,2,4,5,5,5,3,,,,,,,,,,,,,,,,,
이상훈,1554,투수,,1971,삼성 · 두산,1990,2003,13,1999 삼성 2→두산 2,5,2.2,,,,,,,,,1,1,1,2,2,,2,3,2,2,2,1,5,5,,,,,,,,,,,,,,,,,,,,,,
이태일,1540,투수,,1967,삼성,1990,1996,6,,4,2.7,,,,,,,,,2,2,2,4,3,,3,,,,,,,,,,,,,,,,,,,,,,,,,,,,,
이호성,1500,타자,,1967,해태,1990,2000,11,,5,4.0,,,,,,,,,2,3,5,5,5,5,4,3,5,4,3,,,,,,,,,,,,,,,,,,,,,,,,,
이효봉,1556,투수,,1963,빙그레,1990,1990,1,,1,1.0,,,,,,,,,1,,,,,,,,,,,,,,,,,,,,,,,,,,,,,,,,,,,
임형석,1524,타자,,1968,OB · 롯데,1990,1997,8,,3,1.8,,,,,,,,,1,2,2,3,2,1,2,1,,,,,,,,,,,,,,,,,,,,,,,,,,,,
정명진,1488,투수,,1961,태평양,1990,1991,2,,1,1.0,,,,,,,,,1,1,,,,,,,,,,,,,,,,,,,,,,,,,,,,,,,,,,
정삼룡,1528,타자,,1965,OB,1990,1992,2,,1,1.0,,,,,,,,,1,,1,,,,,,,,,,,,,,,,,,,,,,,,,,,,,,,,,
정재호,1530,타자,,1967,OB,1990,1990,1,,1,1.0,,,,,,,,,1,,,,,,,,,,,,,,,,,,,,,,,,,,,,,,,,,,,
정회열,1496,타자,,1968,해태 · 삼성,1990,1999,8,,3,2.0,,,,,,,,,1,2,2,2,3,,2,,2,2,,,,,,,,,,,,,,,,,,,,,,,,,,
조영상,1557,투수,,1970,태평양 · OB,1990,1993,4,,1,1.0,,,,,,,,,1,1,1,1,,,,,,,,,,,,,,,,,,,,,,,,,,,,,,,,
조정수,1558,투수,,1969,OB,1990,1991,2,,1,1.0,,,,,,,,,1,1,,,,,,,,,,,,,,,,,,,,,,,,,,,,,,,,,,
조필현,1532,타자,,1971,LG,1990,1991,2,,1,1.0,,,,,,,,,1,1,,,,,,,,,,,,,,,,,,,,,,,,,,,,,,,,,,
지화동,1533,타자,,1967,빙그레 · 한화,1990,1994,5,,2,1.4,,,,,,,,,1,1,2,1,2,,,,,,,,,,,,,,,,,,,,,,,,,,,,,,,
진상봉,1534,타자,,1965,빙그레 · 한화 · 쌍방울,1990,1996,6,,3,1.7,,,,,,,,,1,1,1,2,3,,2,,,,,,,,,,,,,,,,,,,,,,,,,,,,,
최향남,10743,투수,,1971,해태 · LG · KIA · 롯데,1990,2013,15,,4,2.3,,,,,,,,,1,,,,,2,2,2,3,4,3,4,3,,2,2,,2,1,,,,2,2,,,,,,,,,,,,
최현준,1560,투수,,1967,삼성,1990,1991,2,,1,1.0,,,,,,,,,1,1,,,,,,,,,,,,,,,,,,,,,,,,,,,,,,,,,,
홍길남,1495,투수,,1971,OB,1990,1996,6,,1,1.0,,,,,,,,,1,1,1,,1,1,1,,,,,,,,,,,,,,,,,,,,,,,,,,,,,
홍현우,1499,타자,,1972,해태 · LG · KIA,1990,2005,16,,5,4.0,,,,,,,,,1,1,2,4,5,5,5,5,5,5,5,5,4,4,4,4,,,,,,,,,,,,,,,,,,,,
강길용,1612,투수,,1968,쌍방울 · OB · 두산,1991,1999,8,,2,1.9,,,,,,,,,,2,2,2,2,1,2,2,,2,,,,,,,,,,,,,,,,,,,,,,,,,,
강병규,1613,투수,,1972,OB · 두산 · SK,1991,2000,10,,3,2.3,,,,,,,,,,1,2,2,3,2,2,2,3,3,3,,,,,,,,,,,,,,,,,,,,,,,,,
강진규,1570,타자,,1968,LG,1991,1991,1,,1,1.0,,,,,,,,,,1,,,,,,,,,,,,,,,,,,,,,,,,,,,,,,,,,,
강형석,1501,타자,,1968,OB,1991,1996,5,,2,1.2,,,,,,,,,,1,1,2,,1,1,,,,,,,,,,,,,,,,,,,,,,,,,,,,,
공봉구,1572,타자,,1967,쌍방울,1991,1991,1,,1,1.0,,,,,,,,,,1,,,,,,,,,,,,,,,,,,,,,,,,,,,,,,,,,,
구대진,1615,투수,,1967,쌍방울,1991,1991,1,,1,1.0,,,,,,,,,,1,,,,,,,,,,,,,,,,,,,,,,,,,,,,,,,,,,
권영일,1616,투수,,1968,OB,1991,1992,2,,1,1.0,,,,,,,,,,1,1,,,,,,,,,,,,,,,,,,,,,,,,,,,,,,,,,
김기덕,1618,투수,,1968,LG,1991,1996,3,,2,1.3,,,,,,,,,,1,2,,,,1,,,,,,,,,,,,,,,,,,,,,,,,,,,,,
김기덕,1619,투수,,1968,쌍방울 · SK,1991,2002,12,,4,2.6,,,,,,,,,,1,1,2,2,2,3,4,3,4,4,3,2,,,,,,,,,,,,,,,,,,,,,,,
김기열,1620,투수,,1968,빙그레,1991,1991,1,,1,1.0,,,,,,,,,,1,,,,,,,,,,,,,,,,,,,,,,,,,,,,,,,,,,
김기완,1621,투수,,1966,쌍방울,1991,1991,1,,1,1.0,,,,,,,,,,1,,,,,,,,,,,,,,,,,,,,,,,,,,,,,,,,,,
김기태,11474,타자,,1969,쌍방울 · 삼성 · SK,1991,2005,15,,5,4.4,,,,,,,,,,2,2,5,5,5,5,5,5,5,5,5,4,4,4,5,,,,,,,,,,,,,,,,,,,,
김동수,1622,투수,,1968,쌍방울,1991,1991,1,,1,1.0,,,,,,,,,,1,,,,,,,,,,,,,,,,,,,,,,,,,,,,,,,,,,
김만후,1341,타자,,1964,쌍방울,1991,1992,2,,2,1.5,,,,,,,,,,1,2,,,,,,,,,,,,,,,,,,,,,,,,,,,,,,,,,
김민태,1623,투수,,1971,태평양 · 한화,1991,1998,6,,2,1.5,,,,,,,,,,2,2,2,,1,1,,1,,,,,,,,,,,,,,,,,,,,,,,,,,,
김병두,1506,타자,,1972,해태,1991,1991,1,,1,1.0,,,,,,,,,,1,,,,,,,,,,,,,,,,,,,,,,,,,,,,,,,,,,
김상진,1624,투수,,1970,OB · 삼성 · SK,1991,2003,13,,5,3.8,,,,,,,,,,2,2,3,3,5,5,5,5,4,4,4,4,3,,,,,,,,,,,,,,,,,,,,,,
김석연,1562,타자,,1968,빙그레,1991,1993,2,,1,1.0,,,,,,,,,,1,,1,,,,,,,,,,,,,,,,,,,,,,,,,,,,,,,,
김성식,1625,투수,,1975,LG,1991,1992,2,,1,1.0,,,,,,,,,,1,1,,,,,,,,,,,,,,,,,,,,,,,,,,,,,,,,,
김성일,1508,타자,,1967,LG,1991,1992,2,,1,1.0,,,,,,,,,,1,1,,,,,,,,,,,,,,,,,,,,,,,,,,,,,,,,,
김승남,1626,투수,,1972,해태 · 삼성,1991,1995,4,,2,1.2,,,,,,,,,,1,1,,1,2,,,,,,,,,,,,,,,,,,,,,,,,,,,,,,
김원형,14890,투수,,1972,쌍방울 · SK,1991,2009,19,,5,3.4,,,,,,,,,,2,2,3,3,2,2,2,4,5,4,2,4,4,3,5,4,5,5,4,,,,,,,,,,,,,,,,
김익재,1627,투수,,1968,OB · 현대,1991,1997,6,,2,1.3,,,,,,,,,,1,1,2,2,,1,1,,,,,,,,,,,,,,,,,,,,,,,,,,,,
김인권,1609,투수,,1968,빙그레,1991,1993,3,,2,1.7,,,,,,,,,,2,2,1,,,,,,,,,,,,,,,,,,,,,,,,,,,,,,,,
김종헌,1511,타자,,1966,롯데 · LG · SK,1991,2000,9,,2,1.6,,,,,,,,,,1,,2,2,2,2,1,1,1,2,,,,,,,,,,,,,,,,,,,,,,,,,
김진한,1437,타자,,1964,태평양,1991,1992,2,,2,1.5,,,,,,,,,,1,2,,,,,,,,,,,,,,,,,,,,,,,,,,,,,,,,,
김태석,1628,투수,,1967,롯데 · SK,1991,2000,10,,3,1.8,,,,,,,,,,1,1,1,2,1,2,2,3,3,2,,,,,,,,,,,,,,,,,,,,,,,,,
김태형,1610,투수,,1972,롯데,1991,1996,5,,2,1.8,,,,,,,,,,2,2,2,2,,1,,,,,,,,,,,,,,,,,,,,,,,,,,,,,
김호,1581,타자,,1967,쌍방울 · 해태 · 두산,1991,2002,11,,3,2.4,,,,,,,,,,2,2,2,,2,3,3,2,2,3,3,2,,,,,,,,,,,,,,,,,,,,,,,
박기택,11436,타자,,1968,쌍방울,1991,1992,2,,1,1.0,,,,,,,,,,1,1,,,,,,,,,,,,,,,,,,,,,,,,,,,,,,,,,
박성기,1629,투수,,1969,쌍방울 · 롯데,1991,1998,7,1998 쌍방울 2→롯데 2,3,2.1,,,,,,,,,,2,2,3,2,2,2,,2,,,,,,,,,,,,,,,,,,,,,,,,,,,
박정태,1561,타자,,1969,롯데,1991,2003,12,,5,4.0,,,,,,,,,,2,3,5,,3,5,5,2,5,5,5,3,5,,,,,,,,,,,,,,,,,,,,,,
박종철,11440,투수,,1971,쌍방울,1991,1991,1,,1,1.0,,,,,,,,,,1,,,,,,,,,,,,,,,,,,,,,,,,,,,,,,,,,,
박진석,1630,투수,,1968,쌍방울 · SK,1991,2000,9,,2,2.0,,,,,,,,,,2,2,,2,2,2,2,2,2,2,,,,,,,,,,,,,,,,,,,,,,,,,
박현수,1513,타자,,1972,해태,1991,1991,1,,1,1.0,,,,,,,,,,1,,,,,,,,,,,,,,,,,,,,,,,,,,,,,,,,,,
배현우,1631,투수,,1970,LG,1991,1991,1,,1,1.0,,,,,,,,,,1,,,,,,,,,,,,,,,,,,,,,,,,,,,,,,,,,,
서왕권,1632,투수,,1968,LG,1991,1992,2,,2,1.5,,,,,,,,,,1,2,,,,,,,,,,,,,,,,,,,,,,,,,,,,,,,,,
서창기,1389,타자,,1965,쌍방울,1991,1992,2,,1,1.0,,,,,,,,,,1,1,,,,,,,,,,,,,,,,,,,,,,,,,,,,,,,,,
손영철,1633,투수,,1972,삼성 · 현대,1991,1996,4,,2,1.2,,,,,,,,,,1,2,1,,,1,,,,,,,,,,,,,,,,,,,,,,,,,,,,,
송구홍,1589,타자,,1968,LG · 해태 · 쌍방울,1991,1999,8,,4,2.5,,,,,,,,,,1,2,4,,3,2,3,2,3,,,,,,,,,,,,,,,,,,,,,,,,,,
송인호,1590,타자,,1968,쌍방울 · 해태 · LG,1991,1996,6,,2,1.3,,,,,,,,,,1,2,2,1,1,1,,,,,,,,,,,,,,,,,,,,,,,,,,,,,
안명호,1568,타자,,1971,롯데,1991,1991,1,,1,1.0,,,,,,,,,,1,,,,,,,,,,,,,,,,,,,,,,,,,,,,,,,,,,
양용모,1563,타자,,1967,빙그레 · 삼성 · 쌍방울 · SK,1991,2002,9,,2,1.3,,,,,,,,,,1,1,2,,,,1,2,1,1,2,1,,,,,,,,,,,,,,,,,,,,,,,
염경엽,11468,타자,,1968,태평양 · 현대,1991,1999,7,,3,1.9,,,,,,,,,,2,1,1,2,3,,,2,2,,,,,,,,,,,,,,,,,,,,,,,,,,
오종우,1635,투수,,1969,LG,1991,1991,1,,1,1.0,,,,,,,,,,1,,,,,,,,,,,,,,,,,,,,,,,,,,,,,,,,,,
오희주,1636,투수,,1968,해태 · LG,1991,1995,4,,1,1.0,,,,,,,,,,1,,1,1,1,,,,,,,,,,,,,,,,,,,,,,,,,,,,,,
유충돌,1518,타자,,1967,롯데,1991,1991,1,,1,1.0,,,,,,,,,,1,,,,,,,,,,,,,,,,,,,,,,,,,,,,,,,,,,
윤용하,1567,타자,,1968,삼성,1991,1993,3,,2,1.7,,,,,,,,,,1,2,2,,,,,,,,,,,,,,,,,,,,,,,,,,,,,,,,
윤혁,1592,타자,,1967,쌍방울,1991,1992,2,,2,2.0,,,,,,,,,,2,2,,,,,,,,,,,,,,,,,,,,,,,,,,,,,,,,,
이동채,1522,타자,,1971,롯데,1991,1991,1,,1,1.0,,,,,,,,,,1,,,,,,,,,,,,,,,,,,,,,,,,,,,,,,,,,,
이병석,1637,투수,,1971,LG · 해태 · 해태·KIA · KIA,1991,2003,9,,4,2.0,,,,,,,,,,1,,,,1,1,,2,2,2,2,4,3,,,,,,,,,,,,,,,,,,,,,,
이승배,1640,투수,,1968,LG,1991,1991,1,,1,1.0,,,,,,,,,,1,,,,,,,,,,,,,,,,,,,,,,,,,,,,,,,,,,
이우수,1594,타자,,1972,LG,1991,1996,5,,2,1.2,,,,,,,,,,1,1,1,,1,2,,,,,,,,,,,,,,,,,,,,,,,,,,,,,
이은승,1484,투수,,1971,빙그레 · 한화,1991,1997,5,,1,1.0,,,,,,,,,,1,,1,,1,1,1,,,,,,,,,,,,,,,,,,,,,,,,,,,,
이종민,1595,타자,,1972,OB · 두산,1991,2001,9,,2,1.2,,,,,,,,,,1,1,1,1,,,1,2,2,1,1,,,,,,,,,,,,,,,,,,,,,,,,
임성우,1565,타자,,1968,빙그레,1991,1991,1,,1,1.0,,,,,,,,,,1,,,,,,,,,,,,,,,,,,,,,,,,,,,,,,,,,,
임주택,1566,타자,,1968,빙그레 · 한화,1991,2001,11,,2,1.5,,,,,,,,,,1,1,1,2,1,2,2,2,2,2,1,,,,,,,,,,,,,,,,,,,,,,,,
전일수,11435,투수,,1968,태평양 · LG,1991,1994,3,,2,1.3,,,,,,,,,,1,,1,2,,,,,,,,,,,,,,,,,,,,,,,,,,,,,,,
전종화,12713,타자,,1965,쌍방울,1991,1994,4,,2,1.5,,,,,,,,,,1,1,2,2,,,,,,,,,,,,,,,,,,,,,,,,,,,,,,,
전준호,10418,타자,,1969,롯데 · 현대 · 우리,1991,2009,19,,5,4.3,,,,,,,,,,2,2,3,5,4,5,5,5,5,5,4,5,5,5,5,4,4,4,4,,,,,,,,,,,,,,,,
전태건,1642,투수,,1971,LG,1991,1991,1,,1,1.0,,,,,,,,,,1,,,,,,,,,,,,,,,,,,,,,,,,,,,,,,,,,,
정경훈,1527,타자,,1972,삼성 · 한화,1991,1998,8,,3,2.2,,,,,,,,,,1,2,3,2,3,3,2,2,,,,,,,,,,,,,,,,,,,,,,,,,,,
정문언,1598,타자,,1962,태평양,1991,1992,2,,2,2.0,,,,,,,,,,2,2,,,,,,,,,,,,,,,,,,,,,,,,,,,,,,,,,
정영진,1599,타자,,1965,태평양,1991,1993,3,,1,1.0,,,,,,,,,,1,1,1,,,,,,,,,,,,,,,,,,,,,,,,,,,,,,,,
정학원,1601,타자,,1968,쌍방울,1991,1992,2,,1,1.0,,,,,,,,,,1,1,,,,,,,,,,,,,,,,,,,,,,,,,,,,,,,,,
조규제,1608,투수,,1967,쌍방울 · 현대 · SK · KIA,1991,2004,13,1998 쌍방울 5→현대 5,5,3.8,,,,,,,,,,2,4,4,4,5,4,4,5,4,,3,4,3,3,,,,,,,,,,,,,,,,,,,,,
조웅천,10158,투수,,1971,태평양 · 현대 · SK,1991,2008,17,,5,3.2,,,,,,,,,,1,,1,1,2,2,4,4,3,3,4,3,4,5,5,5,4,4,,,,,,,,,,,,,,,,,
주경업,1602,타자,,1968,태평양,1991,1992,2,,1,1.0,,,,,,,,,,1,1,,,,,,,,,,,,,,,,,,,,,,,,,,,,,,,,,
최달호,1536,타자,,1969,LG,1991,1991,1,,1,1.0,,,,,,,,,,1,,,,,,,,,,,,,,,,,,,,,,,,,,,,,,,,,,
최재룡,1605,타자,,1964,OB,1991,1991,1,,1,1.0,,,,,,,,,,1,,,,,,,,,,,,,,,,,,,,,,,,,,,,,,,,,,
최한림,1645,투수,,1971,쌍방울 · 삼성,1991,1997,7,1995 쌍방울 1→삼성 1,2,1.7,,,,,,,,,,1,2,2,2,1,2,2,,,,,,,,,,,,,,,,,,,,,,,,,,,,
가내영,1611,투수,,1971,태평양 · 현대 · 쌍방울 · SK · 해태·KIA · KIA,1992,2002,11,1998 현대 1→쌍방울 1,3,2.0,,,,,,,,,,,2,2,2,2,2,3,1,2,2,2,2,,,,,,,,,,,,,,,,,,,,,,,
가득염,10123,투수,,1969,롯데 · SK,1992,2010,19,,4,2.2,,,,,,,,,,,1,1,2,3,2,2,2,2,2,2,2,2,3,4,3,2,3,1,2,,,,,,,,,,,,,,,
강성우,1648,타자,,1970,롯데 · SK,1992,2003,12,,2,1.3,,,,,,,,,,,1,2,1,2,2,2,1,1,1,1,1,1,,,,,,,,,,,,,,,,,,,,,,
구한성,1649,타자,,1970,해태,1992,1995,2,,1,1.0,,,,,,,,,,,1,,,1,,,,,,,,,,,,,,,,,,,,,,,,,,,,,,
권명철,1695,투수,,1969,OB · SK · 두산,1992,2004,11,,4,2.3,,,,,,,,,,,2,2,2,3,,4,3,,2,1,2,2,2,,,,,,,,,,,,,,,,,,,,,
권준헌,1504,타자,,1971,태평양 · 현대,1992,1999,8,,3,1.6,,,,,,,,,,,1,1,1,2,3,2,1,2,,,,,,,,,,,,,,,,,,,,,,,,,,
김민재,10550,타자,,1973,롯데 · SK · 한화,1992,2009,18,,5,2.9,,,,,,,,,,,1,1,1,2,2,3,2,2,2,2,4,3,3,4,5,5,5,5,,,,,,,,,,,,,,,,
김봉영,1697,투수,,1973,해태,1992,1997,4,,1,1.0,,,,,,,,,,,1,,1,1,,1,,,,,,,,,,,,,,,,,,,,,,,,,,,,
김상재,1655,타자,,1968,쌍방울,1992,1993,2,,1,1.0,,,,,,,,,,,1,1,,,,,,,,,,,,,,,,,,,,,,,,,,,,,,,,
김상현,1691,투수,,1968,롯데,1992,1997,6,,4,2.7,,,,,,,,,,,2,2,3,2,4,3,,,,,,,,,,,,,,,,,,,,,,,,,,,,
김석기,1698,투수,,1967,쌍방울,1992,1996,5,,2,1.8,,,,,,,,,,,2,2,2,2,1,,,,,,,,,,,,,,,,,,,,,,,,,,,,,
김용선,1434,타자,,1970,빙그레 · 한화,1992,1997,6,,3,1.7,,,,,,,,,,,1,1,1,2,3,2,,,,,,,,,,,,,,,,,,,,,,,,,,,,
김일혁,1657,타자,,1970,빙그레 · 한화,1992,1995,3,,1,1.0,,,,,,,,,,,1,1,,1,,,,,,,,,,,,,,,,,,,,,,,,,,,,,,
김재성,1701,투수,,1969,빙그레 · 한화,1992,1996,3,,1,1.0,,,,,,,,,,,1,,1,,1,,,,,,,,,,,,,,,,,,,,,,,,,,,,,
김태한,1693,투수,,1969,삼성 · SK,1992,2003,9,,5,3.0,,,,,,,,,,,2,2,2,4,5,4,,,3,,3,2,,,,,,,,,,,,,,,,,,,,,,
김형택,1702,투수,,1971,해태,1992,1992,1,,1,1.0,,,,,,,,,,,1,,,,,,,,,,,,,,,,,,,,,,,,,,,,,,,,,
김홍기,1582,타자,,1968,태평양,1992,1993,2,,1,1.0,,,,,,,,,,,1,1,,,,,,,,,,,,,,,,,,,,,,,,,,,,,,,,
김흥만,1703,투수,,1972,태평양,1992,1992,1,,1,1.0,,,,,,,,,,,1,,,,,,,,,,,,,,,,,,,,,,,,,,,,,,,,,
노석기,1705,투수,,1971,OB,1992,1992,1,,1,1.0,,,,,,,,,,,1,,,,,,,,,,,,,,,,,,,,,,,,,,,,,,,,,
동봉철,1651,타자,,1970,삼성 · 해태 · LG · 한화 · 쌍방울,1992,1999,8,1996 삼성 3→해태 3,3,2.6,,,,,,,,,,,2,3,3,3,3,2,3,2,,,,,,,,,,,,,,,,,,,,,,,,,,
문귀석,1706,투수,,1971,해태,1992,1992,1,,1,1.0,,,,,,,,,,,1,,,,,,,,,,,,,,,,,,,,,,,,,,,,,,,,,
민원기,1707,투수,,1969,LG,1992,1998,7,,2,1.4,,,,,,,,,,,1,2,2,2,1,1,1,,,,,,,,,,,,,,,,,,,,,,,,,,,
박경완,10080,타자,,1972,쌍방울 · 현대 · SK,1992,2010,19,,5,4.2,,,,,,,,,,,1,1,1,2,4,5,5,5,5,5,5,5,5,5,5,5,5,5,5,,,,,,,,,,,,,,,
박계원,1646,타자,,1970,롯데 · 쌍방울 · 해태 · SK,1992,2000,7,2000 해태 2→SK 2,3,2.3,,,,,,,,,,,2,3,3,,,2,2,2,2,,,,,,,,,,,,,,,,,,,,,,,,,
박재벌,1647,타자,,1968,해태,1992,1997,4,,2,1.8,,,,,,,,,,,1,,,2,2,2,,,,,,,,,,,,,,,,,,,,,,,,,,,,
박종호,1668,타자,,1973,LG · 현대 · 삼성,1992,2009,17,1998 LG 2→현대 2,5,3.4,,,,,,,,,,,1,2,2,4,,2,2,3,4,5,3,4,5,5,5,5,3,2,,,,,,,,,,,,,,,,
박철수,1708,투수,,1969,삼성,1992,1992,1,,1,1.0,,,,,,,,,,,1,,,,,,,,,,,,,,,,,,,,,,,,,,,,,,,,,
신상윤,1634,투수,,1972,태평양 · 현대,1992,1997,3,,1,1.0,,,,,,,,,,,1,1,,,,1,,,,,,,,,,,,,,,,,,,,,,,,,,,,
신현대,1710,투수,,1969,쌍방울,1992,1992,1,,1,1.0,,,,,,,,,,,1,,,,,,,,,,,,,,,,,,,,,,,,,,,,,,,,,
안경현,10099,타자,,1970,OB · 두산 · SK,1992,2009,18,,5,3.2,,,,,,,,,,,1,1,1,2,2,3,3,3,2,3,5,4,5,5,5,5,5,3,,,,,,,,,,,,,,,,
안병원,1711,투수,,1973,태평양 · 현대 · LG,1992,2002,11,,4,2.2,,,,,,,,,,,2,2,3,4,3,2,1,2,2,2,1,,,,,,,,,,,,,,,,,,,,,,,
양승철,1692,투수,,1973,해태,1992,1993,2,,2,1.5,,,,,,,,,,,1,2,,,,,,,,,,,,,,,,,,,,,,,,,,,,,,,,
양회열,1564,타자,,1971,해태,1992,1995,2,,2,1.5,,,,,,,,,,,1,,,2,,,,,,,,,,,,,,,,,,,,,,,,,,,,,,
염종석,1689,투수,,1973,롯데,1992,2008,16,,5,3.8,,,,,,,,,,,2,5,4,3,,3,4,4,5,4,4,4,3,4,4,4,3,,,,,,,,,,,,,,,,,
오봉옥,1694,투수,,1968,삼성 · 쌍방울 · 해태 · 해태·KIA · KIA · 한화,1992,2005,13,,4,2.8,,,,,,,,,,,2,2,2,2,3,4,3,2,3,4,4,,3,3,,,,,,,,,,,,,,,,,,,,
유영환,1676,타자,,1969,태평양,1992,1993,2,,1,1.0,,,,,,,,,,,1,1,,,,,,,,,,,,,,,,,,,,,,,,,,,,,,,,
윤찬,1678,타자,,1967,LG,1992,1994,3,,1,1.0,,,,,,,,,,,1,1,1,,,,,,,,,,,,,,,,,,,,,,,,,,,,,,,
윤형배,1690,투수,,1969,롯데 · 쌍방울,1992,1999,8,,3,2.1,,,,,,,,,,,2,2,3,2,2,2,2,2,,,,,,,,,,,,,,,,,,,,,,,,,,
이경복,1449,타자,,1970,해태,1992,1998,6,,2,1.2,,,,,,,,,,,1,,1,2,1,1,1,,,,,,,,,,,,,,,,,,,,,,,,,,,
이상현,1712,투수,,1969,OB,1992,1992,1,,1,1.0,,,,,,,,,,,1,,,,,,,,,,,,,,,,,,,,,,,,,,,,,,,,,
이종열,10478,타자,,1973,LG,1992,2008,16,,3,2.2,,,,,,,,,,,1,2,2,1,2,,2,2,2,3,2,3,2,3,3,2,3,,,,,,,,,,,,,,,,,
임창식,1715,투수,,1969,쌍방울 · 한화,1992,1999,6,,2,1.3,,,,,,,,,,,1,1,1,,,1,2,2,,,,,,,,,,,,,,,,,,,,,,,,,,
장광호,12722,타자,,1967,태평양 · 현대,1992,1999,8,,2,1.4,,,,,,,,,,,1,2,1,1,1,1,2,2,,,,,,,,,,,,,,,,,,,,,,,,,,
장원진,1682,타자,,1969,OB · 두산,1992,2007,15,,4,2.5,,,,,,,,,,,1,1,2,3,,3,2,2,2,4,2,2,3,4,4,2,,,,,,,,,,,,,,,,,,
정민철,10613,투수,,1972,빙그레 · 한화,1992,2009,16,,5,4.4,,,,,,,,,,,2,3,3,5,4,5,5,5,,,5,5,5,5,5,5,5,4,,,,,,,,,,,,,,,,
정민태,1716,투수,,1970,태평양 · 현대,1992,2007,13,,5,4.0,,,,,,,,,,,4,1,2,2,3,5,5,5,5,,,5,5,5,,5,,,,,,,,,,,,,,,,,,
조중석,1717,투수,,1972,OB,1992,1992,1,,1,1.0,,,,,,,,,,,1,,,,,,,,,,,,,,,,,,,,,,,,,,,,,,,,,
지연규,1685,투수,,1969,빙그레 · 한화,1992,2006,9,,2,1.1,,,,,,,,,,,1,1,,1,1,,,,,,2,1,1,1,1,,,,,,,,,,,,,,,,,,,
차명석,1686,투수,,1969,LG,1992,2001,10,,3,2.2,,,,,,,,,,,2,2,1,1,2,2,3,3,3,3,,,,,,,,,,,,,,,,,,,,,,,,
강봉수,1764,투수,,1971,LG · 한화,1993,1996,4,,2,1.8,,,,,,,,,,,,2,2,2,1,,,,,,,,,,,,,,,,,,,,,,,,,,,,,
강태윤,1719,타자,,1965,삼성,1993,1995,3,,1,1.0,,,,,,,,,,,,1,1,1,,,,,,,,,,,,,,,,,,,,,,,,,,,,,,
고기성,1727,타자,,1970,빙그레 · 한화,1993,1995,3,,1,1.0,,,,,,,,,,,,1,1,1,,,,,,,,,,,,,,,,,,,,,,,,,,,,,,
공의식,1728,타자,,1970,태평양 · 현대 · 쌍방울,1993,1997,3,,1,1.0,,,,,,,,,,,,1,,,1,1,,,,,,,,,,,,,,,,,,,,,,,,,,,,
구대성,10580,투수,,1969,빙그레 · 한화,1993,2009,12,,5,4.0,,,,,,,,,,,,1,2,2,4,5,5,5,5,,,,,,4,5,5,5,,,,,,,,,,,,,,,,
김갑중,1730,타자,,1970,태평양 · 현대 · 쌍방울,1993,1999,4,,1,1.0,,,,,,,,,,,,1,1,,,1,,1,,,,,,,,,,,,,,,,,,,,,,,,,,
김경원,1761,투수,,1971,OB · 두산 · 한화,1993,2001,9,1999 두산 4→한화 4,4,2.8,,,,,,,,,,,,2,3,2,2,3,4,4,3,2,,,,,,,,,,,,,,,,,,,,,,,,
김경하,1723,타자,,1970,LG,1993,1993,1,,1,1.0,,,,,,,,,,,,1,,,,,,,,,,,,,,,,,,,,,,,,,,,,,,,,
김미호,1653,타자,,1967,롯데,1993,1996,4,,1,1.0,,,,,,,,,,,,1,1,1,1,,,,,,,,,,,,,,,,,,,,,,,,,,,,,
김민호,1724,타자,,1969,OB · 두산,1993,2003,11,,5,2.5,,,,,,,,,,,,1,2,3,5,3,4,3,3,2,1,1,,,,,,,,,,,,,,,,,,,,,,
김병조,1650,타자,,1969,해태,1993,1996,4,,2,1.2,,,,,,,,,,,,1,1,2,1,,,,,,,,,,,,,,,,,,,,,,,,,,,,,
김성열,1733,타자,,1969,빙그레,1993,1993,1,,1,1.0,,,,,,,,,,,,1,,,,,,,,,,,,,,,,,,,,,,,,,,,,,,,,
김원근,1577,타자,,1968,빙그레 · 한화,1993,1994,2,,1,1.0,,,,,,,,,,,,1,1,,,,,,,,,,,,,,,,,,,,,,,,,,,,,,,
김정민,10458,타자,,1970,LG,1993,2009,11,,2,1.5,,,,,,,,,,,,1,1,,2,,,2,2,2,2,,1,1,,,1,1,,,,,,,,,,,,,,,,
김정훈,1767,투수,,1970,롯데,1993,1994,2,,1,1.0,,,,,,,,,,,,1,1,,,,,,,,,,,,,,,,,,,,,,,,,,,,,,,
김충민,1737,타자,,1970,쌍방울 · 한화 · SK,1993,2000,7,,2,1.4,,,,,,,,,,,,1,1,,1,1,2,2,2,,,,,,,,,,,,,,,,,,,,,,,,,
김태룡,1661,타자,,1968,삼성 · 해태 · KIA,1993,2002,8,,2,1.2,,,,,,,,,,,,1,2,,,1,2,1,1,1,1,,,,,,,,,,,,,,,,,,,,,,,
김현욱,1768,투수,,1970,삼성 · 쌍방울,1993,2004,10,,5,3.5,,,,,,,,,,,,1,,,2,2,5,4,4,4,4,4,5,,,,,,,,,,,,,,,,,,,,,
김홍집,1769,투수,,1971,태평양 · 현대 · 한화,1993,2003,11,2001 현대 1→한화 1,3,2.0,,,,,,,,,,,,2,2,3,3,2,1,2,2,1,2,2,,,,,,,,,,,,,,,,,,,,,,
김훈,1720,타자,,1970,해태 · 삼성,1993,1996,3,,2,1.3,,,,,,,,,,,,2,,1,1,,,,,,,,,,,,,,,,,,,,,,,,,,,,,
나성열,1704,투수,,1972,태평양 · 한화,1993,1995,3,,2,1.7,,,,,,,,,,,,1,2,2,,,,,,,,,,,,,,,,,,,,,,,,,,,,,,
노승욱,1770,투수,,1974,태평양 · 현대 · 롯데,1993,2006,9,,2,1.9,,,,,,,,,,,,2,2,2,,,2,,,,1,2,2,2,2,,,,,,,,,,,,,,,,,,,
노장진,1771,투수,,1974,빙그레 · 한화 · 삼성 · 롯데,1993,2006,11,2004 삼성 4→롯데 4,5,3.3,,,,,,,,,,,,2,,,,2,2,2,2,4,3,5,4,5,5,,,,,,,,,,,,,,,,,,,
노춘섭,1772,투수,,1968,쌍방울,1993,1994,2,,1,1.0,,,,,,,,,,,,1,1,,,,,,,,,,,,,,,,,,,,,,,,,,,,,,,
박상근,1773,투수,,1970,OB · 쌍방울 · SK,1993,2001,7,1998 OB 2→쌍방울 2,2,1.3,,,,,,,,,,,,1,1,,1,,2,1,1,2,,,,,,,,,,,,,,,,,,,,,,,,
박선일,1441,타자,,1966,삼성,1993,1996,4,,2,1.8,,,,,,,,,,,,1,2,2,2,,,,,,,,,,,,,,,,,,,,,,,,,,,,,
박지환,1669,타자,,1969,롯데,1993,1994,2,,1,1.0,,,,,,,,,,,,1,1,,,,,,,,,,,,,,,,,,,,,,,,,,,,,,,
박충식,1763,투수,,1970,삼성 · 해태 · KIA,1993,2002,8,,5,3.5,,,,,,,,,,,,2,2,4,4,5,4,,,4,3,,,,,,,,,,,,,,,,,,,,,,,
백성진,1587,타자,,1968,태평양 · 현대,1993,1997,2,,1,1.0,,,,,,,,,,,,1,,,,1,,,,,,,,,,,,,,,,,,,,,,,,,,,,
성영재,1775,투수,,1971,쌍방울 · SK · 해태 · 해태·KIA · 두산 · LG,1993,2004,11,2000 SK 3→해태 3; 2003 두산 2→LG 2,4,2.6,,,,,,,,,,,,2,2,2,2,3,4,4,3,3,,2,2,,,,,,,,,,,,,,,,,,,,,
손차훈,1742,타자,,1970,태평양 · 현대 · SK,1993,2001,8,,1,1.0,,,,,,,,,,,,1,1,,1,1,1,1,1,1,,,,,,,,,,,,,,,,,,,,,,,,
송태일,1743,타자,,1970,롯데 · 쌍방울,1993,1995,3,,2,1.3,,,,,,,,,,,,1,2,1,,,,,,,,,,,,,,,,,,,,,,,,,,,,,,
양준혁,10339,타자,,1969,삼성 · 해태 · LG,1993,2010,18,,5,4.5,,,,,,,,,,,,2,4,5,5,5,5,5,5,5,5,5,5,5,4,4,4,4,4,,,,,,,,,,,,,,,
유영원,1675,타자,,1969,쌍방울,1993,1993,1,,1,1.0,,,,,,,,,,,,1,,,,,,,,,,,,,,,,,,,,,,,,,,,,,,,,
이경호,1747,타자,,1973,태평양,1993,1993,1,,1,1.0,,,,,,,,,,,,1,,,,,,,,,,,,,,,,,,,,,,,,,,,,,,,,
이근엽,1593,타자,,1972,태평양 · 현대 · 쌍방울,1993,1999,7,,1,1.0,,,,,,,,,,,,1,1,1,1,1,1,1,,,,,,,,,,,,,,,,,,,,,,,,,,
이대진,10062,투수,,1974,해태 · KIA,1993,2010,13,,5,3.5,,,,,,,,,,,,2,2,2,5,5,5,,4,,,4,3,,,4,4,3,3,,,,,,,,,,,,,,,
이민호,1748,타자,,1969,빙그레 · 한화 · 쌍방울 · SK,1993,2000,8,,2,1.9,,,,,,,,,,,,1,2,2,2,2,2,2,2,,,,,,,,,,,,,,,,,,,,,,,,,
이상훈,1762,투수,,1971,LG · SK,1993,2004,8,,5,4.6,,,,,,,,,,,,4,4,5,5,4,,,,,5,5,5,,,,,,,,,,,,,,,,,,,,,
이용석,1721,타자,,1970,해태,1993,1993,1,,1,1.0,,,,,,,,,,,,1,,,,,,,,,,,,,,,,,,,,,,,,,,,,,,,,
이재만,1779,투수,,1970,해태,1993,1998,5,,2,1.2,,,,,,,,,,,,1,1,,1,2,1,,,,,,,,,,,,,,,,,,,,,,,,,,,
이재주,10020,타자,,1973,태평양 · 현대 · KIA,1993,2009,14,,3,1.7,,,,,,,,,,,,1,2,,,1,2,,2,1,1,1,2,2,2,2,3,2,,,,,,,,,,,,,,,,
이종범,10036,타자,,1970,해태 · KIA,1993,2011,16,,5,4.4,,,,,,,,,,,,2,4,5,5,5,,,,5,5,5,5,5,5,4,4,4,4,3,,,,,,,,,,,,,,
정영규,1722,타자,,1970,삼성 · 한화 · LG · 해태,1993,2001,9,,3,2.2,,,,,,,,,,,,2,2,2,3,3,2,2,2,2,,,,,,,,,,,,,,,,,,,,,,,,
정호진,1751,타자,,1974,롯데,1993,1997,2,,1,1.0,,,,,,,,,,,,1,,,,1,,,,,,,,,,,,,,,,,,,,,,,,,,,,
조용수,1780,투수,,1973,해태,1993,1993,1,,1,1.0,,,,,,,,,,,,1,,,,,,,,,,,,,,,,,,,,,,,,,,,,,,,,
지화선,1754,타자,,1970,빙그레 · 태평양 · 현대,1993,1996,3,,2,1.7,,,,,,,,,,,,2,,1,2,,,,,,,,,,,,,,,,,,,,,,,,,,,,,
최준호,1492,타자,,1966,쌍방울,1993,1993,1,,1,1.0,,,,,,,,,,,,1,,,,,,,,,,,,,,,,,,,,,,,,,,,,,,,,
최태원,13285,타자,,1970,쌍방울 · SK,1993,2002,10,,5,3.8,,,,,,,,,,,,2,2,3,5,4,5,5,4,4,4,,,,,,,,,,,,,,,,,,,,,,,
최한경,1781,투수,,1974,삼성,1993,1996,4,,2,1.5,,,,,,,,,,,,1,2,2,1,,,,,,,,,,,,,,,,,,,,,,,,,,,,,
최해식,1607,타자,,1968,쌍방울 · 해태,1993,2000,7,,2,1.4,,,,,,,,,,,,1,,1,2,1,2,2,1,,,,,,,,,,,,,,,,,,,,,,,,,
추성건,1757,타자,,1970,OB · SK,1993,2001,6,,2,1.7,,,,,,,,,,,,1,2,2,,,2,,1,2,,,,,,,,,,,,,,,,,,,,,,,,
한기철,1687,타자,,1969,삼성,1993,1994,2,,1,1.0,,,,,,,,,,,,1,1,,,,,,,,,,,,,,,,,,,,,,,,,,,,,,,
한혁수,1758,타자,,1970,쌍방울,1993,1994,2,,1,1.0,,,,,,,,,,,,1,1,,,,,,,,,,,,,,,,,,,,,,,,,,,,,,,
허준,1759,타자,,1970,빙그레 · 한화 · KIA,1993,2003,10,,2,1.3,,,,,,,,,,,,2,2,1,1,1,1,,1,1,1,2,,,,,,,,,,,,,,,,,,,,,,
황일권,1760,타자,,1969,OB,1993,1997,4,,1,1.0,,,,,,,,,,,,1,1,,1,1,,,,,,,,,,,,,,,,,,,,,,,,,,,,
강상수,1837,투수,,1971,롯데 · LG,1994,2006,13,,5,3.1,,,,,,,,,,,,,2,2,3,4,2,3,4,5,4,3,3,3,2,,,,,,,,,,,,,,,,,,,
강희석,1838,투수,,1974,쌍방울 · SK,1994,2001,4,,2,1.2,,,,,,,,,,,,,1,,,,,1,2,1,,,,,,,,,,,,,,,,,,,,,,,,
계기범,1726,타자,,1970,태평양,1994,1995,2,,1,1.0,,,,,,,,,,,,,1,1,,,,,,,,,,,,,,,,,,,,,,,,,,,,,,
고성범,1765,투수,,1974,롯데,1994,1994,1,,1,1.0,,,,,,,,,,,,,1,,,,,,,,,,,,,,,,,,,,,,,,,,,,,,,
고형욱,1839,투수,,1971,쌍방울,1994,1999,4,,2,1.2,,,,,,,,,,,,,1,1,,,1,2,,,,,,,,,,,,,,,,,,,,,,,,,,
공유선,1790,타자,,1974,OB,1994,1994,1,,1,1.0,,,,,,,,,,,,,1,,,,,,,,,,,,,,,,,,,,,,,,,,,,,,,
곽병찬,1840,투수,,1971,태평양,1994,1994,1,,1,1.0,,,,,,,,,,,,,1,,,,,,,,,,,,,,,,,,,,,,,,,,,,,,,
곽채진,1841,투수,,1973,삼성 · 해태 · KIA · 두산,1994,2003,10,,4,2.0,,,,,,,,,,,,,1,1,1,1,2,3,4,3,2,2,,,,,,,,,,,,,,,,,,,,,,
권재광,1729,타자,,1971,롯데,1994,1994,1,,1,1.0,,,,,,,,,,,,,1,,,,,,,,,,,,,,,,,,,,,,,,,,,,,,,
길배진,1842,투수,,1971,한화,1994,1994,1,,1,1.0,,,,,,,,,,,,,1,,,,,,,,,,,,,,,,,,,,,,,,,,,,,,,
김광현,1792,타자,,1971,OB,1994,1994,1,,1,1.0,,,,,,,,,,,,,1,,,,,,,,,,,,,,,,,,,,,,,,,,,,,,,
김민국,1843,투수,,1972,쌍방울,1994,1997,4,,1,1.0,,,,,,,,,,,,,1,1,1,1,,,,,,,,,,,,,,,,,,,,,,,,,,,,
김성한,1835,투수,,1971,한화 · 쌍방울,1994,1997,3,,1,1.0,,,,,,,,,,,,,1,,1,1,,,,,,,,,,,,,,,,,,,,,,,,,,,,
김실,1797,타자,,1967,삼성 · 쌍방울 · OB · 두산,1994,1999,6,1998 쌍방울 3→OB 3,3,2.3,,,,,,,,,,,,,2,2,2,2,3,3,,,,,,,,,,,,,,,,,,,,,,,,,,
김재덕,1579,타자,,1973,해태,1994,1996,3,,1,1.0,,,,,,,,,,,,,1,1,1,,,,,,,,,,,,,,,,,,,,,,,,,,,,,
김재현,10109,타자,,1975,LG · SK,1994,2010,16,,5,4.4,,,,,,,,,,,,,2,4,3,,3,5,4,5,5,5,5,5,5,5,5,5,5,,,,,,,,,,,,,,,
김종성,1736,타자,,1969,OB,1994,1995,2,,1,1.0,,,,,,,,,,,,,1,1,,,,,,,,,,,,,,,,,,,,,,,,,,,,,,
김종훈,1800,타자,,1972,롯데 · 삼성,1994,2007,14,1997 롯데 2→삼성 2,3,2.1,,,,,,,,,,,,,1,1,1,2,2,3,2,2,2,2,3,3,3,2,,,,,,,,,,,,,,,,,,
김주성,1801,타자,,1972,쌍방울 · 한화,1994,1996,3,,1,1.0,,,,,,,,,,,,,1,1,1,,,,,,,,,,,,,,,,,,,,,,,,,,,,,
김태균,1803,타자,,1971,삼성 · 롯데 · SK,1994,2006,13,,3,1.8,,,,,,,,,,,,,1,1,1,2,3,2,3,2,2,1,1,3,2,,,,,,,,,,,,,,,,,,,
김태민,1738,타자,,1971,LG,1994,1995,2,,1,1.0,,,,,,,,,,,,,1,1,,,,,,,,,,,,,,,,,,,,,,,,,,,,,,
김한수,12964,타자,,1971,삼성,1994,2007,14,,5,3.7,,,,,,,,,,,,,1,2,2,2,2,4,5,5,5,5,5,5,5,4,,,,,,,,,,,,,,,,,,
나영철,1846,투수,,1971,OB,1994,1994,1,,1,1.0,,,,,,,,,,,,,1,,,,,,,,,,,,,,,,,,,,,,,,,,,,,,,
류지현,1783,타자,,1971,LG,1994,2004,11,,5,4.5,,,,,,,,,,,,,2,4,4,5,5,5,5,5,5,5,5,,,,,,,,,,,,,,,,,,,,,
류택현,10507,투수,,1971,OB · LG,1994,2013,17,,4,2.2,,,,,,,,,,,,,1,,2,2,2,1,2,1,2,2,2,2,3,2,4,4,,,3,2,,,,,,,,,,,,
마원성,1847,투수,,1974,OB,1994,1996,2,,1,1.0,,,,,,,,,,,,,1,,1,,,,,,,,,,,,,,,,,,,,,,,,,,,,,
문창환,1848,투수,,1975,태평양 · 현대,1994,2001,3,,2,1.3,,,,,,,,,,,,,1,2,,,,,,1,,,,,,,,,,,,,,,,,,,,,,,,
박병호,1440,타자,,1970,해태,1994,1995,2,,1,1.0,,,,,,,,,,,,,1,1,,,,,,,,,,,,,,,,,,,,,,,,,,,,,,
박재용,1787,타자,,1969,해태 · 쌍방울,1994,1999,6,,3,2.0,,,,,,,,,,,,,1,1,2,3,2,3,,,,,,,,,,,,,,,,,,,,,,,,,,
박지상,1785,타자,,1975,한화,1994,1996,3,,2,2.0,,,,,,,,,,,,,2,2,2,,,,,,,,,,,,,,,,,,,,,,,,,,,,,
박지철,10511,투수,,1975,롯데 · LG,1994,2009,14,,4,2.5,,,,,,,,,,,,,1,2,2,2,4,,2,3,4,3,3,3,2,2,,2,,,,,,,,,,,,,,,,
박철홍,1850,투수,,1970,LG,1994,2000,5,,2,1.8,,,,,,,,,,,,,1,2,2,,,2,2,,,,,,,,,,,,,,,,,,,,,,,,,
박태웅,1851,투수,,1974,롯데,1994,1994,1,,1,1.0,,,,,,,,,,,,,1,,,,,,,,,,,,,,,,,,,,,,,,,,,,,,,
서용빈,1782,타자,,1971,LG,1994,2006,9,,3,2.2,,,,,,,,,,,,,2,3,3,2,,,3,2,1,,,2,2,,,,,,,,,,,,,,,,,,,
서정민,1671,타자,,1969,태평양,1994,1994,1,,1,1.0,,,,,,,,,,,,,1,,,,,,,,,,,,,,,,,,,,,,,,,,,,,,,
서정민,1853,투수,,1974,롯데,1994,1994,1,,1,1.0,,,,,,,,,,,,,1,,,,,,,,,,,,,,,,,,,,,,,,,,,,,,,
소상영,1741,타자,,1973,OB,1994,1997,4,,1,1.0,,,,,,,,,,,,,1,1,1,1,,,,,,,,,,,,,,,,,,,,,,,,,,,,
손동일,1809,타자,,1971,롯데,1994,1997,4,,1,1.0,,,,,,,,,,,,,1,1,1,1,,,,,,,,,,,,,,,,,,,,,,,,,,,,
신동주,1672,타자,,1972,삼성 · 해태·KIA · KIA,1994,2004,11,,4,2.5,,,,,,,,,,,,,1,2,2,2,4,3,3,3,3,3,2,,,,,,,,,,,,,,,,,,,,,
심정수,1811,타자,,1975,OB · 두산 · 현대 · 삼성,1994,2008,15,,5,4.0,,,,,,,,,,,,,1,2,2,3,3,5,5,5,4,5,5,5,5,5,5,,,,,,,,,,,,,,,,,
유현승,1854,투수,,1971,쌍방울 · SK · LG,1994,2001,7,,2,1.7,,,,,,,,,,,,,2,2,1,2,,2,2,1,,,,,,,,,,,,,,,,,,,,,,,,
윤기수,1814,타자,,1971,OB,1994,1996,3,,1,1.0,,,,,,,,,,,,,1,1,1,,,,,,,,,,,,,,,,,,,,,,,,,,,,,
윤민철,1855,투수,,1975,롯데,1994,1994,1,,1,1.0,,,,,,,,,,,,,1,,,,,,,,,,,,,,,,,,,,,,,,,,,,,,,
이도형,10543,타자,,1975,OB · 두산 · 한화,1994,2010,14,,3,2.0,,,,,,,,,,,,,1,2,,2,,,2,2,2,2,3,2,2,2,2,2,2,,,,,,,,,,,,,,,
이숭용,10402,타자,,1971,태평양 · 현대 · 우리 · 넥센,1994,2011,18,,5,3.8,,,,,,,,,,,,,1,2,2,4,5,4,3,3,4,5,5,5,5,5,4,4,4,4,,,,,,,,,,,,,,
이승환,1856,투수,,1971,쌍방울,1994,1994,1,,1,1.0,,,,,,,,,,,,,1,,,,,,,,,,,,,,,,,,,,,,,,,,,,,,,
이용호,1777,투수,,1970,OB · 두산,1994,2000,5,,3,1.8,,,,,,,,,,,,,1,2,3,2,,,1,,,,,,,,,,,,,,,,,,,,,,,,,
이우혁,1778,투수,,1975,해태,1994,1999,3,,1,1.0,,,,,,,,,,,,,1,1,,,,1,,,,,,,,,,,,,,,,,,,,,,,,,,
이전진,1679,타자,,1972,OB,1994,1994,1,,1,1.0,,,,,,,,,,,,,1,,,,,,,,,,,,,,,,,,,,,,,,,,,,,,,
인현배,1857,투수,,1971,LG,1994,2000,3,,2,1.7,,,,,,,,,,,,,2,,,,,2,1,,,,,,,,,,,,,,,,,,,,,,,,,
임규대,1714,투수,,1972,한화,1994,1994,1,,1,1.0,,,,,,,,,,,,,1,,,,,,,,,,,,,,,,,,,,,,,,,,,,,,,
임성주,1818,타자,,1965,태평양,1994,1994,1,,1,1.0,,,,,,,,,,,,,1,,,,,,,,,,,,,,,,,,,,,,,,,,,,,,,
임수혁,1819,타자,,1969,롯데,1994,1999,6,,4,2.5,,,,,,,,,,,,,1,1,2,4,4,3,,,,,,,,,,,,,,,,,,,,,,,,,,
전성철,1788,타자,,1969,해태,1994,1994,1,,1,1.0,,,,,,,,,,,,,1,,,,,,,,,,,,,,,,,,,,,,,,,,,,,,,
전형도,1823,타자,,1971,한화 · OB · 두산,1994,1999,4,,1,1.0,,,,,,,,,,,,,1,,1,1,,1,,,,,,,,,,,,,,,,,,,,,,,,,,
정기창,1824,타자,,1970,쌍방울 · 한화,1994,1997,4,,2,1.2,,,,,,,,,,,,,1,1,2,1,,,,,,,,,,,,,,,,,,,,,,,,,,,,
정진식,1786,타자,,1971,한화,1994,1994,1,,1,1.0,,,,,,,,,,,,,1,,,,,,,,,,,,,,,,,,,,,,,,,,,,,,,
조경택,12707,타자,,1970,OB · 한화,1994,2003,10,,2,1.8,,,,,,,,,,,,,1,1,2,2,2,2,2,2,2,2,,,,,,,,,,,,,,,,,,,,,,
조규철,1752,타자,,1969,롯데,1994,1997,3,,1,1.0,,,,,,,,,,,,,1,1,,1,,,,,,,,,,,,,,,,,,,,,,,,,,,,
조원우,12657,타자,,1971,쌍방울 · SK · 한화,1994,2007,14,2005 SK 4→한화 4,4,2.9,,,,,,,,,,,,,1,2,2,2,3,4,3,3,3,3,3,4,4,3,,,,,,,,,,,,,,,,,,
주형광,1834,투수,,1976,롯데,1994,2007,12,,5,4.1,,,,,,,,,,,,,4,4,4,5,3,4,5,,,5,4,4,4,3,,,,,,,,,,,,,,,,,,
최상덕,10616,투수,,1971,태평양 · 해태 · 해태·KIA · KIA · LG · SK · 한화,1994,2009,15,,4,2.5,,,,,,,,,,,,,2,3,1,,2,2,2,4,4,3,4,3,2,2,2,2,,,,,,,,,,,,,,,,
최영술,1604,타자,,1972,OB,1994,1994,1,,1,1.0,,,,,,,,,,,,,1,,,,,,,,,,,,,,,,,,,,,,,,,,,,,,,
최용희,1860,투수,,1972,삼성,1994,1995,2,,1,1.0,,,,,,,,,,,,,1,1,,,,,,,,,,,,,,,,,,,,,,,,,,,,,,
최재영,1861,투수,,1971,해태,1994,1994,1,,1,1.0,,,,,,,,,,,,,1,,,,,,,,,,,,,,,,,,,,,,,,,,,,,,,
최호원,1862,투수,,1971,한화,1994,1997,3,,1,1.0,,,,,,,,,,,,,1,,1,1,,,,,,,,,,,,,,,,,,,,,,,,,,,,
하득인,1784,타자,,1966,태평양 · 현대,1994,1997,4,,1,1.0,,,,,,,,,,,,,1,1,1,1,,,,,,,,,,,,,,,,,,,,,,,,,,,,
한태균,1863,투수,,1971,OB · 두산,1994,2001,8,,2,1.8,,,,,,,,,,,,,1,2,2,2,1,2,2,2,,,,,,,,,,,,,,,,,,,,,,,,
허문회,14566,타자,,1972,LG · 롯데,1994,2002,7,,2,1.1,,,,,,,,,,,,,1,,1,1,1,1,,2,1,,,,,,,,,,,,,,,,,,,,,,,
홍순기,1833,타자,,1967,롯데,1994,1994,1,,1,1.0,,,,,,,,,,,,,1,,,,,,,,,,,,,,,,,,,,,,,,,,,,,,,
홍우태,1864,투수,,1971,OB · 한화,1994,2001,8,,2,1.2,,,,,,,,,,,,,2,2,1,1,1,1,1,1,,,,,,,,,,,,,,,,,,,,,,,,
강두곤,1652,타자,,1969,삼성,1995,1995,1,,1,1.0,,,,,,,,,,,,,,1,,,,,,,,,,,,,,,,,,,,,,,,,,,,,,
강인권,14993,타자,,1972,한화 · 두산,1995,2005,10,,2,1.6,,,,,,,,,,,,,,1,2,2,,1,1,2,2,2,2,1,,,,,,,,,,,,,,,,,,,,
공용우,1895,투수,,1972,한화,1995,1997,2,,1,1.0,,,,,,,,,,,,,,1,,1,,,,,,,,,,,,,,,,,,,,,,,,,,,,
권영진,1617,투수,,1968,롯데,1995,1995,1,,1,1.0,,,,,,,,,,,,,,1,,,,,,,,,,,,,,,,,,,,,,,,,,,,,,
김경환,1893,투수,,1970,롯데,1995,1995,1,,1,1.0,,,,,,,,,,,,,,1,,,,,,,,,,,,,,,,,,,,,,,,,,,,,,
김민범,1844,투수,,1973,태평양 · 현대,1995,2006,8,,2,1.5,,,,,,,,,,,,,,1,,,,2,2,1,1,,2,2,1,,,,,,,,,,,,,,,,,,,
김병철,1868,타자,,1972,태평양,1995,1995,1,,1,1.0,,,,,,,,,,,,,,1,,,,,,,,,,,,,,,,,,,,,,,,,,,,,,
김성태,1795,타자,,1971,태평양,1995,1995,1,,1,1.0,,,,,,,,,,,,,,1,,,,,,,,,,,,,,,,,,,,,,,,,,,,,,
김승권,1871,타자,,1976,한화 · 삼성,1995,2004,6,,1,1.0,,,,,,,,,,,,,,1,,,,,1,1,1,1,1,,,,,,,,,,,,,,,,,,,,,
김억만,1896,투수,,1976,태평양,1995,1995,1,,1,1.0,,,,,,,,,,,,,,1,,,,,,,,,,,,,,,,,,,,,,,,,,,,,,
김영진,1873,타자,,1976,한화,1995,1995,1,,1,1.0,,,,,,,,,,,,,,1,,,,,,,,,,,,,,,,,,,,,,,,,,,,,,
김영진,1874,타자,,1972,삼성,1995,1999,5,,1,1.0,,,,,,,,,,,,,,1,1,1,1,1,,,,,,,,,,,,,,,,,,,,,,,,,,
김재걸,10321,타자,,1972,삼성,1995,2009,12,,4,2.2,,,,,,,,,,,,,,1,2,,2,,,2,2,2,1,1,2,4,4,3,,,,,,,,,,,,,,,,
김지영,1802,타자,,1974,해태,1995,1999,4,,2,1.5,,,,,,,,,,,,,,1,,1,2,2,,,,,,,,,,,,,,,,,,,,,,,,,,
김진철,1898,투수,,1972,쌍방울,1995,1995,1,,2,2.0,,,,,,,,,,,,,,2,,,,,,,,,,,,,,,,,,,,,,,,,,,,,,
마해영,1865,타자,,1970,롯데 · 삼성 · KIA · LG,1995,2008,14,,5,4.0,,,,,,,,,,,,,,2,2,2,3,4,5,5,5,5,5,5,5,5,3,,,,,,,,,,,,,,,,,
박보현,1899,투수,,1972,롯데 · 두산,1995,2001,6,2000 롯데 2→두산 2,2,1.5,,,,,,,,,,,,,,1,1,1,,2,2,2,,,,,,,,,,,,,,,,,,,,,,,,
박부성,1900,투수,,1976,롯데,1995,1997,3,,2,1.7,,,,,,,,,,,,,,1,2,2,,,,,,,,,,,,,,,,,,,,,,,,,,,,
박석진,1901,투수,,1972,삼성 · 롯데 · LG,1995,2007,11,2004 롯데 4→삼성 4; 2007 롯데 2→LG 2,4,2.2,,,,,,,,,,,,,,2,1,1,1,2,2,3,,,4,3,3,2,,,,,,,,,,,,,,,,,,
박현승,10246,타자,,1972,롯데,1995,2008,13,,4,2.5,,,,,,,,,,,,,,1,2,3,,3,2,3,4,3,1,3,2,2,3,,,,,,,,,,,,,,,,,
송재용,1903,투수,,1972,OB,1995,1995,1,,1,1.0,,,,,,,,,,,,,,1,,,,,,,,,,,,,,,,,,,,,,,,,,,,,,
신성필,1904,투수,,1976,삼성,1995,1996,2,,2,1.5,,,,,,,,,,,,,,2,1,,,,,,,,,,,,,,,,,,,,,,,,,,,,,
신윤호,11238,투수,,1975,LG,1995,2007,9,,4,1.9,,,,,,,,,,,,,,1,,,1,2,,2,4,,2,1,2,2,,,,,,,,,,,,,,,,,,
신재웅,1905,투수,,1972,한화,1995,2001,7,,2,1.4,,,,,,,,,,,,,,1,2,2,2,1,1,1,,,,,,,,,,,,,,,,,,,,,,,,
신진수,1810,타자,,1972,한화,1995,1997,3,,1,1.0,,,,,,,,,,,,,,1,1,1,,,,,,,,,,,,,,,,,,,,,,,,,,,,
심성보,1883,타자,,1973,쌍방울 · SK · LG · 삼성,1995,2003,9,,4,2.6,,,,,,,,,,,,,,2,2,3,3,4,3,2,2,2,,,,,,,,,,,,,,,,,,,,,,
심재학,1867,타자,,1972,LG · 현대 · 두산 · KIA,1995,2007,12,,5,3.9,,,,,,,,,,,,,,1,2,4,4,,3,4,5,5,4,5,5,5,,,,,,,,,,,,,,,,,,
위재영,1886,투수,,1972,태평양 · 현대 · SK,1995,2006,11,,5,4.2,,,,,,,,,,,,,,4,4,4,4,4,4,5,5,,5,3,4,,,,,,,,,,,,,,,,,,,
이동수,1816,타자,,1973,삼성 · 롯데 · 쌍방울 · SK · 해태·KIA · KIA · 두산,1995,2003,9,1997 삼성 2→롯데 2; 1998 롯데 2→쌍방울 2,4,2.4,,,,,,,,,,,,,,2,2,2,2,2,4,3,3,2,,,,,,,,,,,,,,,,,,,,,,
이승엽,10881,타자,,1976,삼성,1995,2017,15,,5,4.5,,,,,,,,,,,,,,3,3,4,5,5,5,5,5,5,,,,,,,,,5,5,5,4,4,4,,,,,,,,
이용주,1889,타자,,1976,태평양,1995,1995,1,,1,1.0,,,,,,,,,,,,,,1,,,,,,,,,,,,,,,,,,,,,,,,,,,,,,
이원식,1907,투수,,1972,해태 · 해태·KIA · KIA · LG,1995,2005,9,,2,1.8,,,,,,,,,,,,,,2,1,2,,,2,2,2,1,2,2,,,,,,,,,,,,,,,,,,,,
임창용,11281,투수,,1976,해태 · 삼성 · KIA,1995,2018,17,,5,4.1,,,,,,,,,,,,,,1,2,2,4,5,5,5,5,5,5,5,,5,,,,,,,5,4,4,4,3,,,,,,,
임채영,1820,타자,,1971,삼성,1995,1995,1,,1,1.0,,,,,,,,,,,,,,1,,,,,,,,,,,,,,,,,,,,,,,,,,,,,,
장승익,1908,투수,,1976,롯데,1995,1995,1,,1,1.0,,,,,,,,,,,,,,1,,,,,,,,,,,,,,,,,,,,,,,,,,,,,,
장용대,1749,타자,,1974,태평양 · 현대 · 쌍방울,1995,1999,3,,1,1.0,,,,,,,,,,,,,,1,,,1,1,,,,,,,,,,,,,,,,,,,,,,,,,,
전준호,10153,투수,,1975,태평양 · 현대 · 우리 · SK,1995,2011,14,,5,2.8,,,,,,,,,,,,,,1,2,,,,5,4,3,3,3,2,4,3,3,2,2,2,,,,,,,,,,,,,,
정수근,10264,타자,,1977,OB · 두산 · 롯데,1995,2009,15,,5,4.1,,,,,,,,,,,,,,1,2,2,3,5,5,4,5,5,5,5,5,5,5,5,,,,,,,,,,,,,,,,
정의성,1910,투수,,1972,한화,1995,1995,1,,1,1.0,,,,,,,,,,,,,,1,,,,,,,,,,,,,,,,,,,,,,,,,,,,,,
조한철,1911,투수,,1970,쌍방울,1995,1995,1,,1,1.0,,,,,,,,,,,,,,1,,,,,,,,,,,,,,,,,,,,,,,,,,,,,,
조현,1866,타자,,1976,LG · 해태,1995,1997,3,,2,1.3,,,,,,,,,,,,,,1,2,1,,,,,,,,,,,,,,,,,,,,,,,,,,,,
진필중,1894,투수,,1972,OB · 두산 · KIA · LG,1995,2006,12,,5,4.1,,,,,,,,,,,,,,2,2,3,3,5,5,5,5,5,4,5,5,,,,,,,,,,,,,,,,,,,
차상욱,1890,타자,,1972,삼성,1995,1996,2,,1,1.0,,,,,,,,,,,,,,1,1,,,,,,,,,,,,,,,,,,,,,,,,,,,,,
최승민,1859,투수,,1974,LG · 쌍방울,1995,1999,4,,1,1.0,,,,,,,,,,,,,,1,1,1,,1,,,,,,,,,,,,,,,,,,,,,,,,,,
황윤성,1688,타자,,1974,태평양 · 현대 · KIA · 두산,1995,2005,7,2003 현대 1→KIA 1,1,1.0,,,,,,,,,,,,,,1,,,,1,1,1,1,1,,1,,,,,,,,,,,,,,,,,,,,
강영수,1918,타자,,1973,OB,1996,1996,1,,1,1.0,,,,,,,,,,,,,,,1,,,,,,,,,,,,,,,,,,,,,,,,,,,,,
권오영,1921,타자,,1970,한화,1996,1996,1,,1,1.0,,,,,,,,,,,,,,,1,,,,,,,,,,,,,,,,,,,,,,,,,,,,,
권용관,10465,타자,,1976,LG · SK · 한화,1996,2016,16,,2,1.2,,,,,,,,,,,,,,,1,1,,,,1,1,1,2,1,1,2,1,2,1,1,,1,,1,1,,,,,,,,,
김기진,1952,투수,,1977,LG,1996,1996,1,,1,1.0,,,,,,,,,,,,,,,1,,,,,,,,,,,,,,,,,,,,,,,,,,,,,
김대익,1923,타자,,1973,롯데 · 삼성,1996,2007,12,2004 롯데 2→삼성 2,4,2.6,,,,,,,,,,,,,,,1,2,3,4,2,4,3,2,2,2,3,3,,,,,,,,,,,,,,,,,,
김도완,1953,투수,,1971,LG,1996,1996,1,,1,1.0,,,,,,,,,,,,,,,1,,,,,,,,,,,,,,,,,,,,,,,,,,,,,
김상진,1950,투수,,1977,해태,1996,1998,3,,3,2.3,,,,,,,,,,,,,,,2,2,3,,,,,,,,,,,,,,,,,,,,,,,,,,,
김승관,1870,타자,,1976,삼성 · 롯데,1996,2006,3,2004 삼성 1→롯데 1,1,1.0,,,,,,,,,,,,,,,1,,,,,,,,1,,1,,,,,,,,,,,,,,,,,,,
김영복,1954,투수,,1973,롯데,1996,1996,1,,1,1.0,,,,,,,,,,,,,,,1,,,,,,,,,,,,,,,,,,,,,,,,,,,,,
김영일,1872,타자,,1971,롯데,1996,1998,3,,1,1.0,,,,,,,,,,,,,,,1,1,1,,,,,,,,,,,,,,,,,,,,,,,,,,,
김유봉,1897,투수,,1976,OB · 두산,1996,2000,3,,2,1.3,,,,,,,,,,,,,,,1,,,2,1,,,,,,,,,,,,,,,,,,,,,,,,,
김정훈,1955,투수,,1976,LG,1996,1996,1,,1,1.0,,,,,,,,,,,,,,,1,,,,,,,,,,,,,,,,,,,,,,,,,,,,,
김종국,10009,타자,,1973,해태 · 해태·KIA · KIA,1996,2009,13,,5,3.3,,,,,,,,,,,,,,,2,2,2,,2,2,3,5,4,3,4,5,5,4,,,,,,,,,,,,,,,,
김현민,1929,타자,,1973,쌍방울 · 롯데,1996,1999,4,1998 쌍방울 1→롯데 1,1,1.0,,,,,,,,,,,,,,,1,1,1,1,,,,,,,,,,,,,,,,,,,,,,,,,,
박명환,10510,투수,,1977,OB · 두산 · LG · NC,1996,2015,17,,5,3.5,,,,,,,,,,,,,,,2,2,3,4,3,2,3,4,2,5,5,5,5,5,5,,,,3,2,,,,,,,,,,
박성진,1902,투수,,1972,쌍방울,1996,1997,2,,1,1.0,,,,,,,,,,,,,,,1,1,,,,,,,,,,,,,,,,,,,,,,,,,,,,
박재홍,10113,타자,,1973,현대 · KIA · SK,1996,2012,17,,5,4.5,,,,,,,,,,,,,,,2,4,5,5,5,5,5,5,5,5,5,5,5,5,4,4,3,,,,,,,,,,,,,
박종일,1880,타자,,1972,롯데,1996,2000,4,,1,1.0,,,,,,,,,,,,,,,1,1,,1,1,,,,,,,,,,,,,,,,,,,,,,,,,
박주언,1957,투수,,1973,쌍방울 · SK,1996,2000,4,,2,1.2,,,,,,,,,,,,,,,2,1,,1,1,,,,,,,,,,,,,,,,,,,,,,,,,
박진만,10323,타자,,1976,현대 · 삼성 · SK,1996,2015,20,,5,3.8,,,,,,,,,,,,,,,2,2,2,2,2,4,5,5,5,5,5,5,5,5,5,5,4,3,2,2,,,,,,,,,,
박철웅,1958,투수,,1970,해태,1996,1997,2,,1,1.0,,,,,,,,,,,,,,,1,1,,,,,,,,,,,,,,,,,,,,,,,,,,,,
석수철,1914,타자,,1973,쌍방울,1996,1996,1,,2,2.0,,,,,,,,,,,,,,,2,,,,,,,,,,,,,,,,,,,,,,,,,,,,,
손혁,14564,투수,,1973,LG · KIA · 두산,1996,2004,8,,3,2.1,,,,,,,,,,,,,,,1,2,2,3,,3,2,2,2,,,,,,,,,,,,,,,,,,,,,
송지만,10412,타자,,1973,한화 · 현대 · 우리 · 넥센,1996,2013,18,,5,4.1,,,,,,,,,,,,,,,2,2,3,4,4,5,4,5,5,5,5,5,5,4,4,4,4,3,,,,,,,,,,,,
신국환,1882,타자,,1972,LG · 한화,1996,2001,6,,3,1.7,,,,,,,,,,,,,,,1,2,2,3,1,1,,,,,,,,,,,,,,,,,,,,,,,,
신영균,1960,투수,,1974,쌍방울 · LG,1996,1999,4,,1,1.0,,,,,,,,,,,,,,,1,1,1,1,,,,,,,,,,,,,,,,,,,,,,,,,,
안명성,1913,타자,,1973,현대,1996,1997,2,,1,1.0,,,,,,,,,,,,,,,1,1,,,,,,,,,,,,,,,,,,,,,,,,,,,,
이보형,1888,타자,,1972,OB,1996,1997,2,,1,1.0,,,,,,,,,,,,,,,1,1,,,,,,,,,,,,,,,,,,,,,,,,,,,,
이상열,10449,투수,,1977,한화 · 현대 · 우리 · LG,1996,2014,15,,4,2.2,,,,,,,,,,,,,,,1,1,2,2,2,1,2,2,3,,,,,2,2,3,4,4,2,,,,,,,,,,,
이영우,10574,타자,,1973,한화,1996,2009,12,,5,3.5,,,,,,,,,,,,,,,2,2,2,2,3,4,4,5,5,,,5,4,4,,,,,,,,,,,,,,,,
이용훈,1962,투수,,1975,해태,1996,1996,1,,1,1.0,,,,,,,,,,,,,,,1,,,,,,,,,,,,,,,,,,,,,,,,,,,,,
임수민,1917,타자,,1973,한화,1996,2005,8,,3,1.9,,,,,,,,,,,,,,,2,1,1,2,,,2,2,3,2,,,,,,,,,,,,,,,,,,,,
장성호,10032,타자,,1977,해태 · 해태·KIA · KIA · 한화 · 롯데 · KT,1996,2015,19,,5,3.8,,,,,,,,,,,,,,,1,2,2,2,4,5,5,5,5,5,5,5,5,5,4,4,3,3,,2,,,,,,,,,,
장정석,12966,타자,,1973,현대 · KIA,1996,2003,8,,1,1.0,,,,,,,,,,,,,,,1,1,1,1,1,1,1,1,,,,,,,,,,,,,,,,,,,,,,
장형석,1964,투수,,1976,삼성,1996,1996,1,,1,1.0,,,,,,,,,,,,,,,1,,,,,,,,,,,,,,,,,,,,,,,,,,,,,
전병호,1965,투수,,1973,삼성,1996,2008,12,,5,2.5,,,,,,,,,,,,,,,2,2,2,2,,2,2,2,2,2,2,5,5,,,,,,,,,,,,,,,,,
전상렬,10194,타자,,1972,삼성 · 한화 · 두산,1996,2008,13,,4,2.1,,,,,,,,,,,,,,,1,2,2,2,1,1,2,2,2,2,4,3,3,,,,,,,,,,,,,,,,,
정경배,10102,타자,,1974,삼성 · SK,1996,2009,14,,5,3.1,,,,,,,,,,,,,,,1,2,2,2,3,4,3,2,4,3,5,5,5,3,,,,,,,,,,,,,,,,
차명주,1967,투수,,1973,롯데 · 두산 · 한화,1996,2006,11,,4,2.5,,,,,,,,,,,,,,,4,2,2,2,2,2,3,3,3,3,2,,,,,,,,,,,,,,,,,,,
최기문,14231,타자,,1973,OB · 롯데,1996,2009,12,,5,2.6,,,,,,,,,,,,,,,1,1,,1,2,3,4,4,5,4,,2,2,2,,,,,,,,,,,,,,,,
최동수,10481,타자,,1971,LG · SK,1996,2012,16,2010 LG 3→SK 3,4,1.7,,,,,,,,,,,,,,,1,1,1,,1,1,2,1,2,1,1,2,2,4,3,2,2,,,,,,,,,,,,,
최원호,10537,투수,,1973,현대 · LG,1996,2009,13,,4,2.6,,,,,,,,,,,,,,,1,2,2,4,2,,2,3,2,2,3,3,4,4,,,,,,,,,,,,,,,,
최익성,1828,타자,,1972,삼성 · 한화 · LG · 해태·KIA · 현대 · SK,1996,2005,9,,4,2.3,,,,,,,,,,,,,,,1,2,3,4,3,2,2,2,,2,,,,,,,,,,,,,,,,,,,,
최재호,1949,투수,,1973,삼성,1996,2000,4,,2,2.0,,,,,,,,,,,,,,,2,2,2,,2,,,,,,,,,,,,,,,,,,,,,,,,,
최정환,1951,투수,,1973,쌍방울,1996,1999,4,,3,2.0,,,,,,,,,,,,,,,1,2,3,2,,,,,,,,,,,,,,,,,,,,,,,,,,
최창양,1968,투수,,1973,삼성,1996,2000,4,,2,2.0,,,,,,,,,,,,,,,2,2,2,,2,,,,,,,,,,,,,,,,,,,,,,,,,
최철민,1944,타자,,1972,해태,1996,1996,1,,1,1.0,,,,,,,,,,,,,,,1,,,,,,,,,,,,,,,,,,,,,,,,,,,,,
최형현,1830,타자,,1972,삼성,1996,1996,1,,1,1.0,,,,,,,,,,,,,,,1,,,,,,,,,,,,,,,,,,,,,,,,,,,,,
하춘동,1945,타자,,1977,삼성,1996,1997,2,,1,1.0,,,,,,,,,,,,,,,1,1,,,,,,,,,,,,,,,,,,,,,,,,,,,,
한명윤,1969,투수,,1977,OB,1996,1997,2,,1,1.0,,,,,,,,,,,,,,,1,1,,,,,,,,,,,,,,,,,,,,,,,,,,,,
홍원기,14889,타자,,1973,한화 · 두산 · 현대,1996,2007,12,,3,2.2,,,,,,,,,,,,,,,2,2,2,2,1,2,3,2,3,2,3,2,,,,,,,,,,,,,,,,,,
감병훈,1836,투수,,1971,삼성,1997,1997,1,,1,1.0,,,,,,,,,,,,,,,,1,,,,,,,,,,,,,,,,,,,,,,,,,,,,
강규철,1970,타자,,1974,OB,1997,1997,1,,1,1.0,,,,,,,,,,,,,,,,1,,,,,,,,,,,,,,,,,,,,,,,,,,,,
강대호,1971,타자,,1974,한화,1997,1997,1,,1,1.0,,,,,,,,,,,,,,,,1,,,,,,,,,,,,,,,,,,,,,,,,,,,,
권오성,1920,타자,,1970,해태,1997,1999,3,,1,1.0,,,,,,,,,,,,,,,,1,1,1,,,,,,,,,,,,,,,,,,,,,,,,,,
김동호,2003,투수,,1973,해태 · LG,1997,1999,3,,1,1.0,,,,,,,,,,,,,,,,1,1,1,,,,,,,,,,,,,,,,,,,,,,,,,,
김민기,10504,투수,,1977,LG,1997,2008,10,,2,1.7,,,,,,,,,,,,,,,,1,1,1,2,2,2,,,2,2,2,2,,,,,,,,,,,,,,,,,
김상현,2004,투수,,1974,롯데,1997,1998,2,,1,1.0,,,,,,,,,,,,,,,,1,1,,,,,,,,,,,,,,,,,,,,,,,,,,,
김영수,10046,투수,,1975,OB · 두산 · 롯데 · SK · KIA,1997,2009,8,2000 두산 1→롯데 2; 2003 롯데 2→SK 2,2,1.6,,,,,,,,,,,,,,,,2,,1,1,2,2,2,1,,,,,2,,,,,,,,,,,,,,,,
김정규,1798,타자,,1973,OB,1997,1997,1,,1,1.0,,,,,,,,,,,,,,,,1,,,,,,,,,,,,,,,,,,,,,,,,,,,,
김창희,10334,타자,,1973,해태 · 해태·KIA · KIA · 두산 · 삼성,1997,2009,13,,3,2.2,,,,,,,,,,,,,,,,2,2,3,3,3,2,1,2,2,3,2,2,2,,,,,,,,,,,,,,,,
김해님,2005,투수,,1975,한화,1997,2007,8,,2,1.8,,,,,,,,,,,,,,,,1,1,2,2,,,,2,2,2,2,,,,,,,,,,,,,,,,,,
김형남,1912,타자,,1973,현대,1997,1997,1,,1,1.0,,,,,,,,,,,,,,,,1,,,,,,,,,,,,,,,,,,,,,,,,,,,,
김환조,2007,투수,,1974,OB,1997,1997,1,,1,1.0,,,,,,,,,,,,,,,,1,,,,,,,,,,,,,,,,,,,,,,,,,,,,
문동환,10593,투수,,1972,롯데 · 한화,1997,2007,10,,5,2.9,,,,,,,,,,,,,,,,1,2,3,5,4,3,,2,2,4,3,,,,,,,,,,,,,,,,,,
문희성,1979,타자,,1973,OB · 두산,1997,2006,7,,2,1.1,,,,,,,,,,,,,,,,1,,,1,1,,1,1,2,1,,,,,,,,,,,,,,,,,,,
박상현,1667,타자,,1972,OB,1997,1997,1,,1,1.0,,,,,,,,,,,,,,,,1,,,,,,,,,,,,,,,,,,,,,,,,,,,,
박진철,1774,투수,,1975,해태 · 해태·KIA · KIA,1997,2002,6,,2,1.7,,,,,,,,,,,,,,,,1,1,2,2,2,2,,,,,,,,,,,,,,,,,,,,,,,
박태순,1959,투수,,1974,삼성 · 한화,1997,1999,3,,1,1.0,,,,,,,,,,,,,,,,1,1,1,,,,,,,,,,,,,,,,,,,,,,,,,,
배정훈,1934,타자,,1973,롯데,1997,1998,2,,1,1.0,,,,,,,,,,,,,,,,1,1,,,,,,,,,,,,,,,,,,,,,,,,,,,
백재호,1980,타자,,1974,한화,1997,2007,11,,3,2.0,,,,,,,,,,,,,,,,2,2,3,2,1,2,2,2,2,2,2,,,,,,,,,,,,,,,,,,
변대수,2008,투수,,1975,삼성,1997,1997,1,,1,1.0,,,,,,,,,,,,,,,,1,,,,,,,,,,,,,,,,,,,,,,,,,,,,
손민한,10284,투수,,1975,롯데 · NC,1997,2015,15,,5,3.3,,,,,,,,,,,,,,,,1,,1,2,3,5,4,3,3,5,5,5,5,,,,3,2,2,,,,,,,,,,
오상민,10519,투수,,1974,쌍방울 · SK · 삼성 · LG,1997,2011,15,,4,2.5,,,,,,,,,,,,,,,,2,2,2,2,2,4,2,3,3,2,2,3,2,3,3,,,,,,,,,,,,,,
오철민,2010,투수,,1973,해태 · KIA,1997,2005,9,,2,1.9,,,,,,,,,,,,,,,,1,2,2,2,2,2,2,2,2,,,,,,,,,,,,,,,,,,,,
유필선,1939,타자,,1970,롯데,1997,2000,4,,2,1.2,,,,,,,,,,,,,,,,1,1,2,1,,,,,,,,,,,,,,,,,,,,,,,,,
이경필,2011,투수,,1974,OB · 두산,1997,2007,8,,4,2.4,,,,,,,,,,,,,,,,2,2,3,,4,2,2,2,,,2,,,,,,,,,,,,,,,,,,
이병규,10491,타자,,1974,LG,1997,2015,16,,5,4.4,,,,,,,,,,,,,,,,2,4,4,5,5,5,5,5,5,5,,,,5,4,4,4,4,4,,,,,,,,,,
이봉우,1915,타자,,1977,쌍방울,1997,1998,2,,1,1.0,,,,,,,,,,,,,,,,1,1,,,,,,,,,,,,,,,,,,,,,,,,,,,
이정훈,10296,투수,,1977,롯데 · 넥센,1997,2016,18,,3,1.8,,,,,,,,,,,,,,,,1,2,1,1,1,1,2,2,2,2,2,,2,2,2,2,3,3,,2,,,,,,,,,
이지환,1555,타자,,1971,롯데,1997,1998,2,,1,1.0,,,,,,,,,,,,,,,,1,1,,,,,,,,,,,,,,,,,,,,,,,,,,,
이호준,10101,타자,,1976,해태 · SK · NC,1997,2017,19,2000 해태 2→SK 2,5,3.7,,,,,,,,,,,,,,,,1,2,3,2,2,2,2,4,5,,4,,5,5,5,5,5,5,5,5,4,,,,,,,,
임봉춘,2012,투수,,1974,롯데,1997,2001,4,,1,1.0,,,,,,,,,,,,,,,,1,,1,1,1,,,,,,,,,,,,,,,,,,,,,,,,
임선동,2013,투수,,1973,LG · 현대,1997,2003,7,,5,3.3,,,,,,,,,,,,,,,,4,4,1,2,5,4,3,,,,,,,,,,,,,,,,,,,,,,
장문석,10069,투수,,1974,LG · KIA,1997,2008,10,,4,2.5,,,,,,,,,,,,,,,,1,,1,2,3,2,4,3,3,3,,3,,,,,,,,,,,,,,,,,
전승남,2014,투수,,1974,LG,1997,2004,8,,2,2.0,,,,,,,,,,,,,,,,2,2,2,2,2,2,2,2,,,,,,,,,,,,,,,,,,,,,
정성훈,10531,투수,,1977,삼성 · 두산,1997,2007,8,,3,1.8,,,,,,,,,,,,,,,,2,1,1,1,2,,2,3,,,2,,,,,,,,,,,,,,,,,,
정수찬,2015,투수,,1973,쌍방울 · SK,1997,2001,4,,2,1.2,,,,,,,,,,,,,,,,1,2,,1,1,,,,,,,,,,,,,,,,,,,,,,,,
조남기,1995,타자,,1974,해태,1997,1997,1,,1,1.0,,,,,,,,,,,,,,,,1,,,,,,,,,,,,,,,,,,,,,,,,,,,,
조유신,1997,타자,,1975,롯데,1997,1998,2,,1,1.0,,,,,,,,,,,,,,,,1,1,,,,,,,,,,,,,,,,,,,,,,,,,,,
진갑용,10314,타자,,1974,OB · 두산 · 삼성,1997,2015,18,1999 두산 2→삼성 2,5,3.4,,,,,,,,,,,,,,,,1,1,2,1,2,4,5,5,4,5,5,4,4,4,4,4,4,,3,,,,,,,,,,
최만호,10265,타자,,1974,현대 · LG · 롯데,1997,2008,10,,2,1.1,,,,,,,,,,,,,,,,1,1,1,,1,1,2,1,,1,1,1,,,,,,,,,,,,,,,,,
최영필,10617,투수,,1974,현대 · 한화 · SK · KIA,1997,2016,19,,2,1.7,,,,,,,,,,,,,,,,2,1,2,2,2,2,1,1,2,2,2,2,2,2,,1,1,1,2,2,,,,,,,,,
함석원,1832,타자,,1975,OB,1997,1997,1,,1,1.0,,,,,,,,,,,,,,,,1,,,,,,,,,,,,,,,,,,,,,,,,,,,,
허유신,2001,타자,,1973,현대,1997,1997,1,,1,1.0,,,,,,,,,,,,,,,,1,,,,,,,,,,,,,,,,,,,,,,,,,,,,
황성관,2002,타자,,1974,삼성,1997,1999,2,,1,1.0,,,,,,,,,,,,,,,,1,,1,,,,,,,,,,,,,,,,,,,,,,,,,,
강동우,10564,타자,,1974,삼성 · 두산 · KIA · 한화,1998,2013,14,,4,2.8,,,,,,,,,,,,,,,,,2,,,2,2,4,4,3,3,3,2,2,4,3,3,2,,,,,,,,,,,,
곽현희,2048,투수,,1973,해태 · KIA,1998,2004,6,,2,1.8,,,,,,,,,,,,,,,,,1,2,2,2,2,,2,,,,,,,,,,,,,,,,,,,,,
김동주,10173,타자,,1976,OB · 두산,1998,2013,16,,5,4.8,,,,,,,,,,,,,,,,,4,4,4,5,4,5,5,5,5,5,5,5,5,5,5,5,,,,,,,,,,,,
김수경,10430,투수,,1979,현대 · 우리 · 넥센,1998,2012,14,,5,3.9,,,,,,,,,,,,,,,,,2,4,4,5,4,3,3,5,5,4,4,4,,3,4,,,,,,,,,,,,,
김유진,1700,투수,,1969,쌍방울,1998,1999,2,,2,1.5,,,,,,,,,,,,,,,,,1,2,,,,,,,,,,,,,,,,,,,,,,,,,,
김진웅,10357,투수,,1980,삼성,1998,2005,8,,4,3.0,,,,,,,,,,,,,,,,,2,2,2,3,4,4,4,3,,,,,,,,,,,,,,,,,,,,
김형성,1976,타자,,1976,해태,1998,1998,1,,1,1.0,,,,,,,,,,,,,,,,,1,,,,,,,,,,,,,,,,,,,,,,,,,,,
박경호,1930,타자,,1973,쌍방울,1998,1999,2,,1,1.0,,,,,,,,,,,,,,,,,1,1,,,,,,,,,,,,,,,,,,,,,,,,,,
베이커,2052,투수,Y,1970,삼성,1998,1998,1,,4,4.0,,,,,,,,,,,,,,,,,4,,,,,,,,,,,,,,,,,,,,,,,,,,,
부시,2025,타자,Y,1968,한화,1998,1998,1,,3,3.0,,,,,,,,,,,,,,,,,3,,,,,,,,,,,,,,,,,,,,,,,,,,,
브래디,2026,타자,Y,1969,롯데,1998,1998,1,,3,3.0,,,,,,,,,,,,,,,,,3,,,,,,,,,,,,,,,,,,,,,,,,,,,
소소경,2053,투수,,1979,해태 · KIA,1998,2004,5,,2,1.6,,,,,,,,,,,,,,,,,1,2,2,2,,,1,,,,,,,,,,,,,,,,,,,,,
손인호,10487,타자,,1975,롯데 · LG,1998,2011,12,,2,1.8,,,,,,,,,,,,,,,,,1,2,2,,,2,2,2,1,2,2,2,2,2,,,,,,,,,,,,,,
손지환,10098,타자,,1978,LG · KIA · 삼성 · 한화,1998,2010,12,,2,1.5,,,,,,,,,,,,,,,,,1,1,1,1,1,1,2,2,2,2,2,,2,,,,,,,,,,,,,,,
스트롱,2054,투수,Y,1962,현대,1998,1998,1,,4,4.0,,,,,,,,,,,,,,,,,4,,,,,,,,,,,,,,,,,,,,,,,,,,,
안재만,1983,타자,,1974,LG · SK,1998,2006,7,2001 LG 2→SK 2,2,1.6,,,,,,,,,,,,,,,,,1,,1,2,,2,2,2,1,,,,,,,,,,,,,,,,,,,
안희봉,2028,타자,,1972,현대,1998,1998,1,,1,1.0,,,,,,,,,,,,,,,,,1,,,,,,,,,,,,,,,,,,,,,,,,,,,
앤더슨,2055,투수,Y,1966,LG · 쌍방울,1998,1999,2,,4,4.0,,,,,,,,,,,,,,,,,4,4,,,,,,,,,,,,,,,,,,,,,,,,,,
엄정대,2029,타자,,1975,롯데,1998,2002,2,,1,1.0,,,,,,,,,,,,,,,,,1,,,,1,,,,,,,,,,,,,,,,,,,,,,,
우즈,2031,타자,Y,1969,OB · 두산,1998,2002,5,,5,4.6,,,,,,,,,,,,,,,,,4,5,4,5,5,,,,,,,,,,,,,,,,,,,,,,,
윤재국,10117,타자,,1975,쌍방울 · SK · 롯데 · 두산 · 한화,1998,2009,9,,2,1.7,,,,,,,,,,,,,,,,,1,1,2,2,,2,2,,,2,2,1,,,,,,,,,,,,,,,,
이준용,2035,타자,,1974,LG,1998,1998,1,,1,1.0,,,,,,,,,,,,,,,,,1,,,,,,,,,,,,,,,,,,,,,,,,,,,
이혜천,10642,투수,,1979,OB · 두산 · NC,1998,2015,15,,5,2.5,,,,,,,,,,,,,,,,,1,2,2,2,4,2,2,2,3,,3,,,5,4,2,2,2,,,,,,,,,,
임경완,10298,투수,,1975,롯데 · SK,1998,2014,14,,4,2.3,,,,,,,,,,,,,,,,,1,,1,2,2,2,2,,,2,2,2,2,2,4,4,4,,,,,,,,,,,
장재중,1821,타자,,1971,쌍방울 · SK · LG,1998,2003,6,,2,1.2,,,,,,,,,,,,,,,,,1,2,1,1,1,1,,,,,,,,,,,,,,,,,,,,,,
정영환,1966,투수,,1973,한화,1998,1998,1,,1,1.0,,,,,,,,,,,,,,,,,1,,,,,,,,,,,,,,,,,,,,,,,,,,,
정현욱,10377,투수,,1978,삼성 · LG,1998,2016,15,,5,2.7,,,,,,,,,,,,,,,,,1,2,2,,1,2,2,,,2,2,3,2,4,4,5,4,,4,,,,,,,,,
조경환,2038,타자,,1972,롯데 · SK · KIA,1998,2007,10,2002 롯데 4→SK 4,4,2.6,,,,,,,,,,,,,,,,,2,2,2,3,4,3,4,2,2,2,,,,,,,,,,,,,,,,,,
조인성,10463,타자,,1975,LG · SK · 한화,1998,2016,19,2014 SK 5→한화 5,5,3.3,,,,,,,,,,,,,,,,,1,2,1,1,2,3,2,2,3,4,5,5,5,5,5,5,5,3,4,,,,,,,,,
조효상,1942,타자,,1974,한화 · 롯데,1998,2005,3,,1,1.0,,,,,,,,,,,,,,,,,1,,,,,1,,1,,,,,,,,,,,,,,,,,,,,
지승준,2040,타자,,1977,해태,1998,1998,1,,1,1.0,,,,,,,,,,,,,,,,,1,,,,,,,,,,,,,,,,,,,,,,,,,,,
최용호,2017,투수,,1976,OB · 두산 · KIA,1998,2004,7,,3,2.0,,,,,,,,,,,,,,,,,1,2,3,3,2,2,1,,,,,,,,,,,,,,,,,,,,,
치멜리스,2041,타자,Y,1967,한화,1998,1998,1,,4,4.0,,,,,,,,,,,,,,,,,4,,,,,,,,,,,,,,,,,,,,,,,,,,,
캐세레스,2042,타자,Y,1964,OB · 두산,1998,1999,2,,4,4.0,,,,,,,,,,,,,,,,,4,4,,,,,,,,,,,,,,,,,,,,,,,,,,
쿨바,2043,타자,Y,1966,현대,1998,1998,1,,4,4.0,,,,,,,,,,,,,,,,,4,,,,,,,,,,,,,,,,,,,,,,,,,,,
파라,2058,투수,Y,1972,삼성 · 한화,1998,2002,2,,4,3.5,,,,,,,,,,,,,,,,,3,,,,4,,,,,,,,,,,,,,,,,,,,,,,
펠릭스,2044,타자,Y,1967,LG,1998,1999,2,,4,3.5,,,,,,,,,,,,,,,,,3,4,,,,,,,,,,,,,,,,,,,,,,,,,,
헤어,2045,타자,Y,1967,해태,1998,1998,1,,3,3.0,,,,,,,,,,,,,,,,,3,,,,,,,,,,,,,,,,,,,,,,,,,,,
홍의현,2060,투수,,1978,롯데,1998,1998,1,,1,1.0,,,,,,,,,,,,,,,,,1,,,,,,,,,,,,,,,,,,,,,,,,,,,
강민규,2018,타자,,1975,쌍방울 · LG,1999,2001,2,,1,1.0,,,,,,,,,,,,,,,,,,1,,1,,,,,,,,,,,,,,,,,,,,,,,,
구자운,10348,투수,,1980,두산,1999,2007,7,,4,2.3,,,,,,,,,,,,,,,,,,1,2,2,2,3,4,,,2,,,,,,,,,,,,,,,,,,
기론,2093,투수,Y,1972,롯데 · 한화,1999,2003,4,,4,3.8,,,,,,,,,,,,,,,,,,3,4,4,,4,,,,,,,,,,,,,,,,,,,,,,
길포일,2094,투수,,1968,롯데,1999,1999,1,,1,1.0,,,,,,,,,,,,,,,,,,1,,,,,,,,,,,,,,,,,,,,,,,,,,
김경진,2049,투수,,1976,쌍방울,1999,1999,1,,1,1.0,,,,,,,,,,,,,,,,,,1,,,,,,,,,,,,,,,,,,,,,,,,,,
김경태,10500,투수,,1975,LG · 두산 · SK,1999,2009,7,,1,1.0,,,,,,,,,,,,,,,,,,1,,,1,,1,1,1,1,,1,,,,,,,,,,,,,,,,
김광삼,10501,투수,,1980,LG,1999,2015,11,,2,1.7,,,,,,,,,,,,,,,,,,1,1,,,2,2,2,2,2,,,2,2,2,,,1,,,,,,,,,,
김사율,10272,투수,,1980,롯데 · KT,1999,2018,16,,4,2.2,,,,,,,,,,,,,,,,,,1,1,2,2,1,,,,,2,2,2,2,2,2,2,4,4,3,3,,,,,,,
김상태,2095,투수,,1976,LG,1999,2001,2,,2,1.5,,,,,,,,,,,,,,,,,,2,,1,,,,,,,,,,,,,,,,,,,,,,,,
김정열,2050,투수,,1979,롯데,1999,1999,1,,1,1.0,,,,,,,,,,,,,,,,,,1,,,,,,,,,,,,,,,,,,,,,,,,,,
김지훈,2065,타자,,1973,삼성 · KIA,1999,2004,4,,1,1.0,,,,,,,,,,,,,,,,,,1,,,1,1,1,,,,,,,,,,,,,,,,,,,,,
김혁섭,2096,투수,,1974,LG,1999,2001,2,,1,1.0,,,,,,,,,,,,,,,,,,1,,1,,,,,,,,,,,,,,,,,,,,,,,,
대톨라,2066,타자,Y,1967,LG,1999,1999,1,,4,4.0,,,,,,,,,,,,,,,,,,4,,,,,,,,,,,,,,,,,,,,,,,,,,
데이비스,2067,타자,Y,1969,한화,1999,2006,7,,5,4.6,,,,,,,,,,,,,,,,,,4,5,4,5,,5,4,5,,,,,,,,,,,,,,,,,,,
라형진,2097,투수,,1977,삼성,1999,2005,6,,2,1.7,,,,,,,,,,,,,,,,,,1,1,2,2,2,,2,,,,,,,,,,,,,,,,,,,,
로마이어,2068,타자,Y,1965,한화 · LG,1999,2001,3,,5,4.3,,,,,,,,,,,,,,,,,,4,5,4,,,,,,,,,,,,,,,,,,,,,,,,
류기중,2051,투수,,1978,해태,1999,1999,1,,1,1.0,,,,,,,,,,,,,,,,,,1,,,,,,,,,,,,,,,,,,,,,,,,,,
문남열,2098,투수,,1978,삼성,1999,2002,2,,1,1.0,,,,,,,,,,,,,,,,,,1,,,1,,,,,,,,,,,,,,,,,,,,,,,
바워스,2069,타자,Y,1971,현대,1999,1999,1,,3,3.0,,,,,,,,,,,,,,,,,,3,,,,,,,,,,,,,,,,,,,,,,,,,,
박연수,2070,타자,,1974,LG · 롯데,1999,2006,8,,2,1.4,,,,,,,,,,,,,,,,,,1,1,2,2,2,1,1,1,,,,,,,,,,,,,,,,,,,
박장희,2100,투수,,1976,현대,1999,2002,4,,3,2.2,,,,,,,,,,,,,,,,,,2,2,3,2,,,,,,,,,,,,,,,,,,,,,,,
박정진,10596,투수,,1976,한화,1999,2017,15,,4,1.9,,,,,,,,,,,,,,,,,,1,1,1,2,2,2,,,,,1,2,2,2,1,4,3,2,2,,,,,,,,
박창현,1849,투수,,1972,쌍방울,1999,1999,1,,1,1.0,,,,,,,,,,,,,,,,,,1,,,,,,,,,,,,,,,,,,,,,,,,,,
브릭스,2071,타자,Y,1971,해태,1999,1999,1,,4,4.0,,,,,,,,,,,,,,,,,,4,,,,,,,,,,,,,,,,,,,,,,,,,,
비아노,2101,투수,Y,1973,쌍방울,1999,1999,1,,3,3.0,,,,,,,,,,,,,,,,,,3,,,,,,,,,,,,,,,,,,,,,,,,,,
샌더스,2072,타자,Y,1969,해태,1999,1999,1,,4,4.0,,,,,,,,,,,,,,,,,,4,,,,,,,,,,,,,,,,,,,,,,,,,,
송재익,1981,타자,,1974,삼성 · SK,1999,2004,5,,1,1.0,,,,,,,,,,,,,,,,,,1,,1,1,1,1,,,,,,,,,,,,,,,,,,,,,
스미스,2073,타자,Y,1969,삼성 · LG,1999,2000,2,2000 삼성 4→LG 4,4,4.0,,,,,,,,,,,,,,,,,,4,4,,,,,,,,,,,,,,,,,,,,,,,,,
심재윤,2074,타자,,1975,한화,1999,2000,2,,1,1.0,,,,,,,,,,,,,,,,,,1,1,,,,,,,,,,,,,,,,,,,,,,,,,
안상준,1884,타자,,1973,LG · 두산,1999,2007,7,,2,1.1,,,,,,,,,,,,,,,,,,2,1,1,1,1,,1,,1,,,,,,,,,,,,,,,,,,
엄병열,2056,투수,,1976,해태,1999,2001,3,,1,1.0,,,,,,,,,,,,,,,,,,1,1,1,,,,,,,,,,,,,,,,,,,,,,,,
유동훈,10060,투수,,1977,해태 · KIA,1999,2013,11,,5,2.5,,,,,,,,,,,,,,,,,,2,2,1,,1,2,,,,2,2,5,4,3,4,,,,,,,,,,,,
이경수,2105,투수,,1979,두산,1999,1999,1,,1,1.0,,,,,,,,,,,,,,,,,,1,,,,,,,,,,,,,,,,,,,,,,,,,,
이계성,11451,타자,,1977,쌍방울 · 삼성 · 롯데,1999,2004,6,,2,1.3,,,,,,,,,,,,,,,,,,1,1,2,2,1,1,,,,,,,,,,,,,,,,,,,,,
이동은,2106,투수,,1977,삼성,1999,2001,2,,1,1.0,,,,,,,,,,,,,,,,,,1,,1,,,,,,,,,,,,,,,,,,,,,,,,
이승호,10148,투수,,1976,LG · SK,1999,2011,12,,5,2.2,,,,,,,,,,,,,,,,,,1,1,2,1,2,5,4,2,2,2,,2,2,,,,,,,,,,,,,,
이정길,2107,투수,,1973,LG,1999,1999,1,,1,1.0,,,,,,,,,,,,,,,,,,1,,,,,,,,,,,,,,,,,,,,,,,,,,
이준호,2108,투수,,1976,삼성,1999,2002,2,,1,1.0,,,,,,,,,,,,,,,,,,1,,,1,,,,,,,,,,,,,,,,,,,,,,,
이진영,10492,타자,,1980,쌍방울 · SK · LG · KT,1999,2018,20,,5,3.8,,,,,,,,,,,,,,,,,,1,1,2,2,4,5,5,4,4,5,5,5,5,4,4,4,4,4,4,4,,,,,,,
임재철,10193,타자,,1976,롯데 · 삼성 · 한화 · 두산 · LG,1999,2015,15,2002 롯데 2→삼성 2,4,1.9,,,,,,,,,,,,,,,,,,1,1,1,2,1,2,2,2,,,2,2,2,4,3,2,2,,,,,,,,,,
장성진,2109,투수,,1975,두산,1999,2002,4,,2,2.0,,,,,,,,,,,,,,,,,,2,2,2,2,,,,,,,,,,,,,,,,,,,,,,,
장일현,2081,타자,,1976,해태 · 해태·KIA · KIA,1999,2002,4,,2,1.2,,,,,,,,,,,,,,,,,,1,2,1,1,,,,,,,,,,,,,,,,,,,,,,,
정성훈,10479,타자,,1980,해태 · KIA · 현대 · 우리 · LG,1999,2018,20,,5,3.4,,,,,,,,,,,,,,,,,,2,2,2,2,3,3,3,3,3,5,5,5,4,4,4,4,4,4,4,2,,,,,,,
정원배,2036,타자,,1973,쌍방울,1999,1999,1,,1,1.0,,,,,,,,,,,,,,,,,,1,,,,,,,,,,,,,,,,,,,,,,,,,,
정원욱,2111,투수,,1976,롯데,1999,2002,3,,2,1.7,,,,,,,,,,,,,,,,,,1,2,,2,,,,,,,,,,,,,,,,,,,,,,,
정현택,2082,타자,,1980,LG · 현대,1999,2001,2,,1,1.0,,,,,,,,,,,,,,,,,,1,,1,,,,,,,,,,,,,,,,,,,,,,,,
카날리,2087,타자,Y,1965,현대,1999,1999,1,,3,3.0,,,,,,,,,,,,,,,,,,3,,,,,,,,,,,,,,,,,,,,,,,,,,
피어슨,2088,타자,,1974,현대,1999,1999,1,,2,2.0,,,,,,,,,,,,,,,,,,2,,,,,,,,,,,,,,,,,,,,,,,,,,
호세,2090,타자,Y,1965,롯데,1999,2007,4,,5,4.8,,,,,,,,,,,,,,,,,,4,,5,,,,,5,5,,,,,,,,,,,,,,,,,,
홀,2091,타자,Y,1969,삼성,1999,1999,1,,4,4.0,,,,,,,,,,,,,,,,,,4,,,,,,,,,,,,,,,,,,,,,,,,,,
홍민구,2059,투수,,1975,현대,1999,1999,1,,1,1.0,,,,,,,,,,,,,,,,,,1,,,,,,,,,,,,,,,,,,,,,,,,,,
홍성흔,10256,타자,,1977,두산 · 롯데,1999,2016,18,,5,4.4,,,,,,,,,,,,,,,,,,2,4,4,4,4,3,5,5,5,4,5,5,5,5,5,5,5,5,,,,,,,,,
황두성,10457,투수,,1976,해태 · 현대 · 우리,1999,2009,8,,2,1.6,,,,,,,,,,,,,,,,,,1,,,1,,1,2,2,2,2,2,,,,,,,,,,,,,,,,
황우구,2092,타자,,1976,한화,1999,2004,6,,2,1.3,,,,,,,,,,,,,,,,,,1,1,1,1,2,2,,,,,,,,,,,,,,,,,,,,,
가르시아,2145,투수,Y,1968,삼성,2000,2000,1,,3,3.0,,,,,,,,,,,,,,,,,,,3,,,,,,,,,,,,,,,,,,,,,,,,,
강민영,2146,투수,,1981,롯데,2000,2001,2,,1,1.0,,,,,,,,,,,,,,,,,,,1,1,,,,,,,,,,,,,,,,,,,,,,,,
강영식,10269,투수,,1981,해태 · 삼성 · 롯데,2000,2016,16,,4,2.6,,,,,,,,,,,,,,,,,,,1,,2,2,2,2,1,2,2,2,3,4,4,4,4,4,3,,,,,,,,,
강혁,2062,타자,,1974,두산 · SK,2000,2004,5,,4,1.6,,,,,,,,,,,,,,,,,,,4,1,1,1,1,,,,,,,,,,,,,,,,,,,,,
경헌호,10498,투수,,1977,LG,2000,2011,12,,2,2.0,,,,,,,,,,,,,,,,,,,2,2,2,2,2,2,2,2,2,2,2,2,,,,,,,,,,,,,,
김병준,2147,투수,,1977,한화,2000,2002,3,,2,1.3,,,,,,,,,,,,,,,,,,,1,1,2,,,,,,,,,,,,,,,,,,,,,,,
김상훈,10001,타자,,1977,해태 · 해태·KIA · KIA,2000,2013,14,,5,2.6,,,,,,,,,,,,,,,,,,,1,2,2,2,2,2,2,2,3,2,5,5,4,3,,,,,,,,,,,,
김수관,2021,타자,,1975,삼성,2000,2001,2,,1,1.0,,,,,,,,,,,,,,,,,,,1,1,,,,,,,,,,,,,,,,,,,,,,,,
김수연,1926,타자,,1977,한화,2000,2007,8,,2,1.8,,,,,,,,,,,,,,,,,,,1,2,2,2,2,2,2,1,,,,,,,,,,,,,,,,,,
김인철,1547,타자,,1971,삼성 · KIA · 한화,2000,2007,6,,1,1.0,,,,,,,,,,,,,,,,,,,1,,1,1,,1,1,1,,,,,,,,,,,,,,,,,,
김일경,10398,타자,,1978,현대 · 우리 · 넥센 · LG,2000,2012,11,,2,1.1,,,,,,,,,,,,,,,,,,,1,,1,1,1,1,,2,1,1,1,1,1,,,,,,,,,,,,,
김장백,2149,투수,,1975,한화,2000,2002,3,,2,1.3,,,,,,,,,,,,,,,,,,,2,1,1,,,,,,,,,,,,,,,,,,,,,,,
김주찬,10239,타자,,1981,삼성 · 롯데 · KIA,2000,2019,18,,5,3.2,,,,,,,,,,,,,,,,,,,1,2,2,1,2,,,2,2,2,2,2,4,5,5,5,5,5,5,5,,,,,,
남기헌,2114,타자,,1977,삼성,2000,2000,1,,1,1.0,,,,,,,,,,,,,,,,,,,1,,,,,,,,,,,,,,,,,,,,,,,,,
마일영,10592,투수,,1981,현대 · 우리 · 한화,2000,2014,13,,3,2.4,,,,,,,,,,,,,,,,,,,2,2,3,3,2,,,2,2,3,2,2,2,3,3,,,,,,,,,,,
뮬렌,2115,타자,Y,1967,SK,2000,2000,1,,3,3.0,,,,,,,,,,,,,,,,,,,3,,,,,,,,,,,,,,,,,,,,,,,,,
미첼,2116,타자,Y,1969,해태,2000,2000,1,,3,3.0,,,,,,,,,,,,,,,,,,,3,,,,,,,,,,,,,,,,,,,,,,,,,
박경진,2117,타자,,1976,롯데,2000,2004,4,,1,1.0,,,,,,,,,,,,,,,,,,,1,1,1,,1,,,,,,,,,,,,,,,,,,,,,
박승민,10439,투수,,1977,현대 · 우리 · 넥센,2000,2011,7,,2,1.7,,,,,,,,,,,,,,,,,,,1,,,,,1,2,2,2,,2,2,,,,,,,,,,,,,,
박영진,2150,투수,,1979,삼성,2000,2000,1,,1,1.0,,,,,,,,,,,,,,,,,,,1,,,,,,,,,,,,,,,,,,,,,,,,,
박정환,10097,타자,,1977,삼성 · SK,2000,2010,11,,2,1.5,,,,,,,,,,,,,,,,,,,1,1,2,2,2,2,2,1,1,1,1,,,,,,,,,,,,,,,
배스,2119,타자,Y,1974,해태,2000,2000,1,,3,3.0,,,,,,,,,,,,,,,,,,,3,,,,,,,,,,,,,,,,,,,,,,,,,
배영수,10362,투수,,1981,삼성 · 한화 · 두산,2000,2019,18,,5,3.8,,,,,,,,,,,,,,,,,,,1,2,2,2,3,5,5,,5,5,4,5,5,5,5,5,,4,3,2,,,,,,
배홍철,2152,투수,,1982,SK,2000,2000,1,,1,1.0,,,,,,,,,,,,,,,,,,,1,,,,,,,,,,,,,,,,,,,,,,,,,
브리또,2120,타자,Y,1972,SK · 삼성 · 한화,2000,2005,6,,5,4.5,,,,,,,,,,,,,,,,,,,4,5,5,5,4,4,,,,,,,,,,,,,,,,,,,,
브링클리,2121,타자,Y,1968,현대,2000,2000,1,,3,3.0,,,,,,,,,,,,,,,,,,,3,,,,,,,,,,,,,,,,,,,,,,,,,
신경현,10542,타자,,1975,한화,2000,2012,11,,3,1.8,,,,,,,,,,,,,,,,,,,1,1,,,1,2,2,2,2,2,2,2,3,,,,,,,,,,,,,
신승현,10138,투수,,1983,SK · KIA · LG,2000,2016,12,,2,1.6,,,,,,,,,,,,,,,,,,,1,1,1,1,2,2,2,,,,,,2,2,1,2,2,,,,,,,,,
신주일,2122,타자,,1977,SK,2000,2000,1,,1,1.0,,,,,,,,,,,,,,,,,,,1,,,,,,,,,,,,,,,,,,,,,,,,,
신철인,10444,투수,,1977,현대 · 우리,2000,2009,8,,3,2.4,,,,,,,,,,,,,,,,,,,2,2,3,2,3,,2,,3,2,,,,,,,,,,,,,,,,
심광호,10310,타자,,1977,한화 · 삼성 · LG,2000,2012,9,,1,1.0,,,,,,,,,,,,,,,,,,,1,,,1,1,1,1,1,1,,,1,1,,,,,,,,,,,,,
양현석,2123,타자,,1977,해태 · 해태·KIA · SK · LG,2000,2004,5,2001 해태·KIA 1→SK 1,2,1.4,,,,,,,,,,,,,,,,,,,1,1,2,2,1,,,,,,,,,,,,,,,,,,,,,
엄정욱,10139,투수,,1981,SK,2000,2012,9,,2,1.3,,,,,,,,,,,,,,,,,,,1,,1,1,2,2,,,,1,1,1,2,,,,,,,,,,,,,
오창선,2103,투수,,1976,한화,2000,2000,1,,1,1.0,,,,,,,,,,,,,,,,,,,1,,,,,,,,,,,,,,,,,,,,,,,,,
우드,2124,타자,Y,1967,롯데,2000,2000,1,,3,3.0,,,,,,,,,,,,,,,,,,,3,,,,,,,,,,,,,,,,,,,,,,,,,
윌리엄스,2125,타자,Y,1964,현대,2000,2000,1,,3,3.0,,,,,,,,,,,,,,,,,,,3,,,,,,,,,,,,,,,,,,,,,,,,,
윤형진,2153,투수,,1977,해태 · 해태·KIA · KIA,2000,2005,3,,2,2.0,,,,,,,,,,,,,,,,,,,2,2,,,,2,,,,,,,,,,,,,,,,,,,,
이동욱,13432,타자,,1974,롯데,2000,2003,3,,1,1.0,,,,,,,,,,,,,,,,,,,1,,1,1,,,,,,,,,,,,,,,,,,,,,,
이범호,10559,타자,,1981,한화 · KIA,2000,2019,19,,5,3.6,,,,,,,,,,,,,,,,,,,1,1,1,2,2,3,4,4,5,5,,5,5,5,5,4,4,4,4,4,,,,,,
이승호,10147,투수,,1981,SK · 롯데 · NC,2000,2013,11,,5,3.6,,,,,,,,,,,,,,,,,,,2,4,4,4,4,,,,3,4,4,5,3,3,,,,,,,,,,,,
이용훈,10291,투수,,1977,삼성 · SK · 롯데,2000,2012,10,,2,1.6,,,,,,,,,,,,,,,,,,,2,2,1,1,1,2,,,2,2,1,,2,,,,,,,,,,,,,
이우석,2034,타자,,1975,해태,2000,2000,1,,1,1.0,,,,,,,,,,,,,,,,,,,1,,,,,,,,,,,,,,,,,,,,,,,,,
장교성,2129,타자,,1977,현대,2000,2005,3,,1,1.0,,,,,,,,,,,,,,,,,,,1,1,,,,1,,,,,,,,,,,,,,,,,,,,
장재혁,2154,투수,,1976,한화,2000,2002,2,,1,1.0,,,,,,,,,,,,,,,,,,,1,,1,,,,,,,,,,,,,,,,,,,,,,,
장준관,2155,투수,,1981,LG,2000,2006,4,,1,1.0,,,,,,,,,,,,,,,,,,,1,,,,1,1,1,,,,,,,,,,,,,,,,,,,
전근표,10575,타자,,1977,현대 · 우리 · 한화,2000,2010,8,,4,1.6,,,,,,,,,,,,,,,,,,,4,1,,1,2,2,1,,1,,1,,,,,,,,,,,,,,,
전하진,2157,투수,,1979,한화,2000,2000,1,,1,1.0,,,,,,,,,,,,,,,,,,,1,,,,,,,,,,,,,,,,,,,,,,,,,
조규수,10226,투수,,1981,한화,2000,2004,5,,3,2.2,,,,,,,,,,,,,,,,,,,2,2,3,2,2,,,,,,,,,,,,,,,,,,,,,
조성환,10254,타자,,1976,롯데,2000,2013,11,,5,2.7,,,,,,,,,,,,,,,,,,,1,1,1,2,3,,,,2,4,3,4,4,5,,,,,,,,,,,,
조홍준,2132,타자,,1977,해태,2000,2000,1,,1,1.0,,,,,,,,,,,,,,,,,,,1,,,,,,,,,,,,,,,,,,,,,,,,,
채종범,10039,타자,,1977,SK · KIA,2000,2010,7,,3,2.1,,,,,,,,,,,,,,,,,,,2,2,2,3,2,,,,2,,2,,,,,,,,,,,,,,,
최경환,10041,타자,,1972,LG · 두산 · 롯데 · KIA,2000,2009,9,2006 두산 2→롯데 2,2,1.7,,,,,,,,,,,,,,,,,,,1,,2,2,2,2,2,2,1,1,,,,,,,,,,,,,,,,
최영완,2159,투수,,1976,해태,2000,2001,2,,1,1.0,,,,,,,,,,,,,,,,,,,1,1,,,,,,,,,,,,,,,,,,,,,,,,
카펜터,2134,타자,Y,1968,현대,2000,2000,1,,3,3.0,,,,,,,,,,,,,,,,,,,3,,,,,,,,,,,,,,,,,,,,,,,,,
콜,2135,투수,Y,1968,SK · 두산,2000,2002,3,,4,3.7,,,,,,,,,,,,,,,,,,,3,4,4,,,,,,,,,,,,,,,,,,,,,,,
쿡슨,2136,타자,Y,1969,LG,2000,2003,2,,4,3.5,,,,,,,,,,,,,,,,,,,3,,,4,,,,,,,,,,,,,,,,,,,,,,
퀸란,2137,타자,Y,1968,현대,2000,2001,2,,4,4.0,,,,,,,,,,,,,,,,,,,4,4,,,,,,,,,,,,,,,,,,,,,,,,
타바레스,2138,타자,Y,1971,해태,2000,2001,2,,4,4.0,,,,,,,,,,,,,,,,,,,4,4,,,,,,,,,,,,,,,,,,,,,,,,
테이텀,2139,타자,Y,1967,LG,2000,2000,1,,3,3.0,,,,,,,,,,,,,,,,,,,3,,,,,,,,,,,,,,,,,,,,,,,,,
파머,2160,투수,Y,1968,두산,2000,2001,2,,4,4.0,,,,,,,,,,,,,,,,,,,4,4,,,,,,,,,,,,,,,,,,,,,,,,
포조,2140,타자,Y,1973,해태,2000,2000,1,,3,3.0,,,,,,,,,,,,,,,,,,,3,,,,,,,,,,,,,,,,,,,,,,,,,
풀리엄,2141,타자,Y,1967,SK,2000,2000,1,,4,4.0,,,,,,,,,,,,,,,,,,,4,,,,,,,,,,,,,,,,,,,,,,,,,
프랑코,2142,타자,Y,1961,삼성,2000,2000,1,,4,4.0,,,,,,,,,,,,,,,,,,,4,,,,,,,,,,,,,,,,,,,,,,,,,
한규식,2089,타자,,1976,롯데 · LG · KIA,2000,2007,5,,2,1.4,,,,,,,,,,,,,,,,,,,1,,,,1,2,2,1,,,,,,,,,,,,,,,,,,
해리거,2161,투수,Y,1969,LG,2000,2001,2,,5,4.5,,,,,,,,,,,,,,,,,,,4,5,,,,,,,,,,,,,,,,,,,,,,,,
허진석,2162,투수,,1981,한화,2000,2000,1,,1,1.0,,,,,,,,,,,,,,,,,,,1,,,,,,,,,,,,,,,,,,,,,,,,,
혼즈,2143,타자,Y,1970,SK,2000,2000,1,,3,3.0,,,,,,,,,,,,,,,,,,,3,,,,,,,,,,,,,,,,,,,,,,,,,
홍세완,10026,타자,,1978,해태 · 해태·KIA · KIA,2000,2009,9,,5,2.8,,,,,,,,,,,,,,,,,,,1,2,2,3,5,4,3,2,,3,,,,,,,,,,,,,,,,
화이트,2144,타자,Y,1969,롯데,2000,2000,1,,4,4.0,,,,,,,,,,,,,,,,,,,4,,,,,,,,,,,,,,,,,,,,,,,,,
갈베스,2189,투수,Y,1964,삼성,2001,2001,1,,4,4.0,,,,,,,,,,,,,,,,,,,,4,,,,,,,,,,,,,,,,,,,,,,,,
강봉규,10332,타자,,1978,두산 · 삼성,2001,2013,12,,3,1.6,,,,,,,,,,,,,,,,,,,,1,1,,1,1,1,1,1,2,2,2,3,3,,,,,,,,,,,,
김건한,10045,투수,,1981,SK · KIA · 삼성,2001,2016,14,2012 KIA 2→삼성 2,2,1.6,,,,,,,,,,,,,,,,,,,,1,1,1,2,2,2,2,,,2,1,2,2,2,1,1,,,,,,,,,
김경언,10028,타자,,1982,해태 · KIA · 한화,2001,2017,14,,3,2.0,,,,,,,,,,,,,,,,,,,,1,1,2,2,2,2,,,,2,2,2,2,2,3,3,2,,,,,,,,
김민철,10006,타자,,1982,해태 · KIA,2001,2006,5,,1,1.0,,,,,,,,,,,,,,,,,,,,1,1,1,,1,1,,,,,,,,,,,,,,,,,,,
김백만,10584,투수,,1982,한화,2001,2009,6,,2,1.2,,,,,,,,,,,,,,,,,,,,1,1,2,,,1,,1,1,,,,,,,,,,,,,,,,
김원섭,10029,타자,,1978,두산 · KIA,2001,2016,13,,5,2.7,,,,,,,,,,,,,,,,,,,,1,,,1,,1,2,2,2,3,3,2,5,5,5,3,,,,,,,,,
김장현,10277,투수,,1978,롯데,2001,2004,4,,2,1.8,,,,,,,,,,,,,,,,,,,,1,2,2,2,,,,,,,,,,,,,,,,,,,,,
김주철,2193,투수,,1982,해태·KIA · KIA,2001,2005,4,,1,1.0,,,,,,,,,,,,,,,,,,,,1,1,,1,1,,,,,,,,,,,,,,,,,,,,
김태구,2194,투수,,1982,두산,2001,2003,2,,1,1.0,,,,,,,,,,,,,,,,,,,,1,,1,,,,,,,,,,,,,,,,,,,,,,
김태균,10552,타자,,1982,한화,2001,2020,18,,5,4.3,,,,,,,,,,,,,,,,,,,,1,3,2,4,4,5,4,5,5,,,5,5,5,5,5,5,5,5,5,,,,,
김태영,10198,투수,,1980,두산 · KIA,2001,2015,10,,2,1.8,,,,,,,,,,,,,,,,,,,,1,,,,,1,2,2,2,,2,2,2,2,2,,,,,,,,,,
누네스,2195,투수,Y,1964,한화,2001,2001,1,,3,3.0,,,,,,,,,,,,,,,,,,,,3,,,,,,,,,,,,,,,,,,,,,,,,
니일,2169,타자,Y,1965,두산,2001,2001,1,,3,3.0,,,,,,,,,,,,,,,,,,,,3,,,,,,,,,,,,,,,,,,,,,,,,
레스,2196,투수,Y,1973,해태·KIA · 두산,2001,2008,4,,5,4.2,,,,,,,,,,,,,,,,,,,,4,4,,4,,,,5,,,,,,,,,,,,,,,,,
레이,2197,투수,Y,1973,롯데,2001,2001,1,,3,3.0,,,,,,,,,,,,,,,,,,,,3,,,,,,,,,,,,,,,,,,,,,,,,
루이스,2198,투수,Y,1972,해태,2001,2001,1,,3,3.0,,,,,,,,,,,,,,,,,,,,3,,,,,,,,,,,,,,,,,,,,,,,,
리베라,2199,투수,Y,1969,삼성,2001,2001,1,,4,4.0,,,,,,,,,,,,,,,,,,,,4,,,,,,,,,,,,,,,,,,,,,,,,
리스,2200,투수,Y,1975,한화,2001,2001,1,,4,4.0,,,,,,,,,,,,,,,,,,,,4,,,,,,,,,,,,,,,,,,,,,,,,
리치,2201,투수,Y,1966,KIA,2001,2001,1,,3,3.0,,,,,,,,,,,,,,,,,,,,3,,,,,,,,,,,,,,,,,,,,,,,,
린튼,2202,투수,Y,1965,LG,2001,2001,1,,3,3.0,,,,,,,,,,,,,,,,,,,,3,,,,,,,,,,,,,,,,,,,,,,,,
마르티네스,2170,타자,Y,1970,삼성 · LG,2001,2003,3,,4,4.0,,,,,,,,,,,,,,,,,,,,4,4,4,,,,,,,,,,,,,,,,,,,,,,
바에르가,2171,타자,Y,1968,삼성,2001,2001,1,,3,3.0,,,,,,,,,,,,,,,,,,,,3,,,,,,,,,,,,,,,,,,,,,,,,
박기혁,10241,타자,,1981,롯데 · KT,2001,2018,16,,4,2.1,,,,,,,,,,,,,,,,,,,,1,1,1,2,2,2,3,2,4,1,,,2,2,3,3,2,2,,,,,,,
박정근,2205,투수,,1982,한화,2001,2001,1,,1,1.0,,,,,,,,,,,,,,,,,,,,1,,,,,,,,,,,,,,,,,,,,,,,,
박한이,10336,타자,,1979,삼성,2001,2019,19,,5,4.2,,,,,,,,,,,,,,,,,,,,2,2,3,5,5,4,5,5,5,5,5,5,5,5,5,4,4,3,2,,,,,,
발데스,2207,투수,Y,1966,LG,2001,2001,1,,4,4.0,,,,,,,,,,,,,,,,,,,,4,,,,,,,,,,,,,,,,,,,,,,,,
방동민,1933,투수,,1977,LG · KIA,2001,2004,2,,1,1.0,,,,,,,,,,,,,,,,,,,,1,,,1,,,,,,,,,,,,,,,,,,,,,
방진호,2173,타자,,1977,한화,2001,2001,1,,1,1.0,,,,,,,,,,,,,,,,,,,,1,,,,,,,,,,,,,,,,,,,,,,,,
베넷,2208,투수,Y,1972,두산,2001,2001,1,,3,3.0,,,,,,,,,,,,,,,,,,,,3,,,,,,,,,,,,,,,,,,,,,,,,
산토스,2174,타자,Y,1966,해태·KIA,2001,2001,1,,4,4.0,,,,,,,,,,,,,,,,,,,,4,,,,,,,,,,,,,,,,,,,,,,,,
송신영,10443,투수,,1976,현대 · 우리 · 넥센 · LG · 한화 · NC,2001,2017,17,2011 넥센 4→LG 3; 2013 NC 4→넥센 3,4,2.6,,,,,,,,,,,,,,,,,,,,2,2,2,2,2,3,2,3,2,3,4,4,4,4,2,2,2,,,,,,,,
송원국,2176,타자,,1979,두산,2001,2002,2,,1,1.0,,,,,,,,,,,,,,,,,,,,1,1,,,,,,,,,,,,,,,,,,,,,,,
신명철,10327,타자,,1978,롯데 · 삼성 · KT,2001,2015,14,,3,1.9,,,,,,,,,,,,,,,,,,,,1,1,1,1,2,2,2,2,2,2,2,3,3,,2,,,,,,,,,,
얀,2178,타자,Y,1966,롯데,2001,2001,1,,4,4.0,,,,,,,,,,,,,,,,,,,,4,,,,,,,,,,,,,,,,,,,,,,,,
에레라,2179,타자,Y,1972,SK · 롯데,2001,2002,2,,5,4.5,,,,,,,,,,,,,,,,,,,,4,5,,,,,,,,,,,,,,,,,,,,,,,
에르난데스,2209,투수,Y,1971,SK,2001,2002,2,,5,4.5,,,,,,,,,,,,,,,,,,,,4,5,,,,,,,,,,,,,,,,,,,,,,,
에반스,2210,투수,Y,1968,한화,2001,2001,1,,3,3.0,,,,,,,,,,,,,,,,,,,,3,,,,,,,,,,,,,,,,,,,,,,,,
엔리케스,2211,투수,Y,1974,현대,2001,2001,1,,3,3.0,,,,,,,,,,,,,,,,,,,,3,,,,,,,,,,,,,,,,,,,,,,,,
워렌,2213,투수,Y,1967,한화,2001,2001,1,,3,3.0,,,,,,,,,,,,,,,,,,,,3,,,,,,,,,,,,,,,,,,,,,,,,
윈스턴,2214,투수,Y,1966,한화,2001,2001,1,,3,3.0,,,,,,,,,,,,,,,,,,,,3,,,,,,,,,,,,,,,,,,,,,,,,
윤근주,2104,투수,,1976,한화,2001,2001,1,,1,1.0,,,,,,,,,,,,,,,,,,,,1,,,,,,,,,,,,,,,,,,,,,,,,
이동현,10524,투수,,1983,LG,2001,2019,15,,4,2.8,,,,,,,,,,,,,,,,,,,,2,2,3,3,,,,,2,2,3,2,3,3,3,4,4,4,2,,,,,,
이재우,10219,투수,,1980,두산 · 한화,2001,2016,12,,4,2.2,,,,,,,,,,,,,,,,,,,,1,1,1,2,2,,,3,4,4,,,2,2,2,2,,,,,,,,,
이정호,10450,투수,,1982,삼성 · 우리 · 넥센,2001,2010,4,,4,1.8,,,,,,,,,,,,,,,,,,,,4,1,,,,,,1,,1,,,,,,,,,,,,,,,
장영균,2080,타자,,1976,삼성,2001,2001,1,,1,1.0,,,,,,,,,,,,,,,,,,,,1,,,,,,,,,,,,,,,,,,,,,,,,
정대현,10154,투수,,1978,SK · 롯데,2001,2016,16,,5,3.2,,,,,,,,,,,,,,,,,,,,1,1,2,3,2,2,2,4,4,5,5,5,5,4,4,3,,,,,,,,,
정상호,10083,타자,,1982,SK · LG · 두산,2001,2020,16,,4,2.1,,,,,,,,,,,,,,,,,,,,1,1,1,,,,3,1,1,1,2,2,2,2,2,4,4,4,,2,,,,,
정원,2219,투수,,1982,해태 · KIA,2001,2007,5,,1,1.0,,,,,,,,,,,,,,,,,,,,1,,1,,1,1,1,,,,,,,,,,,,,,,,,,
정진용,2158,투수,,1977,두산,2001,2001,1,,2,2.0,,,,,,,,,,,,,,,,,,,,2,,,,,,,,,,,,,,,,,,,,,,,,
젠슨,2220,투수,Y,1973,KIA,2001,2001,1,,3,3.0,,,,,,,,,,,,,,,,,,,,3,,,,,,,,,,,,,,,,,,,,,,,,
조정권,2186,타자,,1976,한화,2001,2001,1,,1,1.0,,,,,,,,,,,,,,,,,,,,1,,,,,,,,,,,,,,,,,,,,,,,,
지승민,10228,투수,,1978,한화 · 삼성 · 두산,2001,2010,6,2003 한화 1→삼성 1; 2009 삼성 1→두산 1,2,1.3,,,,,,,,,,,,,,,,,,,,1,1,1,2,,,,,1,2,,,,,,,,,,,,,,,
차베스,2221,투수,Y,1972,한화,2001,2001,1,,3,3.0,,,,,,,,,,,,,,,,,,,,3,,,,,,,,,,,,,,,,,,,,,,,,
채종국,2086,타자,,1975,현대 · LG,2001,2008,8,,2,1.5,,,,,,,,,,,,,,,,,,,,1,1,1,2,2,2,2,1,,,,,,,,,,,,,,,,,
최경훈,2222,투수,,1979,두산,2001,2002,2,,1,1.0,,,,,,,,,,,,,,,,,,,,1,1,,,,,,,,,,,,,,,,,,,,,,,
테일러,2223,투수,Y,1971,현대,2001,2001,1,,4,4.0,,,,,,,,,,,,,,,,,,,,4,,,,,,,,,,,,,,,,,,,,,,,,
토레스,2224,투수,Y,1972,삼성,2001,2001,1,,3,3.0,,,,,,,,,,,,,,,,,,,,3,,,,,,,,,,,,,,,,,,,,,,,,
필립스,2188,타자,Y,1970,현대,2001,2001,1,,3,3.0,,,,,,,,,,,,,,,,,,,,3,,,,,,,,,,,,,,,,,,,,,,,,
가르시아,2225,타자,Y,1975,한화,2002,2002,1,,3,3.0,,,,,,,,,,,,,,,,,,,,,3,,,,,,,,,,,,,,,,,,,,,,,
강귀태,10385,타자,,1979,현대 · 우리 · 넥센,2002,2011,10,,2,1.5,,,,,,,,,,,,,,,,,,,,,1,1,1,2,2,2,2,1,2,1,,,,,,,,,,,,,,
강병식,10408,타자,,1977,현대 · 우리 · 넥센,2002,2012,10,,1,1.0,,,,,,,,,,,,,,,,,,,,,1,1,,1,1,1,1,1,1,1,1,,,,,,,,,,,,,
강철민,10497,투수,,1979,KIA · LG,2002,2010,6,,3,2.3,,,,,,,,,,,,,,,,,,,,,2,2,2,3,3,,,,2,,,,,,,,,,,,,,,
권오원,10349,투수,,1979,삼성,2002,2008,4,,1,1.0,,,,,,,,,,,,,,,,,,,,,1,1,,,,1,1,,,,,,,,,,,,,,,,,
권오현,2164,타자,,1978,롯데,2002,2003,2,,1,1.0,,,,,,,,,,,,,,,,,,,,,1,1,,,,,,,,,,,,,,,,,,,,,,
김민우,10397,타자,,1979,현대 · 우리 · 넥센 · KIA,2002,2016,10,,2,1.3,,,,,,,,,,,,,,,,,,,,,1,,1,,,,,1,2,2,2,1,1,1,1,,,,,,,,,
김상현,10007,타자,,1980,KIA · LG · SK · KT,2002,2016,13,2013 KIA 3→SK 3,5,2.5,,,,,,,,,,,,,,,,,,,,,1,1,2,,,2,1,2,5,4,4,3,2,2,4,,,,,,,,,
김우석,2227,타자,,1975,LG,2002,2004,2,,1,1.0,,,,,,,,,,,,,,,,,,,,,1,,1,,,,,,,,,,,,,,,,,,,,,
김정현,2229,타자,,1979,롯데,2002,2002,1,,1,1.0,,,,,,,,,,,,,,,,,,,,,1,,,,,,,,,,,,,,,,,,,,,,,
김제빈,2251,투수,,1982,롯데,2002,2002,1,,1,1.0,,,,,,,,,,,,,,,,,,,,,1,,,,,,,,,,,,,,,,,,,,,,,
김진우,10695,투수,,1983,KIA,2002,2017,13,,4,3.2,,,,,,,,,,,,,,,,,,,,,4,4,4,3,3,3,,,,2,2,4,4,3,3,3,,,,,,,,
김풍철,2252,투수,,1976,롯데,2002,2002,1,,1,1.0,,,,,,,,,,,,,,,,,,,,,1,,,,,,,,,,,,,,,,,,,,,,,
노병오,10435,투수,,1983,삼성 · 현대,2002,2007,4,,2,1.2,,,,,,,,,,,,,,,,,,,,,1,2,,1,,1,,,,,,,,,,,,,,,,,,
뉴선,2231,타자,Y,1964,KIA,2002,2002,1,,3,3.0,,,,,,,,,,,,,,,,,,,,,3,,,,,,,,,,,,,,,,,,,,,,,
러핀,2253,투수,Y,1971,SK,2002,2002,1,,3,3.0,,,,,,,,,,,,,,,,,,,,,3,,,,,,,,,,,,,,,,,,,,,,,
리오스,2254,투수,Y,1972,KIA · 두산,2002,2007,6,2005 KIA 5→두산 5,5,4.5,,,,,,,,,,,,,,,,,,,,,3,5,4,5,5,5,,,,,,,,,,,,,,,,,,
마정길,10436,투수,,1979,한화 · 넥센,2002,2017,13,,3,2.2,,,,,,,,,,,,,,,,,,,,,2,2,2,,,2,2,2,2,3,,2,2,2,3,2,,,,,,,,
만자니오,2255,투수,Y,1963,LG,2002,2002,1,,4,4.0,,,,,,,,,,,,,,,,,,,,,4,,,,,,,,,,,,,,,,,,,,,,,
매기,2256,투수,Y,1968,롯데 · SK,2002,2002,1,2002 롯데 3→SK 3,3,3.0,,,,,,,,,,,,,,,,,,,,,3,,,,,,,,,,,,,,,,,,,,,,,
박상민,2172,타자,,1978,롯데,2002,2002,1,,1,1.0,,,,,,,,,,,,,,,,,,,,,1,,,,,,,,,,,,,,,,,,,,,,,
박용택,10485,타자,,1979,LG,2002,2020,19,,5,4.2,,,,,,,,,,,,,,,,,,,,,2,2,2,3,4,4,3,4,5,5,5,5,5,5,5,5,5,5,5,,,,,
박종윤,10243,타자,,1982,롯데,2002,2016,10,,2,1.3,,,,,,,,,,,,,,,,,,,,,1,,,,,,1,1,1,1,2,2,2,1,1,,,,,,,,,
박준서,10242,타자,,1981,롯데,2002,2014,11,,1,1.0,,,,,,,,,,,,,,,,,,,,,1,1,1,1,1,1,,1,1,,1,1,1,,,,,,,,,,,
베라스,2257,투수,Y,1973,현대,2002,2002,1,,3,3.0,,,,,,,,,,,,,,,,,,,,,3,,,,,,,,,,,,,,,,,,,,,,,
베로아,2234,타자,Y,1965,롯데,2002,2002,1,,3,3.0,,,,,,,,,,,,,,,,,,,,,3,,,,,,,,,,,,,,,,,,,,,,,
변인재,2258,투수,,1979,롯데,2002,2003,2,,1,1.0,,,,,,,,,,,,,,,,,,,,,1,1,,,,,,,,,,,,,,,,,,,,,,
서성민,2102,타자,,1976,현대,2002,2002,1,,1,1.0,,,,,,,,,,,,,,,,,,,,,1,,,,,,,,,,,,,,,,,,,,,,,
서승화,10515,투수,,1979,LG,2002,2010,6,,2,1.7,,,,,,,,,,,,,,,,,,,,,1,2,2,1,,,,2,2,,,,,,,,,,,,,,,
서한규,2027,타자,,1973,현대,2002,2007,5,,1,1.0,,,,,,,,,,,,,,,,,,,,,1,,1,1,1,1,,,,,,,,,,,,,,,,,,
신용운,10055,투수,,1983,KIA · 삼성,2002,2016,10,,3,2.0,,,,,,,,,,,,,,,,,,,,,1,2,3,2,2,2,,,,2,,2,,2,2,,,,,,,,,
엘비라,2260,투수,Y,1967,삼성,2002,2003,2,,5,4.5,,,,,,,,,,,,,,,,,,,,,4,5,,,,,,,,,,,,,,,,,,,,,,
오승준,2212,투수,,1982,SK,2002,2002,1,,1,1.0,,,,,,,,,,,,,,,,,,,,,1,,,,,,,,,,,,,,,,,,,,,,,
유재웅,10191,타자,,1979,두산,2002,2010,6,,1,1.0,,,,,,,,,,,,,,,,,,,,,1,,1,,,1,1,1,1,,,,,,,,,,,,,,,
윤길현,10142,투수,,1983,SK · 롯데,2002,2019,15,,4,2.5,,,,,,,,,,,,,,,,,,,,,1,1,1,2,2,2,2,2,,,,3,3,3,4,4,4,4,,,,,,
이대호,10251,타자,,1982,롯데,2002,2022,16,,5,4.0,,,,,,,,,,,,,,,,,,,,,1,2,2,2,2,5,5,5,5,5,,,,,,5,5,5,5,5,5,,,
이대환,10446,투수,,1979,현대 · 넥센 · LG · KIA,2002,2013,8,,2,1.1,,,,,,,,,,,,,,,,,,,,,1,1,1,2,,,,,1,1,1,1,,,,,,,,,,,,
이명우,10290,투수,,1982,롯데,2002,2018,13,,2,1.7,,,,,,,,,,,,,,,,,,,,,1,1,1,2,,,,,2,2,2,2,2,2,1,2,2,,,,,,,
이우민,11398,타자,,1982,롯데,2002,2017,14,,1,1.0,,,,,,,,,,,,,,,,,,,,,1,1,,,1,1,1,1,1,1,1,1,1,1,1,1,,,,,,,,
이일의,2238,타자,,1971,LG,2002,2002,1,,1,1.0,,,,,,,,,,,,,,,,,,,,,1,,,,,,,,,,,,,,,,,,,,,,,
이재영,10529,투수,,1979,두산 · LG · SK,2002,2015,12,2008 두산 2→LG 2; 2010 LG 3→SK 3,3,2.3,,,,,,,,,,,,,,,,,,,,,2,2,3,2,,,2,2,3,2,2,3,2,3,,,,,,,,,,
이정민,10295,투수,,1979,롯데,2002,2017,13,,2,1.7,,,,,,,,,,,,,,,,,,,,,1,1,2,2,2,,,2,2,2,2,,2,1,2,1,,,,,,,,
이현곤,10022,타자,,1980,KIA · NC,2002,2013,10,,4,2.3,,,,,,,,,,,,,,,,,,,,,1,2,2,,2,2,4,3,1,2,,4,,,,,,,,,,,,
잉글린,2241,타자,Y,1975,SK,2002,2002,1,,3,3.0,,,,,,,,,,,,,,,,,,,,,3,,,,,,,,,,,,,,,,,,,,,,,
제춘모,10157,투수,,1982,SK,2002,2012,5,,2,1.8,,,,,,,,,,,,,,,,,,,,,2,2,2,2,,,,,,,1,,,,,,,,,,,,,
조승현,1996,타자,,1978,현대,2002,2002,1,,1,1.0,,,,,,,,,,,,,,,,,,,,,1,,,,,,,,,,,,,,,,,,,,,,,
조용준,10455,투수,,1979,현대 · 우리,2002,2009,5,,4,3.4,,,,,,,,,,,,,,,,,,,,,2,4,4,4,,,,3,,,,,,,,,,,,,,,,
조윤채,2244,타자,,1977,한화,2002,2003,2,,1,1.0,,,,,,,,,,,,,,,,,,,,,1,1,,,,,,,,,,,,,,,,,,,,,,
조재호,10420,타자,,1980,현대 · 우리 · 넥센,2002,2010,7,,1,1.0,,,,,,,,,,,,,,,,,,,,,1,1,1,1,,,1,1,1,,,,,,,,,,,,,,,
조현수,2245,타자,,1979,한화,2002,2004,3,,1,1.0,,,,,,,,,,,,,,,,,,,,,1,1,1,,,,,,,,,,,,,,,,,,,,,
채병용,10161,투수,,1982,SK,2002,2018,14,,4,2.9,,,,,,,,,,,,,,,,,,,,,2,2,,2,2,2,3,4,,,4,4,3,3,3,3,3,,,,,,,
채상병,10315,타자,,1979,한화 · 두산 · 삼성,2002,2011,7,,2,1.1,,,,,,,,,,,,,,,,,,,,,1,1,,,,1,2,1,1,1,,,,,,,,,,,,,,
케펜,2265,투수,Y,1974,LG,2002,2002,1,,4,4.0,,,,,,,,,,,,,,,,,,,,,4,,,,,,,,,,,,,,,,,,,,,,,
키퍼,2266,투수,Y,1968,KIA · 두산,2002,2004,3,2003 KIA 5→두산 5,5,4.3,,,,,,,,,,,,,,,,,,,,,4,5,4,,,,,,,,,,,,,,,,,,,,,
토레스,2267,투수,Y,1977,현대,2002,2002,1,,4,4.0,,,,,,,,,,,,,,,,,,,,,4,,,,,,,,,,,,,,,,,,,,,,,
패트릭,2268,투수,Y,1970,삼성,2002,2002,1,,4,4.0,,,,,,,,,,,,,,,,,,,,,4,,,,,,,,,,,,,,,,,,,,,,,
페르난데스,2246,타자,Y,1974,SK,2002,2002,1,,4,4.0,,,,,,,,,,,,,,,,,,,,,4,,,,,,,,,,,,,,,,,,,,,,,
펨버튼,2247,타자,Y,1969,KIA,2002,2002,1,,4,4.0,,,,,,,,,,,,,,,,,,,,,4,,,,,,,,,,,,,,,,,,,,,,,
폴,2248,타자,Y,1969,현대,2002,2002,1,,4,4.0,,,,,,,,,,,,,,,,,,,,,4,,,,,,,,,,,,,,,,,,,,,,,
프랭클린,2249,타자,Y,1972,현대,2002,2003,2,,4,3.5,,,,,,,,,,,,,,,,,,,,,3,4,,,,,,,,,,,,,,,,,,,,,,
피코타,2269,투수,Y,1966,한화,2002,2003,2,,4,3.5,,,,,,,,,,,,,,,,,,,,,3,4,,,,,,,,,,,,,,,,,,,,,,
해처,2250,타자,Y,1969,롯데,2002,2002,1,,3,3.0,,,,,,,,,,,,,,,,,,,,,3,,,,,,,,,,,,,,,,,,,,,,,
허일상,10086,타자,,1979,롯데,2002,2004,3,,1,1.0,,,,,,,,,,,,,,,,,,,,,1,1,1,,,,,,,,,,,,,,,,,,,,,
고상천,2190,투수,,1978,한화,2003,2003,1,,1,1.0,,,,,,,,,,,,,,,,,,,,,,1,,,,,,,,,,,,,,,,,,,,,,
고우석,10042,투수,,1984,KIA,2003,2012,6,,2,1.2,,,,,,,,,,,,,,,,,,,,,,1,2,,,1,1,1,,,1,,,,,,,,,,,,,
고지행,2270,타자,,1978,삼성 · 한화,2003,2005,2,,2,1.5,,,,,,,,,,,,,,,,,,,,,,1,,2,,,,,,,,,,,,,,,,,,,,
권오준,10350,투수,,1980,삼성,2003,2020,15,,3,2.3,,,,,,,,,,,,,,,,,,,,,,1,2,3,2,3,3,,3,2,3,,,2,2,2,2,2,2,,,,,
권혁,10351,투수,,1983,삼성 · 한화 · 두산,2003,2020,17,,4,2.7,,,,,,,,,,,,,,,,,,,,,,1,2,,3,3,2,3,2,3,3,3,2,4,4,4,4,2,1,,,,,
김광수,10502,투수,,1981,LG · 한화 · KIA,2003,2017,11,2011 LG 2→한화 2,2,1.7,,,,,,,,,,,,,,,,,,,,,,2,1,,,,1,2,2,2,2,2,,1,2,2,,,,,,,,
김광우,2291,투수,,1979,LG,2003,2005,2,,1,1.0,,,,,,,,,,,,,,,,,,,,,,1,,1,,,,,,,,,,,,,,,,,,,,
김성태,10428,투수,,1982,현대 · 넥센,2003,2011,5,,2,1.2,,,,,,,,,,,,,,,,,,,,,,1,1,,,1,,,1,2,,,,,,,,,,,,,,
김승회,10202,투수,,1981,두산 · 롯데 · SK,2003,2019,14,,2,1.9,,,,,,,,,,,,,,,,,,,,,,1,,1,2,2,,,2,2,2,2,2,2,2,2,2,2,,,,,,
김용우,10091,타자,,1979,LG,2003,2008,3,,1,1.0,,,,,,,,,,,,,,,,,,,,,,1,,,,1,1,,,,,,,,,,,,,,,,,
김장준,2292,투수,,1982,SK · LG,2003,2005,2,,1,1.0,,,,,,,,,,,,,,,,,,,,,,1,,1,,,,,,,,,,,,,,,,,,,,
김주용,2293,투수,,1980,롯데,2003,2003,1,,1,1.0,,,,,,,,,,,,,,,,,,,,,,1,,,,,,,,,,,,,,,,,,,,,,
김주호,2274,타자,,1984,KIA,2003,2003,1,,1,1.0,,,,,,,,,,,,,,,,,,,,,,1,,,,,,,,,,,,,,,,,,,,,,
김진유,2294,투수,,1979,LG,2003,2003,1,,1,1.0,,,,,,,,,,,,,,,,,,,,,,1,,,,,,,,,,,,,,,,,,,,,,
나주환,10092,타자,,1984,두산 · SK · KIA,2003,2021,16,2007 두산 1→SK 1,4,2.1,,,,,,,,,,,,,,,,,,,,,,1,1,1,1,1,2,2,3,,,,3,4,4,2,2,2,2,2,,,,
노경은,10203,투수,,1984,두산 · 롯데 · SSG,2003,2025,20,2016 두산 2→롯데 2,4,2.0,,,,,,,,,,,,,,,,,,,,,,1,1,,,3,3,3,1,1,2,3,3,1,2,1,2,,2,2,2,2,2,4
디아즈,2275,타자,Y,1971,SK · 한화,2003,2004,2,,4,4.0,,,,,,,,,,,,,,,,,,,,,,4,4,,,,,,,,,,,,,,,,,,,,,
라이언,2295,투수,Y,1974,삼성,2003,2003,1,,3,3.0,,,,,,,,,,,,,,,,,,,,,,3,,,,,,,,,,,,,,,,,,,,,,
메히아,2277,타자,Y,1972,한화,2003,2003,1,,3,3.0,,,,,,,,,,,,,,,,,,,,,,3,,,,,,,,,,,,,,,,,,,,,,
문규현,10240,타자,,1983,롯데,2003,2019,11,,3,1.5,,,,,,,,,,,,,,,,,,,,,,1,,,,,,,1,2,1,1,1,1,2,1,3,3,,,,,,
문용민,10594,투수,,1980,한화,2003,2004,2,,1,1.0,,,,,,,,,,,,,,,,,,,,,,1,1,,,,,,,,,,,,,,,,,,,,,
바워스,2296,투수,Y,1971,현대,2003,2003,1,,4,4.0,,,,,,,,,,,,,,,,,,,,,,4,,,,,,,,,,,,,,,,,,,,,,
박경수,10469,타자,,1984,LG · KT,2003,2023,19,,4,3.0,,,,,,,,,,,,,,,,,,,,,,4,3,3,3,3,2,2,2,2,,,2,4,4,3,3,4,4,4,3,2,,
박만채,2297,투수,,1978,LG,2003,2005,3,,1,1.0,,,,,,,,,,,,,,,,,,,,,,1,1,1,,,,,,,,,,,,,,,,,,,,
브룸바,10411,타자,Y,1974,현대 · 우리,2003,2009,5,,5,4.4,,,,,,,,,,,,,,,,,,,,,,4,4,,,5,5,4,,,,,,,,,,,,,,,,
서동욱,10486,타자,,1984,KIA · LG · 넥센,2003,2018,12,,2,1.2,,,,,,,,,,,,,,,,,,,,,,1,1,,,,1,,1,2,1,1,1,1,2,2,1,,,,,,,
손시헌,10177,타자,,1980,두산 · NC,2003,2019,15,,5,3.7,,,,,,,,,,,,,,,,,,,,,,1,2,2,4,,,2,5,5,4,3,5,5,5,4,4,4,,,,,,
송은범,10137,투수,,1984,SK · KIA · 한화 · LG · 삼성,2003,2025,21,2019 한화 2→LG 2,5,3.0,,,,,,,,,,,,,,,,,,,,,,2,1,,3,3,2,2,2,4,3,5,3,5,5,4,4,2,3,4,2,,2,2
스미스,2298,투수,Y,1972,SK,2003,2003,1,,4,4.0,,,,,,,,,,,,,,,,,,,,,,4,,,,,,,,,,,,,,,,,,,,,,
신동민,2299,투수,,1980,현대,2003,2003,1,,1,1.0,,,,,,,,,,,,,,,,,,,,,,1,,,,,,,,,,,,,,,,,,,,,,
신종길,10031,타자,,1983,롯데 · 한화 · KIA,2003,2017,10,,2,1.2,,,,,,,,,,,,,,,,,,,,,,1,1,,,,,,1,1,1,2,2,1,1,1,,,,,,,,
안영명,10600,투수,,1984,한화 · KIA · KT,2003,2021,15,2010 한화 2→KIA 2,4,2.5,,,,,,,,,,,,,,,,,,,,,,1,2,3,3,3,2,2,2,,,,2,3,,2,4,4,3,2,,,,
안지만,10364,투수,,1983,삼성,2003,2016,14,,4,2.7,,,,,,,,,,,,,,,,,,,,,,1,1,2,2,2,2,2,2,4,4,4,4,4,4,,,,,,,,,
안치용,10488,타자,,1979,LG · SK,2003,2013,9,,2,1.4,,,,,,,,,,,,,,,,,,,,,,1,1,,1,,2,1,2,1,2,2,,,,,,,,,,,,
알칸트라,2282,타자,Y,1971,LG · 두산,2003,2004,2,,4,4.0,,,,,,,,,,,,,,,,,,,,,,4,4,,,,,,,,,,,,,,,,,,,,,
양성제,10288,투수,,1980,롯데,2003,2004,2,,2,1.5,,,,,,,,,,,,,,,,,,,,,,2,1,,,,,,,,,,,,,,,,,,,,,
에스트라다,2300,투수,Y,1975,한화,2003,2003,1,,3,3.0,,,,,,,,,,,,,,,,,,,,,,3,,,,,,,,,,,,,,,,,,,,,,
유혜정,2261,투수,,1982,한화,2003,2003,1,,1,1.0,,,,,,,,,,,,,,,,,,,,,,1,,,,,,,,,,,,,,,,,,,,,,
윤규진,10606,투수,,1984,한화,2003,2018,13,,2,1.9,,,,,,,,,,,,,,,,,,,,,,1,2,2,,2,2,2,2,2,,,2,2,2,2,2,,,,,,,
이대형,10490,타자,,1983,LG · KIA · KT,2003,2017,14,,5,2.5,,,,,,,,,,,,,,,,,,,,,,1,,1,1,2,3,2,2,2,2,2,5,4,4,4,,,,,,,,
이동학,10447,투수,,1981,현대 · 우리 · 넥센,2003,2010,8,,2,1.4,,,,,,,,,,,,,,,,,,,,,,2,1,2,2,1,1,1,1,,,,,,,,,,,,,,,
이리키,2302,투수,Y,1967,두산,2003,2003,1,,4,4.0,,,,,,,,,,,,,,,,,,,,,,4,,,,,,,,,,,,,,,,,,,,,,
이승준,2284,타자,,1976,두산,2003,2005,3,,1,1.0,,,,,,,,,,,,,,,,,,,,,,1,1,1,,,,,,,,,,,,,,,,,,,,
이시온,2285,타자,,1975,롯데,2003,2003,1,,2,2.0,,,,,,,,,,,,,,,,,,,,,,2,,,,,,,,,,,,,,,,,,,,,,
이택근,10493,타자,,1980,현대 · 우리 · LG · 넥센 · 키움,2003,2020,17,,5,3.9,,,,,,,,,,,,,,,,,,,,,,1,2,3,3,4,4,4,5,4,5,5,5,5,5,4,4,,3,,,,,
조진호,10379,투수,,1975,SK · 삼성,2003,2009,3,,2,1.3,,,,,,,,,,,,,,,,,,,,,,2,,,,,1,1,,,,,,,,,,,,,,,,
조태수,10074,투수,,1983,KIA,2003,2011,5,,1,1.0,,,,,,,,,,,,,,,,,,,,,,1,,1,1,,,,1,1,,,,,,,,,,,,,,
존슨,10159,투수,Y,1975,KIA,2003,2005,2,,4,3.5,,,,,,,,,,,,,,,,,,,,,,3,,4,,,,,,,,,,,,,,,,,,,,
쿨바,2289,타자,Y,1972,두산,2003,2003,1,,3,3.0,,,,,,,,,,,,,,,,,,,,,,3,,,,,,,,,,,,,,,,,,,,,,
페레즈,2290,타자,Y,1969,롯데,2003,2007,3,,4,3.7,,,,,,,,,,,,,,,,,,,,,,3,4,,,4,,,,,,,,,,,,,,,,,,
한상훈,10663,타자,,1980,한화,2003,2015,11,,3,1.8,,,,,,,,,,,,,,,,,,,,,,1,1,1,1,2,2,,,2,2,2,3,3,,,,,,,,,,
현재윤,10317,타자,,1979,삼성 · LG,2003,2013,7,,1,1.0,,,,,,,,,,,,,,,,,,,,,,1,1,,,,1,1,1,1,,1,,,,,,,,,,,,
고동진,10666,타자,,1980,한화,2004,2015,10,,2,1.7,,,,,,,,,,,,,,,,,,,,,,,1,2,2,2,2,,,2,2,2,1,1,,,,,,,,,,
고효준,10124,투수,,1983,SK · KIA · 롯데 · SSG · 두산,2004,2025,17,2016 SK 2→KIA 2,3,1.8,,,,,,,,,,,,,,,,,,,,,,,1,3,3,,,2,2,2,,,2,2,2,1,1,2,2,,1,2,1,1
김경진,2063,타자,,1976,KIA,2004,2007,3,,1,1.0,,,,,,,,,,,,,,,,,,,,,,,1,1,,1,,,,,,,,,,,,,,,,,,
김덕윤,2192,투수,,1982,삼성 · 두산,2004,2007,4,2006 삼성 2→두산 2,2,1.5,,,,,,,,,,,,,,,,,,,,,,,1,1,2,2,,,,,,,,,,,,,,,,,,
김성배,10201,투수,,1981,두산 · 롯데,2004,2017,12,2016 롯데 2→두산 2,2,1.8,,,,,,,,,,,,,,,,,,,,,,,1,2,2,,,2,2,2,2,2,2,1,2,2,,,,,,,,
김주형,10650,타자,,1985,KIA,2004,2017,12,,2,1.1,,,,,,,,,,,,,,,,,,,,,,,1,1,1,1,1,,,1,1,1,1,1,2,1,,,,,,,,
김창훈,10671,투수,,1985,한화 · 두산,2004,2012,4,,1,1.0,,,,,,,,,,,,,,,,,,,,,,,1,,,,,,1,1,1,,,,,,,,,,,,,
김태완,10467,타자,,1981,LG · 삼성,2004,2016,10,,1,1.0,,,,,,,,,,,,,,,,,,,,,,,1,1,,,1,1,1,1,1,1,1,,1,,,,,,,,,
김형철,10010,타자,,1980,SK · KIA,2004,2008,3,,1,1.0,,,,,,,,,,,,,,,,,,,,,,,1,,1,,1,,,,,,,,,,,,,,,,,
라이온,2309,타자,Y,1971,롯데,2004,2005,2,,4,4.0,,,,,,,,,,,,,,,,,,,,,,,4,4,,,,,,,,,,,,,,,,,,,,
로페즈,2310,타자,Y,1974,삼성,2004,2004,1,,3,3.0,,,,,,,,,,,,,,,,,,,,,,,3,,,,,,,,,,,,,,,,,,,,,
마뇽,2326,투수,Y,1973,KIA,2004,2004,1,,4,4.0,,,,,,,,,,,,,,,,,,,,,,,4,,,,,,,,,,,,,,,,,,,,,
마틴,2311,타자,Y,1967,LG,2004,2004,1,,4,4.0,,,,,,,,,,,,,,,,,,,,,,,4,,,,,,,,,,,,,,,,,,,,,
문수호,10049,투수,,1983,KIA · NC,2004,2014,5,,2,1.2,,,,,,,,,,,,,,,,,,,,,,,1,,,2,1,,,,,1,1,,,,,,,,,,,
민경수,10509,투수,,1981,LG,2004,2006,3,,2,1.7,,,,,,,,,,,,,,,,,,,,,,,1,2,2,,,,,,,,,,,,,,,,,,,
박기남,10011,타자,,1981,LG · KIA,2004,2015,10,,1,1.0,,,,,,,,,,,,,,,,,,,,,,,1,1,1,,,1,1,1,1,1,1,1,,,,,,,,,,
박석민,10322,타자,,1985,삼성 · NC,2004,2023,18,,5,3.3,,,,,,,,,,,,,,,,,,,,,,,1,1,,,2,2,2,2,3,5,5,5,5,4,4,4,4,4,4,2,,
박정권,10096,타자,,1981,SK,2004,2019,14,,5,2.9,,,,,,,,,,,,,,,,,,,,,,,1,,,1,1,2,2,4,3,3,3,3,5,4,4,4,,,,,,
박정준,10259,타자,,1984,롯데 · 넥센 · NC,2004,2014,7,,1,1.0,,,,,,,,,,,,,,,,,,,,,,,1,1,1,,,1,,1,,1,1,,,,,,,,,,,
박진환,10245,타자,,1981,롯데,2004,2005,2,,1,1.0,,,,,,,,,,,,,,,,,,,,,,,1,1,,,,,,,,,,,,,,,,,,,,
박창근,2329,투수,,1983,SK,2004,2004,1,,1,1.0,,,,,,,,,,,,,,,,,,,,,,,1,,,,,,,,,,,,,,,,,,,,,
서정호,10260,타자,,1981,롯데,2004,2004,1,,1,1.0,,,,,,,,,,,,,,,,,,,,,,,1,,,,,,,,,,,,,,,,,,,,,
송창식,10598,투수,,1985,한화,2004,2018,11,,3,1.8,,,,,,,,,,,,,,,,,,,,,,,2,,3,,,,1,1,2,2,2,2,2,2,1,,,,,,,
송현우,10517,투수,,1981,LG,2004,2008,5,,1,1.0,,,,,,,,,,,,,,,,,,,,,,,1,1,1,1,1,,,,,,,,,,,,,,,,,
신주영,10599,투수,,1984,한화,2004,2011,4,,2,1.2,,,,,,,,,,,,,,,,,,,,,,,1,1,2,,,,,1,,,,,,,,,,,,,,
심수창,10518,투수,,1981,LG · 넥센 · 롯데 · 한화,2004,2019,14,2011 LG 2→넥센 2,3,1.9,,,,,,,,,,,,,,,,,,,,,,,1,1,2,2,2,2,2,2,2,,2,2,3,2,,2,,,,,,
엔젤,2314,타자,Y,1975,한화,2004,2004,1,,3,3.0,,,,,,,,,,,,,,,,,,,,,,,3,,,,,,,,,,,,,,,,,,,,,
오리어리,2315,타자,Y,1969,삼성,2004,2004,1,,3,3.0,,,,,,,,,,,,,,,,,,,,,,,3,,,,,,,,,,,,,,,,,,,,,
오주원,10445,투수,,1985,현대 · 우리 · 넥센 · 키움,2004,2021,16,,4,2.2,,,,,,,,,,,,,,,,,,,,,,,2,4,1,,,2,2,2,2,2,2,2,2,2,2,2,3,3,,,,
오태근,10489,타자,,1978,LG,2004,2007,3,,1,1.0,,,,,,,,,,,,,,,,,,,,,,,1,,1,1,,,,,,,,,,,,,,,,,,
우규민,10523,투수,,1985,LG · 삼성 · KT,2004,2025,20,,5,3.1,,,,,,,,,,,,,,,,,,,,,,,1,3,3,3,3,2,,,2,3,3,3,4,5,5,5,5,4,4,2,1,2
윤경영,10605,투수,,1980,한화,2004,2004,1,,1,1.0,,,,,,,,,,,,,,,,,,,,,,,1,,,,,,,,,,,,,,,,,,,,,
윤성환,10368,투수,,1981,삼성,2004,2020,15,,5,3.9,,,,,,,,,,,,,,,,,,,,,,,2,,,3,3,3,4,3,4,4,5,5,5,5,5,4,4,,,,,
윤희상,10145,투수,,1985,SK,2004,2018,11,,3,1.9,,,,,,,,,,,,,,,,,,,,,,,1,3,,,,,1,1,2,3,2,2,2,2,2,,,,,,,
이대수,10558,타자,,1981,SK · 두산 · 한화,2004,2017,12,,4,2.2,,,,,,,,,,,,,,,,,,,,,,,1,1,2,2,2,2,2,2,3,3,,4,,3,,,,,,,,
이동현,10063,투수,,1979,KIA · 한화,2004,2010,6,2010 KIA 1→한화 1,1,1.0,,,,,,,,,,,,,,,,,,,,,,,1,1,1,1,1,,1,,,,,,,,,,,,,,,
이상화,10064,투수,,1980,KIA,2004,2011,6,,2,1.7,,,,,,,,,,,,,,,,,,,,,,,1,1,2,2,,,2,2,,,,,,,,,,,,,,
이용규,10035,타자,,1985,LG · KIA · 한화 · 키움,2004,2025,21,,5,3.5,,,,,,,,,,,,,,,,,,,,,,,1,2,2,4,3,4,3,4,5,5,5,5,5,5,3,,4,5,3,2,2,2
이인구,10263,타자,,1980,롯데,2004,2011,5,,1,1.0,,,,,,,,,,,,,,,,,,,,,,,1,,,1,1,1,,1,,,,,,,,,,,,,,
이정식,10311,타자,,1981,삼성,2004,2012,6,,1,1.0,,,,,,,,,,,,,,,,,,,,,,,1,1,1,1,,,1,,1,,,,,,,,,,,,,
이창훈,2316,타자,,1981,한화,2004,2004,1,,1,1.0,,,,,,,,,,,,,,,,,,,,,,,1,,,,,,,,,,,,,,,,,,,,,
장원준,10299,투수,,1985,롯데 · 두산,2004,2023,17,,5,3.4,,,,,,,,,,,,,,,,,,,,,,,4,3,3,3,3,2,3,4,,,4,5,5,5,5,,2,2,2,2,,
장진용,10750,투수,,1986,LG,2004,2016,7,,1,1.0,,,,,,,,,,,,,,,,,,,,,,,1,1,1,,1,,,,,,1,1,1,,,,,,,,,
전병두,10152,투수,,1984,두산 · KIA · SK,2004,2011,8,2005 두산 2→KIA 2; 2008 KIA 2→SK 2,3,2.4,,,,,,,,,,,,,,,,,,,,,,,2,2,3,2,2,2,3,3,,,,,,,,,,,,,,
정병희,10155,투수,,1983,한화 · SK,2004,2006,3,,2,1.3,,,,,,,,,,,,,,,,,,,,,,,1,2,1,,,,,,,,,,,,,,,,,,,
정수성,10419,타자,,1978,현대 · 우리 · 넥센,2004,2012,7,,2,1.3,,,,,,,,,,,,,,,,,,,,,,,1,2,2,1,1,1,,,1,,,,,,,,,,,,,
정원석,10562,타자,,1977,두산 · 한화,2004,2011,6,,2,1.2,,,,,,,,,,,,,,,,,,,,,,,1,,1,1,1,,2,1,,,,,,,,,,,,,,
정재복,10532,투수,,1981,LG,2004,2012,8,,3,2.1,,,,,,,,,,,,,,,,,,,,,,,2,2,2,2,2,3,2,,2,,,,,,,,,,,,,
정재원,10614,투수,,1984,한화,2004,2017,8,,1,1.0,,,,,,,,,,,,,,,,,,,,,,,1,,,,,1,1,1,1,1,,,1,1,,,,,,,,
정재훈,10225,투수,,1980,두산 · 롯데,2004,2016,12,,5,3.3,,,,,,,,,,,,,,,,,,,,,,,2,2,4,4,3,3,3,4,,5,4,4,2,,,,,,,,,
조동찬,10329,타자,,1983,삼성,2004,2018,14,,4,2.6,,,,,,,,,,,,,,,,,,,,,,,2,2,2,3,2,2,2,3,2,2,2,,4,4,4,,,,,,,
조영민,10675,투수,,1981,한화 · SK,2004,2008,4,2005 한화 2→SK 2,2,1.5,,,,,,,,,,,,,,,,,,,,,,,1,2,2,,1,,,,,,,,,,,,,,,,,
조중근,10406,타자,,1982,SK · 현대 · 우리 · 넥센 · KT,2004,2015,9,,1,1.0,,,,,,,,,,,,,,,,,,,,,,,1,1,1,1,1,,1,1,1,,,1,,,,,,,,,,
최경철,10085,타자,,1980,SK · 넥센 · LG · 삼성,2004,2017,10,,2,1.1,,,,,,,,,,,,,,,,,,,,,,,1,1,1,,,,,1,1,1,2,1,1,1,,,,,,,,
최길성,10105,타자,,1978,LG · 롯데,2004,2007,3,2007 LG 1→롯데 1,1,1.0,,,,,,,,,,,,,,,,,,,,,,,1,,1,1,,,,,,,,,,,,,,,,,,
최대성,10302,투수,,1985,롯데 · 두산,2004,2018,8,,2,1.2,,,,,,,,,,,,,,,,,,,,,,,1,1,1,1,,,,,2,2,1,,,,1,,,,,,,
최진행,10578,타자,,1985,한화,2004,2020,13,,3,2.2,,,,,,,,,,,,,,,,,,,,,,,1,,,,,3,3,2,2,2,2,2,2,2,2,3,3,,,,,
카브레라,2334,투수,Y,1972,SK · 롯데,2004,2007,4,,4,4.0,,,,,,,,,,,,,,,,,,,,,,,4,4,4,4,,,,,,,,,,,,,,,,,,
쿠퍼,2335,투수,Y,1974,LG,2004,2004,1,,3,3.0,,,,,,,,,,,,,,,,,,,,,,,3,,,,,,,,,,,,,,,,,,,,,
피어리,2336,투수,Y,1969,현대,2004,2004,1,,4,4.0,,,,,,,,,,,,,,,,,,,,,,,4,,,,,,,,,,,,,,,,,,,,,
호지스,2337,투수,Y,1973,삼성,2004,2004,1,,4,4.0,,,,,,,,,,,,,,,,,,,,,,,4,,,,,,,,,,,,,,,,,,,,,
후타도,2338,투수,Y,1970,LG,2004,2004,1,,3,3.0,,,,,,,,,,,,,,,,,,,,,,,3,,,,,,,,,,,,,,,,,,,,,
강명구,10319,타자,,1980,삼성,2005,2013,5,,1,1.0,,,,,,,,,,,,,,,,,,,,,,,,1,,1,,,1,1,,1,,,,,,,,,,,,
강민호,10232,타자,,1985,롯데 · 삼성,2005,2025,21,,5,3.9,,,,,,,,,,,,,,,,,,,,,,,,1,2,3,2,4,3,4,5,5,5,5,5,5,5,4,4,4,4,4,4,4
그레이싱어,2354,투수,Y,1975,KIA,2005,2006,2,,4,4.0,,,,,,,,,,,,,,,,,,,,,,,,4,4,,,,,,,,,,,,,,,,,,,
금민철,10425,투수,,1986,두산 · 넥센 · KT,2005,2019,13,,2,1.8,,,,,,,,,,,,,,,,,,,,,,,,1,1,2,2,2,2,2,,,2,2,2,2,2,2,,,,,,
김강민,10108,타자,,1982,SK · SSG · 한화,2005,2024,20,,5,3.7,,,,,,,,,,,,,,,,,,,,,,,,3,3,3,3,3,2,5,4,3,3,5,5,5,5,4,5,5,3,3,2,
김명제,10197,투수,,1987,두산,2005,2009,5,,4,3.6,,,,,,,,,,,,,,,,,,,,,,,,4,4,4,3,3,,,,,,,,,,,,,,,,
김수화,10273,투수,,1986,롯데,2005,2006,2,,1,1.0,,,,,,,,,,,,,,,,,,,,,,,,1,1,,,,,,,,,,,,,,,,,,,
김영복,2306,타자,,1985,삼성,2005,2005,1,,1,1.0,,,,,,,,,,,,,,,,,,,,,,,,1,,,,,,,,,,,,,,,,,,,,
김재호,10174,타자,,1985,두산,2005,2024,18,,5,3.7,,,,,,,,,,,,,,,,,,,,,,,,4,,,4,4,3,3,1,1,2,2,4,5,5,5,5,5,5,5,3,
노환수,10433,투수,,1984,현대 · 우리,2005,2008,4,,2,2.0,,,,,,,,,,,,,,,,,,,,,,,,2,2,2,2,,,,,,,,,,,,,,,,,
랜들,2355,투수,Y,1977,두산,2005,2008,4,,5,4.8,,,,,,,,,,,,,,,,,,,,,,,,4,5,5,5,,,,,,,,,,,,,,,,,
마테오,2342,타자,Y,1978,LG,2005,2005,1,,3,3.0,,,,,,,,,,,,,,,,,,,,,,,,3,,,,,,,,,,,,,,,,,,,,
바르가스,2356,투수,Y,1977,삼성,2005,2005,1,,4,4.0,,,,,,,,,,,,,,,,,,,,,,,,4,,,,,,,,,,,,,,,,,,,,
박근홍,11112,투수,,1985,KIA · 삼성 · 롯데,2005,2019,11,,2,1.5,,,,,,,,,,,,,,,,,,,,,,,,2,1,,2,,,,1,1,1,2,2,1,2,2,,,,,,
박병호,10470,타자,,1986,LG · 넥센 · 키움 · KT · 삼성,2005,2025,17,2024 KT 4→삼성 3,5,3.4,,,,,,,,,,,,,,,,,,,,,,,,4,1,,,1,1,1,3,5,5,5,,,5,5,4,4,4,4,4,2
박성훈,10438,투수,,1982,삼성 · 넥센,2005,2014,7,,2,1.3,,,,,,,,,,,,,,,,,,,,,,,,1,,,,1,1,1,2,2,1,,,,,,,,,,,
박재상,10112,타자,,1982,SK,2005,2016,12,,3,1.9,,,,,,,,,,,,,,,,,,,,,,,,1,1,2,2,2,2,2,2,2,2,2,3,,,,,,,,,
박정배,10206,투수,,1982,두산 · SK,2005,2019,11,,2,1.2,,,,,,,,,,,,,,,,,,,,,,,,1,,,,1,1,,2,1,1,1,1,2,1,1,,,,,,
백승룡,10664,타자,,1982,한화,2005,2012,4,,1,1.0,,,,,,,,,,,,,,,,,,,,,,,,1,1,,,,,1,1,,,,,,,,,,,,,
블랭크,2357,투수,Y,1976,KIA,2005,2005,1,,4,4.0,,,,,,,,,,,,,,,,,,,,,,,,4,,,,,,,,,,,,,,,,,,,,
산체스,2358,투수,Y,1974,SK,2005,2005,1,,4,4.0,,,,,,,,,,,,,,,,,,,,,,,,4,,,,,,,,,,,,,,,,,,,,
서동환,10207,투수,,1986,두산,2005,2013,5,,1,1.0,,,,,,,,,,,,,,,,,,,,,,,,1,1,,,,,1,1,1,,,,,,,,,,,,
서튼,14895,타자,Y,1970,현대 · KIA,2005,2007,3,,5,5.0,,,,,,,,,,,,,,,,,,,,,,,,5,5,5,,,,,,,,,,,,,,,,,,
손상정,2361,투수,,1982,LG,2005,2005,1,,1,1.0,,,,,,,,,,,,,,,,,,,,,,,,1,,,,,,,,,,,,,,,,,,,,
손승락,10442,투수,,1982,현대 · 넥센 · 롯데,2005,2019,12,,5,3.4,,,,,,,,,,,,,,,,,,,,,,,,2,2,,,,2,3,2,4,5,5,4,4,4,4,,,,,,
송산,10796,타자,,1982,KIA,2005,2012,4,,1,1.0,,,,,,,,,,,,,,,,,,,,,,,,1,1,1,,,,,1,,,,,,,,,,,,,
스미스,2344,타자,Y,1970,한화,2005,2005,1,,3,3.0,,,,,,,,,,,,,,,,,,,,,,,,3,,,,,,,,,,,,,,,,,,,,
스미스,2362,투수,Y,1969,두산,2005,2005,1,,4,4.0,,,,,,,,,,,,,,,,,,,,,,,,4,,,,,,,,,,,,,,,,,,,,
신재웅,10921,투수,,1982,LG · SK · SSG,2005,2021,12,2015 LG 2→SK 2,2,1.2,,,,,,,,,,,,,,,,,,,,,,,,1,1,,,,,,1,1,2,2,1,1,2,1,1,1,,,,
양훈,10602,투수,,1986,한화 · 넥센,2005,2017,11,,2,1.8,,,,,,,,,,,,,,,,,,,,,,,,2,1,2,2,2,2,2,2,,,1,2,2,,,,,,,,
오승환,10367,투수,,1982,삼성,2005,2025,15,,5,4.2,,,,,,,,,,,,,,,,,,,,,,,,4,4,4,5,5,4,4,5,4,,,,,,,4,4,4,4,4,4
왈론드,10211,투수,Y,1976,LG · 두산,2005,2010,2,,4,4.0,,,,,,,,,,,,,,,,,,,,,,,,4,,,,,4,,,,,,,,,,,,,,,
용덕한,10166,타자,,1981,두산 · 롯데 · KT · NC,2005,2016,10,2015 KT 1→NC 1,1,1.0,,,,,,,,,,,,,,,,,,,,,,,,1,1,,,1,1,1,1,1,1,1,1,,,,,,,,,
윤근영,10607,투수,,1986,한화 · KT,2005,2018,10,,2,1.4,,,,,,,,,,,,,,,,,,,,,,,,2,,1,,,2,1,1,2,1,2,,1,1,,,,,,,
윤석민,10061,투수,,1986,KIA,2005,2018,12,,5,3.9,,,,,,,,,,,,,,,,,,,,,,,,2,2,3,2,5,4,4,5,5,,5,5,,5,,,,,,,
윤승균,2345,타자,,1983,두산,2005,2005,1,,1,1.0,,,,,,,,,,,,,,,,,,,,,,,,1,,,,,,,,,,,,,,,,,,,,
이경민,2332,투수,,1985,두산,2005,2005,1,,1,1.0,,,,,,,,,,,,,,,,,,,,,,,,1,,,,,,,,,,,,,,,,,,,,
이범석,10067,투수,,1985,KIA,2005,2009,4,,2,1.5,,,,,,,,,,,,,,,,,,,,,,,,1,,1,2,2,,,,,,,,,,,,,,,,
이보근,10448,투수,,1986,현대 · 우리 · 넥센 · 키움 · KT,2005,2021,15,,3,1.9,,,,,,,,,,,,,,,,,,,,,,,,1,1,1,1,2,2,2,2,2,,,2,2,2,2,3,3,,,,
이상현,2346,투수,,1981,현대,2005,2005,1,,1,1.0,,,,,,,,,,,,,,,,,,,,,,,,1,,,,,,,,,,,,,,,,,,,,
이석만,10215,투수,,1980,롯데,2005,2005,1,,1,1.0,,,,,,,,,,,,,,,,,,,,,,,,1,,,,,,,,,,,,,,,,,,,,
이성열,10168,타자,,1984,LG · 두산 · 넥센 · 한화,2005,2021,17,2008 LG 1→두산 1; 2012 두산 2→넥센 2,4,2.1,,,,,,,,,,,,,,,,,,,,,,,,1,2,1,1,1,2,2,2,2,2,3,3,2,2,2,4,4,,,,
이영욱,10634,투수,,1980,SK,2005,2012,6,,2,2.0,,,,,,,,,,,,,,,,,,,,,,,,2,2,2,2,,,2,2,,,,,,,,,,,,,
이원석,10180,타자,,1986,롯데 · 두산 · 삼성 · 키움,2005,2024,18,2023 삼성 4→키움 4,4,3.1,,,,,,,,,,,,,,,,,,,,,,,,3,3,3,3,3,2,2,2,2,2,,,4,4,4,4,4,4,4,3,
이원희,2333,투수,,1985,두산,2005,2006,2,,1,1.0,,,,,,,,,,,,,,,,,,,,,,,,1,1,,,,,,,,,,,,,,,,,,,
이재율,10740,투수,,1986,롯데,2005,2007,3,,2,2.0,,,,,,,,,,,,,,,,,,,,,,,,2,2,2,,,,,,,,,,,,,,,,,,
임동규,10372,투수,,1979,삼성,2005,2007,3,,2,1.7,,,,,,,,,,,,,,,,,,,,,,,,1,2,2,,,,,,,,,,,,,,,,,,
임성민,2347,타자,,1982,KIA,2005,2005,1,,1,1.0,,,,,,,,,,,,,,,,,,,,,,,,1,,,,,,,,,,,,,,,,,,,,
전현태,10561,타자,,1986,한화,2005,2013,4,,1,1.0,,,,,,,,,,,,,,,,,,,,,,,,1,,,,,1,1,,1,,,,,,,,,,,,
정근우,10103,타자,,1982,SK · 한화 · LG,2005,2020,16,,5,4.2,,,,,,,,,,,,,,,,,,,,,,,,3,3,4,3,4,5,5,5,4,5,5,5,5,4,4,4,,,,,
정우람,10156,투수,,1985,SK · 한화,2005,2023,17,,5,3.7,,,,,,,,,,,,,,,,,,,,,,,,2,2,2,2,3,3,4,4,,,3,5,5,5,5,5,5,4,4,,
정의윤,10655,타자,,1986,LG · SK · SSG,2005,2021,15,2015 LG 1→SK 1,4,2.7,,,,,,,,,,,,,,,,,,,,,,,,4,4,4,3,,,3,2,2,1,1,2,2,3,3,3,4,,,,
조동화,10121,타자,,1981,SK,2005,2016,12,,4,2.3,,,,,,,,,,,,,,,,,,,,,,,,2,2,2,2,2,2,2,2,2,2,4,4,,,,,,,,,
조성민,2365,투수,,1973,한화,2005,2007,3,,1,1.0,,,,,,,,,,,,,,,,,,,,,,,,1,1,1,,,,,,,,,,,,,,,,,,
조정훈,10300,투수,,1985,롯데,2005,2017,7,,3,1.7,,,,,,,,,,,,,,,,,,,,,,,,1,1,1,2,2,3,,,,,,,2,,,,,,,,
조현근,10380,투수,,1985,두산 · 삼성,2005,2016,8,,2,1.9,,,,,,,,,,,,,,,,,,,,,,,,1,,2,2,2,,,,2,2,2,2,,,,,,,,,
조형식,2263,투수,,1982,SK,2005,2006,2,,1,1.0,,,,,,,,,,,,,,,,,,,,,,,,1,1,,,,,,,,,,,,,,,,,,,
지석훈,10683,타자,,1984,현대 · 넥센 · NC,2005,2021,14,,2,1.5,,,,,,,,,,,,,,,,,,,,,,,,1,1,1,,,,1,1,2,1,2,2,1,2,2,2,2,,,,
차바치,2366,투수,Y,1977,SK,2005,2005,1,,3,3.0,,,,,,,,,,,,,,,,,,,,,,,,3,,,,,,,,,,,,,,,,,,,,
차정민,10076,투수,,1982,KIA,2005,2011,4,,1,1.0,,,,,,,,,,,,,,,,,,,,,,,,1,1,1,,,,1,,,,,,,,,,,,,,
최정,10106,타자,,1987,SK · SSG,2005,2025,21,,5,4.5,,,,,,,,,,,,,,,,,,,,,,,,4,4,2,2,4,3,5,5,5,5,5,5,5,5,5,5,5,5,5,5,5
최준석,10183,타자,,1983,롯데 · 두산 · NC,2005,2018,14,2006 롯데 1→두산 1,5,2.9,,,,,,,,,,,,,,,,,,,,,,,,1,1,2,2,2,2,4,3,2,5,5,5,4,2,,,,,,,
캘러웨이,2368,투수,Y,1975,현대,2005,2007,3,,5,4.3,,,,,,,,,,,,,,,,,,,,,,,,4,4,5,,,,,,,,,,,,,,,,,,
크루즈,2369,투수,Y,1972,SK,2005,2005,1,,4,4.0,,,,,,,,,,,,,,,,,,,,,,,,4,,,,,,,,,,,,,,,,,,,,
클리어,2349,타자,Y,1973,LG · 한화,2005,2006,2,,5,4.5,,,,,,,,,,,,,,,,,,,,,,,,4,5,,,,,,,,,,,,,,,,,,,
펠로우,2350,타자,Y,1973,롯데,2005,2005,1,,4,4.0,,,,,,,,,,,,,,,,,,,,,,,,4,,,,,,,,,,,,,,,,,,,,
하리칼라,2370,투수,Y,1971,삼성 · LG,2005,2007,3,,4,3.7,,,,,,,,,,,,,,,,,,,,,,,,3,4,4,,,,,,,,,,,,,,,,,,
해크먼,2371,투수,Y,1974,삼성,2005,2005,1,,4,4.0,,,,,,,,,,,,,,,,,,,,,,,,4,,,,,,,,,,,,,,,,,,,,
고영민,10171,타자,,1984,두산,2006,2015,9,,4,2.6,,,,,,,,,,,,,,,,,,,,,,,,,2,2,4,4,3,2,2,,2,2,,,,,,,,,,
김동건,10088,타자,,1982,SK,2006,2006,1,,1,1.0,,,,,,,,,,,,,,,,,,,,,,,,,1,,,,,,,,,,,,,,,,,,,
김성훈,10876,투수,,1987,SK,2006,2006,1,,1,1.0,,,,,,,,,,,,,,,,,,,,,,,,,1,,,,,,,,,,,,,,,,,,,
김재구,2228,타자,,1978,SK,2006,2006,1,,1,1.0,,,,,,,,,,,,,,,,,,,,,,,,,1,,,,,,,,,,,,,,,,,,,
김재현,10766,투수,,1979,LG · 한화,2006,2010,4,,2,1.8,,,,,,,,,,,,,,,,,,,,,,,,,2,1,2,,2,,,,,,,,,,,,,,,
김정환,2383,투수,,1984,롯데,2006,2006,1,,1,1.0,,,,,,,,,,,,,,,,,,,,,,,,,1,,,,,,,,,,,,,,,,,,,
김회권,10588,투수,,1986,LG,2006,2007,2,,1,1.0,,,,,,,,,,,,,,,,,,,,,,,,,1,1,,,,,,,,,,,,,,,,,,
김효남,10359,투수,,1983,삼성,2006,2012,3,,3,2.3,,,,,,,,,,,,,,,,,,,,,,,,,3,,,,3,,1,,,,,,,,,,,,,
나승현,10279,투수,,1987,롯데,2006,2009,4,,2,2.0,,,,,,,,,,,,,,,,,,,,,,,,,2,2,2,2,,,,,,,,,,,,,,,,
류현진,10590,투수,,1987,한화,2006,2025,9,,5,4.9,,,,,,,,,,,,,,,,,,,,,,,,,4,5,5,5,5,5,5,,,,,,,,,,,,5,5
마이로우,2373,타자,Y,1976,롯데,2006,2006,1,,3,3.0,,,,,,,,,,,,,,,,,,,,,,,,,3,,,,,,,,,,,,,,,,,,,
민병헌,10188,타자,,1987,두산 · 롯데,2006,2021,14,,5,3.5,,,,,,,,,,,,,,,,,,,,,,,,,3,3,3,3,2,,,2,3,3,3,4,5,5,5,5,,,,
베로커,2386,투수,Y,1977,LG,2006,2006,1,,3,3.0,,,,,,,,,,,,,,,,,,,,,,,,,3,,,,,,,,,,,,,,,,,,,
브라운,2387,투수,Y,1977,삼성 · LG,2006,2008,3,,5,4.7,,,,,,,,,,,,,,,,,,,,,,,,,4,5,5,,,,,,,,,,,,,,,,,
서민욱,2359,투수,,1982,한화,2006,2006,1,,1,1.0,,,,,,,,,,,,,,,,,,,,,,,,,1,,,,,,,,,,,,,,,,,,,
서브넥,2375,타자,Y,1976,KIA,2006,2006,1,,3,3.0,,,,,,,,,,,,,,,,,,,,,,,,,3,,,,,,,,,,,,,,,,,,,
세라노,2388,투수,Y,1976,SK,2006,2006,1,,4,4.0,,,,,,,,,,,,,,,,,,,,,,,,,4,,,,,,,,,,,,,,,,,,,
스캇,2377,타자,Y,1975,KIA,2006,2006,1,,3,3.0,,,,,,,,,,,,,,,,,,,,,,,,,3,,,,,,,,,,,,,,,,,,,
시오타니,2378,타자,Y,1974,SK,2006,2006,1,,3,3.0,,,,,,,,,,,,,,,,,,,,,,,,,3,,,,,,,,,,,,,,,,,,,
연경흠,10571,타자,,1983,한화,2006,2012,5,,2,1.2,,,,,,,,,,,,,,,,,,,,,,,,,1,1,1,2,,,1,,,,,,,,,,,,,
원용묵,10212,투수,,1986,두산,2006,2010,3,,1,1.0,,,,,,,,,,,,,,,,,,,,,,,,,1,1,,,1,,,,,,,,,,,,,,,
유한준,10627,타자,,1981,현대 · 넥센 · KT,2006,2021,14,,5,3.0,,,,,,,,,,,,,,,,,,,,,,,,,1,1,,,2,2,2,2,2,2,5,5,5,5,4,4,,,,
윤석민,10644,타자,,1985,두산 · 넥센 · KT · SK,2006,2020,11,2017 넥센 2→KT 2,2,1.4,,,,,,,,,,,,,,,,,,,,,,,,,1,,,,,1,1,1,1,2,2,2,2,1,1,,,,,
이승재,10744,타자,,1983,롯데,2006,2006,1,,1,1.0,,,,,,,,,,,,,,,,,,,,,,,,,1,,,,,,,,,,,,,,,,,,,
이재원,10082,타자,,1988,SK · SSG · 한화,2006,2025,19,,5,3.1,,,,,,,,,,,,,,,,,,,,,,,,,4,4,4,4,4,,1,1,2,3,2,2,2,5,5,5,5,3,2,1
이종욱,10192,타자,,1980,두산 · NC,2006,2018,13,,5,3.7,,,,,,,,,,,,,,,,,,,,,,,,,2,2,4,4,4,4,4,4,5,4,4,4,3,,,,,,,
이한진,10150,투수,,1983,SK,2006,2014,4,,1,1.0,,,,,,,,,,,,,,,,,,,,,,,,,1,1,1,,,,,,1,,,,,,,,,,,
이현승,10221,투수,,1983,현대 · 우리 · 두산,2006,2022,15,,4,3.3,,,,,,,,,,,,,,,,,,,,,,,,,4,4,4,4,4,3,,,3,2,4,4,4,4,3,1,2,,,
장원삼,10375,투수,,1983,현대 · 우리 · 삼성 · LG · 롯데,2006,2020,15,,5,3.7,,,,,,,,,,,,,,,,,,,,,,,,,4,4,4,4,4,4,3,5,5,5,4,4,2,2,2,,,,,
장찬,2364,투수,,1985,SK,2006,2006,1,,1,1.0,,,,,,,,,,,,,,,,,,,,,,,,,1,,,,,,,,,,,,,,,,,,,
정보명,10252,타자,,1980,롯데,2006,2012,6,,2,1.7,,,,,,,,,,,,,,,,,,,,,,,,,1,2,2,1,2,,2,,,,,,,,,,,,,
정홍준,10378,투수,,1983,삼성,2006,2006,1,,1,1.0,,,,,,,,,,,,,,,,,,,,,,,,,1,,,,,,,,,,,,,,,,,,,
조영훈,10330,타자,,1982,삼성 · KIA · NC,2006,2017,10,2012 삼성 1→KIA 1,2,1.2,,,,,,,,,,,,,,,,,,,,,,,,,1,1,,,1,1,1,2,1,1,1,2,,,,,,,,
존갈,2380,타자,Y,1978,롯데,2006,2006,1,,3,3.0,,,,,,,,,,,,,,,,,,,,,,,,,3,,,,,,,,,,,,,,,,,,,
차우찬,10381,투수,,1987,삼성 · LG,2006,2021,16,,5,3.2,,,,,,,,,,,,,,,,,,,,,,,,,3,3,1,2,2,3,2,3,2,3,4,5,5,5,5,3,,,,
차일목,10005,타자,,1981,KIA · 한화,2006,2017,11,,3,1.6,,,,,,,,,,,,,,,,,,,,,,,,,1,1,1,1,1,2,2,2,2,,3,2,,,,,,,,
차화준,10852,타자,,1986,현대 · NC,2006,2013,3,,1,1.0,,,,,,,,,,,,,,,,,,,,,,,,,1,1,,,,,,1,,,,,,,,,,,,
채형직,10383,투수,,1986,삼성,2006,2006,1,,1,1.0,,,,,,,,,,,,,,,,,,,,,,,,,1,,,,,,,,,,,,,,,,,,,
최승환,10169,타자,,1978,LG · 두산 · 한화,2006,2012,6,,1,1.0,,,,,,,,,,,,,,,,,,,,,,,,,1,,1,1,1,1,1,,,,,,,,,,,,,
추승우,10579,타자,,1979,LG · 한화,2006,2013,7,,2,1.1,,,,,,,,,,,,,,,,,,,,,,,,,1,,2,1,1,1,1,1,,,,,,,,,,,,
카라이어,2393,투수,Y,1977,LG,2006,2006,1,,3,3.0,,,,,,,,,,,,,,,,,,,,,,,,,3,,,,,,,,,,,,,,,,,,,
텔레마코,2394,투수,Y,1974,LG,2006,2006,1,,3,3.0,,,,,,,,,,,,,,,,,,,,,,,,,3,,,,,,,,,,,,,,,,,,,
피커링,2381,타자,Y,1976,SK,2006,2006,1,,3,3.0,,,,,,,,,,,,,,,,,,,,,,,,,3,,,,,,,,,,,,,,,,,,,
한기주,10077,투수,,1987,KIA · 삼성,2006,2018,9,,4,2.9,,,,,,,,,,,,,,,,,,,,,,,,,4,4,4,4,,2,2,,,2,2,,2,,,,,,,
황동채,10267,타자,,1983,롯데,2006,2013,6,,1,1.0,,,,,,,,,,,,,,,,,,,,,,,,,1,1,,,1,1,1,1,,,,,,,,,,,,
김경선,10582,투수,,1983,한화,2007,2008,2,,1,1.0,,,,,,,,,,,,,,,,,,,,,,,,,,1,1,,,,,,,,,,,,,,,,,
김광현,10126,투수,,1988,SK · SSG,2007,2025,16,,5,4.6,,,,,,,,,,,,,,,,,,,,,,,,,,4,4,5,5,5,3,3,4,5,5,,5,5,,,5,5,5,5
김기태,10718,투수,,1987,삼성,2007,2016,6,,2,1.2,,,,,,,,,,,,,,,,,,,,,,,,,,1,1,,,,1,,1,1,2,,,,,,,,,
김기표,10503,투수,,1983,LG · KT,2007,2015,5,,4,2.8,,,,,,,,,,,,,,,,,,,,,,,,,,4,,,4,4,1,,,1,,,,,,,,,,
김문수,10354,투수,,1979,삼성,2007,2008,2,,1,1.0,,,,,,,,,,,,,,,,,,,,,,,,,,1,1,,,,,,,,,,,,,,,,,
김문호,10648,타자,,1987,롯데 · 한화,2007,2020,10,,3,1.4,,,,,,,,,,,,,,,,,,,,,,,,,,3,,,,,1,1,1,1,2,2,1,1,1,,,,,
김세현,10431,투수,,1987,현대 · 우리 · 넥센 · KIA · SK,2007,2020,13,2017 넥센 4→KIA 4,4,2.5,,,,,,,,,,,,,,,,,,,,,,,,,,3,3,3,,3,2,2,2,2,2,4,2,2,2,,,,,
김연훈,10089,타자,,1984,KIA · SK · KT,2007,2016,7,,1,1.0,,,,,,,,,,,,,,,,,,,,,,,,,,1,1,1,1,1,,,,1,1,,,,,,,,,
김진수,10164,타자,,1979,두산,2007,2009,2,,1,1.0,,,,,,,,,,,,,,,,,,,,,,,,,,1,,1,,,,,,,,,,,,,,,,
김태완,10553,타자,,1984,한화 · 넥센,2007,2018,9,,2,1.8,,,,,,,,,,,,,,,,,,,,,,,,,,1,2,2,2,,,2,1,2,,2,2,,,,,,,
김현수,10187,타자,,1988,두산 · LG,2007,2025,17,,5,4.6,,,,,,,,,,,,,,,,,,,,,,,,,,2,2,4,5,5,5,5,5,5,,,5,5,5,5,5,5,5,5
레이번,2398,투수,Y,1974,SK,2007,2008,2,,5,4.5,,,,,,,,,,,,,,,,,,,,,,,,,,4,5,,,,,,,,,,,,,,,,,
로드리게스,2413,투수,Y,1972,KIA,2007,2007,1,,4,4.0,,,,,,,,,,,,,,,,,,,,,,,,,,4,,,,,,,,,,,,,,,,,,
로마노,2396,투수,Y,1972,SK,2007,2007,1,,4,4.0,,,,,,,,,,,,,,,,,,,,,,,,,,4,,,,,,,,,,,,,,,,,,
리오스,2406,타자,Y,1972,롯데,2007,2007,1,,5,5.0,,,,,,,,,,,,,,,,,,,,,,,,,,5,,,,,,,,,,,,,,,,,,
매존,2408,투수,Y,1976,삼성,2007,2007,1,,4,4.0,,,,,,,,,,,,,,,,,,,,,,,,,,4,,,,,,,,,,,,,,,,,,
박용근,10471,타자,,1984,LG · KT,2007,2016,6,,1,1.0,,,,,,,,,,,,,,,,,,,,,,,,,,1,1,1,1,,,,,1,1,,,,,,,,,
박정규,10052,투수,,1983,KIA,2007,2007,1,,1,1.0,,,,,,,,,,,,,,,,,,,,,,,,,,1,,,,,,,,,,,,,,,,,,
발데스,2407,타자,Y,1973,LG,2007,2007,1,,4,4.0,,,,,,,,,,,,,,,,,,,,,,,,,,4,,,,,,,,,,,,,,,,,,
배장호,10281,투수,,1987,롯데,2007,2018,10,,2,1.7,,,,,,,,,,,,,,,,,,,,,,,,,,1,1,1,2,2,,,2,2,2,2,2,,,,,,,
봉중근,10514,투수,,1980,LG,2007,2016,10,,5,4.4,,,,,,,,,,,,,,,,,,,,,,,,,,5,4,5,5,5,3,3,5,5,4,,,,,,,,,
세드릭,2410,투수,Y,1978,한화,2007,2007,1,,4,4.0,,,,,,,,,,,,,,,,,,,,,,,,,,4,,,,,,,,,,,,,,,,,,
손영민,10054,투수,,1987,KIA,2007,2017,7,,3,2.3,,,,,,,,,,,,,,,,,,,,,,,,,,2,2,2,2,3,3,,,,,2,,,,,,,,
손용석,10247,타자,,1987,롯데,2007,2016,5,,3,1.8,,,,,,,,,,,,,,,,,,,,,,,,,,3,,,,3,1,,,1,1,,,,,,,,,
송광민,10555,타자,,1983,한화,2007,2020,12,,3,2.6,,,,,,,,,,,,,,,,,,,,,,,,,,3,3,3,3,,,3,2,2,2,2,2,3,3,,,,,
송승준,10285,투수,,1980,롯데,2007,2020,14,,5,4.0,,,,,,,,,,,,,,,,,,,,,,,,,,4,4,4,4,4,4,4,5,4,4,4,4,4,3,,,,,
스코비,2409,투수,Y,1979,KIA · 우리,2007,2008,2,,4,4.0,,,,,,,,,,,,,,,,,,,,,,,,,,4,4,,,,,,,,,,,,,,,,,
양현종,10058,투수,,1988,KIA,2007,2025,18,,5,4.2,,,,,,,,,,,,,,,,,,,,,,,,,,4,4,4,4,4,2,2,3,4,5,5,5,5,5,,5,5,5,5
에서튼,2414,투수,Y,1976,KIA,2007,2007,1,,3,3.0,,,,,,,,,,,,,,,,,,,,,,,,,,3,,,,,,,,,,,,,,,,,,
오윤,10413,타자,,1981,현대 · 우리 · 넥센,2007,2013,6,,1,1.0,,,,,,,,,,,,,,,,,,,,,,,,,,1,1,,1,1,1,1,,,,,,,,,,,,
오재원,10178,타자,,1985,두산,2007,2022,16,,5,2.8,,,,,,,,,,,,,,,,,,,,,,,,,,1,1,1,2,2,2,2,2,4,5,4,4,4,3,4,3,,,
오준형,10059,투수,,1984,KIA,2007,2013,4,,1,1.0,,,,,,,,,,,,,,,,,,,,,,,,,,1,1,1,,,,1,,,,,,,,,,,,
옥스프링,10521,투수,Y,1977,LG · 롯데 · KT,2007,2015,5,,5,4.4,,,,,,,,,,,,,,,,,,,,,,,,,,4,4,,,,,4,5,5,,,,,,,,,,
윌슨,2412,투수,Y,1976,삼성,2007,2007,1,,3,3.0,,,,,,,,,,,,,,,,,,,,,,,,,,3,,,,,,,,,,,,,,,,,,
유원상,10604,투수,,1986,한화 · LG · NC · KT,2007,2021,15,2011 한화 3→LG 3,4,2.7,,,,,,,,,,,,,,,,,,,,,,,,,,4,4,4,3,3,2,3,2,3,2,2,2,2,2,2,,,,
이승학,10216,투수,,1979,두산,2007,2008,2,,4,4.0,,,,,,,,,,,,,,,,,,,,,,,,,,4,4,,,,,,,,,,,,,,,,,
이태호,2240,타자,,1983,삼성,2007,2007,1,,1,1.0,,,,,,,,,,,,,,,,,,,,,,,,,,1,,,,,,,,,,,,,,,,,,
임준혁,10068,투수,,1984,KIA · SK,2007,2018,8,2016 KIA 2→SK 2,2,1.4,,,,,,,,,,,,,,,,,,,,,,,,,,1,2,1,,,,,1,2,2,1,1,,,,,,,
임태훈,10222,투수,,1988,두산,2007,2013,7,,4,3.7,,,,,,,,,,,,,,,,,,,,,,,,,,4,4,4,4,4,3,3,,,,,,,,,,,,
장시환,10453,투수,,1987,현대 · 넥센 · KT · 롯데 · 한화,2007,2024,15,2017 KT 3→롯데 3,4,2.1,,,,,,,,,,,,,,,,,,,,,,,,,,4,,,,4,1,1,1,2,2,3,2,2,2,2,2,2,2,
정민혁,10693,투수,,1983,한화,2007,2012,3,,1,1.0,,,,,,,,,,,,,,,,,,,,,,,,,,1,,,,1,1,,,,,,,,,,,,,
정재훈,2392,투수,,1981,두산,2007,2007,1,,1,1.0,,,,,,,,,,,,,,,,,,,,,,,,,,1,,,,,,,,,,,,,,,,,,
정희상,10577,타자,,1982,한화,2007,2010,2,,1,1.0,,,,,,,,,,,,,,,,,,,,,,,,,,1,,,1,,,,,,,,,,,,,,,
조순권,2415,투수,,1983,현대 · 우리,2007,2008,2,,1,1.0,,,,,,,,,,,,,,,,,,,,,,,,,,1,1,,,,,,,,,,,,,,,,,
조용훈,10456,투수,,1987,현대 · 우리,2007,2009,3,,2,2.0,,,,,,,,,,,,,,,,,,,,,,,,,,2,2,2,,,,,,,,,,,,,,,,
진해수,10075,투수,,1986,KIA · SK · LG · 롯데,2007,2024,16,2013 KIA 2→SK 2; 2015 SK 1→LG 1,4,2.1,,,,,,,,,,,,,,,,,,,,,,,,,,1,1,1,,,2,2,2,1,2,2,2,2,4,4,3,2,2,
채태인,10331,타자,,1982,삼성 · 넥센 · 롯데 · SK,2007,2020,14,,3,2.6,,,,,,,,,,,,,,,,,,,,,,,,,,3,3,3,3,3,2,2,2,3,3,2,3,3,2,,,,,
최희섭,10025,타자,,1979,KIA,2007,2015,8,,5,4.0,,,,,,,,,,,,,,,,,,,,,,,,,,4,5,4,5,5,4,3,,2,,,,,,,,,,
크루즈,2395,타자,Y,1973,한화 · 삼성,2007,2008,2,,5,4.5,,,,,,,,,,,,,,,,,,,,,,,,,,4,5,,,,,,,,,,,,,,,,,
허준,10393,타자,,1981,현대 · 우리 · 넥센 · NC,2007,2014,5,,1,1.0,,,,,,,,,,,,,,,,,,,,,,,,,,1,,1,1,1,,,1,,,,,,,,,,,
허준혁,10306,투수,,1985,롯데,2007,2013,6,,1,1.0,,,,,,,,,,,,,,,,,,,,,,,,,,1,,1,1,1,1,1,,,,,,,,,,,,
황선일,10758,타자,,1987,LG,2007,2007,1,,1,1.0,,,,,,,,,,,,,,,,,,,,,,,,,,1,,,,,,,,,,,,,,,,,,
황재균,10407,타자,,1987,현대 · 우리 · 넥센 · 롯데 · KT,2007,2025,18,2010 넥센 2→롯데 2,5,3.4,,,,,,,,,,,,,,,,,,,,,,,,,,1,2,2,2,2,2,2,2,3,4,,5,5,5,5,5,5,5,4
가르시아,10258,타자,Y,1975,롯데 · 한화,2008,2011,4,,5,4.2,,,,,,,,,,,,,,,,,,,,,,,,,,,4,5,4,4,,,,,,,,,,,,,,
강정호,10394,타자,,1987,우리 · 넥센,2008,2014,7,,5,3.3,,,,,,,,,,,,,,,,,,,,,,,,,,,2,2,2,4,3,5,5,,,,,,,,,,,
곽동훈,10347,투수,,1981,삼성,2008,2009,2,,1,1.0,,,,,,,,,,,,,,,,,,,,,,,,,,,1,1,,,,,,,,,,,,,,,,
곽정철,10043,투수,,1986,KIA,2008,2016,5,,2,1.6,,,,,,,,,,,,,,,,,,,,,,,,,,,1,2,2,1,,,,,2,,,,,,,,,
권도영,10395,타자,,1981,우리 · 넥센,2008,2010,3,,1,1.0,,,,,,,,,,,,,,,,,,,,,,,,,,,1,1,1,,,,,,,,,,,,,,,
권영진,10087,타자,,1984,SK,2008,2008,1,,1,1.0,,,,,,,,,,,,,,,,,,,,,,,,,,,1,,,,,,,,,,,,,,,,,
김상수,10427,투수,,1988,삼성 · 넥센 · 키움 · SSG · 롯데,2008,2025,17,,4,2.5,,,,,,,,,,,,,,,,,,,,,,,,,,,3,3,3,3,3,1,,1,2,2,2,2,2,4,4,4,2,2
김선빈,10008,타자,,1989,KIA,2008,2025,16,,5,3.4,,,,,,,,,,,,,,,,,,,,,,,,,,,2,1,2,2,2,4,3,,,2,4,3,5,5,5,5,5,5
김선우,10200,투수,,1977,두산 · LG,2008,2014,7,,5,4.4,,,,,,,,,,,,,,,,,,,,,,,,,,,5,4,5,5,5,4,3,,,,,,,,,,,
김성현,10429,투수,,1989,우리 · 넥센 · LG,2008,2011,4,2011 넥센 2→LG 2,2,1.5,,,,,,,,,,,,,,,,,,,,,,,,,,,1,1,2,2,,,,,,,,,,,,,,
김수형,10505,투수,,1985,LG,2008,2008,1,,1,1.0,,,,,,,,,,,,,,,,,,,,,,,,,,,1,,,,,,,,,,,,,,,,,
김용의,10466,타자,,1985,LG,2008,2021,11,,2,1.2,,,,,,,,,,,,,,,,,,,,,,,,,,,1,,,,1,2,1,1,1,1,1,1,1,2,,,,
김이슬,10275,투수,,1984,롯데,2008,2009,2,,1,1.0,,,,,,,,,,,,,,,,,,,,,,,,,,,1,1,,,,,,,,,,,,,,,,
김일엽,10276,투수,,1980,롯데 · 한화,2008,2013,5,,1,1.0,,,,,,,,,,,,,,,,,,,,,,,,,,,1,1,1,1,,1,,,,,,,,,,,,
김주현,10318,타자,,1986,삼성,2008,2008,1,,1,1.0,,,,,,,,,,,,,,,,,,,,,,,,,,,1,,,,,,,,,,,,,,,,,
김준호,10484,타자,,1984,LG,2008,2010,2,,1,1.0,,,,,,,,,,,,,,,,,,,,,,,,,,,1,,1,,,,,,,,,,,,,,,
김혁민,10587,투수,,1987,한화,2008,2014,7,,2,1.9,,,,,,,,,,,,,,,,,,,,,,,,,,,2,2,1,2,2,2,2,,,,,,,,,,,
나지완,10030,타자,,1985,KIA,2008,2021,14,,5,3.0,,,,,,,,,,,,,,,,,,,,,,,,,,,1,2,2,1,2,2,2,4,2,5,5,5,5,4,,,,
다카쓰,2417,투수,Y,1968,우리,2008,2008,1,,3,3.0,,,,,,,,,,,,,,,,,,,,,,,,,,,3,,,,,,,,,,,,,,,,,
데이비스,2429,투수,Y,1975,KIA,2008,2008,1,,3,3.0,,,,,,,,,,,,,,,,,,,,,,,,,,,3,,,,,,,,,,,,,,,,,
디아즈,2422,투수,Y,1980,KIA,2008,2008,1,,3,3.0,,,,,,,,,,,,,,,,,,,,,,,,,,,3,,,,,,,,,,,,,,,,,
레이,2423,투수,Y,1974,SK,2008,2008,1,,3,3.0,,,,,,,,,,,,,,,,,,,,,,,,,,,3,,,,,,,,,,,,,,,,,
레이어,2418,투수,Y,1977,두산,2008,2008,1,,3,3.0,,,,,,,,,,,,,,,,,,,,,,,,,,,3,,,,,,,,,,,,,,,,,
리마,2428,투수,Y,1972,KIA,2008,2008,1,,4,4.0,,,,,,,,,,,,,,,,,,,,,,,,,,,4,,,,,,,,,,,,,,,,,
매클레리,2425,투수,Y,1974,롯데,2008,2008,1,,4,4.0,,,,,,,,,,,,,,,,,,,,,,,,,,,4,,,,,,,,,,,,,,,,,
모창민,10093,타자,,1985,SK · NC,2008,2020,12,,4,1.9,,,,,,,,,,,,,,,,,,,,,,,,,,,1,1,1,,1,2,2,1,2,2,2,4,4,,,,,
민태호,10434,투수,,1989,우리 · NC,2008,2019,6,,1,1.0,,,,,,,,,,,,,,,,,,,,,,,,,,,1,,,,,,,1,1,1,1,1,,,,,,
박경태,10050,투수,,1987,KIA,2008,2018,8,,2,1.1,,,,,,,,,,,,,,,,,,,,,,,,,,,1,1,1,2,1,1,1,,,,1,,,,,,,
박민석,10205,투수,,1989,두산 · NC,2008,2016,3,,1,1.0,,,,,,,,,,,,,,,,,,,,,,,,,,,1,1,,,,,,,1,,,,,,,,,
발데스,2420,타자,Y,1978,KIA,2008,2008,1,,3,3.0,,,,,,,,,,,,,,,,,,,,,,,,,,,3,,,,,,,,,,,,,,,,,
배힘찬,10440,투수,,1983,우리 · 넥센 · KIA,2008,2016,7,,1,1.0,,,,,,,,,,,,,,,,,,,,,,,,,,,1,1,1,1,,,1,1,1,,,,,,,,,
서재응,10053,투수,,1977,KIA,2008,2015,8,,5,4.0,,,,,,,,,,,,,,,,,,,,,,,,,,,5,5,4,5,4,5,2,2,,,,,,,,,,
션,2430,투수,Y,1977,삼성,2008,2008,1,,3,3.0,,,,,,,,,,,,,,,,,,,,,,,,,,,3,,,,,,,,,,,,,,,,,
손아섭,10261,타자,,1988,롯데 · NC · 한화,2008,2025,18,2025 NC 4→한화 3,5,3.8,,,,,,,,,,,,,,,,,,,,,,,,,,,1,1,2,2,4,4,5,5,5,5,5,5,4,4,4,4,4,4
얀,2416,투수,Y,1975,SK,2008,2008,1,,4,4.0,,,,,,,,,,,,,,,,,,,,,,,,,,,4,,,,,,,,,,,,,,,,,
에니스,2427,투수,Y,1979,삼성,2008,2008,1,,3,3.0,,,,,,,,,,,,,,,,,,,,,,,,,,,3,,,,,,,,,,,,,,,,,
오버뮬러,2426,투수,Y,1976,삼성,2008,2008,1,,4,4.0,,,,,,,,,,,,,,,,,,,,,,,,,,,4,,,,,,,,,,,,,,,,,
오선진,10557,타자,,1989,한화 · 삼성 · 키움,2008,2025,15,,3,1.3,,,,,,,,,,,,,,,,,,,,,,,,,,,1,1,1,1,2,1,,,1,1,1,2,1,1,1,3,,2
오재필,10665,타자,,1982,한화,2008,2012,3,,1,1.0,,,,,,,,,,,,,,,,,,,,,,,,,,,1,,,1,1,,,,,,,,,,,,,
우동균,10341,타자,,1989,삼성,2008,2016,7,,4,2.3,,,,,,,,,,,,,,,,,,,,,,,,,,,4,4,,,4,1,1,1,1,,,,,,,,,
유재신,10401,타자,,1987,우리 · 넥센 · KIA,2008,2019,6,,1,1.0,,,,,,,,,,,,,,,,,,,,,,,,,,,1,,,,1,,,1,1,,1,1,,,,,,
윤기호,10608,투수,,1988,한화,2008,2008,1,,1,1.0,,,,,,,,,,,,,,,,,,,,,,,,,,,1,,,,,,,,,,,,,,,,,
이범준,10525,투수,,1989,LG,2008,2011,4,,2,1.2,,,,,,,,,,,,,,,,,,,,,,,,,,,2,1,1,1,,,,,,,,,,,,,,
이병규,10477,타자,,1983,LG · 롯데,2008,2021,12,,5,2.7,,,,,,,,,,,,,,,,,,,,,,,,,,,1,,2,2,2,2,5,5,5,2,2,,2,2,,,,
이성우,10004,타자,,1981,KIA · SK · LG,2008,2021,9,,1,1.0,,,,,,,,,,,,,,,,,,,,,,,,,,,1,,,,,,1,1,1,1,1,1,1,1,,,,
이여상,10560,타자,,1984,한화 · 롯데,2008,2016,5,,2,1.2,,,,,,,,,,,,,,,,,,,,,,,,,,,1,1,,2,1,,,,1,,,,,,,,,
이영수,10017,타자,,1981,KIA,2008,2010,2,,1,1.0,,,,,,,,,,,,,,,,,,,,,,,,,,,1,,1,,,,,,,,,,,,,,,
이용찬,10217,투수,,1989,두산 · NC,2008,2025,16,,4,3.1,,,,,,,,,,,,,,,,,,,,,,,,,,,4,4,4,4,4,,2,,2,2,2,3,3,4,3,4,3,2
이원재,10218,투수,,1988,두산,2008,2015,2,,1,1.0,,,,,,,,,,,,,,,,,,,,,,,,,,,1,,,,,,,1,,,,,,,,,,
이호신,10038,타자,,1984,KIA,2008,2016,3,,1,1.0,,,,,,,,,,,,,,,,,,,,,,,,,,,1,,,,,,,1,1,,,,,,,,,
이희근,10544,타자,,1985,한화,2008,2011,4,,1,1.0,,,,,,,,,,,,,,,,,,,,,,,,,,,1,1,1,1,,,,,,,,,,,,,,
장태종,10762,투수,,1983,우리,2008,2008,1,,1,1.0,,,,,,,,,,,,,,,,,,,,,,,,,,,1,,,,,,,,,,,,,,,,,
전유수,10841,투수,,1986,우리 · SK · KT,2008,2022,13,,2,1.8,,,,,,,,,,,,,,,,,,,,,,,,,,,1,1,,,1,2,2,2,2,2,2,2,2,2,2,,,
전준우,10266,타자,,1986,롯데,2008,2025,17,,5,3.2,,,,,,,,,,,,,,,,,,,,,,,,,,,1,1,2,2,2,3,2,,2,2,2,5,5,5,5,5,5,5
정찬헌,10533,투수,,1990,LG · 키움,2008,2024,14,2021 LG 2→키움 2,2,1.9,,,,,,,,,,,,,,,,,,,,,,,,,,,2,2,,,,2,2,2,2,2,2,1,2,2,2,2,2,
진야곱,10229,투수,,1989,두산,2008,2016,4,,4,3.0,,,,,,,,,,,,,,,,,,,,,,,,,,,4,4,,,,,,2,2,,,,,,,,,
최용규,10024,타자,,1985,KIA,2008,2015,3,,1,1.0,,,,,,,,,,,,,,,,,,,,,,,,,,,1,1,,,,,,1,,,,,,,,,,
최현종,2421,타자,,1985,우리,2008,2008,1,,1,1.0,,,,,,,,,,,,,,,,,,,,,,,,,,,1,,,,,,,,,,,,,,,,,
최형우,10344,타자,,1983,삼성 · KIA,2008,2025,18,,5,4.3,,,,,,,,,,,,,,,,,,,,,,,,,,,2,3,3,4,5,4,5,5,5,5,5,5,5,5,4,4,4,4
코르테스,2419,투수,Y,1973,롯데,2008,2008,1,,3,3.0,,,,,,,,,,,,,,,,,,,,,,,,,,,3,,,,,,,,,,,,,,,,,
쿠비얀,2424,투수,Y,1972,SK,2008,2008,1,,3,3.0,,,,,,,,,,,,,,,,,,,,,,,,,,,3,,,,,,,,,,,,,,,,,
클락,10422,타자,Y,1976,한화 · 우리 · 넥센,2008,2010,3,,5,4.3,,,,,,,,,,,,,,,,,,,,,,,,,,,4,5,4,,,,,,,,,,,,,,,
토마스,10618,투수,Y,1977,한화,2008,2009,2,,4,4.0,,,,,,,,,,,,,,,,,,,,,,,,,,,4,4,,,,,,,,,,,,,,,,
페타지니,10482,타자,Y,1971,LG,2008,2009,2,,5,4.0,,,,,,,,,,,,,,,,,,,,,,,,,,,3,5,,,,,,,,,,,,,,,,
허승민,10345,타자,,1986,삼성,2008,2009,2,,1,1.0,,,,,,,,,,,,,,,,,,,,,,,,,,,1,1,,,,,,,,,,,,,,,,
강윤구,10423,투수,,1990,우리 · 넥센 · NC · 롯데,2009,2022,12,,3,2.4,,,,,,,,,,,,,,,,,,,,,,,,,,,,3,3,3,3,3,2,,,2,2,2,2,2,2,,,
고창성,10196,투수,,1984,두산 · NC · KT,2009,2018,8,,3,2.1,,,,,,,,,,,,,,,,,,,,,,,,,,,,2,2,3,2,2,2,2,,,2,,,,,,,
구톰슨,10044,투수,Y,1977,KIA,2009,2009,1,,4,4.0,,,,,,,,,,,,,,,,,,,,,,,,,,,,4,,,,,,,,,,,,,,,,
글로버,10125,투수,Y,1976,SK,2009,2011,3,,5,4.3,,,,,,,,,,,,,,,,,,,,,,,,,,,,4,5,4,,,,,,,,,,,,,,
김민성,10238,타자,,1988,롯데 · 넥센 · LG,2009,2025,17,2010 롯데 3→넥센 3,4,2.6,,,,,,,,,,,,,,,,,,,,,,,,,,,,3,3,3,3,3,2,3,2,2,2,3,4,4,2,2,2,2
김상수,10320,타자,,1990,삼성 · KT,2009,2025,17,,5,3.4,,,,,,,,,,,,,,,,,,,,,,,,,,,,4,4,4,4,4,3,3,4,2,2,3,4,5,2,4,3,3
김유신,10274,투수,,1986,롯데,2009,2009,1,,1,1.0,,,,,,,,,,,,,,,,,,,,,,,,,,,,1,,,,,,,,,,,,,,,,
김태군,10459,타자,,1989,LG · NC · 삼성 · KIA,2009,2025,15,2023 삼성 2→KIA 2,4,2.0,,,,,,,,,,,,,,,,,,,,,,,,,,,,1,1,1,1,1,2,2,2,3,,,2,2,2,2,4,4
김회성,10554,타자,,1985,한화,2009,2019,8,,1,1.0,,,,,,,,,,,,,,,,,,,,,,,,,,,,1,,1,,,1,1,1,1,1,1,,,,,,
나이트,10360,투수,Y,1975,삼성 · 넥센,2009,2014,6,,5,4.2,,,,,,,,,,,,,,,,,,,,,,,,,,,,3,4,4,5,5,4,,,,,,,,,,,
노진용,10506,투수,,1990,LG,2009,2009,1,,1,1.0,,,,,,,,,,,,,,,,,,,,,,,,,,,,1,,,,,,,,,,,,,,,,
니코스키,10204,투수,Y,1973,SK · 두산 · 넥센,2009,2010,2,2009 SK 3→두산 3,4,3.5,,,,,,,,,,,,,,,,,,,,,,,,,,,,3,4,,,,,,,,,,,,,,,
디아즈,10566,타자,Y,1981,한화,2009,2009,1,,3,3.0,,,,,,,,,,,,,,,,,,,,,,,,,,,,3,,,,,,,,,,,,,,,,
로페즈,10048,투수,Y,1975,KIA · SK,2009,2012,4,,5,4.2,,,,,,,,,,,,,,,,,,,,,,,,,,,,4,5,4,4,,,,,,,,,,,,,
바우어,10508,투수,Y,1977,LG,2009,2009,1,,3,3.0,,,,,,,,,,,,,,,,,,,,,,,,,,,,3,,,,,,,,,,,,,,,,
박노민,10541,타자,,1985,한화,2009,2013,5,,1,1.0,,,,,,,,,,,,,,,,,,,,,,,,,,,,1,1,1,1,1,,,,,,,,,,,,
박민규,10361,투수,,1990,삼성,2009,2016,4,,1,1.0,,,,,,,,,,,,,,,,,,,,,,,,,,,,1,1,1,,,,,1,,,,,,,,,
박성호,10595,투수,,1986,한화 · KIA,2009,2015,5,,1,1.0,,,,,,,,,,,,,,,,,,,,,,,,,,,,1,1,1,,,1,1,,,,,,,,,,
박현준,10134,투수,,1986,SK · LG,2009,2011,3,2010 SK 1→LG 1,2,1.3,,,,,,,,,,,,,,,,,,,,,,,,,,,,1,1,2,,,,,,,,,,,,,,
백정현,10363,투수,,1987,삼성,2009,2025,15,,5,2.7,,,,,,,,,,,,,,,,,,,,,,,,,,,,3,3,,,3,1,1,2,2,2,2,2,2,5,4,4,4
성영훈,10208,투수,,1990,두산,2009,2010,2,,4,4.0,,,,,,,,,,,,,,,,,,,,,,,,,,,,4,4,,,,,,,,,,,,,,,
세데뇨,10209,투수,Y,1983,두산,2009,2009,1,,4,4.0,,,,,,,,,,,,,,,,,,,,,,,,,,,,4,,,,,,,,,,,,,,,,
손주인,10325,타자,,1983,삼성 · LG,2009,2019,11,,2,1.3,,,,,,,,,,,,,,,,,,,,,,,,,,,,1,1,1,1,2,2,1,2,1,1,1,,,,,,
안치홍,10014,타자,,1990,KIA · 롯데 · 한화,2009,2025,16,,5,4.1,,,,,,,,,,,,,,,,,,,,,,,,,,,,4,4,4,4,4,3,,3,2,4,4,5,5,5,5,5,5
애킨스,10287,투수,Y,1977,롯데,2009,2009,1,,4,4.0,,,,,,,,,,,,,,,,,,,,,,,,,,,,4,,,,,,,,,,,,,,,,
양승학,10570,타자,,1984,한화,2009,2009,1,,1,1.0,,,,,,,,,,,,,,,,,,,,,,,,,,,,1,,,,,,,,,,,,,,,,
양지훈,10365,투수,,1985,삼성,2009,2009,1,,1,1.0,,,,,,,,,,,,,,,,,,,,,,,,,,,,1,,,,,,,,,,,,,,,,
에르난데스,10366,투수,Y,1980,삼성,2009,2009,1,,3,3.0,,,,,,,,,,,,,,,,,,,,,,,,,,,,3,,,,,,,,,,,,,,,,
연지,10603,투수,Y,1977,한화,2009,2009,1,,3,3.0,,,,,,,,,,,,,,,,,,,,,,,,,,,,3,,,,,,,,,,,,,,,,
오수호,10289,투수,,1990,롯데,2009,2009,1,,4,4.0,,,,,,,,,,,,,,,,,,,,,,,,,,,,4,,,,,,,,,,,,,,,,
오재일,10400,타자,,1986,우리 · 넥센 · 두산 · 삼성 · KT,2009,2024,16,2012 넥센 1→두산 1; 2024 삼성 4→KT 3,4,2.1,,,,,,,,,,,,,,,,,,,,,,,,,,,,1,1,1,1,1,1,1,2,2,2,2,3,4,4,4,4,
오현택,10210,투수,,1985,두산 · 롯데,2009,2021,10,,2,1.7,,,,,,,,,,,,,,,,,,,,,,,,,,,,1,1,,,2,2,2,1,,2,2,2,2,,,,
왓슨,10190,타자,Y,1978,두산,2009,2009,1,,3,3.0,,,,,,,,,,,,,,,,,,,,,,,,,,,,3,,,,,,,,,,,,,,,,
유선정,10390,타자,,1986,우리 · 넥센,2009,2011,3,,1,1.0,,,,,,,,,,,,,,,,,,,,,,,,,,,,1,1,1,,,,,,,,,,,,,,
유희관,10213,투수,,1986,두산,2009,2021,10,,4,2.7,,,,,,,,,,,,,,,,,,,,,,,,,,,,1,,,,2,2,2,3,3,3,3,4,4,,,,
윤요섭,10081,타자,,1982,SK · LG · KT,2009,2017,8,,1,1.0,,,,,,,,,,,,,,,,,,,,,,,,,,,,1,,1,1,1,1,1,1,1,,,,,,,,
이상화,10831,투수,,1988,롯데 · KT,2009,2020,8,,4,2.5,,,,,,,,,,,,,,,,,,,,,,,,,,,,4,,,,4,4,3,1,2,1,,1,,,,,
이승우,10528,투수,,1988,LG,2009,2012,2,,2,1.5,,,,,,,,,,,,,,,,,,,,,,,,,,,,1,,,2,,,,,,,,,,,,,
이영욱,10342,타자,,1985,삼성,2009,2016,5,,2,1.4,,,,,,,,,,,,,,,,,,,,,,,,,,,,1,2,2,,,1,,1,,,,,,,,,
이우선,10371,투수,,1983,삼성,2009,2013,5,,2,1.8,,,,,,,,,,,,,,,,,,,,,,,,,,,,1,2,2,2,2,,,,,,,,,,,,
임성헌,10151,투수,,1985,SK,2009,2010,2,,1,1.0,,,,,,,,,,,,,,,,,,,,,,,,,,,,1,1,,,,,,,,,,,,,,,
장성우,10235,타자,,1990,롯데 · KT,2009,2025,14,2015 롯데 1→KT 2,4,2.6,,,,,,,,,,,,,,,,,,,,,,,,,,,,4,4,1,,,1,1,,1,2,2,2,2,4,4,4,4
장영석,10404,타자,,1990,우리 · 넥센 · 키움 · KIA,2009,2020,8,,2,1.1,,,,,,,,,,,,,,,,,,,,,,,,,,,,1,1,1,,,,,1,1,1,2,1,,,,,
정성철,10071,투수,,1990,KIA,2009,2009,1,,4,4.0,,,,,,,,,,,,,,,,,,,,,,,,,,,,4,,,,,,,,,,,,,,,,
정수빈,10195,타자,,1990,두산,2009,2025,16,,5,2.8,,,,,,,,,,,,,,,,,,,,,,,,,,,,1,1,2,2,2,2,2,2,,2,2,2,5,5,5,5,5
정현석,10576,타자,,1984,한화,2009,2015,5,,2,1.2,,,,,,,,,,,,,,,,,,,,,,,,,,,,1,1,,,2,1,1,,,,,,,,,,
존슨,10534,투수,Y,1982,LG,2009,2009,1,,3,3.0,,,,,,,,,,,,,,,,,,,,,,,,,,,,3,,,,,,,,,,,,,,,,
최동환,10535,투수,,1989,LG · KT,2009,2025,12,,3,1.2,,,,,,,,,,,,,,,,,,,,,,,,,,,,3,,,,,,1,1,1,1,1,2,1,1,1,1,1
최성민,10536,투수,,1990,LG,2009,2011,3,,1,1.0,,,,,,,,,,,,,,,,,,,,,,,,,,,,1,1,1,,,,,,,,,,,,,,
최원제,10382,투수,,1989,삼성,2009,2009,1,,1,1.0,,,,,,,,,,,,,,,,,,,,,,,,,,,,1,,,,,,,,,,,,,,,,
카도쿠라,10163,투수,Y,1973,SK · 삼성,2009,2011,3,,5,4.3,,,,,,,,,,,,,,,,,,,,,,,,,,,,4,4,5,,,,,,,,,,,,,,
크루세타,10384,투수,Y,1981,삼성,2009,2010,2,,4,4.0,,,,,,,,,,,,,,,,,,,,,,,,,,,,4,4,,,,,,,,,,,,,,,
하준호,10304,투수,,1989,롯데 · KT,2009,2023,6,,3,1.3,,,,,,,,,,,,,,,,,,,,,,,,,,,,3,,,,,,,,,,1,1,1,1,1,,
한희,10539,투수,,1989,LG,2009,2012,4,,2,1.5,,,,,,,,,,,,,,,,,,,,,,,,,,,,1,1,2,2,,,,,,,,,,,,,
허유강,10620,투수,,1986,한화,2009,2010,2,,1,1.0,,,,,,,,,,,,,,,,,,,,,,,,,,,,1,1,,,,,,,,,,,,,,,
홍상삼,10230,투수,,1990,두산 · KIA,2009,2022,13,,2,1.9,,,,,,,,,,,,,,,,,,,,,,,,,,,,2,2,1,2,2,2,,2,2,2,2,2,2,2,,,
황재규,10621,투수,,1986,한화,2009,2014,4,,2,2.0,,,,,,,,,,,,,,,,,,,,,,,,,,,,2,2,,,2,2,,,,,,,,,,,
고원준,10424,투수,,1990,넥센 · 롯데 · 두산,2010,2017,6,2016 롯데 2→두산 2,2,2.0,,,,,,,,,,,,,,,,,,,,,,,,,,,,,2,2,2,2,,,2,2,,,,,,,,
곤잘레스,10499,투수,Y,1983,LG,2010,2010,1,,3,3.0,,,,,,,,,,,,,,,,,,,,,,,,,,,,,3,,,,,,,,,,,,,,,
김건태,10432,투수,,1991,넥센 · NC,2010,2022,10,,1,1.0,,,,,,,,,,,,,,,,,,,,,,,,,,,,,1,,1,,,1,1,1,1,1,1,1,1,,,
김다원,10626,타자,,1985,KIA,2010,2016,4,,1,1.0,,,,,,,,,,,,,,,,,,,,,,,,,,,,,1,,,,1,1,1,,,,,,,,,
김대우,10271,투수,,1984,롯데,2010,2022,4,,3,1.5,,,,,,,,,,,,,,,,,,,,,,,,,,,,,3,,,,,,,,,,1,1,1,,,
김선규,10128,투수,,1986,SK · LG · NC,2010,2016,7,2010 SK 1→LG 1,2,1.4,,,,,,,,,,,,,,,,,,,,,,,,,,,,,1,2,2,1,2,1,1,,,,,,,,,
김수완,10647,투수,,1989,롯데 · 두산,2010,2015,5,,1,1.0,,,,,,,,,,,,,,,,,,,,,,,,,,,,,1,1,1,1,,1,,,,,,,,,,
김지용,10747,투수,,1988,LG · 두산,2010,2022,6,,2,1.3,,,,,,,,,,,,,,,,,,,,,,,,,,,,,1,,,,,1,2,2,1,,,,1,,,
더마트레,2434,투수,Y,1981,LG,2010,2010,1,,4,4.0,,,,,,,,,,,,,,,,,,,,,,,,,,,,,4,,,,,,,,,,,,,,,
데폴라,10589,투수,Y,1982,한화,2010,2011,2,,4,4.0,,,,,,,,,,,,,,,,,,,,,,,,,,,,,4,4,,,,,,,,,,,,,,
라이트,2436,투수,Y,1982,KIA,2010,2010,1,,3,3.0,,,,,,,,,,,,,,,,,,,,,,,,,,,,,3,,,,,,,,,,,,,,,
레딩,2432,투수,Y,1978,삼성,2010,2010,1,,3,3.0,,,,,,,,,,,,,,,,,,,,,,,,,,,,,3,,,,,,,,,,,,,,,
문광은,10130,투수,,1987,SK · LG,2010,2019,7,,3,1.7,,,,,,,,,,,,,,,,,,,,,,,,,,,,,3,,,,3,2,1,1,1,1,,,,,,
문성현,10437,투수,,1991,넥센 · 키움,2010,2024,10,,2,2.0,,,,,,,,,,,,,,,,,,,,,,,,,,,,,2,2,2,2,2,2,,,,,2,,2,2,2,
박건우,10682,투수,,1985,LG,2010,2010,1,,1,1.0,,,,,,,,,,,,,,,,,,,,,,,,,,,,,1,,,,,,,,,,,,,,,
박희수,10135,투수,,1983,SK,2010,2020,11,,3,2.0,,,,,,,,,,,,,,,,,,,,,,,,,,,,,1,1,2,3,2,2,2,3,2,2,2,,,,,
배우열,10512,투수,,1986,LG · KT,2010,2018,5,,1,1.0,,,,,,,,,,,,,,,,,,,,,,,,,,,,,1,,,,,1,1,1,1,,,,,,,
번사이드,10441,투수,Y,1977,넥센,2010,2010,1,,4,4.0,,,,,,,,,,,,,,,,,,,,,,,,,,,,,4,,,,,,,,,,,,,,,
부에노,2435,투수,Y,1981,한화,2010,2010,1,,3,3.0,,,,,,,,,,,,,,,,,,,,,,,,,,,,,3,,,,,,,,,,,,,,,
사도스키,10282,투수,Y,1982,롯데,2010,2012,3,,5,4.3,,,,,,,,,,,,,,,,,,,,,,,,,,,,,4,5,4,,,,,,,,,,,,,
신정락,10516,투수,,1987,LG · 한화 · 롯데,2010,2023,11,2019 LG 2→한화 2,4,2.4,,,,,,,,,,,,,,,,,,,,,,,,,,,,,4,4,,4,4,,,2,2,2,1,1,1,1,,
안승민,10629,투수,,1991,한화,2010,2013,4,,2,1.5,,,,,,,,,,,,,,,,,,,,,,,,,,,,,1,2,2,1,,,,,,,,,,,,
양승진,10601,투수,,1987,한화,2010,2010,1,,1,1.0,,,,,,,,,,,,,,,,,,,,,,,,,,,,,1,,,,,,,,,,,,,,,
양의지,10165,타자,,1987,두산 · NC,2010,2025,16,,5,3.9,,,,,,,,,,,,,,,,,,,,,,,,,,,,,2,2,2,2,2,3,5,5,5,5,5,5,5,5,5,5
오정복,10340,타자,,1986,삼성 · NC · KT,2010,2017,5,,1,1.0,,,,,,,,,,,,,,,,,,,,,,,,,,,,,1,,,,1,1,1,1,,,,,,,,
오지환,10475,타자,,1990,LG,2010,2025,16,,5,4.1,,,,,,,,,,,,,,,,,,,,,,,,,,,,,4,4,4,4,4,3,3,3,3,4,5,5,5,5,5,5
오카모토,10520,투수,Y,1974,LG,2010,2010,1,,4,4.0,,,,,,,,,,,,,,,,,,,,,,,,,,,,,4,,,,,,,,,,,,,,,
이두환,10179,타자,,1988,두산,2010,2010,1,,1,1.0,,,,,,,,,,,,,,,,,,,,,,,,,,,,,1,,,,,,,,,,,,,,,
이상훈,10572,타자,,1987,한화 · 삼성,2010,2013,2,,1,1.0,,,,,,,,,,,,,,,,,,,,,,,,,,,,,1,,,1,,,,,,,,,,,,
이양기,10573,타자,,1981,한화,2010,2017,7,,1,1.0,,,,,,,,,,,,,,,,,,,,,,,,,,,,,1,1,1,1,1,,1,1,,,,,,,,
이재곤,10293,투수,,1988,롯데,2010,2015,5,,2,1.4,,,,,,,,,,,,,,,,,,,,,,,,,,,,,2,2,1,1,,1,,,,,,,,,,
이재학,10220,투수,,1990,두산 · NC,2010,2024,13,,3,2.5,,,,,,,,,,,,,,,,,,,,,,,,,,,,,1,,,2,3,3,2,2,2,2,3,3,3,3,3,
이종환,10941,타자,,1986,KIA · 한화,2010,2016,5,,1,1.0,,,,,,,,,,,,,,,,,,,,,,,,,,,,,1,,,1,1,1,1,,,,,,,,,
임익준,10328,타자,,1988,삼성 · 한화,2010,2017,3,,1,1.0,,,,,,,,,,,,,,,,,,,,,,,,,,,,,1,,,1,,,,1,,,,,,,,
임진우,10374,투수,,1987,삼성,2010,2012,3,,1,1.0,,,,,,,,,,,,,,,,,,,,,,,,,,,,,1,1,1,,,,,,,,,,,,,
임훈,10120,타자,,1985,SK · LG,2010,2018,9,2015 SK 2→LG 2,2,1.6,,,,,,,,,,,,,,,,,,,,,,,,,,,,,1,1,2,1,2,2,2,2,1,,,,,,,
장민석,10416,타자,,1982,넥센 · 두산 · 한화,2010,2017,8,,2,1.8,,,,,,,,,,,,,,,,,,,,,,,,,,,,,2,2,2,2,1,2,2,1,,,,,,,,
장민익,10223,투수,,1991,두산,2010,2014,3,,1,1.0,,,,,,,,,,,,,,,,,,,,,,,,,,,,,1,1,,,1,,,,,,,,,,,
장민재,10610,투수,,1990,한화,2010,2024,11,,2,1.6,,,,,,,,,,,,,,,,,,,,,,,,,,,,,1,2,,,,,2,1,1,2,2,1,2,2,2,
전우엽,10070,투수,,1989,KIA,2010,2010,1,,4,4.0,,,,,,,,,,,,,,,,,,,,,,,,,,,,,4,,,,,,,,,,,,,,,
정대현,10224,투수,,1991,두산 · KT · 넥센,2010,2017,7,2017 KT 1→넥센 1,2,1.3,,,,,,,,,,,,,,,,,,,,,,,,,,,,,1,,1,1,1,2,2,1,,,,,,,,
정용운,10072,투수,,1990,KIA,2010,2018,4,,3,1.5,,,,,,,,,,,,,,,,,,,,,,,,,,,,,3,,,,,,1,1,1,,,,,,,
정인욱,10376,투수,,1990,삼성 · 한화,2010,2021,10,,2,1.4,,,,,,,,,,,,,,,,,,,,,,,,,,,,,1,2,2,,,1,2,1,1,2,1,1,,,,
정훈,10253,타자,,1987,롯데,2010,2025,16,,3,2.0,,,,,,,,,,,,,,,,,,,,,,,,,,,,,1,1,1,2,2,2,2,2,2,2,2,2,3,3,3,2
조승수,10227,투수,,1990,두산,2010,2016,3,,1,1.0,,,,,,,,,,,,,,,,,,,,,,,,,,,,,1,1,,,,,1,,,,,,,,,
진명호,10301,투수,,1989,롯데,2010,2022,10,,3,2.3,,,,,,,,,,,,,,,,,,,,,,,,,,,,,3,3,3,3,,,,1,2,2,2,2,2,,,
최윤석,10104,타자,,1987,SK · 한화,2010,2017,5,,1,1.0,,,,,,,,,,,,,,,,,,,,,,,,,,,,,1,1,1,1,,,,1,,,,,,,,
최훈락,10040,타자,,1982,KIA,2010,2012,3,,1,1.0,,,,,,,,,,,,,,,,,,,,,,,,,,,,,1,1,1,,,,,,,,,,,,,
카페얀,10619,투수,Y,1981,한화,2010,2010,1,,3,3.0,,,,,,,,,,,,,,,,,,,,,,,,,,,,,3,,,,,,,,,,,,,,,
콜론,2433,투수,Y,1979,KIA,2010,2010,1,,4,4.0,,,,,,,,,,,,,,,,,,,,,,,,,,,,,4,,,,,,,,,,,,,,,
허준혁,10305,투수,,1990,롯데 · SK · 두산,2010,2016,5,,2,1.6,,,,,,,,,,,,,,,,,,,,,,,,,,,,,2,,2,,1,1,2,,,,,,,,,
홍재호,10027,타자,,1987,KIA,2010,2018,5,,1,1.0,,,,,,,,,,,,,,,,,,,,,,,,,,,,,1,1,1,1,,,,,1,,,,,,,
히메네스,10231,투수,Y,1980,두산,2010,2010,1,,4,4.0,,,,,,,,,,,,,,,,,,,,,,,,,,,,,4,,,,,,,,,,,,,,,
가코,10638,타자,Y,1981,삼성,2011,2011,1,,3,3.0,,,,,,,,,,,,,,,,,,,,,,,,,,,,,,3,,,,,,,,,,,,,,
고든,10715,투수,Y,1978,SK · 삼성,2011,2012,2,,4,3.5,,,,,,,,,,,,,,,,,,,,,,,,,,,,,,3,4,,,,,,,,,,,,,
고종욱,10659,타자,,1989,넥센 · SK · SSG · KIA,2011,2025,12,,2,1.8,,,,,,,,,,,,,,,,,,,,,,,,,,,,,,1,,,,2,2,2,2,2,2,2,2,1,2,2
김강률,10690,투수,,1988,두산 · LG,2011,2025,14,,2,1.6,,,,,,,,,,,,,,,,,,,,,,,,,,,,,,1,1,1,1,1,1,2,2,,2,2,2,2,2,2
김대우,10685,투수,,1988,넥센 · 삼성,2011,2024,11,,2,1.5,,,,,,,,,,,,,,,,,,,,,,,,,,,,,,1,,,2,1,2,2,1,1,2,1,,1,2,
김명성,10680,투수,,1988,롯데 · 두산,2011,2015,4,,1,1.0,,,,,,,,,,,,,,,,,,,,,,,,,,,,,,1,,1,1,1,,,,,,,,,,
김재환,10643,타자,,1988,두산,2011,2025,14,,5,3.6,,,,,,,,,,,,,,,,,,,,,,,,,,,,,,3,3,,1,1,2,4,4,5,5,5,5,4,4,4
김태훈,10133,투수,,1990,SK · SSG,2011,2022,9,,2,1.6,,,,,,,,,,,,,,,,,,,,,,,,,,,,,,1,1,,,,1,1,2,2,2,2,2,,,
나성용,10662,타자,,1988,한화 · LG,2011,2015,2,,1,1.0,,,,,,,,,,,,,,,,,,,,,,,,,,,,,,1,,,,1,,,,,,,,,,
니퍼트,10641,투수,Y,1981,두산 · KT,2011,2018,8,,5,4.6,,,,,,,,,,,,,,,,,,,,,,,,,,,,,,4,5,5,4,5,5,5,4,,,,,,,
리즈,10653,투수,Y,1983,LG,2011,2013,3,,4,4.0,,,,,,,,,,,,,,,,,,,,,,,,,,,,,,4,4,4,,,,,,,,,,,,
매그레인,10669,투수,Y,1978,SK,2011,2011,1,,4,4.0,,,,,,,,,,,,,,,,,,,,,,,,,,,,,,4,,,,,,,,,,,,,,
매티스,10774,투수,Y,1983,삼성,2011,2011,1,,3,3.0,,,,,,,,,,,,,,,,,,,,,,,,,,,,,,3,,,,,,,,,,,,,,
모상기,10694,타자,,1987,삼성,2011,2011,1,,1,1.0,,,,,,,,,,,,,,,,,,,,,,,,,,,,,,1,,,,,,,,,,,,,,
바티스타,10698,투수,Y,1980,한화,2011,2013,3,,4,4.0,,,,,,,,,,,,,,,,,,,,,,,,,,,,,,4,4,4,,,,,,,,,,,,
박종훈,10131,투수,,1991,SK · SSG,2011,2025,13,,5,2.8,,,,,,,,,,,,,,,,,,,,,,,,,,,,,,1,1,,,2,2,2,2,3,3,3,4,5,4,4
배영섭,10337,타자,,1986,삼성 · SK,2011,2019,7,,2,2.0,,,,,,,,,,,,,,,,,,,,,,,,,,,,,,2,2,2,,,2,2,2,2,,,,,,
백진우,10473,타자,,1988,LG · 한화,2011,2019,6,,1,1.0,,,,,,,,,,,,,,,,,,,,,,,,,,,,,,1,,,1,1,,1,1,1,,,,,,
부첵,10714,투수,Y,1978,롯데,2011,2011,1,,3,3.0,,,,,,,,,,,,,,,,,,,,,,,,,,,,,,3,,,,,,,,,,,,,,
심동섭,10056,투수,,1991,KIA,2011,2018,8,,3,2.5,,,,,,,,,,,,,,,,,,,,,,,,,,,,,,3,3,3,3,3,2,2,1,,,,,,,
안규영,10729,투수,,1988,두산,2011,2017,5,,1,1.0,,,,,,,,,,,,,,,,,,,,,,,,,,,,,,1,1,1,,,1,1,,,,,,,,
안영진,10697,투수,,1983,한화,2011,2012,2,,1,1.0,,,,,,,,,,,,,,,,,,,,,,,,,,,,,,1,1,,,,,,,,,,,,,
알드리지,10658,타자,Y,1979,넥센,2011,2011,1,,4,4.0,,,,,,,,,,,,,,,,,,,,,,,,,,,,,,4,,,,,,,,,,,,,,
양영동,10656,타자,,1983,LG,2011,2013,3,,1,1.0,,,,,,,,,,,,,,,,,,,,,,,,,,,,,,1,1,1,,,,,,,,,,,,
양종민,10248,타자,,1990,롯데 · LG,2011,2019,2,,1,1.0,,,,,,,,,,,,,,,,,,,,,,,,,,,,,,1,,,,,,,,1,,,,,,
양현,10730,투수,,1992,두산 · 넥센 · 키움 · 삼성,2011,2024,9,,2,1.2,,,,,,,,,,,,,,,,,,,,,,,,,,,,,,1,,,,1,,,1,1,2,1,1,2,1,
오넬리,10661,투수,Y,1983,한화,2011,2011,1,,3,3.0,,,,,,,,,,,,,,,,,,,,,,,,,,,,,,3,,,,,,,,,,,,,,
유창식,10678,투수,,1992,한화 · KIA,2011,2015,5,2015 한화 3→KIA 3,4,3.6,,,,,,,,,,,,,,,,,,,,,,,,,,,,,,4,4,4,3,3,,,,,,,,,,
윤지웅,10657,투수,,1988,넥센 · LG · NC,2011,2019,7,,2,1.9,,,,,,,,,,,,,,,,,,,,,,,,,,,,,,2,,,2,2,2,1,2,2,,,,,,
윤진호,10476,타자,,1986,LG,2011,2019,3,,1,1.0,,,,,,,,,,,,,,,,,,,,,,,,,,,,,,1,,,,,,,1,1,,,,,,
이태양,10681,투수,,1993,넥센 · NC,2011,2016,5,,3,2.0,,,,,,,,,,,,,,,,,,,,,,,,,,,,,,1,,2,1,3,3,,,,,,,,,
임정우,10713,투수,,1991,SK · LG,2011,2017,7,,3,1.9,,,,,,,,,,,,,,,,,,,,,,,,,,,,,,1,1,2,2,2,2,3,,,,,,,,
임찬규,10652,투수,,1992,LG,2011,2025,13,,4,3.0,,,,,,,,,,,,,,,,,,,,,,,,,,,,,,4,4,4,,,3,3,2,3,2,2,2,2,4,4
임현준,10637,투수,,1988,삼성,2011,2021,7,,2,1.3,,,,,,,,,,,,,,,,,,,,,,,,,,,,,,1,,,,1,,1,1,2,2,1,,,,
저마노,10775,투수,Y,1982,삼성 · KT,2011,2015,2,,4,3.5,,,,,,,,,,,,,,,,,,,,,,,,,,,,,,3,,,,4,,,,,,,,,,
정진호,10645,타자,,1988,두산 · 한화,2011,2021,9,,1,1.0,,,,,,,,,,,,,,,,,,,,,,,,,,,,,,1,1,,,1,1,1,1,1,1,1,,,,
정형식,10343,타자,,1991,삼성,2011,2014,4,,2,1.5,,,,,,,,,,,,,,,,,,,,,,,,,,,,,,1,1,2,2,,,,,,,,,,,
주키치,10670,투수,Y,1982,LG,2011,2013,3,,5,4.3,,,,,,,,,,,,,,,,,,,,,,,,,,,,,,4,5,4,,,,,,,,,,,,
코리,10646,투수,Y,1973,롯데,2011,2011,1,,3,3.0,,,,,,,,,,,,,,,,,,,,,,,,,,,,,,3,,,,,,,,,,,,,,
트레비스,10649,투수,Y,1982,KIA,2011,2011,1,,4,4.0,,,,,,,,,,,,,,,,,,,,,,,,,,,,,,4,,,,,,,,,,,,,,
페르난도,10679,투수,Y,1982,두산,2011,2011,1,,3,3.0,,,,,,,,,,,,,,,,,,,,,,,,,,,,,,3,,,,,,,,,,,,,,
허도환,10684,타자,,1984,넥센 · 한화 · SK · KT · LG,2011,2024,13,,2,1.3,,,,,,,,,,,,,,,,,,,,,,,,,,,,,,1,1,2,1,1,1,1,,1,1,1,2,2,2,
허웅,10084,타자,,1983,SK,2011,2011,1,,1,1.0,,,,,,,,,,,,,,,,,,,,,,,,,,,,,,1,,,,,,,,,,,,,,
홍건희,10696,투수,,1992,KIA · 두산,2011,2025,12,2020 KIA 2→두산 2,3,2.2,,,,,,,,,,,,,,,,,,,,,,,,,,,,,,3,,,,3,2,1,1,2,2,2,2,2,3,3
김병현,10843,투수,,1979,넥센 · KIA,2012,2015,4,,5,4.5,,,,,,,,,,,,,,,,,,,,,,,,,,,,,,,5,5,4,4,,,,,,,,,,
김성현,10636,타자,,1987,SK · SSG,2012,2025,14,,4,2.1,,,,,,,,,,,,,,,,,,,,,,,,,,,,,,,1,1,2,2,2,2,2,2,2,4,3,3,2,2
김재율,10929,타자,,1989,LG,2012,2018,3,,1,1.0,,,,,,,,,,,,,,,,,,,,,,,,,,,,,,,1,,,,,1,1,,,,,,,
김재현,10111,타자,,1987,SK,2012,2019,5,,1,1.0,,,,,,,,,,,,,,,,,,,,,,,,,,,,,,,1,1,,,1,,1,1,,,,,,
김종훈,10787,투수,,1989,KIA,2012,2012,1,,1,1.0,,,,,,,,,,,,,,,,,,,,,,,,,,,,,,,1,,,,,,,,,,,,,
라미레즈,10926,투수,Y,1979,KIA,2012,2012,1,,3,3.0,,,,,,,,,,,,,,,,,,,,,,,,,,,,,,,3,,,,,,,,,,,,,
마리오,10782,투수,Y,1984,SK,2012,2012,1,,4,4.0,,,,,,,,,,,,,,,,,,,,,,,,,,,,,,,4,,,,,,,,,,,,,
문우람,10860,타자,,1992,넥센,2012,2015,4,,2,1.2,,,,,,,,,,,,,,,,,,,,,,,,,,,,,,,1,1,2,1,,,,,,,,,,
박종윤,10864,투수,,1993,넥센,2012,2012,1,,1,1.0,,,,,,,,,,,,,,,,,,,,,,,,,,,,,,,1,,,,,,,,,,,,,
박지훈,10789,투수,,1989,KIA,2012,2017,3,,2,1.7,,,,,,,,,,,,,,,,,,,,,,,,,,,,,,,2,2,,,,1,,,,,,,,
박찬호,10907,투수,,1973,한화,2012,2012,1,,2,2.0,,,,,,,,,,,,,,,,,,,,,,,,,,,,,,,2,,,,,,,,,,,,,
박헌도,10410,타자,,1987,넥센 · 롯데,2012,2018,6,,1,1.0,,,,,,,,,,,,,,,,,,,,,,,,,,,,,,,1,,1,1,1,1,1,,,,,,,
밴헤켄,10844,투수,Y,1979,넥센,2012,2017,6,,5,4.7,,,,,,,,,,,,,,,,,,,,,,,,,,,,,,,4,5,5,5,5,4,,,,,,,,
변시원,10882,투수,,1993,두산 · KIA,2012,2020,5,,1,1.0,,,,,,,,,,,,,,,,,,,,,,,,,,,,,,,1,1,1,,,,1,,1,,,,,
부시,10937,투수,Y,1979,SK,2012,2012,1,,4,4.0,,,,,,,,,,,,,,,,,,,,,,,,,,,,,,,4,,,,,,,,,,,,,
서건창,10855,타자,,1989,넥센 · 키움 · LG · KIA,2012,2024,13,2021 키움 3→LG 3,5,3.2,,,,,,,,,,,,,,,,,,,,,,,,,,,,,,,2,4,4,5,4,4,3,3,3,3,2,2,2,
션헨,10936,투수,Y,1981,한화,2012,2012,1,,3,3.0,,,,,,,,,,,,,,,,,,,,,,,,,,,,,,,3,,,,,,,,,,,,,
소사,10933,투수,Y,1985,KIA · 넥센 · LG · SK,2012,2019,8,,5,4.1,,,,,,,,,,,,,,,,,,,,,,,,,,,,,,,4,4,4,5,4,4,4,4,,,,,,
신본기,10840,타자,,1989,롯데 · KT,2012,2024,12,,2,1.5,,,,,,,,,,,,,,,,,,,,,,,,,,,,,,,1,1,1,,1,2,2,2,1,2,1,2,2,
신창호,10793,투수,,1987,KIA,2012,2015,4,,1,1.0,,,,,,,,,,,,,,,,,,,,,,,,,,,,,,,1,1,1,1,,,,,,,,,,
심창민,10720,투수,,1993,삼성 · NC,2012,2022,10,,4,3.0,,,,,,,,,,,,,,,,,,,,,,,,,,,,,,,4,4,4,4,4,3,2,,2,2,1,,,
앤서니,10794,투수,Y,1982,KIA,2012,2013,2,,4,4.0,,,,,,,,,,,,,,,,,,,,,,,,,,,,,,,4,4,,,,,,,,,,,,
양성우,10916,타자,,1989,한화,2012,2019,5,,2,1.4,,,,,,,,,,,,,,,,,,,,,,,,,,,,,,,1,,,,2,2,1,1,,,,,,
유먼,10828,투수,Y,1979,롯데 · 한화,2012,2015,4,,5,4.5,,,,,,,,,,,,,,,,,,,,,,,,,,,,,,,4,5,5,4,,,,,,,,,,
윤해진,10816,타자,,1989,KIA,2012,2016,4,,1,1.0,,,,,,,,,,,,,,,,,,,,,,,,,,,,,,,1,1,,1,1,,,,,,,,,
이시찬,10654,타자,,1985,한화,2012,2015,4,,1,1.0,,,,,,,,,,,,,,,,,,,,,,,,,,,,,,,1,1,1,1,,,,,,,,,,
이준수,10931,타자,,1988,한화 · KT,2012,2019,3,,1,1.0,,,,,,,,,,,,,,,,,,,,,,,,,,,,,,,1,1,,,,,,1,,,,,,
이준호,10703,타자,,1987,KIA,2012,2013,2,,1,1.0,,,,,,,,,,,,,,,,,,,,,,,,,,,,,,,1,1,,,,,,,,,,,,
이지영,10312,타자,,1986,삼성 · 키움 · SSG,2012,2025,14,,4,2.1,,,,,,,,,,,,,,,,,,,,,,,,,,,,,,,1,1,1,2,2,2,1,1,3,4,3,4,2,2
이희성,10761,투수,,1988,LG,2012,2012,1,,1,1.0,,,,,,,,,,,,,,,,,,,,,,,,,,,,,,,1,,,,,,,,,,,,,
임치영,10788,투수,,1988,SK,2012,2012,1,,1,1.0,,,,,,,,,,,,,,,,,,,,,,,,,,,,,,,1,,,,,,,,,,,,,
정대훈,10611,투수,,1985,한화,2012,2016,5,,2,1.2,,,,,,,,,,,,,,,,,,,,,,,,,,,,,,,1,1,1,2,1,,,,,,,,,
정범모,10772,타자,,1987,한화 · NC,2012,2019,7,,1,1.0,,,,,,,,,,,,,,,,,,,,,,,,,,,,,,,1,1,1,1,,1,1,1,,,,,,
조윤준,10854,타자,,1989,LG,2012,2017,3,,1,1.0,,,,,,,,,,,,,,,,,,,,,,,,,,,,,,,1,1,,,,1,,,,,,,,
지재옥,10867,타자,,1988,넥센,2012,2012,1,,1,1.0,,,,,,,,,,,,,,,,,,,,,,,,,,,,,,,1,,,,,,,,,,,,,
최성훈,10851,투수,,1989,LG · 삼성,2012,2024,8,,2,1.1,,,,,,,,,,,,,,,,,,,,,,,,,,,,,,,2,,,,1,1,1,,1,1,1,,1,
최영진,10934,타자,,1988,LG · 삼성,2012,2022,6,,1,1.0,,,,,,,,,,,,,,,,,,,,,,,,,,,,,,,1,,,,,,1,1,1,1,1,,,
최우석,10910,투수,,1993,한화,2012,2012,1,,1,1.0,,,,,,,,,,,,,,,,,,,,,,,,,,,,,,,1,,,,,,,,,,,,,
최재훈,10170,타자,,1989,두산 · 한화,2012,2025,13,,5,2.3,,,,,,,,,,,,,,,,,,,,,,,,,,,,,,,1,1,1,1,,1,1,2,2,2,5,4,4,5
최주환,10182,타자,,1988,두산 · SSG · 키움,2012,2025,14,,5,2.4,,,,,,,,,,,,,,,,,,,,,,,,,,,,,,,1,1,1,1,1,2,2,3,2,5,4,4,4,2
탈보트,10880,투수,Y,1983,삼성 · 한화,2012,2015,2,,4,4.0,,,,,,,,,,,,,,,,,,,,,,,,,,,,,,,4,,,4,,,,,,,,,,
프록터,10919,투수,Y,1977,두산,2012,2012,1,,4,4.0,,,,,,,,,,,,,,,,,,,,,,,,,,,,,,,4,,,,,,,,,,,,,
하주석,10913,타자,,1994,한화,2012,2025,10,,4,2.5,,,,,,,,,,,,,,,,,,,,,,,,,,,,,,,3,,,,3,3,4,,2,2,2,2,2,2
한성구,10800,타자,,1988,KIA,2012,2012,1,,1,1.0,,,,,,,,,,,,,,,,,,,,,,,,,,,,,,,1,,,,,,,,,,,,,
한승혁,10812,투수,,1993,KIA · 한화,2012,2025,12,,3,2.2,,,,,,,,,,,,,,,,,,,,,,,,,,,,,,,3,3,3,3,3,2,2,,,1,2,1,2,2
한현희,10863,투수,,1993,넥센 · 키움 · 롯데,2012,2025,13,,4,2.6,,,,,,,,,,,,,,,,,,,,,,,,,,,,,,,2,2,2,3,,2,2,2,3,2,2,4,4,4
허경민,10184,타자,,1990,두산 · KT,2012,2025,14,,5,3.6,,,,,,,,,,,,,,,,,,,,,,,,,,,,,,,3,3,3,3,4,3,2,4,4,5,4,4,4,4
홍성민,10814,투수,,1989,KIA · 롯데 · NC,2012,2021,8,,2,1.9,,,,,,,,,,,,,,,,,,,,,,,,,,,,,,,2,2,2,2,2,,,1,2,2,,,,
황정립,10819,타자,,1989,KIA,2012,2013,2,,1,1.0,,,,,,,,,,,,,,,,,,,,,,,,,,,,,,,1,1,,,,,,,,,,,,
권희동,11172,타자,,1990,NC,2013,2025,12,,2,1.8,,,,,,,,,,,,,,,,,,,,,,,,,,,,,,,,2,1,,1,2,2,2,2,2,2,2,2,2
김경태,10583,투수,,1991,한화,2013,2019,4,,1,1.0,,,,,,,,,,,,,,,,,,,,,,,,,,,,,,,,1,,,1,1,,1,,,,,,
김사훈,10834,타자,,1987,롯데,2013,2018,4,,1,1.0,,,,,,,,,,,,,,,,,,,,,,,,,,,,,,,,1,,,1,1,1,,,,,,,
김상호,10837,타자,,1989,롯데,2013,2017,3,,2,1.3,,,,,,,,,,,,,,,,,,,,,,,,,,,,,,,,1,,,2,1,,,,,,,,
김용주,10585,투수,,1991,한화,2013,2016,3,,1,1.0,,,,,,,,,,,,,,,,,,,,,,,,,,,,,,,,1,,1,1,,,,,,,,,
김종호,10333,타자,,1984,NC,2013,2016,4,,2,2.0,,,,,,,,,,,,,,,,,,,,,,,,,,,,,,,,2,2,2,2,,,,,,,,,
김준,10132,투수,,1985,SK,2013,2013,1,,1,1.0,,,,,,,,,,,,,,,,,,,,,,,,,,,,,,,,1,,,,,,,,,,,,
김지수,10399,타자,,1986,넥센 · 키움,2013,2019,6,,1,1.0,,,,,,,,,,,,,,,,,,,,,,,,,,,,,,,,1,,1,1,1,1,1,,,,,,
김진성,11166,투수,,1985,NC · LG,2013,2025,13,,2,1.8,,,,,,,,,,,,,,,,,,,,,,,,,,,,,,,,1,2,2,2,2,2,1,2,2,2,2,2,2
김현우,10358,투수,,1988,삼성,2013,2017,5,,1,1.0,,,,,,,,,,,,,,,,,,,,,,,,,,,,,,,,1,1,1,1,1,,,,,,,,
나성범,11162,타자,,1989,NC · KIA,2013,2025,13,,5,4.3,,,,,,,,,,,,,,,,,,,,,,,,,,,,,,,,3,3,4,4,3,5,5,5,5,5,5,5,4
노건우,11144,투수,,1989,NC · 삼성,2013,2023,7,,3,1.9,,,,,,,,,,,,,,,,,,,,,,,,,,,,,,,,3,3,3,,,1,,1,1,,1,,
노진혁,11165,타자,,1989,NC · 롯데,2013,2025,10,,5,2.8,,,,,,,,,,,,,,,,,,,,,,,,,,,,,,,,2,,1,,,2,2,2,2,2,5,5,5
레이예스,11081,투수,Y,1984,SK,2013,2014,2,,4,4.0,,,,,,,,,,,,,,,,,,,,,,,,,,,,,,,,4,4,,,,,,,,,,,
로드리게스,11104,투수,Y,1987,삼성,2013,2013,1,,3,3.0,,,,,,,,,,,,,,,,,,,,,,,,,,,,,,,,3,,,,,,,,,,,,
류제국,11090,투수,,1983,LG,2013,2019,6,,4,3.7,,,,,,,,,,,,,,,,,,,,,,,,,,,,,,,,4,4,4,4,4,,2,,,,,,
마낙길,11138,타자,,1989,NC,2013,2013,1,,1,1.0,,,,,,,,,,,,,,,,,,,,,,,,,,,,,,,,1,,,,,,,,,,,,
문선재,10468,타자,,1990,LG · KIA,2013,2019,5,,1,1.0,,,,,,,,,,,,,,,,,,,,,,,,,,,,,,,,1,,1,1,1,,1,,,,,,
문승원,10783,투수,,1989,SK · SSG,2013,2025,11,,4,2.6,,,,,,,,,,,,,,,,,,,,,,,,,,,,,,,,1,,,1,2,2,2,2,3,4,4,4,4
박건우,10189,타자,,1990,두산 · NC,2013,2025,13,,5,3.1,,,,,,,,,,,,,,,,,,,,,,,,,,,,,,,,1,1,1,2,3,3,2,4,4,5,5,5,4
박동원,10387,타자,,1990,넥센 · 키움 · KIA · LG,2013,2025,13,2022 키움 2→KIA 2,5,2.4,,,,,,,,,,,,,,,,,,,,,,,,,,,,,,,,1,1,2,2,1,1,2,2,2,2,5,5,5
박민우,11137,타자,,1993,NC,2013,2025,13,,5,3.5,,,,,,,,,,,,,,,,,,,,,,,,,,,,,,,,1,2,3,3,2,3,3,5,5,4,5,5,5
박세혁,10891,타자,,1990,두산 · NC,2013,2025,11,,5,2.5,,,,,,,,,,,,,,,,,,,,,,,,,,,,,,,,1,,,1,1,1,2,3,2,2,5,5,4
박으뜸,11175,타자,,1990,NC,2013,2013,1,,1,1.0,,,,,,,,,,,,,,,,,,,,,,,,,,,,,,,,1,,,,,,,,,,,,
박준표,11070,투수,,1992,KIA,2013,2024,10,,2,1.1,,,,,,,,,,,,,,,,,,,,,,,,,,,,,,,,1,1,1,1,,,1,2,1,1,1,1,
백용환,10003,타자,,1989,KIA · 한화,2013,2021,8,,1,1.0,,,,,,,,,,,,,,,,,,,,,,,,,,,,,,,,1,1,1,1,,1,1,1,1,,,,
백청훈,10136,투수,,1987,SK,2013,2018,5,,2,1.2,,,,,,,,,,,,,,,,,,,,,,,,,,,,,,,,2,1,1,,1,1,,,,,,,
밴덴헐크,11103,투수,Y,1985,삼성,2013,2014,2,,4,4.0,,,,,,,,,,,,,,,,,,,,,,,,,,,,,,,,4,4,,,,,,,,,,,
빌로우,11184,투수,Y,1985,KIA,2013,2013,1,,3,3.0,,,,,,,,,,,,,,,,,,,,,,,,,,,,,,,,3,,,,,,,,,,,,
세든,11080,투수,Y,1983,SK,2013,2016,3,,5,4.3,,,,,,,,,,,,,,,,,,,,,,,,,,,,,,,,4,,5,4,,,,,,,,,
손동욱,11069,투수,,1989,KIA,2013,2013,1,,1,1.0,,,,,,,,,,,,,,,,,,,,,,,,,,,,,,,,1,,,,,,,,,,,,
손정욱,11142,투수,,1990,NC,2013,2021,5,,2,1.2,,,,,,,,,,,,,,,,,,,,,,,,,,,,,,,,1,2,1,,,,,1,1,,,,
송주호,10326,타자,,1988,한화,2013,2016,3,,1,1.0,,,,,,,,,,,,,,,,,,,,,,,,,,,,,,,,1,,1,1,,,,,,,,,
송창현,11118,투수,,1989,한화,2013,2019,4,,2,1.5,,,,,,,,,,,,,,,,,,,,,,,,,,,,,,,,2,2,,1,,,1,,,,,,
아담,11158,투수,Y,1987,NC,2013,2013,1,,4,4.0,,,,,,,,,,,,,,,,,,,,,,,,,,,,,,,,4,,,,,,,,,,,,
안태영,11132,타자,,1985,넥센,2013,2014,2,,1,1.0,,,,,,,,,,,,,,,,,,,,,,,,,,,,,,,,1,1,,,,,,,,,,,
엄태용,10914,타자,,1994,한화,2013,2013,1,,1,1.0,,,,,,,,,,,,,,,,,,,,,,,,,,,,,,,,1,,,,,,,,,,,,
여건욱,10140,투수,,1986,SK · LG,2013,2020,5,,2,1.2,,,,,,,,,,,,,,,,,,,,,,,,,,,,,,,,1,2,,,,1,1,1,,,,,
올슨,11177,투수,Y,1983,두산,2013,2013,1,,3,3.0,,,,,,,,,,,,,,,,,,,,,,,,,,,,,,,,3,,,,,,,,,,,,
유창준,11185,투수,,1989,두산,2013,2013,1,,1,1.0,,,,,,,,,,,,,,,,,,,,,,,,,,,,,,,,1,,,,,,,,,,,,
윤명준,10885,투수,,1989,두산 · 롯데,2013,2023,9,,2,1.9,,,,,,,,,,,,,,,,,,,,,,,,,,,,,,,,1,2,2,2,,,2,2,2,2,2,,
이동걸,10778,투수,,1983,삼성 · 한화,2013,2017,5,,1,1.0,,,,,,,,,,,,,,,,,,,,,,,,,,,,,,,,1,1,1,1,1,,,,,,,,
이동훈,11191,타자,,1989,KIA,2013,2013,1,,1,1.0,,,,,,,,,,,,,,,,,,,,,,,,,,,,,,,,1,,,,,,,,,,,,
이명기,10119,타자,,1987,SK · KIA · NC · 한화,2013,2023,11,2019 KIA 2→NC 2,2,1.7,,,,,,,,,,,,,,,,,,,,,,,,,,,,,,,,1,1,2,1,2,2,2,2,2,2,2,,
이민호,11151,투수,,1993,NC,2013,2019,7,,3,2.9,,,,,,,,,,,,,,,,,,,,,,,,,,,,,,,,3,3,3,3,3,3,2,,,,,,
이브랜드,11113,투수,Y,1983,한화,2013,2013,1,,4,4.0,,,,,,,,,,,,,,,,,,,,,,,,,,,,,,,,4,,,,,,,,,,,,
이상호,11147,타자,,1989,NC · LG · KT,2013,2023,9,,1,1.0,,,,,,,,,,,,,,,,,,,,,,,,,,,,,,,,1,1,,,1,1,1,1,1,1,1,,
이성민,11154,투수,,1990,NC · KT · 롯데,2013,2016,4,2015 KT 2→롯데 2,2,1.2,,,,,,,,,,,,,,,,,,,,,,,,,,,,,,,,1,1,2,1,,,,,,,,,
이정호,10731,투수,,1992,두산,2013,2013,1,,1,1.0,,,,,,,,,,,,,,,,,,,,,,,,,,,,,,,,1,,,,,,,,,,,,
이지모,10832,투수,,1986,롯데,2013,2013,1,,1,1.0,,,,,,,,,,,,,,,,,,,,,,,,,,,,,,,,1,,,,,,,,,,,,
이태양,10609,투수,,1990,한화 · SK · SSG,2013,2025,12,2020 한화 2→SK 2,4,2.4,,,,,,,,,,,,,,,,,,,,,,,,,,,,,,,,1,2,,2,2,2,2,2,2,2,4,4,4
이태원,11160,타자,,1986,NC,2013,2014,2,,1,1.0,,,,,,,,,,,,,,,,,,,,,,,,,,,,,,,,1,1,,,,,,,,,,,
이홍구,11071,타자,,1990,KIA · SK · KT,2013,2021,6,2020 SK 1→KT 1,1,1.0,,,,,,,,,,,,,,,,,,,,,,,,,,,,,,,,1,,1,1,1,,,1,1,,,,
임기영,10909,투수,,1993,한화 · KIA,2013,2025,11,,3,2.1,,,,,,,,,,,,,,,,,,,,,,,,,,,,,,,,1,1,,,2,3,3,2,2,2,2,2,3
임준섭,10795,투수,,1989,KIA · 한화 · SSG · 롯데,2013,2024,9,2015 KIA 2→한화 2,2,1.4,,,,,,,,,,,,,,,,,,,,,,,,,,,,,,,,2,2,2,,,1,2,1,1,,1,1,
임창민,10452,투수,,1985,NC · 두산 · 키움 · 삼성,2013,2025,13,,3,2.1,,,,,,,,,,,,,,,,,,,,,,,,,,,,,,,,2,2,2,3,2,2,2,2,2,2,2,2,2
정병곤,10756,타자,,1988,삼성 · 두산,2013,2019,3,,1,1.0,,,,,,,,,,,,,,,,,,,,,,,,,,,,,,,,1,,,,1,,1,,,,,,
정주현,10480,타자,,1990,LG,2013,2023,7,,2,1.3,,,,,,,,,,,,,,,,,,,,,,,,,,,,,,,,1,,,1,,1,2,2,1,,1,,
정진,11133,투수,,1979,NC,2013,2013,1,,1,1.0,,,,,,,,,,,,,,,,,,,,,,,,,,,,,,,,1,,,,,,,,,,,,
조상우,11126,투수,,1994,넥센 · 키움 · KIA,2013,2025,10,,4,2.7,,,,,,,,,,,,,,,,,,,,,,,,,,,,,,,,3,3,3,,3,2,2,3,4,,,2,2
조성우,10122,타자,,1988,SK,2013,2013,1,,1,1.0,,,,,,,,,,,,,,,,,,,,,,,,,,,,,,,,1,,,,,,,,,,,,
조정원,11121,타자,,1990,한화,2013,2014,2,,1,1.0,,,,,,,,,,,,,,,,,,,,,,,,,,,,,,,,1,1,,,,,,,,,,,
조지훈,11115,투수,,1994,한화,2013,2013,1,,1,1.0,,,,,,,,,,,,,,,,,,,,,,,,,,,,,,,,1,,,,,,,,,,,,
조평호,10776,타자,,1985,NC,2013,2017,2,,1,1.0,,,,,,,,,,,,,,,,,,,,,,,,,,,,,,,,1,,,,1,,,,,,,,
조홍석,11086,타자,,1990,롯데,2013,2019,3,,1,1.0,,,,,,,,,,,,,,,,,,,,,,,,,,,,,,,,1,,,,,1,1,,,,,,
찰리,11157,투수,Y,1985,NC,2013,2015,3,,5,4.7,,,,,,,,,,,,,,,,,,,,,,,,,,,,,,,,4,5,5,,,,,,,,,,
최금강,11174,투수,,1989,NC,2013,2021,7,,2,1.6,,,,,,,,,,,,,,,,,,,,,,,,,,,,,,,,1,1,2,2,2,1,,,2,,,,
최재원,11141,타자,,1990,NC · 삼성 · LG,2013,2017,4,,1,1.0,,,,,,,,,,,,,,,,,,,,,,,,,,,,,,,,1,,1,1,1,,,,,,,,
한승택,11119,타자,,1994,한화 · KIA,2013,2023,9,,2,1.1,,,,,,,,,,,,,,,,,,,,,,,,,,,,,,,,1,,,1,1,2,1,1,1,1,1,,
한유섬,10815,타자,,1989,SK · SSG,2013,2025,11,,5,2.8,,,,,,,,,,,,,,,,,,,,,,,,,,,,,,,,2,1,,,2,2,2,2,2,4,5,5,4
해커,11156,투수,Y,1983,NC · 넥센,2013,2018,6,,5,4.5,,,,,,,,,,,,,,,,,,,,,,,,,,,,,,,,4,5,5,5,4,4,,,,,,,
핸킨스,11181,투수,Y,1983,두산,2013,2013,1,,3,3.0,,,,,,,,,,,,,,,,,,,,,,,,,,,,,,,,3,,,,,,,,,,,,
강경학,10676,타자,,1992,한화,2014,2020,7,,2,1.1,,,,,,,,,,,,,,,,,,,,,,,,,,,,,,,,,1,2,1,1,1,1,1,,,,,
강승현,10268,투수,,1985,롯데 · 한화,2014,2017,3,,1,1.0,,,,,,,,,,,,,,,,,,,,,,,,,,,,,,,,,1,,1,1,,,,,,,,
강한울,11255,타자,,1991,KIA · 삼성,2014,2023,9,,2,1.1,,,,,,,,,,,,,,,,,,,,,,,,,,,,,,,,,1,1,1,2,1,,1,1,1,1,,
김기현,11267,투수,,1989,한화,2014,2015,2,,2,1.5,,,,,,,,,,,,,,,,,,,,,,,,,,,,,,,,,1,2,,,,,,,,,,
김대유,10706,투수,,1991,SK · KT · LG · KIA,2014,2025,7,,2,1.4,,,,,,,,,,,,,,,,,,,,,,,,,,,,,,,,,1,,,,,1,,2,2,2,1,1
김민수,11266,타자,,1991,한화 · 삼성,2014,2021,3,,1,1.0,,,,,,,,,,,,,,,,,,,,,,,,,,,,,,,,,1,,,,,1,,1,,,,
김민하,10777,타자,,1989,롯데 · 한화,2014,2021,7,,1,1.0,,,,,,,,,,,,,,,,,,,,,,,,,,,,,,,,,1,1,1,,1,1,1,1,,,,
김유영,11229,투수,,1994,롯데 · LG,2014,2024,7,,2,1.3,,,,,,,,,,,,,,,,,,,,,,,,,,,,,,,,,1,,1,1,,,1,1,2,,2,
김지훈,11257,투수,,1992,KIA,2014,2014,1,,1,1.0,,,,,,,,,,,,,,,,,,,,,,,,,,,,,,,,,1,,,,,,,,,,,
김진형,10186,타자,,1990,두산,2014,2014,1,,1,1.0,,,,,,,,,,,,,,,,,,,,,,,,,,,,,,,,,1,,,,,,,,,,,
김태훈,10871,투수,,1992,넥센 · 키움 · 삼성,2014,2025,10,2023 키움 2→삼성 2,2,1.6,,,,,,,,,,,,,,,,,,,,,,,,,,,,,,,,,1,1,,,1,1,2,2,2,2,2,2
김하성,11224,타자,,1995,넥센 · 키움,2014,2020,7,,5,3.1,,,,,,,,,,,,,,,,,,,,,,,,,,,,,,,,,1,2,3,3,4,4,5,,,,,
김헌곤,10640,타자,,1988,삼성,2014,2025,9,,2,1.8,,,,,,,,,,,,,,,,,,,,,,,,,,,,,,,,,1,,,2,2,2,2,2,2,,1,2
나바로,11194,타자,Y,1987,삼성,2014,2015,2,,5,4.5,,,,,,,,,,,,,,,,,,,,,,,,,,,,,,,,,4,5,,,,,,,,,,
로티노,11218,타자,Y,1980,넥센,2014,2014,1,,3,3.0,,,,,,,,,,,,,,,,,,,,,,,,,,,,,,,,,3,,,,,,,,,,,
리오단,11217,투수,Y,1986,LG,2014,2014,1,,4,4.0,,,,,,,,,,,,,,,,,,,,,,,,,,,,,,,,,4,,,,,,,,,,,
마야,11293,투수,Y,1981,두산,2014,2015,2,,4,3.5,,,,,,,,,,,,,,,,,,,,,,,,,,,,,,,,,3,4,,,,,,,,,,
마틴,11195,투수,Y,1983,삼성,2014,2014,1,,4,4.0,,,,,,,,,,,,,,,,,,,,,,,,,,,,,,,,,4,,,,,,,,,,,
박계현,10803,타자,,1992,SK,2014,2015,2,,1,1.0,,,,,,,,,,,,,,,,,,,,,,,,,,,,,,,,,1,1,,,,,,,,,,
박민호,11236,투수,,1992,SK · SSG,2014,2024,9,,2,1.1,,,,,,,,,,,,,,,,,,,,,,,,,,,,,,,,,1,1,1,,,1,2,1,1,1,1,
박준태,11260,타자,,1991,KIA · 키움,2014,2022,7,,2,1.1,,,,,,,,,,,,,,,,,,,,,,,,,,,,,,,,,1,1,,,1,1,2,1,1,,,
박해민,11190,타자,,1990,삼성 · LG,2014,2025,12,,5,3.2,,,,,,,,,,,,,,,,,,,,,,,,,,,,,,,,,2,2,2,2,2,3,2,3,5,5,5,5
밴와트,11288,투수,Y,1986,SK · KT,2014,2016,3,,4,3.7,,,,,,,,,,,,,,,,,,,,,,,,,,,,,,,,,3,4,4,,,,,,,,,
볼스테드,11202,투수,Y,1986,두산,2014,2014,1,,4,4.0,,,,,,,,,,,,,,,,,,,,,,,,,,,,,,,,,4,,,,,,,,,,,
스나이더,11287,타자,Y,1982,LG · 넥센,2014,2015,2,,4,3.5,,,,,,,,,,,,,,,,,,,,,,,,,,,,,,,,,3,4,,,,,,,,,,
스캇,11237,타자,Y,1978,SK,2014,2014,1,,3,3.0,,,,,,,,,,,,,,,,,,,,,,,,,,,,,,,,,3,,,,,,,,,,,
신동훈,10849,투수,,1994,LG,2014,2014,1,,1,1.0,,,,,,,,,,,,,,,,,,,,,,,,,,,,,,,,,1,,,,,,,,,,,
신현철,10763,타자,,1987,SK,2014,2014,1,,1,1.0,,,,,,,,,,,,,,,,,,,,,,,,,,,,,,,,,1,,,,,,,,,,,
안정광,10100,타자,,1989,SK,2014,2014,1,,1,1.0,,,,,,,,,,,,,,,,,,,,,,,,,,,,,,,,,1,,,,,,,,,,,
앨버스,11272,투수,Y,1985,한화,2014,2014,1,,4,4.0,,,,,,,,,,,,,,,,,,,,,,,,,,,,,,,,,4,,,,,,,,,,,
어센시오,11262,투수,Y,1983,KIA,2014,2014,1,,4,4.0,,,,,,,,,,,,,,,,,,,,,,,,,,,,,,,,,4,,,,,,,,,,,
오태곤,10249,타자,,1991,롯데 · KT · SK · SSG,2014,2025,12,2020 KT 1→SK 1,3,1.8,,,,,,,,,,,,,,,,,,,,,,,,,,,,,,,,,1,1,1,2,2,2,1,1,1,3,3,3
울프,11239,투수,Y,1982,SK,2014,2014,1,,4,4.0,,,,,,,,,,,,,,,,,,,,,,,,,,,,,,,,,4,,,,,,,,,,,
원종현,11161,투수,,1987,NC · 키움,2014,2025,10,,4,3.1,,,,,,,,,,,,,,,,,,,,,,,,,,,,,,,,,3,,3,4,3,2,3,3,2,4,,4
웨버,11249,투수,Y,1984,NC,2014,2014,1,,4,4.0,,,,,,,,,,,,,,,,,,,,,,,,,,,,,,,,,4,,,,,,,,,,,
이상백,10146,투수,,1987,SK,2014,2014,1,,1,1.0,,,,,,,,,,,,,,,,,,,,,,,,,,,,,,,,,1,,,,,,,,,,,
이수민,11196,투수,,1995,삼성,2014,2014,1,,1,1.0,,,,,,,,,,,,,,,,,,,,,,,,,,,,,,,,,1,,,,,,,,,,,
이창욱,10785,투수,,1984,SK,2014,2014,1,,1,1.0,,,,,,,,,,,,,,,,,,,,,,,,,,,,,,,,,1,,,,,,,,,,,
이흥련,11108,타자,,1989,삼성 · 두산 · SK · SSG,2014,2022,7,,1,1.0,,,,,,,,,,,,,,,,,,,,,,,,,,,,,,,,,1,1,1,,,1,1,1,1,,,
임지섭,11211,투수,,1995,LG,2014,2019,3,,3,2.3,,,,,,,,,,,,,,,,,,,,,,,,,,,,,,,,,3,3,,,,1,,,,,,
장운호,11122,타자,,1994,한화,2014,2022,5,,1,1.0,,,,,,,,,,,,,,,,,,,,,,,,,,,,,,,,,1,1,1,,,,,1,1,,,
조쉬벨,11216,타자,,1986,LG,2014,2014,1,,1,1.0,,,,,,,,,,,,,,,,,,,,,,,,,,,,,,,,,1,,,,,,,,,,,
조이현,11284,투수,,1995,한화 · SK · SSG · KT,2014,2025,7,,2,1.1,,,,,,,,,,,,,,,,,,,,,,,,,,,,,,,,,1,,,,,1,2,1,,1,1,1
채은성,11215,타자,,1990,LG · 한화,2014,2025,12,,5,2.7,,,,,,,,,,,,,,,,,,,,,,,,,,,,,,,,,1,1,2,2,2,2,2,3,2,5,5,5
최설우,11276,투수,,1992,한화 · 롯데,2014,2023,5,,2,1.2,,,,,,,,,,,,,,,,,,,,,,,,,,,,,,,,,2,,,,,1,1,1,,1,,
최승준,11092,타자,,1988,LG · SK,2014,2018,5,,1,1.0,,,,,,,,,,,,,,,,,,,,,,,,,,,,,,,,,1,1,1,1,1,,,,,,,
최현정,10732,투수,,1992,KIA,2014,2014,1,,1,1.0,,,,,,,,,,,,,,,,,,,,,,,,,,,,,,,,,1,,,,,,,,,,,
칸투,11201,타자,Y,1982,두산,2014,2014,1,,4,4.0,,,,,,,,,,,,,,,,,,,,,,,,,,,,,,,,,4,,,,,,,,,,,
클레이,11277,투수,Y,1988,한화,2014,2014,1,,3,3.0,,,,,,,,,,,,,,,,,,,,,,,,,,,,,,,,,3,,,,,,,,,,,
타투스코,11286,투수,Y,1985,한화,2014,2014,1,,3,3.0,,,,,,,,,,,,,,,,,,,,,,,,,,,,,,,,,3,,,,,,,,,,,
테임즈,11252,타자,Y,1986,NC,2014,2016,3,,5,4.7,,,,,,,,,,,,,,,,,,,,,,,,,,,,,,,,,4,5,5,,,,,,,,,
토마스,11292,투수,Y,1984,KIA,2014,2014,1,,3,3.0,,,,,,,,,,,,,,,,,,,,,,,,,,,,,,,,,3,,,,,,,,,,,
티포드,11282,투수,Y,1984,LG,2014,2014,1,,4,4.0,,,,,,,,,,,,,,,,,,,,,,,,,,,,,,,,,4,,,,,,,,,,,
피에,11275,타자,Y,1985,한화,2014,2014,1,,4,4.0,,,,,,,,,,,,,,,,,,,,,,,,,,,,,,,,,4,,,,,,,,,,,
필,11264,타자,Y,1984,KIA,2014,2016,3,,4,4.0,,,,,,,,,,,,,,,,,,,,,,,,,,,,,,,,,4,4,4,,,,,,,,,
하영민,11222,투수,,1995,넥센 · 키움,2014,2025,9,,2,1.3,,,,,,,,,,,,,,,,,,,,,,,,,,,,,,,,,1,1,1,1,1,,,,1,2,2,2
함덕주,11094,투수,,1995,두산 · LG,2014,2025,12,,3,2.3,,,,,,,,,,,,,,,,,,,,,,,,,,,,,,,,,1,2,2,2,3,3,3,2,2,2,3,3
허건엽,10792,투수,,1993,SK,2014,2017,2,,1,1.0,,,,,,,,,,,,,,,,,,,,,,,,,,,,,,,,,1,,,1,,,,,,,,
홀튼,11265,투수,Y,1979,KIA,2014,2014,1,,4,4.0,,,,,,,,,,,,,,,,,,,,,,,,,,,,,,,,,4,,,,,,,,,,,
홍성용,11253,투수,,1986,NC · KT,2014,2018,5,,2,1.4,,,,,,,,,,,,,,,,,,,,,,,,,,,,,,,,,1,1,2,1,2,,,,,,,
황목치승,11290,타자,,1985,LG,2014,2017,4,,1,1.0,,,,,,,,,,,,,,,,,,,,,,,,,,,,,,,,,1,1,1,1,,,,,,,,
히메네스,11228,타자,Y,1982,롯데,2014,2014,1,,4,4.0,,,,,,,,,,,,,,,,,,,,,,,,,,,,,,,,,4,,,,,,,,,,,
강장산,11279,투수,,1990,NC · KT,2015,2017,2,2017 NC 1→KT 1,1,1.0,,,,,,,,,,,,,,,,,,,,,,,,,,,,,,,,,,1,,1,,,,,,,,
고영표,11308,투수,,1991,KT,2015,2025,9,,5,3.0,,,,,,,,,,,,,,,,,,,,,,,,,,,,,,,,,,1,2,2,2,,,2,4,4,5,5
고장혁,11073,타자,,1990,KIA,2015,2019,4,,1,1.0,,,,,,,,,,,,,,,,,,,,,,,,,,,,,,,,,,1,1,1,,1,,,,,,
구승민,11291,투수,,1990,롯데,2015,2025,9,,4,2.1,,,,,,,,,,,,,,,,,,,,,,,,,,,,,,,,,,1,,,2,1,2,2,2,2,3,4
구자욱,10892,타자,,1993,삼성,2015,2025,11,,5,3.6,,,,,,,,,,,,,,,,,,,,,,,,,,,,,,,,,,2,4,4,3,2,2,3,5,5,5,5
김대륙,11390,타자,,1992,롯데,2015,2017,3,,1,1.0,,,,,,,,,,,,,,,,,,,,,,,,,,,,,,,,,,1,1,1,,,,,,,,
김동욱,10309,타자,,1988,KT,2015,2017,3,,1,1.0,,,,,,,,,,,,,,,,,,,,,,,,,,,,,,,,,,1,1,1,,,,,,,,
김동은,11331,타자,,1990,KT,2015,2016,2,,1,1.0,,,,,,,,,,,,,,,,,,,,,,,,,,,,,,,,,,1,1,,,,,,,,,
김민수,11317,투수,,1992,KT,2015,2025,9,,2,1.8,,,,,,,,,,,,,,,,,,,,,,,,,,,,,,,,,,1,1,,,2,2,2,2,2,2,2
김민우,11410,투수,,1995,한화,2015,2024,10,,3,1.7,,,,,,,,,,,,,,,,,,,,,,,,,,,,,,,,,,1,1,1,2,1,2,2,3,2,2,
김민혁,11339,타자,,1995,KT,2015,2025,9,,2,1.6,,,,,,,,,,,,,,,,,,,,,,,,,,,,,,,,,,1,1,,,2,1,1,2,2,2,2
김범수,11411,투수,,1995,한화,2015,2025,11,,2,1.5,,,,,,,,,,,,,,,,,,,,,,,,,,,,,,,,,,1,1,1,2,2,1,2,2,2,1,2
김성욱,11153,타자,,1993,NC · SSG,2015,2025,9,,2,1.3,,,,,,,,,,,,,,,,,,,,,,,,,,,,,,,,,,1,1,1,2,1,1,,,1,2,2
김영환,11332,타자,,1993,KT,2015,2015,1,,1,1.0,,,,,,,,,,,,,,,,,,,,,,,,,,,,,,,,,,1,,,,,,,,,,
김원중,10825,투수,,1993,롯데,2015,2025,11,,5,2.3,,,,,,,,,,,,,,,,,,,,,,,,,,,,,,,,,,1,1,2,2,2,2,2,2,3,3,5
김재윤,11489,투수,,1990,KT · 삼성,2015,2025,11,,5,2.4,,,,,,,,,,,,,,,,,,,,,,,,,,,,,,,,,,1,2,1,2,2,2,2,2,2,5,5
김재현,10870,타자,,1993,넥센 · 키움,2015,2025,8,,1,1.0,,,,,,,,,,,,,,,,,,,,,,,,,,,,,,,,,,1,1,1,1,,,1,1,,1,1
김재현,11289,타자,,1991,삼성,2015,2016,2,,1,1.0,,,,,,,,,,,,,,,,,,,,,,,,,,,,,,,,,,1,1,,,,,,,,,
김종민,11327,타자,,1986,KT,2015,2016,2,,1,1.0,,,,,,,,,,,,,,,,,,,,,,,,,,,,,,,,,,1,1,,,,,,,,,
김주현,11285,타자,,1988,롯데,2015,2016,2,,1,1.0,,,,,,,,,,,,,,,,,,,,,,,,,,,,,,,,,,1,1,,,,,,,,,
김준완,11182,타자,,1991,NC · 키움,2015,2023,6,,2,1.2,,,,,,,,,,,,,,,,,,,,,,,,,,,,,,,,,,1,1,1,,,1,,2,1,,
김준태,10835,타자,,1994,롯데 · KT,2015,2024,8,,2,1.1,,,,,,,,,,,,,,,,,,,,,,,,,,,,,,,,,,1,1,,,1,2,1,1,1,1,
김지열,10551,타자,,1988,KT,2015,2018,4,,1,1.0,,,,,,,,,,,,,,,,,,,,,,,,,,,,,,,,,,1,1,1,1,,,,,,,
김진곤,11341,타자,,1987,KT,2015,2019,3,,1,1.0,,,,,,,,,,,,,,,,,,,,,,,,,,,,,,,,,,1,,1,,1,,,,,,
김태훈,11336,타자,,1996,KT · 삼성,2015,2025,3,,2,1.3,,,,,,,,,,,,,,,,,,,,,,,,,,,,,,,,,,1,,,,,,1,,,,2
김택형,11373,투수,,1996,넥센 · SK · SSG,2015,2025,9,,2,1.2,,,,,,,,,,,,,,,,,,,,,,,,,,,,,,,,,,1,1,,1,1,1,2,2,,1,1
김호령,11298,타자,,1992,KIA,2015,2025,9,,2,1.2,,,,,,,,,,,,,,,,,,,,,,,,,,,,,,,,,,1,2,1,,,1,1,1,1,1,2
남경호,11381,투수,,1996,두산,2015,2015,1,,1,1.0,,,,,,,,,,,,,,,,,,,,,,,,,,,,,,,,,,1,,,,,,,,,,
댄블랙,11493,타자,Y,1987,KT,2015,2015,1,,3,3.0,,,,,,,,,,,,,,,,,,,,,,,,,,,,,,,,,,3,,,,,,,,,,
레일리,11392,투수,Y,1988,롯데,2015,2019,5,,5,4.8,,,,,,,,,,,,,,,,,,,,,,,,,,,,,,,,,,4,5,5,5,5,,,,,,
로메로,11494,타자,Y,1986,두산,2015,2015,1,,3,3.0,,,,,,,,,,,,,,,,,,,,,,,,,,,,,,,,,,3,,,,,,,,,,
로저스,11549,투수,Y,1985,한화 · 넥센,2015,2018,3,,5,4.0,,,,,,,,,,,,,,,,,,,,,,,,,,,,,,,,,,3,4,,5,,,,,,,
루츠,11382,타자,Y,1986,두산,2015,2015,1,,3,3.0,,,,,,,,,,,,,,,,,,,,,,,,,,,,,,,,,,3,,,,,,,,,,
루카스,11345,투수,Y,1985,LG,2015,2015,1,,4,4.0,,,,,,,,,,,,,,,,,,,,,,,,,,,,,,,,,,4,,,,,,,,,,
린드블럼,11393,투수,Y,1987,롯데 · 두산,2015,2019,5,,5,4.8,,,,,,,,,,,,,,,,,,,,,,,,,,,,,,,,,,5,5,4,5,5,,,,,,
마르테,11338,타자,Y,1983,KT,2015,2016,2,,5,4.5,,,,,,,,,,,,,,,,,,,,,,,,,,,,,,,,,,4,5,,,,,,,,,
모건,11416,타자,Y,1980,한화,2015,2015,1,,3,3.0,,,,,,,,,,,,,,,,,,,,,,,,,,,,,,,,,,3,,,,,,,,,,
문경찬,11299,투수,,1992,KIA · NC · 롯데,2015,2022,6,2020 KIA 3→NC 3,3,1.8,,,,,,,,,,,,,,,,,,,,,,,,,,,,,,,,,,1,,,1,2,3,2,2,,,
문상철,11333,타자,,1991,KT,2015,2025,9,,2,1.1,,,,,,,,,,,,,,,,,,,,,,,,,,,,,,,,,,1,1,,,1,1,1,1,1,2,1
박세웅,11310,투수,,1995,KT · 롯데,2015,2025,11,2015 KT 1→롯데 2,5,3.0,,,,,,,,,,,,,,,,,,,,,,,,,,,,,,,,,,1,2,2,4,2,2,2,3,5,5,5
박정수,11300,투수,,1996,KIA · NC · 두산,2015,2025,9,2020 KIA 1→NC 1; 2021 NC 1→두산 1,1,1.0,,,,,,,,,,,,,,,,,,,,,,,,,,,,,,,,,,1,,,1,1,1,1,1,1,1,1
박지규,11346,타자,,1991,LG,2015,2018,2,,1,1.0,,,,,,,,,,,,,,,,,,,,,,,,,,,,,,,,,,1,,,1,,,,,,,
박진우,11358,투수,,1990,NC,2015,2021,5,,2,1.2,,,,,,,,,,,,,,,,,,,,,,,,,,,,,,,,,,1,,,1,2,1,1,,,,
박찬도,10930,타자,,1989,삼성,2015,2020,4,,1,1.0,,,,,,,,,,,,,,,,,,,,,,,,,,,,,,,,,,1,,,1,1,1,,,,,
박찬호,11261,타자,,1995,KIA,2015,2025,9,,4,2.0,,,,,,,,,,,,,,,,,,,,,,,,,,,,,,,,,,1,1,,,2,2,2,2,2,2,4
박한길,11503,투수,,1994,한화 · 롯데,2015,2016,2,,1,1.0,,,,,,,,,,,,,,,,,,,,,,,,,,,,,,,,,,1,1,,,,,,,,,
배정대,11212,타자,,1995,KT,2015,2025,9,,2,1.7,,,,,,,,,,,,,,,,,,,,,,,,,,,,,,,,,,1,1,,,1,2,2,2,2,2,2
백상원,10324,타자,,1988,삼성,2015,2017,3,,2,1.3,,,,,,,,,,,,,,,,,,,,,,,,,,,,,,,,,,1,2,1,,,,,,,,
브라운,11372,타자,Y,1984,SK,2015,2015,1,,4,4.0,,,,,,,,,,,,,,,,,,,,,,,,,,,,,,,,,,4,,,,,,,,,,
서상우,10859,타자,,1989,LG,2015,2018,3,,1,1.0,,,,,,,,,,,,,,,,,,,,,,,,,,,,,,,,,,1,1,,1,,,,,,,
서진용,10784,투수,,1992,SK · SSG,2015,2024,10,,4,1.8,,,,,,,,,,,,,,,,,,,,,,,,,,,,,,,,,,1,1,1,1,2,2,2,2,2,4,
송민섭,11342,타자,,1991,KT,2015,2022,5,,1,1.0,,,,,,,,,,,,,,,,,,,,,,,,,,,,,,,,,,1,,,,1,1,1,1,,,
스와잭,11496,투수,Y,1985,두산,2015,2015,1,,4,4.0,,,,,,,,,,,,,,,,,,,,,,,,,,,,,,,,,,4,,,,,,,,,,
스튜어트,11497,투수,Y,1986,NC,2015,2016,2,,5,4.5,,,,,,,,,,,,,,,,,,,,,,,,,,,,,,,,,,4,5,,,,,,,,,
스틴슨,11301,투수,Y,1988,KIA,2015,2015,1,,4,4.0,,,,,,,,,,,,,,,,,,,,,,,,,,,,,,,,,,4,,,,,,,,,,
시스코,11325,투수,Y,1983,KT,2015,2015,1,,3,3.0,,,,,,,,,,,,,,,,,,,,,,,,,,,,,,,,,,3,,,,,,,,,,
신성현,11492,타자,,1990,한화 · 두산,2015,2019,4,2017 한화 1→두산 1,1,1.0,,,,,,,,,,,,,,,,,,,,,,,,,,,,,,,,,,1,1,1,,1,,,,,,
심규범,11231,투수,,1991,롯데,2015,2015,1,,1,1.0,,,,,,,,,,,,,,,,,,,,,,,,,,,,,,,,,,1,,,,,,,,,,
심우준,11334,타자,,1995,KT · 한화,2015,2025,10,,4,1.9,,,,,,,,,,,,,,,,,,,,,,,,,,,,,,,,,,1,1,1,2,2,2,2,2,,2,4
심재민,11311,투수,,1994,KT · 롯데,2015,2023,7,,4,2.9,,,,,,,,,,,,,,,,,,,,,,,,,,,,,,,,,,3,3,3,4,,,3,2,2,,
아두치,11395,타자,Y,1985,롯데,2015,2016,2,,5,4.5,,,,,,,,,,,,,,,,,,,,,,,,,,,,,,,,,,4,5,,,,,,,,,
안익훈,11347,타자,,1996,LG,2015,2024,5,,2,1.2,,,,,,,,,,,,,,,,,,,,,,,,,,,,,,,,,,1,1,1,2,,,,,,1,
안중열,11329,타자,,1995,롯데 · NC,2015,2025,7,,1,1.0,,,,,,,,,,,,,,,,,,,,,,,,,,,,,,,,,,1,,,1,1,,1,1,1,,1
안현준,11312,투수,,1995,KT,2015,2016,2,,1,1.0,,,,,,,,,,,,,,,,,,,,,,,,,,,,,,,,,,1,1,,,,,,,,,
양석환,11213,타자,,1991,LG · 두산,2015,2025,10,,5,2.5,,,,,,,,,,,,,,,,,,,,,,,,,,,,,,,,,,2,1,2,2,,1,2,3,2,5,5
어윈,11326,투수,Y,1987,KT,2015,2015,1,,3,3.0,,,,,,,,,,,,,,,,,,,,,,,,,,,,,,,,,,3,,,,,,,,,,
엄상백,11318,투수,,1996,KT · 한화,2015,2025,10,,5,2.8,,,,,,,,,,,,,,,,,,,,,,,,,,,,,,,,,,3,3,3,3,3,,2,2,2,2,5
에반,11548,투수,Y,1983,KIA,2015,2015,1,,3,3.0,,,,,,,,,,,,,,,,,,,,,,,,,,,,,,,,,,3,,,,,,,,,,
오윤석,11397,타자,,1992,롯데 · KT,2015,2025,8,2021 롯데 1→KT 1,1,1.0,,,,,,,,,,,,,,,,,,,,,,,,,,,,,,,,,,1,,,,1,1,1,1,1,1,1
오준혁,10672,타자,,1992,KIA · KT · SK · SSG,2015,2022,6,,1,1.0,,,,,,,,,,,,,,,,,,,,,,,,,,,,,,,,,,1,1,,1,,1,1,1,,,
오현근,10116,타자,,1985,롯데,2015,2015,1,,1,1.0,,,,,,,,,,,,,,,,,,,,,,,,,,,,,,,,,,1,,,,,,,,,,
유강남,10753,타자,,1992,LG · 롯데,2015,2025,11,,5,2.7,,,,,,,,,,,,,,,,,,,,,,,,,,,,,,,,,,1,1,2,2,2,2,3,2,5,5,5
유민상,10895,타자,,1989,두산 · KT · KIA,2015,2021,7,,2,1.1,,,,,,,,,,,,,,,,,,,,,,,,,,,,,,,,,,1,1,1,1,1,2,1,,,,
이민재,10925,타자,,1988,LG,2015,2015,1,,1,1.0,,,,,,,,,,,,,,,,,,,,,,,,,,,,,,,,,,1,,,,,,,,,,
이상민,11169,투수,,1990,넥센 · 삼성,2015,2024,6,,1,1.0,,,,,,,,,,,,,,,,,,,,,,,,,,,,,,,,,,1,,,,,1,1,1,1,1,
이승현,10527,투수,,1991,LG · 삼성,2015,2025,11,,2,1.5,,,,,,,,,,,,,,,,,,,,,,,,,,,,,,,,,,1,1,1,1,1,2,1,2,2,2,2
이은총,11482,타자,,1991,KIA,2015,2015,1,,1,1.0,,,,,,,,,,,,,,,,,,,,,,,,,,,,,,,,,,1,,,,,,,,,,
이인복,11232,투수,,1991,롯데,2015,2024,7,,2,1.1,,,,,,,,,,,,,,,,,,,,,,,,,,,,,,,,,,1,,,,1,1,1,2,1,1,
이인행,10018,타자,,1991,KIA,2015,2015,1,,1,1.0,,,,,,,,,,,,,,,,,,,,,,,,,,,,,,,,,,1,,,,,,,,,,
이지찬,11335,타자,,1991,KT,2015,2015,1,,1,1.0,,,,,,,,,,,,,,,,,,,,,,,,,,,,,,,,,,1,,,,,,,,,,
이창재,11320,투수,,1992,KT,2015,2021,4,,1,1.0,,,,,,,,,,,,,,,,,,,,,,,,,,,,,,,,,,1,1,,,,1,1,,,,
이현호,10677,투수,,1992,두산 · 한화,2015,2020,6,,3,2.0,,,,,,,,,,,,,,,,,,,,,,,,,,,,,,,,,,3,3,3,1,1,1,,,,,
임기준,10066,투수,,1991,KIA,2015,2019,5,,2,1.4,,,,,,,,,,,,,,,,,,,,,,,,,,,,,,,,,,1,1,1,2,2,,,,,,
임병욱,11226,타자,,1995,넥센 · 키움,2015,2025,9,,2,1.2,,,,,,,,,,,,,,,,,,,,,,,,,,,,,,,,,,1,1,1,2,2,1,,,1,1,1
임정호,11168,투수,,1990,NC,2015,2025,9,,2,2.0,,,,,,,,,,,,,,,,,,,,,,,,,,,,,,,,,,2,2,2,,,2,2,2,2,2,2
장시윤,11227,타자,,1993,넥센,2015,2015,1,,1,1.0,,,,,,,,,,,,,,,,,,,,,,,,,,,,,,,,,,1,,,,,,,,,,
정성곤,11321,투수,,1996,KT,2015,2019,5,,2,1.4,,,,,,,,,,,,,,,,,,,,,,,,,,,,,,,,,,1,1,2,1,2,,,,,,
조무근,11322,투수,,1991,KT · 롯데,2015,2019,4,,2,1.2,,,,,,,,,,,,,,,,,,,,,,,,,,,,,,,,,,1,2,1,,1,,,,,,
주권,11323,투수,,1995,KT,2015,2025,11,,4,3.1,,,,,,,,,,,,,,,,,,,,,,,,,,,,,,,,,,4,4,4,4,2,2,2,2,2,4,4
최선호,11406,타자,,1991,삼성,2015,2015,1,,1,1.0,,,,,,,,,,,,,,,,,,,,,,,,,,,,,,,,,,1,,,,,,,,,,
최원재,10162,투수,,1987,KT,2015,2016,2,,1,1.0,,,,,,,,,,,,,,,,,,,,,,,,,,,,,,,,,,1,1,,,,,,,,,
켈리,11368,투수,Y,1988,SK,2015,2018,4,,5,4.8,,,,,,,,,,,,,,,,,,,,,,,,,,,,,,,,,,4,5,5,5,,,,,,,
클로이드,11408,투수,Y,1987,삼성,2015,2015,1,,4,4.0,,,,,,,,,,,,,,,,,,,,,,,,,,,,,,,,,,4,,,,,,,,,,
폭스,11490,타자,Y,1982,한화,2015,2015,1,,3,3.0,,,,,,,,,,,,,,,,,,,,,,,,,,,,,,,,,,3,,,,,,,,,,
피가로,11409,투수,Y,1984,삼성,2015,2015,1,,4,4.0,,,,,,,,,,,,,,,,,,,,,,,,,,,,,,,,,,4,,,,,,,,,,
피어밴드,11380,투수,Y,1985,넥센 · KT,2015,2018,4,2016 넥센 5→KT 5,5,4.2,,,,,,,,,,,,,,,,,,,,,,,,,,,,,,,,,,4,5,4,4,,,,,,,
한나한,11352,타자,,1980,LG,2015,2015,1,,1,1.0,,,,,,,,,,,,,,,,,,,,,,,,,,,,,,,,,,1,,,,,,,,,,
험버,11305,투수,Y,1982,KIA,2015,2015,1,,3,3.0,,,,,,,,,,,,,,,,,,,,,,,,,,,,,,,,,,3,,,,,,,,,,
홍성무,11324,투수,,1993,KT · NC,2015,2020,5,,4,3.2,,,,,,,,,,,,,,,,,,,,,,,,,,,,,,,,,,4,4,4,,3,1,,,,,
황대인,11306,타자,,1996,KIA,2015,2025,6,,2,1.2,,,,,,,,,,,,,,,,,,,,,,,,,,,,,,,,,,1,,,,,1,1,2,1,,1
히메네스,11495,타자,Y,1988,LG,2015,2017,3,,4,3.7,,,,,,,,,,,,,,,,,,,,,,,,,,,,,,,,,,3,4,4,,,,,,,,
강동연,10883,투수,,1992,두산 · NC,2016,2022,6,,1,1.0,,,,,,,,,,,,,,,,,,,,,,,,,,,,,,,,,,,1,,1,1,1,1,1,,,
강승호,11087,타자,,1994,LG · SK · 두산,2016,2025,9,2018 LG 1→SK 1,3,1.6,,,,,,,,,,,,,,,,,,,,,,,,,,,,,,,,,,,1,1,1,1,,1,2,2,2,3
고메즈,12514,타자,Y,1988,SK,2016,2016,1,,4,4.0,,,,,,,,,,,,,,,,,,,,,,,,,,,,,,,,,,,4,,,,,,,,,
고봉재,12605,투수,,1993,두산,2016,2023,2,,1,1.0,,,,,,,,,,,,,,,,,,,,,,,,,,,,,,,,,,,1,,,,,,,1,,
구창모,11353,투수,,1997,NC,2016,2025,8,,5,2.9,,,,,,,,,,,,,,,,,,,,,,,,,,,,,,,,,,,1,2,3,2,3,,2,5,,5
국해성,10172,타자,,1989,두산,2016,2020,4,,1,1.0,,,,,,,,,,,,,,,,,,,,,,,,,,,,,,,,,,,1,1,,1,1,,,,,
김동엽,12548,타자,,1990,SK · 삼성,2016,2023,8,,2,1.6,,,,,,,,,,,,,,,,,,,,,,,,,,,,,,,,,,,1,2,2,1,2,2,2,1,,
김동한,10734,타자,,1988,롯데,2016,2020,5,,1,1.0,,,,,,,,,,,,,,,,,,,,,,,,,,,,,,,,,,,1,1,1,1,1,,,,,
김동호,11401,투수,,1985,삼성,2016,2017,2,,1,1.0,,,,,,,,,,,,,,,,,,,,,,,,,,,,,,,,,,,1,1,,,,,,,,
김명찬,11297,투수,,1992,KIA,2016,2020,3,,1,1.0,,,,,,,,,,,,,,,,,,,,,,,,,,,,,,,,,,,1,1,,,1,,,,,
김민식,10707,타자,,1989,SK · KIA · SSG,2016,2024,9,2022 KIA 1→SSG 1,2,1.3,,,,,,,,,,,,,,,,,,,,,,,,,,,,,,,,,,,1,2,2,1,1,1,1,1,2,
김윤동,10821,투수,,1993,KIA,2016,2019,4,,3,2.0,,,,,,,,,,,,,,,,,,,,,,,,,,,,,,,,,,,1,2,3,2,,,,,,
김재영,12547,투수,,1993,한화,2016,2023,6,,2,1.5,,,,,,,,,,,,,,,,,,,,,,,,,,,,,,,,,,,1,2,2,2,,,1,1,,
김재유,11483,타자,,1992,롯데,2016,2021,3,,1,1.0,,,,,,,,,,,,,,,,,,,,,,,,,,,,,,,,,,,1,,,,1,1,,,,
김정혁,10726,타자,,1985,삼성,2016,2017,2,,1,1.0,,,,,,,,,,,,,,,,,,,,,,,,,,,,,,,,,,,1,1,,,,,,,,
김주한,12531,투수,,1993,SK,2016,2020,5,,2,1.2,,,,,,,,,,,,,,,,,,,,,,,,,,,,,,,,,,,1,2,1,1,1,,,,,
나경민,12592,타자,,1991,롯데,2016,2019,4,,2,1.2,,,,,,,,,,,,,,,,,,,,,,,,,,,,,,,,,,,1,1,2,1,,,,,,
남태혁,12521,타자,,1991,KT · SK,2016,2020,3,,1,1.0,,,,,,,,,,,,,,,,,,,,,,,,,,,,,,,,,,,1,1,,,1,,,,,
노수광,11268,타자,,1990,KIA · SK · 한화,2016,2023,8,2020 SK 2→한화 2,2,1.9,,,,,,,,,,,,,,,,,,,,,,,,,,,,,,,,,,,1,2,2,2,2,2,2,2,,
대니돈,12519,타자,Y,1984,넥센,2016,2017,2,,4,4.0,,,,,,,,,,,,,,,,,,,,,,,,,,,,,,,,,,,4,4,,,,,,,,
라라,12672,투수,Y,1988,SK,2016,2016,1,,3,3.0,,,,,,,,,,,,,,,,,,,,,,,,,,,,,,,,,,,3,,,,,,,,,
레온,12666,투수,Y,1988,삼성,2016,2016,1,,3,3.0,,,,,,,,,,,,,,,,,,,,,,,,,,,,,,,,,,,3,,,,,,,,,
로사리오,12511,타자,Y,1989,한화,2016,2017,2,,5,4.5,,,,,,,,,,,,,,,,,,,,,,,,,,,,,,,,,,,4,5,,,,,,,,
로위,12689,투수,Y,1984,KT,2016,2016,1,,3,3.0,,,,,,,,,,,,,,,,,,,,,,,,,,,,,,,,,,,3,,,,,,,,,
류지혁,10894,타자,,1994,두산 · KIA · 삼성,2016,2025,10,2023 KIA 2→삼성 2,3,1.6,,,,,,,,,,,,,,,,,,,,,,,,,,,,,,,,,,,1,1,2,1,1,1,2,2,2,3
류희운,12655,투수,,1995,KT · 한화,2016,2022,5,2022 KT 1→한화 1,4,2.2,,,,,,,,,,,,,,,,,,,,,,,,,,,,,,,,,,,4,4,1,,1,,1,,,
마리몬,12507,투수,Y,1988,KT,2016,2016,1,,3,3.0,,,,,,,,,,,,,,,,,,,,,,,,,,,,,,,,,,,3,,,,,,,,,
마에스트리,12648,투수,Y,1985,한화,2016,2016,1,,3,3.0,,,,,,,,,,,,,,,,,,,,,,,,,,,,,,,,,,,3,,,,,,,,,
맥그레거,12670,투수,Y,1986,넥센,2016,2016,1,,3,3.0,,,,,,,,,,,,,,,,,,,,,,,,,,,,,,,,,,,3,,,,,,,,,
맥스웰,12693,타자,Y,1983,롯데,2016,2016,1,,3,3.0,,,,,,,,,,,,,,,,,,,,,,,,,,,,,,,,,,,3,,,,,,,,,
박세진,12572,투수,,1997,KT,2016,2024,5,,3,2.2,,,,,,,,,,,,,,,,,,,,,,,,,,,,,,,,,,,3,3,3,,,,,1,1,
박승욱,10804,타자,,1992,SK · KT · 롯데,2016,2025,9,,2,1.1,,,,,,,,,,,,,,,,,,,,,,,,,,,,,,,,,,,1,1,1,1,1,,1,1,2,1
박시영,10737,투수,,1989,롯데 · KT,2016,2025,9,,1,1.0,,,,,,,,,,,,,,,,,,,,,,,,,,,,,,,,,,,1,1,1,1,1,1,1,,1,1
박재욱,12512,타자,,1995,LG,2016,2016,1,,1,1.0,,,,,,,,,,,,,,,,,,,,,,,,,,,,,,,,,,,1,,,,,,,,,
박정음,10866,타자,,1989,넥센 · 키움,2016,2020,4,,1,1.0,,,,,,,,,,,,,,,,,,,,,,,,,,,,,,,,,,,1,1,,1,1,,,,,
박주현,11375,투수,,1996,넥센,2016,2016,1,,2,2.0,,,,,,,,,,,,,,,,,,,,,,,,,,,,,,,,,,,2,,,,,,,,,
박진형,11425,투수,,1994,롯데,2016,2025,8,,2,1.9,,,,,,,,,,,,,,,,,,,,,,,,,,,,,,,,,,,2,2,2,2,2,1,,,2,2
발디리스,12506,타자,Y,1983,삼성,2016,2016,1,,3,3.0,,,,,,,,,,,,,,,,,,,,,,,,,,,,,,,,,,,3,,,,,,,,,
배민관,10923,투수,,1991,LG,2016,2018,2,,1,1.0,,,,,,,,,,,,,,,,,,,,,,,,,,,,,,,,,,,1,,1,,,,,,,
배재환,11248,투수,,1995,NC,2016,2025,7,,2,1.4,,,,,,,,,,,,,,,,,,,,,,,,,,,,,,,,,,,1,1,1,2,2,,,,1,2
벨레스터,12505,투수,Y,1986,삼성,2016,2016,1,,3,3.0,,,,,,,,,,,,,,,,,,,,,,,,,,,,,,,,,,,3,,,,,,,,,
보우덴,12515,투수,Y,1986,두산,2016,2017,2,,5,4.5,,,,,,,,,,,,,,,,,,,,,,,,,,,,,,,,,,,4,5,,,,,,,,
서캠프,12680,투수,Y,1987,한화,2016,2016,1,,3,3.0,,,,,,,,,,,,,,,,,,,,,,,,,,,,,,,,,,,3,,,,,,,,,
신재영,11149,투수,,1989,넥센 · 키움 · SSG,2016,2021,6,,3,2.2,,,,,,,,,,,,,,,,,,,,,,,,,,,,,,,,,,,2,3,2,2,2,2,,,,
에반스,12517,타자,Y,1986,두산,2016,2017,2,,4,4.0,,,,,,,,,,,,,,,,,,,,,,,,,,,,,,,,,,,4,4,,,,,,,,
웹스터,12504,투수,Y,1990,삼성,2016,2016,1,,3,3.0,,,,,,,,,,,,,,,,,,,,,,,,,,,,,,,,,,,3,,,,,,,,,
유경국,10522,투수,,1991,LG,2016,2016,1,,1,1.0,,,,,,,,,,,,,,,,,,,,,,,,,,,,,,,,,,,1,,,,,,,,,
유재유,12544,투수,,1997,LG · 두산,2016,2018,3,,1,1.0,,,,,,,,,,,,,,,,,,,,,,,,,,,,,,,,,,,1,1,1,,,,,,,
윤정우,10651,타자,,1988,KIA · SK,2016,2018,2,,1,1.0,,,,,,,,,,,,,,,,,,,,,,,,,,,,,,,,,,,1,,1,,,,,,,
이정담,10741,투수,,1991,SK,2016,2016,1,,1,1.0,,,,,,,,,,,,,,,,,,,,,,,,,,,,,,,,,,,1,,,,,,,,,
이준영,11303,투수,,1992,KIA,2016,2025,8,,2,1.6,,,,,,,,,,,,,,,,,,,,,,,,,,,,,,,,,,,1,,,1,1,2,2,2,2,2
이준형,10903,투수,,1993,LG,2016,2016,1,,1,1.0,,,,,,,,,,,,,,,,,,,,,,,,,,,,,,,,,,,1,,,,,,,,,
이진석,11371,타자,,1995,SK,2016,2016,1,,1,1.0,,,,,,,,,,,,,,,,,,,,,,,,,,,,,,,,,,,1,,,,,,,,,
이진영,12539,타자,,1997,KIA · 한화,2016,2025,6,,2,1.3,,,,,,,,,,,,,,,,,,,,,,,,,,,,,,,,,,,1,,,,,1,1,2,1,2
이천웅,10935,타자,,1988,LG,2016,2021,6,,2,1.7,,,,,,,,,,,,,,,,,,,,,,,,,,,,,,,,,,,1,1,2,2,2,2,,,,
이해창,10391,타자,,1987,KT · 한화,2016,2021,6,,1,1.0,,,,,,,,,,,,,,,,,,,,,,,,,,,,,,,,,,,1,1,1,1,1,1,,,,
이형종,12516,타자,,1989,LG · 키움,2016,2025,10,,4,3.3,,,,,,,,,,,,,,,,,,,,,,,,,,,,,,,,,,,4,4,4,4,4,3,2,2,3,3
임대한,12558,투수,,1993,삼성,2016,2022,3,,1,1.0,,,,,,,,,,,,,,,,,,,,,,,,,,,,,,,,,,,1,1,,,,,1,,,
임서준,12624,투수,,1993,NC,2016,2016,1,,1,1.0,,,,,,,,,,,,,,,,,,,,,,,,,,,,,,,,,,,1,,,,,,,,,
장필준,11404,투수,,1988,삼성,2016,2023,8,,3,2.2,,,,,,,,,,,,,,,,,,,,,,,,,,,,,,,,,,,2,2,3,3,2,2,2,2,,
장현식,11164,투수,,1995,NC · KIA · LG,2016,2025,10,2020 NC 1→KIA 1,5,2.3,,,,,,,,,,,,,,,,,,,,,,,,,,,,,,,,,,,2,2,3,2,1,2,2,2,2,5
전민수,10417,타자,,1989,KT · LG · NC,2016,2022,6,,1,1.0,,,,,,,,,,,,,,,,,,,,,,,,,,,,,,,,,,,1,1,1,1,,1,1,,,
전상현,12537,투수,,1996,KIA,2016,2025,9,,2,1.7,,,,,,,,,,,,,,,,,,,,,,,,,,,,,,,,,,,1,,1,2,1,2,2,2,2,2
전인환,10928,투수,,1990,LG,2016,2018,2,,1,1.0,,,,,,,,,,,,,,,,,,,,,,,,,,,,,,,,,,,1,,1,,,,,,,
정동현,12536,투수,,1997,KIA,2016,2016,1,,1,1.0,,,,,,,,,,,,,,,,,,,,,,,,,,,,,,,,,,,1,,,,,,,,,
정수민,12561,투수,,1990,NC · SK · SSG,2016,2021,6,,1,1.0,,,,,,,,,,,,,,,,,,,,,,,,,,,,,,,,,,,1,1,1,1,1,1,,,,
정영일,12527,투수,,1988,SK,2016,2020,5,,2,1.2,,,,,,,,,,,,,,,,,,,,,,,,,,,,,,,,,,,1,1,2,1,1,,,,,
정용준,11378,투수,,1995,넥센,2016,2016,1,,1,1.0,,,,,,,,,,,,,,,,,,,,,,,,,,,,,,,,,,,1,,,,,,,,,
정회찬,10451,투수,,1987,넥센,2016,2016,1,,1,1.0,,,,,,,,,,,,,,,,,,,,,,,,,,,,,,,,,,,1,,,,,,,,,
지크,12510,투수,Y,1989,KIA,2016,2016,1,,4,4.0,,,,,,,,,,,,,,,,,,,,,,,,,,,,,,,,,,,4,,,,,,,,,
최원태,11379,투수,,1997,넥센 · 키움 · LG · 삼성,2016,2025,10,2023 키움 2→LG 2,5,3.4,,,,,,,,,,,,,,,,,,,,,,,,,,,,,,,,,,,4,4,4,4,4,3,2,2,2,5
최정민,10808,타자,,1989,SK · KIA,2016,2018,2,,1,1.0,,,,,,,,,,,,,,,,,,,,,,,,,,,,,,,,,,,1,,1,,,,,,,
최정용,11407,타자,,1996,SK · KIA,2016,2023,4,,1,1.0,,,,,,,,,,,,,,,,,,,,,,,,,,,,,,,,,,,1,,,,1,1,,1,,
최충연,12530,투수,,1997,삼성,2016,2023,6,,4,2.7,,,,,,,,,,,,,,,,,,,,,,,,,,,,,,,,,,,4,4,2,3,,,2,1,,
카스티요,12668,투수,Y,1989,한화,2016,2016,1,,4,4.0,,,,,,,,,,,,,,,,,,,,,,,,,,,,,,,,,,,4,,,,,,,,,
코엘로,12518,투수,Y,1984,넥센,2016,2016,1,,3,3.0,,,,,,,,,,,,,,,,,,,,,,,,,,,,,,,,,,,3,,,,,,,,,
코프랜드,12658,투수,Y,1987,LG,2016,2016,1,,3,3.0,,,,,,,,,,,,,,,,,,,,,,,,,,,,,,,,,,,3,,,,,,,,,
플란데,12695,투수,Y,1986,삼성,2016,2016,1,,3,3.0,,,,,,,,,,,,,,,,,,,,,,,,,,,,,,,,,,,3,,,,,,,,,
피노,12508,투수,Y,1983,KT,2016,2016,1,,3,3.0,,,,,,,,,,,,,,,,,,,,,,,,,,,,,,,,,,,3,,,,,,,,,
허프,12682,투수,Y,1984,LG,2016,2017,2,,5,4.0,,,,,,,,,,,,,,,,,,,,,,,,,,,,,,,,,,,3,5,,,,,,,,
헥터,12509,투수,Y,1987,KIA,2016,2018,3,,5,4.7,,,,,,,,,,,,,,,,,,,,,,,,,,,,,,,,,,,4,5,5,,,,,,,
홍성갑,11294,타자,,1992,넥센,2016,2016,1,,1,1.0,,,,,,,,,,,,,,,,,,,,,,,,,,,,,,,,,,,1,,,,,,,,,
홍영현,12665,투수,,1991,두산,2016,2016,1,,1,1.0,,,,,,,,,,,,,,,,,,,,,,,,,,,,,,,,,,,1,,,,,,,,,
황덕균,11139,투수,,1983,넥센,2016,2017,2,,1,1.0,,,,,,,,,,,,,,,,,,,,,,,,,,,,,,,,,,,1,1,,,,,,,,
강동호,12927,투수,,1994,롯데,2017,2020,2,,1,1.0,,,,,,,,,,,,,,,,,,,,,,,,,,,,,,,,,,,,1,,,1,,,,,
강진성,11148,타자,,1993,NC · 두산 · SSG,2017,2024,8,,2,1.2,,,,,,,,,,,,,,,,,,,,,,,,,,,,,,,,,,,,1,1,1,2,2,1,1,1,
고우석,12907,투수,,1998,LG,2017,2023,7,,4,3.3,,,,,,,,,,,,,,,,,,,,,,,,,,,,,,,,,,,,3,3,3,4,3,3,4,,
권정웅,12529,타자,,1992,삼성,2017,2017,1,,1,1.0,,,,,,,,,,,,,,,,,,,,,,,,,,,,,,,,,,,,1,,,,,,,,
김대현,12532,투수,,1997,LG,2017,2024,5,,4,3.4,,,,,,,,,,,,,,,,,,,,,,,,,,,,,,,,,,,,4,4,4,4,,,,1,
김명신,12847,투수,,1993,두산,2017,2025,7,,2,1.7,,,,,,,,,,,,,,,,,,,,,,,,,,,,,,,,,,,,1,,,1,2,2,2,2,2
김성민,12918,투수,,1994,SK · 넥센 · 키움,2017,2025,7,2017 SK 1→넥센 2,2,1.6,,,,,,,,,,,,,,,,,,,,,,,,,,,,,,,,,,,,1,1,2,2,2,,,1,2
김성훈,12639,타자,,1993,삼성,2017,2019,3,,1,1.0,,,,,,,,,,,,,,,,,,,,,,,,,,,,,,,,,,,,1,1,1,,,,,,
김승현,12637,투수,,1992,삼성 · KIA,2017,2024,5,,1,1.0,,,,,,,,,,,,,,,,,,,,,,,,,,,,,,,,,,,,1,1,1,,,,1,1,
김시현,12932,투수,,1998,삼성,2017,2019,3,,1,1.0,,,,,,,,,,,,,,,,,,,,,,,,,,,,,,,,,,,,1,1,1,,,,,,
김웅빈,12503,타자,,1996,넥센 · 키움,2017,2025,7,,1,1.0,,,,,,,,,,,,,,,,,,,,,,,,,,,,,,,,,,,,1,,,1,1,1,1,1,1
김원석,10911,타자,,1989,한화,2017,2017,1,,1,1.0,,,,,,,,,,,,,,,,,,,,,,,,,,,,,,,,,,,,1,,,,,,,,
김인태,11098,타자,,1994,두산,2017,2025,8,,2,1.1,,,,,,,,,,,,,,,,,,,,,,,,,,,,,,,,,,,,1,1,1,1,2,1,1,,1
김정인,11531,투수,,1996,넥센 · 키움,2017,2021,3,,1,1.0,,,,,,,,,,,,,,,,,,,,,,,,,,,,,,,,,,,,1,1,,,1,,,,
김주현,12570,타자,,1993,한화,2017,2017,1,,1,1.0,,,,,,,,,,,,,,,,,,,,,,,,,,,,,,,,,,,,1,,,,,,,,
김지성,10940,타자,,1985,KIA,2017,2017,1,,1,1.0,,,,,,,,,,,,,,,,,,,,,,,,,,,,,,,,,,,,1,,,,,,,,
김찬호,12614,투수,,1997,SK,2017,2017,1,,1,1.0,,,,,,,,,,,,,,,,,,,,,,,,,,,,,,,,,,,,1,,,,,,,,
김홍빈,12974,투수,,1996,넥센,2017,2017,1,,1,1.0,,,,,,,,,,,,,,,,,,,,,,,,,,,,,,,,,,,,1,,,,,,,,
남하준,12535,투수,,1996,KIA,2017,2022,4,,1,1.0,,,,,,,,,,,,,,,,,,,,,,,,,,,,,,,,,,,,1,,,1,1,1,,,
다이아몬드,12951,투수,Y,1986,SK,2017,2017,1,,4,4.0,,,,,,,,,,,,,,,,,,,,,,,,,,,,,,,,,,,,4,,,,,,,,
도태훈,12560,타자,,1993,NC,2017,2025,7,,1,1.0,,,,,,,,,,,,,,,,,,,,,,,,,,,,,,,,,,,,1,1,,,1,1,1,1,1
러프,12961,타자,Y,1986,삼성,2017,2019,3,,5,4.7,,,,,,,,,,,,,,,,,,,,,,,,,,,,,,,,,,,,4,5,5,,,,,,
레나도,12957,투수,Y,1989,삼성,2017,2017,1,,5,5.0,,,,,,,,,,,,,,,,,,,,,,,,,,,,,,,,,,,,5,,,,,,,,
로니,13005,타자,Y,1984,LG,2017,2017,1,,3,3.0,,,,,,,,,,,,,,,,,,,,,,,,,,,,,,,,,,,,3,,,,,,,,
로맥,12991,타자,Y,1985,SK · SSG,2017,2021,5,,5,4.6,,,,,,,,,,,,,,,,,,,,,,,,,,,,,,,,,,,,4,4,5,5,5,,,,
로치,12959,투수,Y,1989,KT,2017,2017,1,,4,4.0,,,,,,,,,,,,,,,,,,,,,,,,,,,,,,,,,,,,4,,,,,,,,
로하스,12995,타자,Y,1990,KT,2017,2025,6,,5,4.5,,,,,,,,,,,,,,,,,,,,,,,,,,,,,,,,,,,,4,4,5,5,,,,4,5
맨쉽,12946,투수,Y,1985,NC,2017,2017,1,,5,5.0,,,,,,,,,,,,,,,,,,,,,,,,,,,,,,,,,,,,5,,,,,,,,
모넬,12960,타자,Y,1986,KT,2017,2017,1,,3,3.0,,,,,,,,,,,,,,,,,,,,,,,,,,,,,,,,,,,,3,,,,,,,,
박대온,11246,타자,,1995,NC,2017,2023,5,,1,1.0,,,,,,,,,,,,,,,,,,,,,,,,,,,,,,,,,,,,1,1,,,1,1,1,,
박상원,12871,투수,,1994,한화,2017,2025,8,,2,1.8,,,,,,,,,,,,,,,,,,,,,,,,,,,,,,,,,,,,1,2,2,2,,1,2,2,2
박진태,12913,투수,,1994,KIA,2017,2021,4,,2,1.2,,,,,,,,,,,,,,,,,,,,,,,,,,,,,,,,,,,,1,,1,1,2,,,,
박치국,12850,투수,,1998,두산,2017,2025,9,,3,2.0,,,,,,,,,,,,,,,,,,,,,,,,,,,,,,,,,,,,1,2,3,2,2,2,2,2,2
배제성,11394,투수,,1996,KT,2017,2025,7,,2,1.9,,,,,,,,,,,,,,,,,,,,,,,,,,,,,,,,,,,,1,,2,2,2,2,2,,2
버나디나,12950,타자,Y,1984,KIA,2017,2018,2,,4,4.0,,,,,,,,,,,,,,,,,,,,,,,,,,,,,,,,,,,,4,4,,,,,,,
번즈,12956,타자,Y,1990,롯데,2017,2018,2,,4,4.0,,,,,,,,,,,,,,,,,,,,,,,,,,,,,,,,,,,,4,4,,,,,,,
브리검,12992,투수,Y,1988,넥센 · 키움,2017,2021,5,,5,4.2,,,,,,,,,,,,,,,,,,,,,,,,,,,,,,,,,,,,4,4,4,5,4,,,,
비야누에바,12954,투수,Y,1983,한화,2017,2017,1,,4,4.0,,,,,,,,,,,,,,,,,,,,,,,,,,,,,,,,,,,,4,,,,,,,,
서균,11271,투수,,1992,한화,2017,2020,3,,2,1.3,,,,,,,,,,,,,,,,,,,,,,,,,,,,,,,,,,,,1,2,,1,,,,,
손주영,12908,투수,,1998,LG,2017,2025,7,,3,1.4,,,,,,,,,,,,,,,,,,,,,,,,,,,,,,,,,,,,1,1,,,1,1,1,2,3
송성문,11376,타자,,1996,넥센 · 키움,2017,2025,8,,4,1.8,,,,,,,,,,,,,,,,,,,,,,,,,,,,,,,,,,,,1,1,1,,1,2,2,2,4
스크럭스,12947,타자,Y,1987,NC,2017,2018,2,,4,4.0,,,,,,,,,,,,,,,,,,,,,,,,,,,,,,,,,,,,4,4,,,,,,,
안성무,12644,투수,,1990,삼성,2017,2017,1,,1,1.0,,,,,,,,,,,,,,,,,,,,,,,,,,,,,,,,,,,,1,,,,,,,,
애디튼,12990,투수,Y,1987,롯데,2017,2017,1,,3,3.0,,,,,,,,,,,,,,,,,,,,,,,,,,,,,,,,,,,,3,,,,,,,,
오간도,12953,투수,Y,1983,한화,2017,2017,1,,5,5.0,,,,,,,,,,,,,,,,,,,,,,,,,,,,,,,,,,,,5,,,,,,,,
오설리반,12948,투수,Y,1987,넥센,2017,2017,1,,3,3.0,,,,,,,,,,,,,,,,,,,,,,,,,,,,,,,,,,,,3,,,,,,,,
오윤성,12856,투수,,1998,넥센,2017,2017,1,,1,1.0,,,,,,,,,,,,,,,,,,,,,,,,,,,,,,,,,,,,1,,,,,,,,
윤병호,11359,타자,,1989,NC,2017,2018,2,,1,1.0,,,,,,,,,,,,,,,,,,,,,,,,,,,,,,,,,,,,1,1,,,,,,,
윤수호,11319,투수,,1992,NC · 두산,2017,2018,2,2018 NC 1→두산 1,1,1.0,,,,,,,,,,,,,,,,,,,,,,,,,,,,,,,,,,,,1,1,,,,,,,
윤영삼,10722,투수,,1992,넥센 · 키움,2017,2019,3,,3,3.0,,,,,,,,,,,,,,,,,,,,,,,,,,,,,,,,,,,,3,3,3,,,,,,
이민우,13003,투수,,1993,KIA · 한화,2017,2024,8,,3,2.0,,,,,,,,,,,,,,,,,,,,,,,,,,,,,,,,,,,,3,3,3,2,1,1,1,2,
이시원,12526,타자,,1996,한화 · KT,2017,2023,6,,1,1.0,,,,,,,,,,,,,,,,,,,,,,,,,,,,,,,,,,,,1,1,1,1,1,,1,,
이영준,12997,투수,,1991,넥센 · 키움,2017,2022,4,,2,1.2,,,,,,,,,,,,,,,,,,,,,,,,,,,,,,,,,,,,1,,1,2,,1,,,
이영하,12568,투수,,1997,두산,2017,2025,9,,4,3.1,,,,,,,,,,,,,,,,,,,,,,,,,,,,,,,,,,,,4,4,4,4,4,2,1,2,3
이정후,12906,타자,,1998,넥센 · 키움,2017,2023,7,,5,4.4,,,,,,,,,,,,,,,,,,,,,,,,,,,,,,,,,,,,4,4,4,4,5,5,5,,
이종혁,12938,투수,,1997,KT,2017,2019,3,,1,1.0,,,,,,,,,,,,,,,,,,,,,,,,,,,,,,,,,,,,1,1,1,,,,,,
이충호,11116,투수,,1994,한화,2017,2023,3,,1,1.0,,,,,,,,,,,,,,,,,,,,,,,,,,,,,,,,,,,,1,,,,1,,1,,
이형범,11159,투수,,1994,NC · 두산 · KIA,2017,2025,8,,2,1.1,,,,,,,,,,,,,,,,,,,,,,,,,,,,,,,,,,,,1,1,2,1,,1,1,1,1
전용훈,11205,투수,,1995,두산,2017,2017,1,,1,1.0,,,,,,,,,,,,,,,,,,,,,,,,,,,,,,,,,,,,1,,,,,,,,
정경운,12996,타자,,1993,한화,2017,2017,1,,1,1.0,,,,,,,,,,,,,,,,,,,,,,,,,,,,,,,,,,,,1,,,,,,,,
정진기,10717,타자,,1992,SK · NC,2017,2022,5,,1,1.0,,,,,,,,,,,,,,,,,,,,,,,,,,,,,,,,,,,,1,1,,1,1,1,,,
정현,11111,타자,,1994,KT · SK · NC,2017,2021,5,,2,1.4,,,,,,,,,,,,,,,,,,,,,,,,,,,,,,,,,,,,2,2,1,1,1,,,,
조수행,12524,타자,,1993,두산,2017,2025,8,,2,1.1,,,,,,,,,,,,,,,,,,,,,,,,,,,,,,,,,,,,1,1,,1,1,1,1,2,1
조용호,12943,타자,,1989,SK · KT,2017,2024,7,,2,1.4,,,,,,,,,,,,,,,,,,,,,,,,,,,,,,,,,,,,1,,1,2,2,2,1,1,
주효상,12567,타자,,1997,넥센 · 키움 · KIA,2017,2023,5,,3,1.8,,,,,,,,,,,,,,,,,,,,,,,,,,,,,,,,,,,,3,3,1,1,,,1,,
초이스,13007,타자,Y,1989,넥센,2017,2018,2,,4,3.5,,,,,,,,,,,,,,,,,,,,,,,,,,,,,,,,,,,,3,4,,,,,,,
최민창,11351,타자,,1996,LG,2017,2017,1,,1,1.0,,,,,,,,,,,,,,,,,,,,,,,,,,,,,,,,,,,,1,,,,,,,,
최성영,12565,투수,,1997,NC,2017,2025,7,,2,1.1,,,,,,,,,,,,,,,,,,,,,,,,,,,,,,,,,,,,1,1,2,1,,,1,1,1
최원준,12534,타자,,1997,KIA · NC,2017,2025,8,2025 KIA 3→NC 3,3,1.9,,,,,,,,,,,,,,,,,,,,,,,,,,,,,,,,,,,,1,2,1,2,2,,1,3,3
최지광,12934,투수,,1998,삼성,2017,2024,7,,2,1.6,,,,,,,,,,,,,,,,,,,,,,,,,,,,,,,,,,,,1,1,2,2,2,,1,2,
최항,10810,타자,,1994,SK · SSG · 롯데,2017,2024,7,,1,1.0,,,,,,,,,,,,,,,,,,,,,,,,,,,,,,,,,,,,1,1,1,1,1,,1,1,
팻딘,12949,투수,Y,1989,KIA,2017,2018,2,,4,4.0,,,,,,,,,,,,,,,,,,,,,,,,,,,,,,,,,,,,4,4,,,,,,,
페트릭,12958,투수,Y,1989,삼성,2017,2017,1,,4,4.0,,,,,,,,,,,,,,,,,,,,,,,,,,,,,,,,,,,,4,,,,,,,,
허정협,11498,타자,,1990,넥센 · 키움,2017,2021,4,,2,1.2,,,,,,,,,,,,,,,,,,,,,,,,,,,,,,,,,,,,1,,1,2,1,,,,
황수범,10877,투수,,1986,삼성,2017,2017,1,,1,1.0,,,,,,,,,,,,,,,,,,,,,,,,,,,,,,,,,,,,1,,,,,,,,
황진수,10257,타자,,1989,롯데,2017,2017,1,,1,1.0,,,,,,,,,,,,,,,,,,,,,,,,,,,,,,,,,,,,1,,,,,,,,
가르시아,13060,타자,Y,1985,LG,2018,2018,1,,3,3.0,,,,,,,,,,,,,,,,,,,,,,,,,,,,,,,,,,,,,3,,,,,,,
강백호,13168,타자,,1999,KT,2018,2025,8,,5,4.5,,,,,,,,,,,,,,,,,,,,,,,,,,,,,,,,,,,,,4,4,4,5,5,4,5,5
곽빈,13061,투수,,1999,두산,2018,2025,6,,4,3.2,,,,,,,,,,,,,,,,,,,,,,,,,,,,,,,,,,,,,3,,,3,3,3,3,4
김건국,12944,투수,,1988,롯데 · KIA,2018,2025,7,,3,2.1,,,,,,,,,,,,,,,,,,,,,,,,,,,,,,,,,,,,,3,3,3,3,,1,1,1
김규민,10868,타자,,1993,넥센 · 키움,2018,2020,3,,1,1.0,,,,,,,,,,,,,,,,,,,,,,,,,,,,,,,,,,,,,1,1,1,,,,,
김민,13167,투수,,1999,KT · SSG,2018,2025,7,,3,2.4,,,,,,,,,,,,,,,,,,,,,,,,,,,,,,,,,,,,,3,3,3,,3,1,2,2
김민혁,12970,타자,,1996,두산,2018,2023,3,,1,1.0,,,,,,,,,,,,,,,,,,,,,,,,,,,,,,,,,,,,,1,,,,1,1,,
김선기,13092,투수,,1991,넥센 · 키움,2018,2025,8,,2,1.2,,,,,,,,,,,,,,,,,,,,,,,,,,,,,,,,,,,,,1,1,1,1,1,1,2,2
김성훈,12924,투수,,1998,한화,2018,2019,2,,1,1.0,,,,,,,,,,,,,,,,,,,,,,,,,,,,,,,,,,,,,1,1,,,,,,
김영준,13102,투수,,1999,LG,2018,2024,3,,3,2.3,,,,,,,,,,,,,,,,,,,,,,,,,,,,,,,,,,,,,3,,,,3,,1,
김유신,13114,투수,,1999,KIA,2018,2023,4,,1,1.0,,,,,,,,,,,,,,,,,,,,,,,,,,,,,,,,,,,,,1,,,1,1,1,,
김재균,13084,투수,,1999,NC,2018,2018,1,,1,1.0,,,,,,,,,,,,,,,,,,,,,,,,,,,,,,,,,,,,,1,,,,,,,
김정후,13184,투수,,1988,두산,2018,2018,1,,1,1.0,,,,,,,,,,,,,,,,,,,,,,,,,,,,,,,,,,,,,1,,,,,,,
김종수,11117,투수,,1994,한화,2018,2025,6,,2,1.5,,,,,,,,,,,,,,,,,,,,,,,,,,,,,,,,,,,,,1,1,2,1,2,,,2
김진영,12926,투수,,1992,한화,2018,2021,4,,2,1.2,,,,,,,,,,,,,,,,,,,,,,,,,,,,,,,,,,,,,1,1,2,1,,,,
김진욱,13144,투수,,2000,한화,2018,2020,2,,1,1.0,,,,,,,,,,,,,,,,,,,,,,,,,,,,,,,,,,,,,1,,1,,,,,
김찬형,12622,타자,,1997,NC · SSG,2018,2025,6,,1,1.0,,,,,,,,,,,,,,,,,,,,,,,,,,,,,,,,,,,,,1,1,1,1,,1,,1
김태연,12585,타자,,1997,한화,2018,2025,6,,2,1.5,,,,,,,,,,,,,,,,,,,,,,,,,,,,,,,,,,,,,1,,,1,2,1,2,2
김태오,12577,투수,,1997,KT,2018,2023,2,,1,1.0,,,,,,,,,,,,,,,,,,,,,,,,,,,,,,,,,,,,,1,,,,,1,,
김태진,11244,타자,,1995,NC · KIA · 키움,2018,2025,8,2020 NC 1→KIA 1,2,1.2,,,,,,,,,,,,,,,,,,,,,,,,,,,,,,,,,,,,,1,2,1,2,1,1,1,1
김형준,13081,타자,,1999,NC,2018,2025,6,,3,1.7,,,,,,,,,,,,,,,,,,,,,,,,,,,,,,,,,,,,,1,1,1,,,1,3,3
김혜성,12905,타자,,1999,넥센 · 키움,2018,2024,7,,5,3.0,,,,,,,,,,,,,,,,,,,,,,,,,,,,,,,,,,,,,2,2,2,2,4,4,5,
남윤성,12919,투수,,1987,SK,2018,2018,1,,1,1.0,,,,,,,,,,,,,,,,,,,,,,,,,,,,,,,,,,,,,1,,,,,,,
듀브론트,13067,투수,Y,1987,롯데,2018,2018,1,,4,4.0,,,,,,,,,,,,,,,,,,,,,,,,,,,,,,,,,,,,,4,,,,,,,
류승현,12543,타자,,1997,KIA,2018,2019,2,,1,1.0,,,,,,,,,,,,,,,,,,,,,,,,,,,,,,,,,,,,,1,1,,,,,,
박성웅,13136,투수,,1999,한화,2018,2020,3,,1,1.0,,,,,,,,,,,,,,,,,,,,,,,,,,,,,,,,,,,,,1,1,1,,,,,
박성한,12922,타자,,1998,SK · SSG,2018,2025,7,,3,2.1,,,,,,,,,,,,,,,,,,,,,,,,,,,,,,,,,,,,,1,,1,2,2,3,3,3
박신지,13070,투수,,1999,두산,2018,2025,5,,2,1.2,,,,,,,,,,,,,,,,,,,,,,,,,,,,,,,,,,,,,1,,,,1,1,1,2
반슬라이크,13286,타자,Y,1986,두산,2018,2018,1,,3,3.0,,,,,,,,,,,,,,,,,,,,,,,,,,,,,,,,,,,,,3,,,,,,,
배재준,12697,투수,,1994,LG,2018,2025,5,,1,1.0,,,,,,,,,,,,,,,,,,,,,,,,,,,,,,,,,,,,,1,1,,1,1,,,1
백동훈,11084,타자,,1990,두산,2018,2019,2,,1,1.0,,,,,,,,,,,,,,,,,,,,,,,,,,,,,,,,,,,,,1,1,,,,,,
백승민,13241,타자,,1990,삼성,2018,2019,2,,1,1.0,,,,,,,,,,,,,,,,,,,,,,,,,,,,,,,,,,,,,1,1,,,,,,
베렛,13066,투수,Y,1990,NC,2018,2018,1,,4,4.0,,,,,,,,,,,,,,,,,,,,,,,,,,,,,,,,,,,,,4,,,,,,,
보니야,13178,투수,Y,1990,삼성,2018,2018,1,,4,4.0,,,,,,,,,,,,,,,,,,,,,,,,,,,,,,,,,,,,,4,,,,,,,
산체스,13063,투수,Y,1989,SK,2018,2019,2,,5,4.5,,,,,,,,,,,,,,,,,,,,,,,,,,,,,,,,,,,,,4,5,,,,,,
샌즈,13288,타자,Y,1987,넥센 · 키움,2018,2019,2,,4,3.5,,,,,,,,,,,,,,,,,,,,,,,,,,,,,,,,,,,,,3,4,,,,,,
샘슨,13068,투수,Y,1991,한화,2018,2018,1,,4,4.0,,,,,,,,,,,,,,,,,,,,,,,,,,,,,,,,,,,,,4,,,,,,,
신병률,13173,투수,,1996,KT,2018,2018,1,,1,1.0,,,,,,,,,,,,,,,,,,,,,,,,,,,,,,,,,,,,,1,,,,,,,
아델만,13064,투수,Y,1987,삼성,2018,2018,1,,4,4.0,,,,,,,,,,,,,,,,,,,,,,,,,,,,,,,,,,,,,4,,,,,,,
안우진,13091,투수,,1999,넥센 · 키움,2018,2023,6,,5,4.2,,,,,,,,,,,,,,,,,,,,,,,,,,,,,,,,,,,,,4,4,4,4,4,5,,
양창섭,13157,투수,,1999,삼성,2018,2025,6,,3,2.3,,,,,,,,,,,,,,,,,,,,,,,,,,,,,,,,,,,,,3,,3,3,3,1,,1
왕웨이중,12783,투수,Y,1992,NC,2018,2018,1,,4,4.0,,,,,,,,,,,,,,,,,,,,,,,,,,,,,,,,,,,,,4,,,,,,,
윌슨,13062,투수,Y,1989,LG,2018,2020,3,,5,4.7,,,,,,,,,,,,,,,,,,,,,,,,,,,,,,,,,,,,,4,5,5,,,,,
유승철,12914,투수,,1998,KIA,2018,2024,3,,1,1.0,,,,,,,,,,,,,,,,,,,,,,,,,,,,,,,,,,,,,1,,,,1,,1,
윤강민,11155,투수,,1990,NC,2018,2019,2,,1,1.0,,,,,,,,,,,,,,,,,,,,,,,,,,,,,,,,,,,,,1,1,,,,,,
윤성빈,12928,투수,,1999,롯데,2018,2025,2,,4,2.5,,,,,,,,,,,,,,,,,,,,,,,,,,,,,,,,,,,,,4,,,,,,,1
윤수강,10836,타자,,1990,NC,2018,2018,1,,1,1.0,,,,,,,,,,,,,,,,,,,,,,,,,,,,,,,,,,,,,1,,,,,,,
이승진,12678,투수,,1995,SK · 두산,2018,2022,5,,1,1.0,,,,,,,,,,,,,,,,,,,,,,,,,,,,,,,,,,,,,1,1,1,1,1,,,
이승호,12865,투수,,1999,넥센 · 키움,2018,2023,6,,2,1.8,,,,,,,,,,,,,,,,,,,,,,,,,,,,,,,,,,,,,1,2,2,2,2,2,,
이우성,11099,타자,,1994,두산 · NC · KIA,2018,2025,8,2018 두산 1→NC 1; 2019 NC 1→KIA 1; 2025 KIA 3→NC 3,3,1.5,,,,,,,,,,,,,,,,,,,,,,,,,,,,,,,,,,,,,1,1,1,1,1,2,2,3
이원재,12999,타자,,1989,NC,2018,2021,4,,1,1.0,,,,,,,,,,,,,,,,,,,,,,,,,,,,,,,,,,,,,1,1,1,1,,,,
이재율,12525,타자,,1993,NC,2018,2018,1,,1,1.0,,,,,,,,,,,,,,,,,,,,,,,,,,,,,,,,,,,,,1,,,,,,,
장진혁,12583,타자,,1993,한화 · KT,2018,2025,7,,1,1.0,,,,,,,,,,,,,,,,,,,,,,,,,,,,,,,,,,,,,1,1,1,,1,1,1,1
전병우,11422,타자,,1992,롯데 · 키움 · 삼성,2018,2025,8,,2,1.1,,,,,,,,,,,,,,,,,,,,,,,,,,,,,,,,,,,,,1,1,2,1,1,1,1,1
정성종,13147,투수,,1995,롯데,2018,2023,4,,1,1.0,,,,,,,,,,,,,,,,,,,,,,,,,,,,,,,,,,,,,1,1,,1,,1,,
정은원,13137,타자,,2000,한화,2018,2024,7,,4,2.1,,,,,,,,,,,,,,,,,,,,,,,,,,,,,,,,,,,,,1,2,1,2,4,3,2,
조성운,11130,투수,,1989,넥센 · 키움,2018,2020,3,,1,1.0,,,,,,,,,,,,,,,,,,,,,,,,,,,,,,,,,,,,,1,1,1,,,,,
지시완,11413,타자,,1994,한화 · 롯데,2018,2022,4,,1,1.0,,,,,,,,,,,,,,,,,,,,,,,,,,,,,,,,,,,,,1,1,,1,1,,,
최민준,13126,투수,,1999,SK · SSG,2018,2025,6,,2,1.7,,,,,,,,,,,,,,,,,,,,,,,,,,,,,,,,,,,,,1,,,2,2,2,1,2
최원준,12852,투수,,1994,두산,2018,2025,8,,3,1.9,,,,,,,,,,,,,,,,,,,,,,,,,,,,,,,,,,,,,1,1,2,2,3,2,2,2
최채흥,13156,투수,,1995,삼성 · LG,2018,2025,7,,3,2.6,,,,,,,,,,,,,,,,,,,,,,,,,,,,,,,,,,,,,3,3,3,3,,2,2,2
파레디스,13059,타자,Y,1988,두산,2018,2018,1,,3,3.0,,,,,,,,,,,,,,,,,,,,,,,,,,,,,,,,,,,,,3,,,,,,,
하준영,13115,투수,,1999,KIA · NC,2018,2025,5,,2,1.4,,,,,,,,,,,,,,,,,,,,,,,,,,,,,,,,,,,,,1,2,,,1,2,,1
한동희,13145,타자,,1999,롯데,2018,2024,7,,2,1.7,,,,,,,,,,,,,,,,,,,,,,,,,,,,,,,,,,,,,1,1,2,2,2,2,2,
헤일,13287,투수,Y,1987,한화,2018,2018,1,,3,3.0,,,,,,,,,,,,,,,,,,,,,,,,,,,,,,,,,,,,,3,,,,,,,
현도훈,13271,투수,,1993,두산 · 롯데,2018,2024,3,,1,1.0,,,,,,,,,,,,,,,,,,,,,,,,,,,,,,,,,,,,,1,,,1,,,1,
호잉,13069,타자,Y,1989,한화 · KT,2018,2021,4,,4,4.0,,,,,,,,,,,,,,,,,,,,,,,,,,,,,,,,,,,,,4,4,4,4,,,,
황윤호,11363,타자,,1993,KIA,2018,2020,3,,1,1.0,,,,,,,,,,,,,,,,,,,,,,,,,,,,,,,,,,,,,1,1,1,,,,,
황인준,13180,투수,,1991,KIA,2018,2019,2,,1,1.0,,,,,,,,,,,,,,,,,,,,,,,,,,,,,,,,,,,,,1,1,,,,,,
후랭코프,13058,투수,Y,1988,두산,2018,2019,2,,5,4.5,,,,,,,,,,,,,,,,,,,,,,,,,,,,,,,,,,,,,4,5,,,,,,
휠러,13065,투수,Y,1990,한화,2018,2018,1,,4,4.0,,,,,,,,,,,,,,,,,,,,,,,,,,,,,,,,,,,,,4,,,,,,,
강로한,11389,타자,,1992,롯데,2019,2021,2,,1,1.0,,,,,,,,,,,,,,,,,,,,,,,,,,,,,,,,,,,,,,1,,1,,,,
강민국,11243,타자,,1992,KT,2019,2021,3,,1,1.0,,,,,,,,,,,,,,,,,,,,,,,,,,,,,,,,,,,,,,1,1,1,,,,
강이준,12866,투수,,1998,KIA,2019,2019,1,,1,1.0,,,,,,,,,,,,,,,,,,,,,,,,,,,,,,,,,,,,,,1,,,,,,
강정현,14138,투수,,1995,LG,2019,2019,1,,1,1.0,,,,,,,,,,,,,,,,,,,,,,,,,,,,,,,,,,,,,,1,,,,,,
강지광,10495,투수,,1990,SK,2019,2019,1,,1,1.0,,,,,,,,,,,,,,,,,,,,,,,,,,,,,,,,,,,,,,1,,,,,,
고승민,14160,타자,,2000,롯데,2019,2025,5,,3,1.6,,,,,,,,,,,,,,,,,,,,,,,,,,,,,,,,,,,,,,1,,,1,1,2,3
고영창,11068,투수,,1989,KIA,2019,2022,4,,2,1.2,,,,,,,,,,,,,,,,,,,,,,,,,,,,,,,,,,,,,,2,1,1,1,,,
공민규,13164,타자,,1999,삼성,2019,2023,2,,1,1.0,,,,,,,,,,,,,,,,,,,,,,,,,,,,,,,,,,,,,,1,,,,1,,
구본혁,14140,타자,,1997,LG,2019,2025,5,,2,1.4,,,,,,,,,,,,,,,,,,,,,,,,,,,,,,,,,,,,,,1,1,1,,,2,2
김기훈,14176,투수,,2000,KIA,2019,2025,6,,3,2.3,,,,,,,,,,,,,,,,,,,,,,,,,,,,,,,,,,,,,,3,3,,3,3,1,1
김도현,14128,투수,,2000,한화 · KIA,2019,2025,6,,2,1.3,,,,,,,,,,,,,,,,,,,,,,,,,,,,,,,,,,,,,,1,1,1,1,,2,2
김도환,14115,타자,,2000,삼성,2019,2021,3,,1,1.0,,,,,,,,,,,,,,,,,,,,,,,,,,,,,,,,,,,,,,1,1,1,,,,
김무신,13162,투수,,1999,삼성,2019,2024,5,,2,1.2,,,,,,,,,,,,,,,,,,,,,,,,,,,,,,,,,,,,,,1,2,1,1,,1,
김민수,12931,타자,,1996,롯데,2019,2023,4,,1,1.0,,,,,,,,,,,,,,,,,,,,,,,,,,,,,,,,,,,,,,1,,1,1,1,,
김영규,13088,투수,,2000,NC,2019,2025,7,,3,1.7,,,,,,,,,,,,,,,,,,,,,,,,,,,,,,,,,,,,,,1,1,1,2,2,3,2
김인환,12589,타자,,1994,한화,2019,2024,4,,2,1.5,,,,,,,,,,,,,,,,,,,,,,,,,,,,,,,,,,,,,,1,,,2,2,1,
김창평,14146,타자,,2000,SK,2019,2020,2,,1,1.0,,,,,,,,,,,,,,,,,,,,,,,,,,,,,,,,,,,,,,1,1,,,,,
김현수,14162,투수,,2000,롯데 · KIA,2019,2025,5,,1,1.0,,,,,,,,,,,,,,,,,,,,,,,,,,,,,,,,,,,,,,1,1,1,,,1,1
김호재,13240,타자,,1995,삼성,2019,2023,4,,1,1.0,,,,,,,,,,,,,,,,,,,,,,,,,,,,,,,,,,,,,,1,1,1,,1,,
노시환,14125,타자,,2000,한화,2019,2025,7,,5,3.4,,,,,,,,,,,,,,,,,,,,,,,,,,,,,,,,,,,,,,3,3,3,3,3,5,4
다익손,13933,투수,Y,1994,SK · 롯데,2019,2019,1,2019 SK 3→롯데 4,4,3.0,,,,,,,,,,,,,,,,,,,,,,,,,,,,,,,,,,,,,,3,,,,,,
라이블리,14232,투수,Y,1992,삼성,2019,2021,3,,4,3.7,,,,,,,,,,,,,,,,,,,,,,,,,,,,,,,,,,,,,,3,4,4,,,,
루친스키,13932,투수,Y,1988,NC,2019,2022,4,,5,4.8,,,,,,,,,,,,,,,,,,,,,,,,,,,,,,,,,,,,,,4,5,5,5,,,
맥과이어,13936,투수,Y,1989,삼성,2019,2019,1,,4,4.0,,,,,,,,,,,,,,,,,,,,,,,,,,,,,,,,,,,,,,4,,,,,,
문동욱,11230,투수,,1992,한화,2019,2020,2,,1,1.0,,,,,,,,,,,,,,,,,,,,,,,,,,,,,,,,,,,,,,1,1,,,,,
박계범,11198,타자,,1996,삼성 · 두산,2019,2025,6,,2,1.2,,,,,,,,,,,,,,,,,,,,,,,,,,,,,,,,,,,,,,1,1,2,1,1,,1
박윤철,14129,투수,,1996,한화,2019,2022,2,,1,1.0,,,,,,,,,,,,,,,,,,,,,,,,,,,,,,,,,,,,,,1,,,1,,,
배성근,13279,타자,,1995,롯데,2019,2022,3,,1,1.0,,,,,,,,,,,,,,,,,,,,,,,,,,,,,,,,,,,,,,1,,1,1,,,
백승건,14145,투수,,2000,SK · SSG,2019,2024,4,,1,1.0,,,,,,,,,,,,,,,,,,,,,,,,,,,,,,,,,,,,,,1,1,,,1,1,
버틀러,13931,투수,Y,1991,NC,2019,2019,1,,4,4.0,,,,,,,,,,,,,,,,,,,,,,,,,,,,,,,,,,,,,,4,,,,,,
베탄코트,13930,타자,Y,1991,NC,2019,2019,1,,3,3.0,,,,,,,,,,,,,,,,,,,,,,,,,,,,,,,,,,,,,,3,,,,,,
변우혁,14124,타자,,2000,한화 · KIA,2019,2025,5,,3,1.8,,,,,,,,,,,,,,,,,,,,,,,,,,,,,,,,,,,,,,3,,,3,1,1,1
서준원,14159,투수,,2000,롯데,2019,2022,4,,3,3.0,,,,,,,,,,,,,,,,,,,,,,,,,,,,,,,,,,,,,,3,3,3,3,,,
서폴드,13938,투수,Y,1990,한화,2019,2020,2,,5,4.5,,,,,,,,,,,,,,,,,,,,,,,,,,,,,,,,,,,,,,4,5,,,,,
손동현,14108,투수,,2001,KT,2019,2025,5,,2,1.4,,,,,,,,,,,,,,,,,,,,,,,,,,,,,,,,,,,,,,1,1,,,2,1,2
송준석,11200,타자,,1994,삼성,2019,2022,4,,1,1.0,,,,,,,,,,,,,,,,,,,,,,,,,,,,,,,,,,,,,,1,1,1,1,,,
스몰린스키,14226,타자,Y,1989,NC,2019,2019,1,,3,3.0,,,,,,,,,,,,,,,,,,,,,,,,,,,,,,,,,,,,,,3,,,,,,
신민재,13056,타자,,1996,LG,2019,2025,5,,3,1.6,,,,,,,,,,,,,,,,,,,,,,,,,,,,,,,,,,,,,,1,1,,,1,2,3
신범수,12541,타자,,1998,KIA · SSG,2019,2025,3,,1,1.0,,,,,,,,,,,,,,,,,,,,,,,,,,,,,,,,,,,,,,1,,,,1,,1
아수아헤,13929,타자,Y,1991,롯데,2019,2019,1,,3,3.0,,,,,,,,,,,,,,,,,,,,,,,,,,,,,,,,,,,,,,3,,,,,,
안상현,12613,타자,,1997,SK · SSG,2019,2025,6,,1,1.0,,,,,,,,,,,,,,,,,,,,,,,,,,,,,,,,,,,,,,1,,1,1,1,1,1
안승한,11328,타자,,1992,KT · 두산,2019,2022,2,,1,1.0,,,,,,,,,,,,,,,,,,,,,,,,,,,,,,,,,,,,,,1,,,1,,,
알칸타라,13941,투수,Y,1992,KT · 두산 · 키움,2019,2025,5,,5,4.6,,,,,,,,,,,,,,,,,,,,,,,,,,,,,,,,,,,,,,4,5,,,5,5,4
양승철,14180,투수,,1992,KIA,2019,2020,2,,1,1.0,,,,,,,,,,,,,,,,,,,,,,,,,,,,,,,,,,,,,,1,1,,,,,
양지율,12854,투수,,1998,키움,2019,2025,4,,1,1.0,,,,,,,,,,,,,,,,,,,,,,,,,,,,,,,,,,,,,,1,1,,,,1,1
오석주,12860,투수,,1998,LG · 키움,2019,2025,5,,2,1.2,,,,,,,,,,,,,,,,,,,,,,,,,,,,,,,,,,,,,,1,,1,,1,1,2
오선우,14181,타자,,1996,KIA,2019,2025,4,,2,1.2,,,,,,,,,,,,,,,,,,,,,,,,,,,,,,,,,,,,,,1,1,,,1,,2
요키시,13940,투수,Y,1989,키움 · NC,2019,2024,6,,5,4.5,,,,,,,,,,,,,,,,,,,,,,,,,,,,,,,,,,,,,,4,4,5,5,5,4,
원태인,14113,투수,,2000,삼성,2019,2025,7,,5,4.1,,,,,,,,,,,,,,,,,,,,,,,,,,,,,,,,,,,,,,4,4,4,4,4,4,5
윌랜드,13924,투수,Y,1990,KIA,2019,2019,1,,4,4.0,,,,,,,,,,,,,,,,,,,,,,,,,,,,,,,,,,,,,,4,,,,,,
윌리엄슨,14230,타자,Y,1990,삼성,2019,2019,1,,3,3.0,,,,,,,,,,,,,,,,,,,,,,,,,,,,,,,,,,,,,,3,,,,,,
윌슨,14225,타자,Y,1990,롯데,2019,2019,1,,3,3.0,,,,,,,,,,,,,,,,,,,,,,,,,,,,,,,,,,,,,,3,,,,,,
유로결,14126,타자,,2000,한화,2019,2024,6,,1,1.0,,,,,,,,,,,,,,,,,,,,,,,,,,,,,,,,,,,,,,1,1,1,1,1,1,
이대은,11907,투수,,1989,KT,2019,2021,3,,2,1.3,,,,,,,,,,,,,,,,,,,,,,,,,,,,,,,,,,,,,,2,1,1,,,,
이상동,14109,투수,,1995,KT,2019,2025,6,,1,1.0,,,,,,,,,,,,,,,,,,,,,,,,,,,,,,,,,,,,,,1,1,1,,1,1,1
이성규,12562,타자,,1993,삼성,2019,2025,6,,1,1.0,,,,,,,,,,,,,,,,,,,,,,,,,,,,,,,,,,,,,,1,1,,1,1,1,1
이우석,11360,투수,,1996,NC,2019,2021,2,,1,1.0,,,,,,,,,,,,,,,,,,,,,,,,,,,,,,,,,,,,,,1,,1,,,,
이우찬,10749,투수,,1992,LG,2019,2025,6,,2,1.2,,,,,,,,,,,,,,,,,,,,,,,,,,,,,,,,,,,,,,2,,1,1,1,1,1
이정현,12937,투수,,1997,KT,2019,2021,2,,1,1.0,,,,,,,,,,,,,,,,,,,,,,,,,,,,,,,,,,,,,,1,,1,,,,
이창진,11233,타자,,1991,KIA,2019,2025,7,,2,1.3,,,,,,,,,,,,,,,,,,,,,,,,,,,,,,,,,,,,,,2,1,1,2,1,1,1
이학주,14114,타자,,1990,삼성 · 롯데,2019,2024,6,,2,1.2,,,,,,,,,,,,,,,,,,,,,,,,,,,,,,,,,,,,,,2,1,1,1,1,1,
장승현,11097,타자,,1994,두산,2019,2023,4,,1,1.0,,,,,,,,,,,,,,,,,,,,,,,,,,,,,,,,,,,,,,1,,1,1,1,,
장지수,14178,투수,,2000,KIA · 한화,2019,2024,3,,1,1.0,,,,,,,,,,,,,,,,,,,,,,,,,,,,,,,,,,,,,,1,,1,,,1,
장지훈,12933,투수,,1997,삼성,2019,2020,2,,1,1.0,,,,,,,,,,,,,,,,,,,,,,,,,,,,,,,,,,,,,,1,1,,,,,
정보근,13154,타자,,1999,롯데,2019,2025,6,,1,1.0,,,,,,,,,,,,,,,,,,,,,,,,,,,,,,,,,,,,,,1,1,,1,1,1,1
정우영,14136,투수,,1999,LG,2019,2024,6,,3,2.2,,,,,,,,,,,,,,,,,,,,,,,,,,,,,,,,,,,,,,2,2,2,2,3,2,
조근종,12993,투수,,1990,KT,2019,2019,1,,1,1.0,,,,,,,,,,,,,,,,,,,,,,,,,,,,,,,,,,,,,,1,,,,,,
조셉,13935,타자,Y,1991,LG,2019,2019,1,,3,3.0,,,,,,,,,,,,,,,,,,,,,,,,,,,,,,,,,,,,,,3,,,,,,
조현우,11316,투수,,1994,KT,2019,2022,4,,2,1.2,,,,,,,,,,,,,,,,,,,,,,,,,,,,,,,,,,,,,,1,2,1,1,,,
차명진,11263,투수,,1995,KIA,2019,2021,2,,3,3.0,,,,,,,,,,,,,,,,,,,,,,,,,,,,,,,,,,,,,,3,,3,,,,
차재용,11399,투수,,1996,롯데,2019,2019,1,,1,1.0,,,,,,,,,,,,,,,,,,,,,,,,,,,,,,,,,,,,,,1,,,,,,
채드벨,13939,투수,Y,1989,한화,2019,2020,2,,4,4.0,,,,,,,,,,,,,,,,,,,,,,,,,,,,,,,,,,,,,,4,4,,,,,
최준우,13128,타자,,1999,SK · SSG,2019,2025,5,,1,1.0,,,,,,,,,,,,,,,,,,,,,,,,,,,,,,,,,,,,,,1,1,,,1,1,1
켈리,13934,투수,Y,1989,LG,2019,2024,6,,5,4.8,,,,,,,,,,,,,,,,,,,,,,,,,,,,,,,,,,,,,,4,5,5,5,5,5,
쿠에바스,13942,투수,Y,1990,KT,2019,2025,7,,5,4.3,,,,,,,,,,,,,,,,,,,,,,,,,,,,,,,,,,,,,,4,4,4,4,4,5,5
터너,13925,투수,Y,1991,KIA,2019,2019,1,,4,4.0,,,,,,,,,,,,,,,,,,,,,,,,,,,,,,,,,,,,,,4,,,,,,
터커,14224,타자,Y,1990,KIA,2019,2021,3,,5,4.3,,,,,,,,,,,,,,,,,,,,,,,,,,,,,,,,,,,,,,4,4,5,,,,
톰슨,13928,투수,Y,1994,롯데,2019,2019,1,,3,3.0,,,,,,,,,,,,,,,,,,,,,,,,,,,,,,,,,,,,,,3,,,,,,
페게로,14228,타자,Y,1987,LG,2019,2019,1,,3,3.0,,,,,,,,,,,,,,,,,,,,,,,,,,,,,,,,,,,,,,3,,,,,,
페르난데스,13927,타자,Y,1988,두산,2019,2022,4,,4,4.0,,,,,,,,,,,,,,,,,,,,,,,,,,,,,,,,,,,,,,4,4,4,4,,,
프리드릭,14227,투수,Y,1987,NC,2019,2019,1,,3,3.0,,,,,,,,,,,,,,,,,,,,,,,,,,,,,,,,,,,,,,3,,,,,,
한선태,14144,투수,,1994,LG,2019,2019,1,,1,1.0,,,,,,,,,,,,,,,,,,,,,,,,,,,,,,,,,,,,,,1,,,,,,
해즐베이커,13926,타자,Y,1987,KIA,2019,2019,1,,3,3.0,,,,,,,,,,,,,,,,,,,,,,,,,,,,,,,,,,,,,,3,,,,,,
허일,10692,타자,,1992,롯데,2019,2020,2,,1,1.0,,,,,,,,,,,,,,,,,,,,,,,,,,,,,,,,,,,,,,1,1,,,,,
헤일리,13937,투수,Y,1991,삼성,2019,2019,1,,4,4.0,,,,,,,,,,,,,,,,,,,,,,,,,,,,,,,,,,,,,,4,,,,,,
홍정우,13242,투수,,1996,삼성,2019,2023,5,,1,1.0,,,,,,,,,,,,,,,,,,,,,,,,,,,,,,,,,,,,,,1,1,1,1,1,,
가뇽,14609,투수,Y,1990,KIA,2020,2020,1,,4,4.0,,,,,,,,,,,,,,,,,,,,,,,,,,,,,,,,,,,,,,,4,,,,,
강재민,14708,투수,,1997,한화,2020,2023,4,,2,1.8,,,,,,,,,,,,,,,,,,,,,,,,,,,,,,,,,,,,,,,2,2,2,1,,
강현우,14603,타자,,2001,KT,2020,2025,4,,1,1.0,,,,,,,,,,,,,,,,,,,,,,,,,,,,,,,,,,,,,,,1,,,1,1,1
권민석,13079,타자,,1999,두산,2020,2020,1,,1,1.0,,,,,,,,,,,,,,,,,,,,,,,,,,,,,,,,,,,,,,,1,,,,,
권휘,13665,투수,,2000,두산,2020,2024,4,,1,1.0,,,,,,,,,,,,,,,,,,,,,,,,,,,,,,,,,,,,,,,1,1,1,,1,
김경호,11207,타자,,1995,SK,2020,2020,1,,1,1.0,,,,,,,,,,,,,,,,,,,,,,,,,,,,,,,,,,,,,,,1,,,,,
김규성,12540,타자,,1997,KIA,2020,2025,5,,1,1.0,,,,,,,,,,,,,,,,,,,,,,,,,,,,,,,,,,,,,,,1,1,1,1,,1
김기탁,12875,투수,,1998,한화,2020,2021,2,,1,1.0,,,,,,,,,,,,,,,,,,,,,,,,,,,,,,,,,,,,,,,1,1,,,,
김동혁,14674,투수,,2001,키움,2020,2024,5,,2,1.2,,,,,,,,,,,,,,,,,,,,,,,,,,,,,,,,,,,,,,,1,2,1,1,1,
김민규,13072,투수,,1999,두산,2020,2025,5,,1,1.0,,,,,,,,,,,,,,,,,,,,,,,,,,,,,,,,,,,,,,,1,1,,1,1,1
김사윤,11364,투수,,1994,SK · SSG · KIA,2020,2024,4,,2,1.2,,,,,,,,,,,,,,,,,,,,,,,,,,,,,,,,,,,,,,,2,1,1,,1,
김윤식,14588,투수,,2000,LG,2020,2023,4,,4,3.2,,,,,,,,,,,,,,,,,,,,,,,,,,,,,,,,,,,,,,,3,3,3,4,,
김응민,10890,타자,,1991,삼성 · NC,2020,2022,2,,1,1.0,,,,,,,,,,,,,,,,,,,,,,,,,,,,,,,,,,,,,,,1,,1,,,
김재열,14747,투수,,1996,KIA · NC,2020,2025,6,,2,1.3,,,,,,,,,,,,,,,,,,,,,,,,,,,,,,,,,,,,,,,1,1,1,1,2,2
김재웅,12858,투수,,1998,키움,2020,2024,5,,2,1.8,,,,,,,,,,,,,,,,,,,,,,,,,,,,,,,,,,,,,,,1,2,2,2,2,
김주온,13057,투수,,1996,SK,2020,2020,1,,1,1.0,,,,,,,,,,,,,,,,,,,,,,,,,,,,,,,,,,,,,,,1,,,,,
김주형,14214,타자,,1996,키움,2020,2023,4,,1,1.0,,,,,,,,,,,,,,,,,,,,,,,,,,,,,,,,,,,,,,,1,1,1,1,,
김지찬,14618,타자,,2001,삼성,2020,2025,6,,3,1.8,,,,,,,,,,,,,,,,,,,,,,,,,,,,,,,,,,,,,,,1,1,2,1,3,3
김진호,12897,투수,,1998,NC,2020,2025,4,,2,1.2,,,,,,,,,,,,,,,,,,,,,,,,,,,,,,,,,,,,,,,1,,1,1,,2
김현준,12533,투수,,1997,KIA,2020,2022,3,,1,1.0,,,,,,,,,,,,,,,,,,,,,,,,,,,,,,,,,,,,,,,1,1,1,,,
김호은,12554,타자,,1992,LG,2020,2020,1,,1,1.0,,,,,,,,,,,,,,,,,,,,,,,,,,,,,,,,,,,,,,,1,,,,,
남호,14139,투수,,2000,LG,2020,2020,1,,1,1.0,,,,,,,,,,,,,,,,,,,,,,,,,,,,,,,,,,,,,,,1,,,,,
노태형,11269,타자,,1995,한화,2020,2021,2,,1,1.0,,,,,,,,,,,,,,,,,,,,,,,,,,,,,,,,,,,,,,,1,1,,,,
데스파이네,14602,투수,Y,1987,KT,2020,2022,3,,5,4.3,,,,,,,,,,,,,,,,,,,,,,,,,,,,,,,,,,,,,,,4,4,5,,,
라모스,14592,타자,Y,1994,LG,2020,2021,2,,4,4.0,,,,,,,,,,,,,,,,,,,,,,,,,,,,,,,,,,,,,,,4,4,,,,
라이트,14596,투수,Y,1990,NC,2020,2020,1,,5,5.0,,,,,,,,,,,,,,,,,,,,,,,,,,,,,,,,,,,,,,,5,,,,,
러셀,14742,타자,Y,1994,키움,2020,2023,2,,4,3.5,,,,,,,,,,,,,,,,,,,,,,,,,,,,,,,,,,,,,,,3,,,4,,
마차도,14629,타자,Y,1992,롯데,2020,2021,2,,4,4.0,,,,,,,,,,,,,,,,,,,,,,,,,,,,,,,,,,,,,,,4,4,,,,
모터,14579,타자,Y,1989,키움,2020,2020,1,,3,3.0,,,,,,,,,,,,,,,,,,,,,,,,,,,,,,,,,,,,,,,3,,,,,
문원,12848,투수,,1998,두산,2020,2020,1,,1,1.0,,,,,,,,,,,,,,,,,,,,,,,,,,,,,,,,,,,,,,,1,,,,,
박상언,12587,타자,,1997,한화,2020,2024,4,,1,1.0,,,,,,,,,,,,,,,,,,,,,,,,,,,,,,,,,,,,,,,1,,1,1,1,
박소준,11491,투수,,1995,두산,2020,2021,2,,1,1.0,,,,,,,,,,,,,,,,,,,,,,,,,,,,,,,,,,,,,,,1,1,,,,
박승규,14122,타자,,2000,삼성,2020,2025,4,,1,1.0,,,,,,,,,,,,,,,,,,,,,,,,,,,,,,,,,,,,,,,1,1,1,,,1
박정현,14704,타자,,2001,한화,2020,2023,4,,1,1.0,,,,,,,,,,,,,,,,,,,,,,,,,,,,,,,,,,,,,,,1,1,1,1,,
박준영,12522,타자,,1997,NC · 두산,2020,2025,6,,3,2.8,,,,,,,,,,,,,,,,,,,,,,,,,,,,,,,,,,,,,,,3,3,3,3,3,2
반즈,14741,타자,Y,1986,한화,2020,2020,1,,4,4.0,,,,,,,,,,,,,,,,,,,,,,,,,,,,,,,,,,,,,,,4,,,,,
배민서,14158,투수,,1999,NC,2020,2023,3,,1,1.0,,,,,,,,,,,,,,,,,,,,,,,,,,,,,,,,,,,,,,,1,1,,1,,
변상권,13223,타자,,1997,키움,2020,2024,3,,1,1.0,,,,,,,,,,,,,,,,,,,,,,,,,,,,,,,,,,,,,,,1,1,,,1,
뷰캐넌,14617,투수,Y,1989,삼성,2020,2023,4,,5,4.8,,,,,,,,,,,,,,,,,,,,,,,,,,,,,,,,,,,,,,,4,5,5,5,,
브룩스,14610,투수,Y,1990,KIA,2020,2021,2,,5,4.5,,,,,,,,,,,,,,,,,,,,,,,,,,,,,,,,,,,,,,,4,5,,,,
살라디노,14630,타자,Y,1989,삼성,2020,2020,1,,4,4.0,,,,,,,,,,,,,,,,,,,,,,,,,,,,,,,,,,,,,,,4,,,,,
샘슨,14626,투수,Y,1991,롯데,2020,2020,1,,4,4.0,,,,,,,,,,,,,,,,,,,,,,,,,,,,,,,,,,,,,,,4,,,,,
서덕원,12538,투수,,1993,KIA,2020,2021,2,,1,1.0,,,,,,,,,,,,,,,,,,,,,,,,,,,,,,,,,,,,,,,1,1,,,,
서동민,13191,투수,,1994,SK · SSG,2020,2022,3,,1,1.0,,,,,,,,,,,,,,,,,,,,,,,,,,,,,,,,,,,,,,,1,1,1,,,
소이현,12900,투수,,1999,NC,2020,2025,3,,1,1.0,,,,,,,,,,,,,,,,,,,,,,,,,,,,,,,,,,,,,,,1,1,,,,1
소형준,14600,투수,,2001,KT,2020,2025,6,,4,3.8,,,,,,,,,,,,,,,,,,,,,,,,,,,,,,,,,,,,,,,4,4,4,4,4,3
손호영,14590,타자,,1994,LG · 롯데,2020,2025,5,,2,1.4,,,,,,,,,,,,,,,,,,,,,,,,,,,,,,,,,,,,,,,1,,1,1,2,2
송명기,14155,투수,,2000,NC,2020,2024,5,,3,3.0,,,,,,,,,,,,,,,,,,,,,,,,,,,,,,,,,,,,,,,3,3,3,3,3,
송윤준,10748,투수,,1992,한화,2020,2021,2,,1,1.0,,,,,,,,,,,,,,,,,,,,,,,,,,,,,,,,,,,,,,,1,1,,,,
스트레일리,14627,투수,Y,1988,롯데,2020,2023,4,,5,4.8,,,,,,,,,,,,,,,,,,,,,,,,,,,,,,,,,,,,,,,5,5,4,5,,
신민혁,13085,투수,,1999,NC,2020,2025,6,,3,2.0,,,,,,,,,,,,,,,,,,,,,,,,,,,,,,,,,,,,,,,1,2,2,2,3,2
안권수,14571,타자,,1993,두산 · 롯데,2020,2023,4,,1,1.0,,,,,,,,,,,,,,,,,,,,,,,,,,,,,,,,,,,,,,,1,1,1,1,,
알테어,14599,타자,Y,1991,NC,2020,2021,2,,5,5.0,,,,,,,,,,,,,,,,,,,,,,,,,,,,,,,,,,,,,,,5,5,,,,
오동욱,14713,투수,,2001,한화,2020,2021,2,,1,1.0,,,,,,,,,,,,,,,,,,,,,,,,,,,,,,,,,,,,,,,1,1,,,,
오원석,14581,투수,,2001,SK · SSG · KT,2020,2025,6,,3,2.5,,,,,,,,,,,,,,,,,,,,,,,,,,,,,,,,,,,,,,,3,3,2,2,3,2
윤대경,11110,투수,,1994,한화,2020,2024,5,,2,1.8,,,,,,,,,,,,,,,,,,,,,,,,,,,,,,,,,,,,,,,2,2,2,1,2,
윤정현,14131,투수,,1993,키움,2020,2023,4,,1,1.0,,,,,,,,,,,,,,,,,,,,,,,,,,,,,,,,,,,,,,,1,1,1,1,,
윤호솔,11170,투수,,1994,한화,2020,2022,3,,4,3.3,,,,,,,,,,,,,,,,,,,,,,,,,,,,,,,,,,,,,,,4,4,2,,,
이강준,14601,투수,,2001,KT · 롯데 · 키움,2020,2025,4,,1,1.0,,,,,,,,,,,,,,,,,,,,,,,,,,,,,,,,,,,,,,,1,1,1,,,1
이건욱,11242,투수,,1995,SK · SSG,2020,2024,4,,2,1.2,,,,,,,,,,,,,,,,,,,,,,,,,,,,,,,,,,,,,,,2,1,,1,1,
이민호,14589,투수,,2001,LG,2020,2023,4,,4,4.0,,,,,,,,,,,,,,,,,,,,,,,,,,,,,,,,,,,,,,,4,4,4,4,,
이상규,13245,투수,,1996,LG · 한화,2020,2025,5,,1,1.0,,,,,,,,,,,,,,,,,,,,,,,,,,,,,,,,,,,,,,,1,1,,1,1,1
이성곤,11206,타자,,1992,삼성 · 한화,2020,2022,3,,1,1.0,,,,,,,,,,,,,,,,,,,,,,,,,,,,,,,,,,,,,,,1,1,1,,,
이승민,14616,투수,,2000,삼성,2020,2025,5,,2,1.2,,,,,,,,,,,,,,,,,,,,,,,,,,,,,,,,,,,,,,,1,1,1,,1,2
이승헌,13146,투수,,1998,롯데,2020,2021,2,,1,1.0,,,,,,,,,,,,,,,,,,,,,,,,,,,,,,,,,,,,,,,1,1,,,,
이원준,12920,투수,,1998,SK,2020,2020,1,,1,1.0,,,,,,,,,,,,,,,,,,,,,,,,,,,,,,,,,,,,,,,1,,,,,
이유찬,12894,타자,,1998,두산,2020,2025,5,,1,1.0,,,,,,,,,,,,,,,,,,,,,,,,,,,,,,,,,,,,,,,1,,1,1,1,1
이정용,14134,투수,,1996,LG,2020,2025,5,,3,2.8,,,,,,,,,,,,,,,,,,,,,,,,,,,,,,,,,,,,,,,3,3,3,3,,2
이현석,11369,타자,,1992,SK · SSG,2020,2021,2,,1,1.0,,,,,,,,,,,,,,,,,,,,,,,,,,,,,,,,,,,,,,,1,1,,,,
임규빈,13010,투수,,1991,키움,2020,2021,2,,1,1.0,,,,,,,,,,,,,,,,,,,,,,,,,,,,,,,,,,,,,,,1,1,,,,
임종찬,14706,타자,,2001,한화,2020,2025,5,,1,1.0,,,,,,,,,,,,,,,,,,,,,,,,,,,,,,,,,,,,,,,1,1,1,,1,1
장웅정,14714,투수,,1997,한화,2020,2021,2,,1,1.0,,,,,,,,,,,,,,,,,,,,,,,,,,,,,,,,,,,,,,,1,1,,,,
장준원,11214,타자,,1995,LG · KT,2020,2025,4,,1,1.0,,,,,,,,,,,,,,,,,,,,,,,,,,,,,,,,,,,,,,,1,,1,1,,1
정기훈,12985,타자,,1995,한화,2020,2020,1,,1,1.0,,,,,,,,,,,,,,,,,,,,,,,,,,,,,,,,,,,,,,,1,,,,,
정해영,14608,투수,,2001,KIA,2020,2025,6,,4,3.3,,,,,,,,,,,,,,,,,,,,,,,,,,,,,,,,,,,,,,,3,3,3,3,4,4
조병욱,12939,투수,,1998,KT,2020,2020,1,,1,1.0,,,,,,,,,,,,,,,,,,,,,,,,,,,,,,,,,,,,,,,1,,,,,
조영건,14132,투수,,1999,키움,2020,2025,4,,2,1.2,,,,,,,,,,,,,,,,,,,,,,,,,,,,,,,,,,,,,,,1,,,1,1,2
조제영,14732,투수,,2001,두산,2020,2021,2,,1,1.0,,,,,,,,,,,,,,,,,,,,,,,,,,,,,,,,,,,,,,,1,1,,,,
조한민,14210,타자,,2000,한화,2020,2021,2,,1,1.0,,,,,,,,,,,,,,,,,,,,,,,,,,,,,,,,,,,,,,,1,1,,,,
채원후,11387,투수,,1995,두산 · LG,2020,2021,2,,1,1.0,,,,,,,,,,,,,,,,,,,,,,,,,,,,,,,,,,,,,,,1,1,,,,
천성호,14606,타자,,1997,KT · LG,2020,2025,4,2025 KT 1→LG 1,1,1.0,,,,,,,,,,,,,,,,,,,,,,,,,,,,,,,,,,,,,,,1,1,,,1,1
최용제,12649,타자,,1991,두산,2020,2021,2,,1,1.0,,,,,,,,,,,,,,,,,,,,,,,,,,,,,,,,,,,,,,,1,1,,,,
최인호,14707,타자,,2000,한화,2020,2025,5,,1,1.0,,,,,,,,,,,,,,,,,,,,,,,,,,,,,,,,,,,,,,,1,1,,1,1,1
최정원,14221,타자,,2000,NC,2020,2025,5,,1,1.0,,,,,,,,,,,,,,,,,,,,,,,,,,,,,,,,,,,,,,,1,1,,1,1,1
최준용,14624,투수,,2001,롯데,2020,2025,6,,4,3.7,,,,,,,,,,,,,,,,,,,,,,,,,,,,,,,,,,,,,,,4,4,4,4,4,2
최지훈,14587,타자,,1997,SK · SSG,2020,2025,6,,4,2.5,,,,,,,,,,,,,,,,,,,,,,,,,,,,,,,,,,,,,,,2,2,2,4,3,2
킹험,14582,투수,Y,1991,SK · 한화,2020,2022,3,,4,3.7,,,,,,,,,,,,,,,,,,,,,,,,,,,,,,,,,,,,,,,3,4,4,,,
팔카,14743,타자,Y,1991,삼성,2020,2020,1,,3,3.0,,,,,,,,,,,,,,,,,,,,,,,,,,,,,,,,,,,,,,,3,,,,,
플렉센,14575,투수,Y,1994,두산,2020,2020,1,,4,4.0,,,,,,,,,,,,,,,,,,,,,,,,,,,,,,,,,,,,,,,4,,,,,
핀토,14583,투수,Y,1994,SK,2020,2020,1,,4,4.0,,,,,,,,,,,,,,,,,,,,,,,,,,,,,,,,,,,,,,,4,,,,,
한승혁,12590,투수,,1996,롯데,2020,2020,1,,1,1.0,,,,,,,,,,,,,,,,,,,,,,,,,,,,,,,,,,,,,,,1,,,,,
허윤동,14613,투수,,2001,삼성,2020,2023,3,,1,1.0,,,,,,,,,,,,,,,,,,,,,,,,,,,,,,,,,,,,,,,1,,1,1,,
홍종표,14612,타자,,2000,KIA,2020,2025,3,,1,1.0,,,,,,,,,,,,,,,,,,,,,,,,,,,,,,,,,,,,,,,1,,,,1,1
홍창기,12546,타자,,1993,LG,2020,2025,6,,5,3.5,,,,,,,,,,,,,,,,,,,,,,,,,,,,,,,,,,,,,,,2,2,4,3,5,5
화이트,14744,타자,Y,1990,SK,2020,2020,1,,3,3.0,,,,,,,,,,,,,,,,,,,,,,,,,,,,,,,,,,,,,,,3,,,,,
황영국,11278,투수,,1995,한화,2020,2021,2,,1,1.0,,,,,,,,,,,,,,,,,,,,,,,,,,,,,,,,,,,,,,,1,1,,,,
가빌리오,14896,투수,Y,1990,SSG,2021,2021,1,,4,4.0,,,,,,,,,,,,,,,,,,,,,,,,,,,,,,,,,,,,,,,,4,,,,
강상원,12564,타자,,1997,한화,2021,2021,1,,1,1.0,,,,,,,,,,,,,,,,,,,,,,,,,,,,,,,,,,,,,,,,1,,,,
강태경,14647,투수,,2001,NC,2021,2021,1,,1,1.0,,,,,,,,,,,,,,,,,,,,,,,,,,,,,,,,,,,,,,,,1,,,,
강태율,11388,타자,,1996,롯데,2021,2022,2,,1,1.0,,,,,,,,,,,,,,,,,,,,,,,,,,,,,,,,,,,,,,,,1,1,,,
권동진,14777,타자,,1998,KT,2021,2025,3,,1,1.0,,,,,,,,,,,,,,,,,,,,,,,,,,,,,,,,,,,,,,,,1,1,,,1
김건우,14803,투수,,2002,SSG,2021,2025,2,,3,3.0,,,,,,,,,,,,,,,,,,,,,,,,,,,,,,,,,,,,,,,,3,,,,3
김건형,14779,타자,,1996,KT,2021,2021,1,,1,1.0,,,,,,,,,,,,,,,,,,,,,,,,,,,,,,,,,,,,,,,,1,,,,
김기중,14808,투수,,2002,한화,2021,2025,5,,1,1.0,,,,,,,,,,,,,,,,,,,,,,,,,,,,,,,,,,,,,,,,1,1,1,1,1
김기환,11400,타자,,1995,NC,2021,2022,2,,1,1.0,,,,,,,,,,,,,,,,,,,,,,,,,,,,,,,,,,,,,,,,1,1,,,
김도규,13148,투수,,1998,롯데,2021,2023,3,,2,1.3,,,,,,,,,,,,,,,,,,,,,,,,,,,,,,,,,,,,,,,,1,2,1,,
김동우,13149,투수,,1995,롯데,2021,2021,1,,1,1.0,,,,,,,,,,,,,,,,,,,,,,,,,,,,,,,,,,,,,,,,1,,,,
김병희,11330,타자,,1990,KT,2021,2022,2,,1,1.0,,,,,,,,,,,,,,,,,,,,,,,,,,,,,,,,,,,,,,,,1,1,,,
김성진,14849,투수,,1997,키움,2021,2023,3,,2,1.3,,,,,,,,,,,,,,,,,,,,,,,,,,,,,,,,,,,,,,,,1,1,2,,
김수환,13096,타자,,1998,키움,2021,2023,3,,1,1.0,,,,,,,,,,,,,,,,,,,,,,,,,,,,,,,,,,,,,,,,1,1,1,,
김인범,14480,투수,,2000,키움,2021,2024,2,,1,1.0,,,,,,,,,,,,,,,,,,,,,,,,,,,,,,,,,,,,,,,,1,,,1,
김재성,11344,타자,,1996,LG · 삼성,2021,2025,4,,1,1.0,,,,,,,,,,,,,,,,,,,,,,,,,,,,,,,,,,,,,,,,1,1,1,,1
김주원,14765,타자,,2002,NC,2021,2025,5,,3,2.0,,,,,,,,,,,,,,,,,,,,,,,,,,,,,,,,,,,,,,,,1,1,2,3,3
김준형,14848,투수,,2002,키움,2021,2023,3,,1,1.0,,,,,,,,,,,,,,,,,,,,,,,,,,,,,,,,,,,,,,,,1,1,1,,
김진욱,14792,투수,,2002,롯데,2021,2025,5,,4,3.6,,,,,,,,,,,,,,,,,,,,,,,,,,,,,,,,,,,,,,,,4,4,4,3,3
김창훈,14793,투수,,2001,롯데,2021,2021,1,,1,1.0,,,,,,,,,,,,,,,,,,,,,,,,,,,,,,,,,,,,,,,,1,,,,
김태경,14593,투수,,2001,NC,2021,2025,3,,1,1.0,,,,,,,,,,,,,,,,,,,,,,,,,,,,,,,,,,,,,,,,1,1,,,1
김태현,12898,투수,,1998,NC,2021,2024,3,,3,3.0,,,,,,,,,,,,,,,,,,,,,,,,,,,,,,,,,,,,,,,,3,,3,3,
김휘집,14785,타자,,2002,키움 · NC,2021,2025,5,2024 키움 2→NC 3,3,2.0,,,,,,,,,,,,,,,,,,,,,,,,,,,,,,,,,,,,,,,,1,2,2,2,3
나균안,12930,투수,,1998,롯데,2021,2025,5,,3,2.0,,,,,,,,,,,,,,,,,,,,,,,,,,,,,,,,,,,,,,,,1,2,2,3,2
나승엽,14797,타자,,2002,롯데,2021,2025,3,,4,4.0,,,,,,,,,,,,,,,,,,,,,,,,,,,,,,,,,,,,,,,,4,,,4,4
남지민,14619,투수,,2001,한화,2021,2023,3,,2,1.3,,,,,,,,,,,,,,,,,,,,,,,,,,,,,,,,,,,,,,,,1,2,1,,
다카하시,14994,투수,Y,1997,KIA,2021,2021,1,,3,3.0,,,,,,,,,,,,,,,,,,,,,,,,,,,,,,,,,,,,,,,,3,,,,
로켓,14750,투수,Y,1994,두산,2021,2021,1,,4,4.0,,,,,,,,,,,,,,,,,,,,,,,,,,,,,,,,,,,,,,,,4,,,,
류원석,13251,투수,,1989,LG,2021,2021,1,,1,1.0,,,,,,,,,,,,,,,,,,,,,,,,,,,,,,,,,,,,,,,,1,,,,
류진욱,11355,투수,,1996,NC,2021,2025,5,,2,1.8,,,,,,,,,,,,,,,,,,,,,,,,,,,,,,,,,,,,,,,,1,2,2,2,2
르위키,14758,투수,Y,1992,SSG,2021,2021,1,,3,3.0,,,,,,,,,,,,,,,,,,,,,,,,,,,,,,,,,,,,,,,,3,,,,
멩덴,14755,투수,Y,1993,KIA,2021,2021,1,,4,4.0,,,,,,,,,,,,,,,,,,,,,,,,,,,,,,,,,,,,,,,,4,,,,
몽고메리,14898,투수,Y,1989,삼성,2021,2021,1,,3,3.0,,,,,,,,,,,,,,,,,,,,,,,,,,,,,,,,,,,,,,,,3,,,,
문보경,14137,타자,,2000,LG,2021,2025,5,,4,2.4,,,,,,,,,,,,,,,,,,,,,,,,,,,,,,,,,,,,,,,,1,2,2,3,4
문성주,13112,타자,,1997,LG,2021,2025,5,,2,1.8,,,,,,,,,,,,,,,,,,,,,,,,,,,,,,,,,,,,,,,,1,2,2,2,2
문용익,12885,투수,,1995,삼성 · KT,2021,2025,5,,1,1.0,,,,,,,,,,,,,,,,,,,,,,,,,,,,,,,,,,,,,,,,1,1,1,1,1
미란다,14751,투수,Y,1989,두산,2021,2022,2,,5,5.0,,,,,,,,,,,,,,,,,,,,,,,,,,,,,,,,,,,,,,,,5,5,,,
박민,14611,타자,,2001,KIA,2021,2025,3,,1,1.0,,,,,,,,,,,,,,,,,,,,,,,,,,,,,,,,,,,,,,,,1,,,1,1
박웅,14731,투수,,1997,두산,2021,2022,2,,1,1.0,,,,,,,,,,,,,,,,,,,,,,,,,,,,,,,,,,,,,,,,1,1,,,
박정우,12869,타자,,1998,KIA,2021,2025,3,,1,1.0,,,,,,,,,,,,,,,,,,,,,,,,,,,,,,,,,,,,,,,,1,,,1,1
박주성,14130,투수,,2000,키움,2021,2025,3,,1,1.0,,,,,,,,,,,,,,,,,,,,,,,,,,,,,,,,,,,,,,,,1,1,,,1
박주홍,14580,타자,,2001,키움,2021,2025,5,,3,1.8,,,,,,,,,,,,,,,,,,,,,,,,,,,,,,,,,,,,,,,,3,3,1,1,1
배동현,14809,투수,,1998,한화,2021,2021,1,,1,1.0,,,,,,,,,,,,,,,,,,,,,,,,,,,,,,,,,,,,,,,,1,,,,
백승현,13009,투수,,1995,LG,2021,2025,5,,1,1.0,,,,,,,,,,,,,,,,,,,,,,,,,,,,,,,,,,,,,,,,1,1,1,1,1
보어,14988,타자,Y,1988,LG,2021,2021,1,,3,3.0,,,,,,,,,,,,,,,,,,,,,,,,,,,,,,,,,,,,,,,,3,,,,
송우현,11377,타자,,1996,키움,2021,2021,1,,1,1.0,,,,,,,,,,,,,,,,,,,,,,,,,,,,,,,,,,,,,,,,1,,,,
송재영,14794,투수,,2002,롯데,2021,2025,3,,1,1.0,,,,,,,,,,,,,,,,,,,,,,,,,,,,,,,,,,,,,,,,1,,,1,1
수아레즈,14753,투수,Y,1992,LG,2021,2021,1,,4,4.0,,,,,,,,,,,,,,,,,,,,,,,,,,,,,,,,,,,,,,,,4,,,,
스미스,14754,투수,Y,1987,키움,2021,2021,1,,3,3.0,,,,,,,,,,,,,,,,,,,,,,,,,,,,,,,,,,,,,,,,3,,,,
신윤후,14169,타자,,1996,롯데,2021,2024,3,,1,1.0,,,,,,,,,,,,,,,,,,,,,,,,,,,,,,,,,,,,,,,,1,1,,1,
신준우,14695,타자,,2001,키움,2021,2022,2,,1,1.0,,,,,,,,,,,,,,,,,,,,,,,,,,,,,,,,,,,,,,,,1,1,,,
안인산,14598,투수,,2001,NC,2021,2021,1,,1,1.0,,,,,,,,,,,,,,,,,,,,,,,,,,,,,,,,,,,,,,,,1,,,,
안재석,14771,타자,,2002,두산,2021,2025,4,,3,3.0,,,,,,,,,,,,,,,,,,,,,,,,,,,,,,,,,,,,,,,,3,3,3,,3
알몬테,14752,타자,Y,1989,KT,2021,2021,1,,3,3.0,,,,,,,,,,,,,,,,,,,,,,,,,,,,,,,,,,,,,,,,3,,,,
예진원,13093,타자,,1999,키움,2021,2023,2,,1,1.0,,,,,,,,,,,,,,,,,,,,,,,,,,,,,,,,,,,,,,,,1,,1,,
윤중현,13122,투수,,1995,KIA,2021,2025,5,,2,1.2,,,,,,,,,,,,,,,,,,,,,,,,,,,,,,,,,,,,,,,,2,1,1,1,1
윤형준,11135,타자,,1994,NC,2021,2023,3,,1,1.0,,,,,,,,,,,,,,,,,,,,,,,,,,,,,,,,,,,,,,,,1,1,1,,
이교훈,14173,투수,,2000,두산,2021,2025,3,,1,1.0,,,,,,,,,,,,,,,,,,,,,,,,,,,,,,,,,,,,,,,,1,,,1,1
이도윤,11414,타자,,1996,한화,2021,2025,5,,2,1.4,,,,,,,,,,,,,,,,,,,,,,,,,,,,,,,,,,,,,,,,1,1,1,2,2
이상영,14135,투수,,2000,LG,2021,2024,3,,1,1.0,,,,,,,,,,,,,,,,,,,,,,,,,,,,,,,,,,,,,,,,1,,1,1,
이승관,13135,투수,,1999,한화,2021,2022,2,,1,1.0,,,,,,,,,,,,,,,,,,,,,,,,,,,,,,,,,,,,,,,,1,1,,,
이승재,14787,투수,,2000,KIA,2021,2021,1,,1,1.0,,,,,,,,,,,,,,,,,,,,,,,,,,,,,,,,,,,,,,,,1,,,,
이승헌,13089,투수,,1995,NC,2021,2021,1,,1,1.0,,,,,,,,,,,,,,,,,,,,,,,,,,,,,,,,,,,,,,,,1,,,,
이승현,14798,투수,,2002,삼성,2021,2025,5,,3,3.0,,,,,,,,,,,,,,,,,,,,,,,,,,,,,,,,,,,,,,,,3,3,3,3,3
이영빈,14783,타자,,2002,LG,2021,2025,4,,1,1.0,,,,,,,,,,,,,,,,,,,,,,,,,,,,,,,,,,,,,,,,1,1,,1,1
이원석,13138,타자,,1999,한화,2021,2025,5,,1,1.0,,,,,,,,,,,,,,,,,,,,,,,,,,,,,,,,,,,,,,,,1,1,1,1,1
이의리,14788,투수,,2002,KIA,2021,2025,5,,4,3.8,,,,,,,,,,,,,,,,,,,,,,,,,,,,,,,,,,,,,,,,3,4,4,4,4
이재원,13104,타자,,1999,LG,2021,2023,3,,1,1.0,,,,,,,,,,,,,,,,,,,,,,,,,,,,,,,,,,,,,,,,1,1,1,,
이재익,13244,투수,,1994,삼성,2021,2025,5,,2,1.2,,,,,,,,,,,,,,,,,,,,,,,,,,,,,,,,,,,,,,,,1,1,2,1,1
이재희,14799,투수,,2001,삼성,2021,2025,3,,1,1.0,,,,,,,,,,,,,,,,,,,,,,,,,,,,,,,,,,,,,,,,1,,1,,1
이정범,13194,타자,,1998,SSG,2021,2023,2,,1,1.0,,,,,,,,,,,,,,,,,,,,,,,,,,,,,,,,,,,,,,,,1,,1,,
이정훈,12916,타자,,1994,KIA · 롯데 · KT,2021,2025,4,,1,1.0,,,,,,,,,,,,,,,,,,,,,,,,,,,,,,,,,,,,,,,,1,,1,1,1
이채호,13130,투수,,1998,SSG · KT,2021,2025,5,,1,1.0,,,,,,,,,,,,,,,,,,,,,,,,,,,,,,,,,,,,,,,,1,1,1,1,1
임준형,14142,투수,,2000,LG,2021,2024,3,,1,1.0,,,,,,,,,,,,,,,,,,,,,,,,,,,,,,,,,,,,,,,,1,1,,1,
임지열,11225,타자,,1995,키움,2021,2025,5,,2,1.2,,,,,,,,,,,,,,,,,,,,,,,,,,,,,,,,,,,,,,,,1,1,1,1,2
장두성,13155,타자,,1999,롯데,2021,2025,3,,1,1.0,,,,,,,,,,,,,,,,,,,,,,,,,,,,,,,,,,,,,,,,1,,,1,1
장민기,14789,투수,,2001,KIA,2021,2021,1,,1,1.0,,,,,,,,,,,,,,,,,,,,,,,,,,,,,,,,,,,,,,,,1,,,,
장재영,14784,투수,,2002,키움,2021,2023,3,,4,3.0,,,,,,,,,,,,,,,,,,,,,,,,,,,,,,,,,,,,,,,,4,4,1,,
장지승,14880,타자,,1998,한화,2021,2021,1,,1,1.0,,,,,,,,,,,,,,,,,,,,,,,,,,,,,,,,,,,,,,,,1,,,,
장지훈,14804,투수,,1998,SSG,2021,2024,3,,2,1.3,,,,,,,,,,,,,,,,,,,,,,,,,,,,,,,,,,,,,,,,2,1,,1,
정우준,14795,투수,,2000,롯데,2021,2024,2,,1,1.0,,,,,,,,,,,,,,,,,,,,,,,,,,,,,,,,,,,,,,,,1,,,1,
조병현,14805,투수,,2002,SSG,2021,2025,3,,3,2.3,,,,,,,,,,,,,,,,,,,,,,,,,,,,,,,,,,,,,,,,1,,,3,3
조요한,14858,투수,,2000,SSG,2021,2022,2,,1,1.0,,,,,,,,,,,,,,,,,,,,,,,,,,,,,,,,,,,,,,,,1,1,,,
주현상,11415,투수,,1992,한화,2021,2025,5,,2,1.6,,,,,,,,,,,,,,,,,,,,,,,,,,,,,,,,,,,,,,,,1,1,2,2,2
최승민,14187,타자,,1996,NC,2021,2022,2,,1,1.0,,,,,,,,,,,,,,,,,,,,,,,,,,,,,,,,,,,,,,,,1,1,,,
최승용,14770,투수,,2001,두산,2021,2025,5,,3,2.0,,,,,,,,,,,,,,,,,,,,,,,,,,,,,,,,,,,,,,,,1,2,2,2,3
최용준,14658,투수,,2001,KIA · KT,2021,2025,2,,1,1.0,,,,,,,,,,,,,,,,,,,,,,,,,,,,,,,,,,,,,,,,1,,,,1
추신수,14888,타자,,1982,SSG,2021,2024,4,,5,4.2,,,,,,,,,,,,,,,,,,,,,,,,,,,,,,,,,,,,,,,,5,5,5,2,
추재현,13094,타자,,1999,롯데 · 두산,2021,2025,3,,1,1.0,,,,,,,,,,,,,,,,,,,,,,,,,,,,,,,,,,,,,,,,1,1,,,1
카펜터,14760,투수,Y,1990,한화,2021,2022,2,,4,4.0,,,,,,,,,,,,,,,,,,,,,,,,,,,,,,,,,,,,,,,,4,4,,,
크레익,14990,타자,Y,1994,키움,2021,2021,1,,3,3.0,,,,,,,,,,,,,,,,,,,,,,,,,,,,,,,,,,,,,,,,3,,,,
파슨스,14749,투수,Y,1992,NC,2021,2022,2,,4,4.0,,,,,,,,,,,,,,,,,,,,,,,,,,,,,,,,,,,,,,,,4,4,,,
페레즈,14991,타자,Y,1991,한화,2021,2021,1,,3,3.0,,,,,,,,,,,,,,,,,,,,,,,,,,,,,,,,,,,,,,,,3,,,,
폰트,14759,투수,Y,1990,SSG,2021,2022,2,,5,5.0,,,,,,,,,,,,,,,,,,,,,,,,,,,,,,,,,,,,,,,,5,5,,,
프랑코,14756,투수,Y,1992,롯데,2021,2021,1,,4,4.0,,,,,,,,,,,,,,,,,,,,,,,,,,,,,,,,,,,,,,,,4,,,,
프레이타스,14762,타자,Y,1989,키움,2021,2021,1,,3,3.0,,,,,,,,,,,,,,,,,,,,,,,,,,,,,,,,,,,,,,,,3,,,,
피렐라,14757,타자,Y,1989,삼성,2021,2023,3,,5,4.3,,,,,,,,,,,,,,,,,,,,,,,,,,,,,,,,,,,,,,,,4,4,5,,
허관회,14204,타자,,1999,한화,2021,2021,1,,1,1.0,,,,,,,,,,,,,,,,,,,,,,,,,,,,,,,,,,,,,,,,1,,,,
힐리,14761,타자,Y,1992,한화,2021,2021,1,,3,3.0,,,,,,,,,,,,,,,,,,,,,,,,,,,,,,,,,,,,,,,,3,,,,
가르시아,15150,타자,Y,1993,LG,2022,2022,1,,3,3.0,,,,,,,,,,,,,,,,,,,,,,,,,,,,,,,,,,,,,,,,,3,,,
강효종,14780,투수,,2002,LG,2022,2023,2,,3,3.0,,,,,,,,,,,,,,,,,,,,,,,,,,,,,,,,,,,,,,,,,3,3,,
권광민,13676,타자,,1997,한화,2022,2024,3,,1,1.0,,,,,,,,,,,,,,,,,,,,,,,,,,,,,,,,,,,,,,,,,1,1,1,
김규연,14871,투수,,2002,한화,2022,2024,3,,2,1.3,,,,,,,,,,,,,,,,,,,,,,,,,,,,,,,,,,,,,,,,,1,1,2,
김대한,14170,타자,,2000,두산,2022,2025,4,,3,2.5,,,,,,,,,,,,,,,,,,,,,,,,,,,,,,,,,,,,,,,,,3,3,3,1
김도영,15056,타자,,2003,KIA,2022,2025,4,,5,4.2,,,,,,,,,,,,,,,,,,,,,,,,,,,,,,,,,,,,,,,,,4,4,4,5
김동주,14769,투수,,2002,두산,2022,2024,3,,2,1.3,,,,,,,,,,,,,,,,,,,,,,,,,,,,,,,,,,,,,,,,,1,2,1,
김석환,12917,타자,,1999,KIA,2022,2025,2,,1,1.0,,,,,,,,,,,,,,,,,,,,,,,,,,,,,,,,,,,,,,,,,1,,,1
김성윤,12936,타자,,1999,삼성,2022,2025,4,,2,1.5,,,,,,,,,,,,,,,,,,,,,,,,,,,,,,,,,,,,,,,,,1,1,2,2
김시훈,13080,투수,,1999,NC · KIA,2022,2025,4,2025 NC 3→KIA 3,3,3.0,,,,,,,,,,,,,,,,,,,,,,,,,,,,,,,,,,,,,,,,,3,3,3,3
김재혁,15036,타자,,1999,삼성,2022,2024,2,,1,1.0,,,,,,,,,,,,,,,,,,,,,,,,,,,,,,,,,,,,,,,,,1,,1,
김현준,14867,타자,,2002,삼성,2022,2024,3,,2,1.7,,,,,,,,,,,,,,,,,,,,,,,,,,,,,,,,,,,,,,,,,2,2,1,
노바,15007,투수,Y,1987,SSG,2022,2022,1,,4,4.0,,,,,,,,,,,,,,,,,,,,,,,,,,,,,,,,,,,,,,,,,4,,,
놀린,14998,투수,Y,1989,KIA,2022,2022,1,,4,4.0,,,,,,,,,,,,,,,,,,,,,,,,,,,,,,,,,,,,,,,,,4,,,
더모디,15154,투수,Y,1990,NC,2022,2022,1,,3,3.0,,,,,,,,,,,,,,,,,,,,,,,,,,,,,,,,,,,,,,,,,3,,,
라가레스,15151,타자,Y,1989,SSG,2022,2022,1,,3,3.0,,,,,,,,,,,,,,,,,,,,,,,,,,,,,,,,,,,,,,,,,3,,,
라모스,15000,타자,Y,1992,KT · 두산,2022,2024,2,,4,3.5,,,,,,,,,,,,,,,,,,,,,,,,,,,,,,,,,,,,,,,,,3,,4,
라미레즈,15145,투수,Y,1993,한화,2022,2022,1,,3,3.0,,,,,,,,,,,,,,,,,,,,,,,,,,,,,,,,,,,,,,,,,3,,,
렉스,15152,타자,Y,1993,롯데,2022,2023,2,,5,4.0,,,,,,,,,,,,,,,,,,,,,,,,,,,,,,,,,,,,,,,,,3,5,,
로니,14997,투수,Y,1996,KIA,2022,2022,1,,3,3.0,,,,,,,,,,,,,,,,,,,,,,,,,,,,,,,,,,,,,,,,,3,,,
루이즈,15002,타자,Y,1994,LG,2022,2022,1,,3,3.0,,,,,,,,,,,,,,,,,,,,,,,,,,,,,,,,,,,,,,,,,3,,,
마티니,15008,타자,Y,1990,NC,2022,2022,1,,4,4.0,,,,,,,,,,,,,,,,,,,,,,,,,,,,,,,,,,,,,,,,,4,,,
모리만도,15149,투수,Y,1992,SSG,2022,2022,1,,3,3.0,,,,,,,,,,,,,,,,,,,,,,,,,,,,,,,,,,,,,,,,,3,,,
문동주,15013,투수,,2003,한화,2022,2025,4,,4,4.0,,,,,,,,,,,,,,,,,,,,,,,,,,,,,,,,,,,,,,,,,4,4,4,4
박동수,15112,투수,,1999,NC,2022,2022,1,,1,1.0,,,,,,,,,,,,,,,,,,,,,,,,,,,,,,,,,,,,,,,,,1,,,
박승주,12989,투수,,1994,키움,2022,2024,3,,1,1.0,,,,,,,,,,,,,,,,,,,,,,,,,,,,,,,,,,,,,,,,,1,1,1,
박영현,15089,투수,,2003,KT,2022,2025,4,,4,4.0,,,,,,,,,,,,,,,,,,,,,,,,,,,,,,,,,,,,,,,,,4,4,4,4
박정준,11220,투수,,1992,삼성,2022,2022,1,,1,1.0,,,,,,,,,,,,,,,,,,,,,,,,,,,,,,,,,,,,,,,,,1,,,
박주혁,14668,투수,,2001,삼성,2022,2022,1,,1,1.0,,,,,,,,,,,,,,,,,,,,,,,,,,,,,,,,,,,,,,,,,1,,,
박준영,15014,투수,,2003,한화,2022,2025,2,,3,3.0,,,,,,,,,,,,,,,,,,,,,,,,,,,,,,,,,,,,,,,,,3,,,3
박찬혁,15068,타자,,2003,키움,2022,2023,2,,1,1.0,,,,,,,,,,,,,,,,,,,,,,,,,,,,,,,,,,,,,,,,,1,1,,
반즈,15011,투수,Y,1995,롯데,2022,2025,4,,5,4.8,,,,,,,,,,,,,,,,,,,,,,,,,,,,,,,,,,,,,,,,,4,5,5,5
벤자민,15143,투수,Y,1993,KT,2022,2024,3,,5,4.7,,,,,,,,,,,,,,,,,,,,,,,,,,,,,,,,,,,,,,,,,4,5,5,
브랜든,15153,투수,Y,1994,두산,2022,2024,3,,4,3.7,,,,,,,,,,,,,,,,,,,,,,,,,,,,,,,,,,,,,,,,,3,4,4,
서호철,14220,타자,,1996,NC,2022,2025,4,,2,1.5,,,,,,,,,,,,,,,,,,,,,,,,,,,,,,,,,,,,,,,,,1,2,2,1
소크라테스,14996,타자,Y,1992,KIA,2022,2024,3,,5,4.3,,,,,,,,,,,,,,,,,,,,,,,,,,,,,,,,,,,,,,,,,4,5,4,
송승기,14846,투수,,2002,LG,2022,2025,2,,2,1.5,,,,,,,,,,,,,,,,,,,,,,,,,,,,,,,,,,,,,,,,,1,,,2
송찬의,13109,타자,,1999,LG,2022,2025,2,,1,1.0,,,,,,,,,,,,,,,,,,,,,,,,,,,,,,,,,,,,,,,,,1,,,1
수아레즈,15001,투수,Y,1989,삼성,2022,2023,2,,5,4.5,,,,,,,,,,,,,,,,,,,,,,,,,,,,,,,,,,,,,,,,,4,5,,
스탁,14999,투수,Y,1989,두산,2022,2022,1,,4,4.0,,,,,,,,,,,,,,,,,,,,,,,,,,,,,,,,,,,,,,,,,4,,,
스파크맨,15010,투수,Y,1992,롯데,2022,2022,1,,4,4.0,,,,,,,,,,,,,,,,,,,,,,,,,,,,,,,,,,,,,,,,,4,,,
알포드,15144,타자,Y,1994,KT,2022,2023,2,,5,4.5,,,,,,,,,,,,,,,,,,,,,,,,,,,,,,,,,,,,,,,,,4,5,,
애플러,15005,투수,Y,1993,키움,2022,2022,1,,4,4.0,,,,,,,,,,,,,,,,,,,,,,,,,,,,,,,,,,,,,,,,,4,,,
양찬열,14738,타자,,1997,두산,2022,2023,2,,1,1.0,,,,,,,,,,,,,,,,,,,,,,,,,,,,,,,,,,,,,,,,,1,1,,
오영수,13082,타자,,2000,NC,2022,2025,4,,1,1.0,,,,,,,,,,,,,,,,,,,,,,,,,,,,,,,,,,,,,,,,,1,1,1,1
유상빈,15141,타자,,2000,한화,2022,2022,1,,1,1.0,,,,,,,,,,,,,,,,,,,,,,,,,,,,,,,,,,,,,,,,,1,,,
윤산흠,14196,투수,,1999,한화,2022,2025,2,,1,1.0,,,,,,,,,,,,,,,,,,,,,,,,,,,,,,,,,,,,,,,,,1,,,1
이명종,15073,투수,,2002,키움,2022,2024,3,,1,1.0,,,,,,,,,,,,,,,,,,,,,,,,,,,,,,,,,,,,,,,,,1,1,1,
이민석,15045,투수,,2003,롯데,2022,2025,3,,3,3.0,,,,,,,,,,,,,,,,,,,,,,,,,,,,,,,,,,,,,,,,,3,,3,3
이병규,12859,타자,,1994,키움,2022,2022,1,,1,1.0,,,,,,,,,,,,,,,,,,,,,,,,,,,,,,,,,,,,,,,,,1,,,
이병헌,15099,투수,,2003,두산,2022,2025,4,,3,3.0,,,,,,,,,,,,,,,,,,,,,,,,,,,,,,,,,,,,,,,,,3,3,3,3
이용준,14763,투수,,2002,NC,2022,2024,3,,1,1.0,,,,,,,,,,,,,,,,,,,,,,,,,,,,,,,,,,,,,,,,,1,1,1,
이재현,15034,타자,,2003,삼성,2022,2025,4,,3,3.0,,,,,,,,,,,,,,,,,,,,,,,,,,,,,,,,,,,,,,,,,3,3,3,3
이주형,14855,타자,,2002,키움,2022,2022,1,,1,1.0,,,,,,,,,,,,,,,,,,,,,,,,,,,,,,,,,,,,,,,,,1,,,
이지강,14143,투수,,1999,LG,2022,2025,4,,1,1.0,,,,,,,,,,,,,,,,,,,,,,,,,,,,,,,,,,,,,,,,,1,1,1,1
이해승,14121,타자,,2000,삼성,2022,2022,1,,1,1.0,,,,,,,,,,,,,,,,,,,,,,,,,,,,,,,,,,,,,,,,,1,,,
이호연,13151,타자,,1995,롯데 · KT,2022,2025,4,,1,1.0,,,,,,,,,,,,,,,,,,,,,,,,,,,,,,,,,,,,,,,,,1,1,1,1
전루건,14171,투수,,2000,두산 · NC,2022,2024,2,,1,1.0,,,,,,,,,,,,,,,,,,,,,,,,,,,,,,,,,,,,,,,,,1,,1,
전민재,13073,타자,,1999,두산 · 롯데,2022,2025,3,,2,1.3,,,,,,,,,,,,,,,,,,,,,,,,,,,,,,,,,,,,,,,,,1,,1,2
전사민,14156,투수,,1999,NC,2022,2025,4,,2,1.2,,,,,,,,,,,,,,,,,,,,,,,,,,,,,,,,,,,,,,,,,1,1,1,2
전영준,15032,투수,,2002,SSG,2022,2025,2,,1,1.0,,,,,,,,,,,,,,,,,,,,,,,,,,,,,,,,,,,,,,,,,1,,,1
전의산,14699,타자,,2000,SSG,2022,2024,3,,1,1.0,,,,,,,,,,,,,,,,,,,,,,,,,,,,,,,,,,,,,,,,,1,1,1,
정철원,13071,투수,,1999,두산 · 롯데,2022,2025,4,,4,2.8,,,,,,,,,,,,,,,,,,,,,,,,,,,,,,,,,,,,,,,,,2,4,3,2
조민석,15119,투수,,1998,NC,2022,2025,3,,1,1.0,,,,,,,,,,,,,,,,,,,,,,,,,,,,,,,,,,,,,,,,,1,1,,1
조세진,15046,타자,,2003,롯데,2022,2022,1,,1,1.0,,,,,,,,,,,,,,,,,,,,,,,,,,,,,,,,,,,,,,,,,1,,,
진승현,15047,투수,,2003,롯데,2022,2024,3,,1,1.0,,,,,,,,,,,,,,,,,,,,,,,,,,,,,,,,,,,,,,,,,1,1,1,
천재환,13261,타자,,1994,NC,2022,2025,4,,1,1.0,,,,,,,,,,,,,,,,,,,,,,,,,,,,,,,,,,,,,,,,,1,1,1,1
최경모,14151,타자,,1996,SSG,2022,2024,2,,1,1.0,,,,,,,,,,,,,,,,,,,,,,,,,,,,,,,,,,,,,,,,,1,,1,
최지민,15057,투수,,2003,KIA,2022,2025,4,,3,2.2,,,,,,,,,,,,,,,,,,,,,,,,,,,,,,,,,,,,,,,,,1,2,3,3
최하늘,13152,투수,,1999,삼성,2022,2024,3,,1,1.0,,,,,,,,,,,,,,,,,,,,,,,,,,,,,,,,,,,,,,,,,1,1,1,
크론,15006,타자,Y,1993,SSG,2022,2022,1,,3,3.0,,,,,,,,,,,,,,,,,,,,,,,,,,,,,,,,,,,,,,,,,3,,,
터크먼,15012,타자,Y,1990,한화,2022,2022,1,,4,4.0,,,,,,,,,,,,,,,,,,,,,,,,,,,,,,,,,,,,,,,,,4,,,
파노니,15147,투수,Y,1994,KIA,2022,2023,2,,4,3.5,,,,,,,,,,,,,,,,,,,,,,,,,,,,,,,,,,,,,,,,,3,4,,
페냐,15146,투수,Y,1990,한화,2022,2024,3,,4,3.7,,,,,,,,,,,,,,,,,,,,,,,,,,,,,,,,,,,,,,,,,3,4,4,
푸이그,15004,타자,Y,1990,키움,2022,2025,2,,5,4.5,,,,,,,,,,,,,,,,,,,,,,,,,,,,,,,,,,,,,,,,,4,,,5
플럿코,15003,투수,Y,1991,LG,2022,2023,2,,5,4.5,,,,,,,,,,,,,,,,,,,,,,,,,,,,,,,,,,,,,,,,,4,5,,
피터스,15009,타자,Y,1995,롯데,2022,2022,1,,4,4.0,,,,,,,,,,,,,,,,,,,,,,,,,,,,,,,,,,,,,,,,,4,,,
하재훈,14147,타자,,1990,SSG,2022,2025,4,,1,1.0,,,,,,,,,,,,,,,,,,,,,,,,,,,,,,,,,,,,,,,,,1,1,1,1
한두솔,13228,투수,,1997,SSG,2022,2025,3,,2,1.3,,,,,,,,,,,,,,,,,,,,,,,,,,,,,,,,,,,,,,,,,1,,2,1
한승주,14621,투수,,2001,한화,2022,2024,3,,1,1.0,,,,,,,,,,,,,,,,,,,,,,,,,,,,,,,,,,,,,,,,,1,1,1,
한재승,14764,투수,,2001,NC · KIA,2022,2025,4,2025 NC 1→KIA 1,2,1.2,,,,,,,,,,,,,,,,,,,,,,,,,,,,,,,,,,,,,,,,,1,1,2,1
한태양,15051,타자,,2003,롯데,2022,2025,2,,1,1.0,,,,,,,,,,,,,,,,,,,,,,,,,,,,,,,,,,,,,,,,,1,,,1
홍현빈,12941,타자,,1997,KT · 삼성,2022,2025,3,,1,1.0,,,,,,,,,,,,,,,,,,,,,,,,,,,,,,,,,,,,,,,,,1,1,,1
황동재,14615,투수,,2001,삼성,2022,2025,4,,3,2.0,,,,,,,,,,,,,,,,,,,,,,,,,,,,,,,,,,,,,,,,,3,3,1,1
황성빈,14642,타자,,1997,롯데,2022,2025,4,,2,1.5,,,,,,,,,,,,,,,,,,,,,,,,,,,,,,,,,,,,,,,,,1,1,2,2
강건,15527,투수,,2004,KT,2023,2023,1,,1,1.0,,,,,,,,,,,,,,,,,,,,,,,,,,,,,,,,,,,,,,,,,,1,,
곽도규,15435,투수,,2004,KIA,2023,2024,2,,2,1.5,,,,,,,,,,,,,,,,,,,,,,,,,,,,,,,,,,,,,,,,,,1,2,
구드럼,15651,타자,Y,1992,롯데,2023,2023,1,,3,3.0,,,,,,,,,,,,,,,,,,,,,,,,,,,,,,,,,,,,,,,,,,3,,
김기연,12549,타자,,1997,LG · 두산,2023,2025,3,,1,1.0,,,,,,,,,,,,,,,,,,,,,,,,,,,,,,,,,,,,,,,,,,1,1,1
김동진,14863,타자,,1996,삼성,2023,2024,2,,1,1.0,,,,,,,,,,,,,,,,,,,,,,,,,,,,,,,,,,,,,,,,,,1,1,
김동헌,15473,타자,,2004,키움,2023,2025,2,,1,1.0,,,,,,,,,,,,,,,,,,,,,,,,,,,,,,,,,,,,,,,,,,1,,1
김민석,15253,타자,,2004,롯데 · 두산,2023,2025,3,,3,3.0,,,,,,,,,,,,,,,,,,,,,,,,,,,,,,,,,,,,,,,,,,3,3,3
김서준,15039,투수,,2003,삼성,2023,2023,1,,1,1.0,,,,,,,,,,,,,,,,,,,,,,,,,,,,,,,,,,,,,,,,,,1,,
김서현,15421,투수,,2004,한화,2023,2025,3,,4,4.0,,,,,,,,,,,,,,,,,,,,,,,,,,,,,,,,,,,,,,,,,,4,4,4
김시앙,14851,타자,,2001,키움,2023,2023,1,,1,1.0,,,,,,,,,,,,,,,,,,,,,,,,,,,,,,,,,,,,,,,,,,1,,
김영웅,15035,타자,,2003,삼성,2023,2025,3,,3,2.0,,,,,,,,,,,,,,,,,,,,,,,,,,,,,,,,,,,,,,,,,,1,2,3
김영현,14869,투수,,2002,KT,2023,2024,2,,1,1.0,,,,,,,,,,,,,,,,,,,,,,,,,,,,,,,,,,,,,,,,,,1,1,
김유성,15509,투수,,2002,두산,2023,2025,3,,1,1.0,,,,,,,,,,,,,,,,,,,,,,,,,,,,,,,,,,,,,,,,,,1,1,1
김정우,13124,투수,,1999,두산,2023,2025,2,,1,1.0,,,,,,,,,,,,,,,,,,,,,,,,,,,,,,,,,,,,,,,,,,1,,1
김정운,15518,투수,,2004,KT,2023,2023,1,,1,1.0,,,,,,,,,,,,,,,,,,,,,,,,,,,,,,,,,,,,,,,,,,1,,
김태근,14175,타자,,1996,두산,2023,2023,1,,1,1.0,,,,,,,,,,,,,,,,,,,,,,,,,,,,,,,,,,,,,,,,,,1,,
김한별,14716,타자,,2001,NC,2023,2025,3,,1,1.0,,,,,,,,,,,,,,,,,,,,,,,,,,,,,,,,,,,,,,,,,,1,1,1
도슨,15652,타자,Y,1995,키움,2023,2024,2,,4,3.5,,,,,,,,,,,,,,,,,,,,,,,,,,,,,,,,,,,,,,,,,,3,4,
딜런,15538,투수,Y,1996,두산,2023,2023,1,,3,3.0,,,,,,,,,,,,,,,,,,,,,,,,,,,,,,,,,,,,,,,,,,3,,
로하스,15539,타자,Y,1993,두산,2023,2023,1,,4,4.0,,,,,,,,,,,,,,,,,,,,,,,,,,,,,,,,,,,,,,,,,,4,,
류승민,15503,타자,,2004,삼성,2023,2023,1,,1,1.0,,,,,,,,,,,,,,,,,,,,,,,,,,,,,,,,,,,,,,,,,,1,,
마틴,15537,타자,Y,1995,NC,2023,2023,1,,4,4.0,,,,,,,,,,,,,,,,,,,,,,,,,,,,,,,,,,,,,,,,,,4,,
맥카티,15528,투수,Y,1995,SSG,2023,2023,1,,4,4.0,,,,,,,,,,,,,,,,,,,,,,,,,,,,,,,,,,,,,,,,,,4,,
맥키니,15646,투수,Y,1994,키움,2023,2023,1,,3,3.0,,,,,,,,,,,,,,,,,,,,,,,,,,,,,,,,,,,,,,,,,,3,,
메디나,15534,투수,Y,1996,KIA,2023,2023,1,,3,3.0,,,,,,,,,,,,,,,,,,,,,,,,,,,,,,,,,,,,,,,,,,3,,
문현빈,15422,타자,,2004,한화,2023,2025,3,,2,2.0,,,,,,,,,,,,,,,,,,,,,,,,,,,,,,,,,,,,,,,,,,2,2,2
박명근,15486,투수,,2004,LG,2023,2025,3,,2,1.3,,,,,,,,,,,,,,,,,,,,,,,,,,,,,,,,,,,,,,,,,,2,1,1
박수종,15132,타자,,1999,키움,2023,2025,3,,1,1.0,,,,,,,,,,,,,,,,,,,,,,,,,,,,,,,,,,,,,,,,,,1,1,1
박진,14163,투수,,1999,롯데,2023,2025,3,,2,1.3,,,,,,,,,,,,,,,,,,,,,,,,,,,,,,,,,,,,,,,,,,1,1,2
산체스,15643,투수,Y,1997,한화,2023,2024,2,,4,4.0,,,,,,,,,,,,,,,,,,,,,,,,,,,,,,,,,,,,,,,,,,4,4,
산체스,15648,투수,Y,1994,KIA,2023,2023,1,,3,3.0,,,,,,,,,,,,,,,,,,,,,,,,,,,,,,,,,,,,,,,,,,3,,
석상호,15445,투수,,2000,롯데,2023,2023,1,,1,1.0,,,,,,,,,,,,,,,,,,,,,,,,,,,,,,,,,,,,,,,,,,1,,
손성빈,14796,타자,,2002,롯데,2023,2025,3,,2,1.3,,,,,,,,,,,,,,,,,,,,,,,,,,,,,,,,,,,,,,,,,,1,2,1
송승환,14172,타자,,2000,두산,2023,2023,1,,1,1.0,,,,,,,,,,,,,,,,,,,,,,,,,,,,,,,,,,,,,,,,,,1,,
송영진,15462,투수,,2004,SSG,2023,2025,3,,2,1.3,,,,,,,,,,,,,,,,,,,,,,,,,,,,,,,,,,,,,,,,,,1,2,1
슐서,15542,투수,Y,1994,KT,2023,2023,1,,3,3.0,,,,,,,,,,,,,,,,,,,,,,,,,,,,,,,,,,,,,,,,,,3,,
신헌민,15024,투수,,2002,SSG,2023,2023,1,,1,1.0,,,,,,,,,,,,,,,,,,,,,,,,,,,,,,,,,,,,,,,,,,1,,
안주형,12988,타자,,1993,삼성,2023,2024,2,,1,1.0,,,,,,,,,,,,,,,,,,,,,,,,,,,,,,,,,,,,,,,,,,1,1,
안치영,13006,타자,,1998,KT,2023,2025,3,,1,1.0,,,,,,,,,,,,,,,,,,,,,,,,,,,,,,,,,,,,,,,,,,1,1,1
앤더슨,15533,투수,Y,1994,KIA,2023,2023,1,,3,3.0,,,,,,,,,,,,,,,,,,,,,,,,,,,,,,,,,,,,,,,,,,3,,
에레디아,15530,타자,Y,1991,SSG,2023,2025,3,,5,5.0,,,,,,,,,,,,,,,,,,,,,,,,,,,,,,,,,,,,,,,,,,5,5,5
엘리아스,15644,투수,Y,1988,SSG,2023,2024,2,,4,4.0,,,,,,,,,,,,,,,,,,,,,,,,,,,,,,,,,,,,,,,,,,4,4,
오그레디,15541,타자,Y,1992,한화,2023,2023,1,,3,3.0,,,,,,,,,,,,,,,,,,,,,,,,,,,,,,,,,,,,,,,,,,3,,
오상원,15474,투수,,2004,키움,2023,2023,1,,1,1.0,,,,,,,,,,,,,,,,,,,,,,,,,,,,,,,,,,,,,,,,,,1,,
오스틴,15532,타자,Y,1993,LG,2023,2025,3,,5,4.7,,,,,,,,,,,,,,,,,,,,,,,,,,,,,,,,,,,,,,,,,,4,5,5
와이드너,15536,투수,Y,1994,NC · 삼성,2023,2023,1,2023 NC 3→삼성 3,3,3.0,,,,,,,,,,,,,,,,,,,,,,,,,,,,,,,,,,,,,,,,,,3,,
우강훈,14816,투수,,2002,롯데 · LG,2023,2025,3,,1,1.0,,,,,,,,,,,,,,,,,,,,,,,,,,,,,,,,,,,,,,,,,,1,1,1
윌리엄스,15647,타자,Y,1993,한화,2023,2023,1,,3,3.0,,,,,,,,,,,,,,,,,,,,,,,,,,,,,,,,,,,,,,,,,,3,,
윌커슨,12295,투수,Y,1989,롯데,2023,2024,2,,4,3.5,,,,,,,,,,,,,,,,,,,,,,,,,,,,,,,,,,,,,,,,,,3,4,
유영찬,14669,투수,,1997,LG,2023,2025,3,,3,2.3,,,,,,,,,,,,,,,,,,,,,,,,,,,,,,,,,,,,,,,,,,2,2,3
윤동희,15048,타자,,2003,롯데,2023,2025,3,,3,2.7,,,,,,,,,,,,,,,,,,,,,,,,,,,,,,,,,,,,,,,,,,2,3,3
윤석원,15071,투수,,2003,키움,2023,2025,3,,1,1.0,,,,,,,,,,,,,,,,,,,,,,,,,,,,,,,,,,,,,,,,,,1,1,1
윤영철,15432,투수,,2004,KIA,2023,2025,3,,4,4.0,,,,,,,,,,,,,,,,,,,,,,,,,,,,,,,,,,,,,,,,,,4,4,4
윤정빈,13161,타자,,1999,삼성,2023,2025,3,,1,1.0,,,,,,,,,,,,,,,,,,,,,,,,,,,,,,,,,,,,,,,,,,1,1,1
이로운,15461,투수,,2004,SSG,2023,2025,3,,3,3.0,,,,,,,,,,,,,,,,,,,,,,,,,,,,,,,,,,,,,,,,,,3,3,3
이병헌,14117,타자,,1999,삼성,2023,2025,3,,1,1.0,,,,,,,,,,,,,,,,,,,,,,,,,,,,,,,,,,,,,,,,,,1,1,1
이선우,14111,투수,,2000,KT,2023,2024,2,,1,1.0,,,,,,,,,,,,,,,,,,,,,,,,,,,,,,,,,,,,,,,,,,1,1,
이종민,14576,투수,,2001,키움,2023,2024,2,,1,1.0,,,,,,,,,,,,,,,,,,,,,,,,,,,,,,,,,,,,,,,,,,1,1,
이주형,14591,타자,,2001,키움,2023,2025,3,,3,2.0,,,,,,,,,,,,,,,,,,,,,,,,,,,,,,,,,,,,,,,,,,1,2,3
이준호,15455,투수,,2000,NC,2023,2024,2,,1,1.0,,,,,,,,,,,,,,,,,,,,,,,,,,,,,,,,,,,,,,,,,,1,1,
이진하,15441,투수,,2004,롯데,2023,2023,1,,1,1.0,,,,,,,,,,,,,,,,,,,,,,,,,,,,,,,,,,,,,,,,,,1,,
이태연,15444,투수,,2004,롯데,2023,2023,1,,1,1.0,,,,,,,,,,,,,,,,,,,,,,,,,,,,,,,,,,,,,,,,,,1,,
이호성,15496,투수,,2004,삼성,2023,2025,3,,2,1.3,,,,,,,,,,,,,,,,,,,,,,,,,,,,,,,,,,,,,,,,,,1,1,2
전용주,14106,투수,,2000,KT,2023,2025,2,,3,3.0,,,,,,,,,,,,,,,,,,,,,,,,,,,,,,,,,,,,,,,,,,3,,3
정구범,14595,투수,,2000,NC,2023,2023,1,,4,4.0,,,,,,,,,,,,,,,,,,,,,,,,,,,,,,,,,,,,,,,,,,4,,
정대선,15443,타자,,2004,롯데,2023,2023,1,,1,1.0,,,,,,,,,,,,,,,,,,,,,,,,,,,,,,,,,,,,,,,,,,1,,
정준영,15519,타자,,2004,KT,2023,2024,2,,1,1.0,,,,,,,,,,,,,,,,,,,,,,,,,,,,,,,,,,,,,,,,,,1,1,
조성훈,13125,투수,,1999,SSG,2023,2023,1,,1,1.0,,,,,,,,,,,,,,,,,,,,,,,,,,,,,,,,,,,,,,,,,,1,,
조형우,14806,타자,,2002,SSG,2023,2025,3,,1,1.0,,,,,,,,,,,,,,,,,,,,,,,,,,,,,,,,,,,,,,,,,,1,1,1
주성원,14133,타자,,2000,키움,2023,2025,3,,1,1.0,,,,,,,,,,,,,,,,,,,,,,,,,,,,,,,,,,,,,,,,,,1,1,1
주승우,15067,투수,,2000,키움,2023,2025,3,,2,1.3,,,,,,,,,,,,,,,,,,,,,,,,,,,,,,,,,,,,,,,,,,1,2,1
최상민,13195,타자,,1999,SSG,2023,2023,1,,1,1.0,,,,,,,,,,,,,,,,,,,,,,,,,,,,,,,,,,,,,,,,,,1,,
최이준,13169,투수,,1999,롯데,2023,2024,2,,1,1.0,,,,,,,,,,,,,,,,,,,,,,,,,,,,,,,,,,,,,,,,,,1,1,
최지강,15127,투수,,2001,두산,2023,2025,3,,2,1.3,,,,,,,,,,,,,,,,,,,,,,,,,,,,,,,,,,,,,,,,,,1,2,1
태너,15653,투수,Y,1994,NC,2023,2023,1,,3,3.0,,,,,,,,,,,,,,,,,,,,,,,,,,,,,,,,,,,,,,,,,,3,,
페디,15535,투수,Y,1993,NC,2023,2023,1,,5,5.0,,,,,,,,,,,,,,,,,,,,,,,,,,,,,,,,,,,,,,,,,,5,,
한석현,13250,타자,,1994,NC,2023,2025,3,,1,1.0,,,,,,,,,,,,,,,,,,,,,,,,,,,,,,,,,,,,,,,,,,1,1,1
한준수,13113,타자,,1999,KIA,2023,2025,3,,2,1.3,,,,,,,,,,,,,,,,,,,,,,,,,,,,,,,,,,,,,,,,,,1,1,2
홍성호,12606,타자,,1997,두산,2023,2023,1,,1,1.0,,,,,,,,,,,,,,,,,,,,,,,,,,,,,,,,,,,,,,,,,,1,,
황동하,15063,투수,,2002,KIA,2023,2025,3,,2,1.3,,,,,,,,,,,,,,,,,,,,,,,,,,,,,,,,,,,,,,,,,,1,2,1
후라도,15531,투수,Y,1996,키움 · 삼성,2023,2025,3,,5,4.7,,,,,,,,,,,,,,,,,,,,,,,,,,,,,,,,,,,,,,,,,,4,5,5
고명준,14807,타자,,2002,SSG,2024,2025,2,,2,2.0,,,,,,,,,,,,,,,,,,,,,,,,,,,,,,,,,,,,,,,,,,,2,2
고영우,16128,타자,,2001,키움,2024,2024,1,,1,1.0,,,,,,,,,,,,,,,,,,,,,,,,,,,,,,,,,,,,,,,,,,,1,
김건희,15472,타자,,2004,키움,2024,2025,2,,1,1.0,,,,,,,,,,,,,,,,,,,,,,,,,,,,,,,,,,,,,,,,,,,1,1
김동욱,14681,투수,,1997,키움,2024,2024,1,,1,1.0,,,,,,,,,,,,,,,,,,,,,,,,,,,,,,,,,,,,,,,,,,,1,
김민규,16049,투수,,2001,NC,2024,2024,1,,1,1.0,,,,,,,,,,,,,,,,,,,,,,,,,,,,,,,,,,,,,,,,,,,1,
김범석,15484,타자,,2004,LG,2024,2024,1,,3,3.0,,,,,,,,,,,,,,,,,,,,,,,,,,,,,,,,,,,,,,,,,,,3,
김병휘,14577,타자,,2001,키움,2024,2024,1,,1,1.0,,,,,,,,,,,,,,,,,,,,,,,,,,,,,,,,,,,,,,,,,,,1,
김연주,16127,투수,,2004,키움,2024,2025,2,,1,1.0,,,,,,,,,,,,,,,,,,,,,,,,,,,,,,,,,,,,,,,,,,,1,1
김윤하,16123,투수,,2005,키움,2024,2025,2,,2,2.0,,,,,,,,,,,,,,,,,,,,,,,,,,,,,,,,,,,,,,,,,,,2,2
김재상,15499,타자,,2004,삼성,2024,2024,1,,1,1.0,,,,,,,,,,,,,,,,,,,,,,,,,,,,,,,,,,,,,,,,,,,1,
김진수,14781,투수,,1998,LG,2024,2025,2,,1,1.0,,,,,,,,,,,,,,,,,,,,,,,,,,,,,,,,,,,,,,,,,,,1,1
김택연,16067,투수,,2005,두산,2024,2025,2,,4,4.0,,,,,,,,,,,,,,,,,,,,,,,,,,,,,,,,,,,,,,,,,,,4,4
김호준,13268,투수,,1998,두산,2024,2025,2,,1,1.0,,,,,,,,,,,,,,,,,,,,,,,,,,,,,,,,,,,,,,,,,,,1,1
김호진,15868,타자,,2005,삼성,2024,2024,1,,1,1.0,,,,,,,,,,,,,,,,,,,,,,,,,,,,,,,,,,,,,,,,,,,1,
네일,16088,투수,Y,1993,KIA,2024,2025,2,,5,4.5,,,,,,,,,,,,,,,,,,,,,,,,,,,,,,,,,,,,,,,,,,,4,5
더거,16141,투수,Y,1995,SSG,2024,2024,1,,3,3.0,,,,,,,,,,,,,,,,,,,,,,,,,,,,,,,,,,,,,,,,,,,3,
데이비슨,16066,타자,Y,1991,NC,2024,2025,2,,5,4.5,,,,,,,,,,,,,,,,,,,,,,,,,,,,,,,,,,,,,,,,,,,4,5
디아즈,16162,타자,Y,1996,삼성,2024,2025,2,,4,3.5,,,,,,,,,,,,,,,,,,,,,,,,,,,,,,,,,,,,,,,,,,,3,4
라우어,16161,투수,Y,1995,KIA,2024,2024,1,,3,3.0,,,,,,,,,,,,,,,,,,,,,,,,,,,,,,,,,,,,,,,,,,,3,
레예스,15861,투수,Y,1996,삼성,2024,2025,2,,4,4.0,,,,,,,,,,,,,,,,,,,,,,,,,,,,,,,,,,,,,,,,,,,4,4
레이예스,16106,타자,Y,1994,롯데,2024,2025,2,,4,4.0,,,,,,,,,,,,,,,,,,,,,,,,,,,,,,,,,,,,,,,,,,,4,4
맥키넌,15862,타자,Y,1994,삼성,2024,2024,1,,5,5.0,,,,,,,,,,,,,,,,,,,,,,,,,,,,,,,,,,,,,,,,,,,5,
목지훈,15453,투수,,2004,NC,2024,2025,2,,1,1.0,,,,,,,,,,,,,,,,,,,,,,,,,,,,,,,,,,,,,,,,,,,1,1
바리아,16150,투수,Y,1996,한화,2024,2024,1,,4,4.0,,,,,,,,,,,,,,,,,,,,,,,,,,,,,,,,,,,,,,,,,,,4,
박범준,16133,투수,,2004,키움,2024,2024,1,,1,1.0,,,,,,,,,,,,,,,,,,,,,,,,,,,,,,,,,,,,,,,,,,,1,
박시원,14597,타자,,2001,NC,2024,2025,2,,1,1.0,,,,,,,,,,,,,,,,,,,,,,,,,,,,,,,,,,,,,,,,,,,1,1
박시후,14687,투수,,2001,SSG,2024,2025,2,,2,1.5,,,,,,,,,,,,,,,,,,,,,,,,,,,,,,,,,,,,,,,,,,,1,2
박윤성,15475,투수,,2004,키움,2024,2025,2,,2,1.5,,,,,,,,,,,,,,,,,,,,,,,,,,,,,,,,,,,,,,,,,,,1,2
박지환,16038,타자,,2005,SSG,2024,2025,2,,1,1.0,,,,,,,,,,,,,,,,,,,,,,,,,,,,,,,,,,,,,,,,,,,1,1
박한결,15451,타자,,2004,NC,2024,2024,1,,1,1.0,,,,,,,,,,,,,,,,,,,,,,,,,,,,,,,,,,,,,,,,,,,1,
발라조빅,16155,투수,Y,1998,두산,2024,2024,1,,3,3.0,,,,,,,,,,,,,,,,,,,,,,,,,,,,,,,,,,,,,,,,,,,3,
서의태,12574,투수,,1997,NC,2024,2024,1,,1,1.0,,,,,,,,,,,,,,,,,,,,,,,,,,,,,,,,,,,,,,,,,,,1,
성재헌,14667,투수,,1997,KT,2024,2024,1,,1,1.0,,,,,,,,,,,,,,,,,,,,,,,,,,,,,,,,,,,,,,,,,,,1,
손현기,16125,투수,,2005,키움,2024,2024,1,,1,1.0,,,,,,,,,,,,,,,,,,,,,,,,,,,,,,,,,,,,,,,,,,,1,
스타우트,16163,투수,Y,1993,KIA,2024,2024,1,,3,3.0,,,,,,,,,,,,,,,,,,,,,,,,,,,,,,,,,,,,,,,,,,,3,
시라카와,16148,투수,Y,2001,SSG · 두산,2024,2024,1,2024 SSG 3→두산 3,3,3.0,,,,,,,,,,,,,,,,,,,,,,,,,,,,,,,,,,,,,,,,,,,3,
신영우,15450,투수,,2004,NC,2024,2025,2,,3,3.0,,,,,,,,,,,,,,,,,,,,,,,,,,,,,,,,,,,,,,,,,,,3,3
알드레드,16151,투수,Y,1996,KIA,2024,2024,1,,3,3.0,,,,,,,,,,,,,,,,,,,,,,,,,,,,,,,,,,,,,,,,,,,3,
앤더슨,16146,투수,Y,1994,SSG,2024,2025,2,,5,4.5,,,,,,,,,,,,,,,,,,,,,,,,,,,,,,,,,,,,,,,,,,,4,5
에르난데스,16160,투수,Y,1995,LG,2024,2025,2,,4,3.5,,,,,,,,,,,,,,,,,,,,,,,,,,,,,,,,,,,,,,,,,,,3,4
엔스,16023,투수,Y,1991,LG,2024,2024,1,,4,4.0,,,,,,,,,,,,,,,,,,,,,,,,,,,,,,,,,,,,,,,,,,,4,
와이스,16153,투수,Y,1996,한화,2024,2025,2,,4,4.0,,,,,,,,,,,,,,,,,,,,,,,,,,,,,,,,,,,,,,,,,,,4,4
원상현,16027,투수,,2004,KT,2024,2025,2,,3,3.0,,,,,,,,,,,,,,,,,,,,,,,,,,,,,,,,,,,,,,,,,,,3,3
원성준,16136,타자,,2000,키움,2024,2025,2,,1,1.0,,,,,,,,,,,,,,,,,,,,,,,,,,,,,,,,,,,,,,,,,,,1,1
육선엽,15864,투수,,2005,삼성,2024,2025,2,,3,3.0,,,,,,,,,,,,,,,,,,,,,,,,,,,,,,,,,,,,,,,,,,,3,3
육청명,16028,투수,,2005,KT,2024,2024,1,,1,1.0,,,,,,,,,,,,,,,,,,,,,,,,,,,,,,,,,,,,,,,,,,,1,
이기순,15028,투수,,2003,SSG,2024,2024,1,,1,1.0,,,,,,,,,,,,,,,,,,,,,,,,,,,,,,,,,,,,,,,,,,,1,
이승원,15476,타자,,2004,키움,2024,2024,1,,1,1.0,,,,,,,,,,,,,,,,,,,,,,,,,,,,,,,,,,,,,,,,,,,1,
이재상,16124,타자,,2005,키움,2024,2024,1,,1,1.0,,,,,,,,,,,,,,,,,,,,,,,,,,,,,,,,,,,,,,,,,,,1,
이종준,14651,투수,,2001,LG,2024,2024,1,,1,1.0,,,,,,,,,,,,,,,,,,,,,,,,,,,,,,,,,,,,,,,,,,,1,
임상현,16053,투수,,2005,NC,2024,2024,1,,1,1.0,,,,,,,,,,,,,,,,,,,,,,,,,,,,,,,,,,,,,,,,,,,1,
전다민,16072,타자,,2001,두산,2024,2024,1,,1,1.0,,,,,,,,,,,,,,,,,,,,,,,,,,,,,,,,,,,,,,,,,,,1,
전미르,16089,투수,,2005,롯데,2024,2024,1,,3,3.0,,,,,,,,,,,,,,,,,,,,,,,,,,,,,,,,,,,,,,,,,,,3,
전준표,16122,투수,,2005,키움,2024,2025,2,,3,3.0,,,,,,,,,,,,,,,,,,,,,,,,,,,,,,,,,,,,,,,,,,,3,3
정준재,16042,타자,,2003,SSG,2024,2025,2,,2,1.5,,,,,,,,,,,,,,,,,,,,,,,,,,,,,,,,,,,,,,,,,,,1,2
정지헌,16017,투수,,2003,LG,2024,2024,1,,1,1.0,,,,,,,,,,,,,,,,,,,,,,,,,,,,,,,,,,,,,,,,,,,1,
정현수,16090,투수,,2001,롯데,2024,2025,2,,2,1.5,,,,,,,,,,,,,,,,,,,,,,,,,,,,,,,,,,,,,,,,,,,1,2
정현승,16043,타자,,2001,SSG,2024,2024,1,,1,1.0,,,,,,,,,,,,,,,,,,,,,,,,,,,,,,,,,,,,,,,,,,,1,
제러드,16158,타자,Y,1995,두산,2024,2024,1,,3,3.0,,,,,,,,,,,,,,,,,,,,,,,,,,,,,,,,,,,,,,,,,,,3,
조대현,13177,타자,,1999,KT,2024,2025,2,,1,1.0,,,,,,,,,,,,,,,,,,,,,,,,,,,,,,,,,,,,,,,,,,,1,1
조동욱,16108,투수,,2004,한화,2024,2025,2,,2,1.5,,,,,,,,,,,,,,,,,,,,,,,,,,,,,,,,,,,,,,,,,,,1,2
진우영,16015,투수,,2001,LG,2024,2024,1,,1,1.0,,,,,,,,,,,,,,,,,,,,,,,,,,,,,,,,,,,,,,,,,,,1,
최우석,16056,투수,,2005,NC,2024,2025,2,,1,1.0,,,,,,,,,,,,,,,,,,,,,,,,,,,,,,,,,,,,,,,,,,,1,1
최원영,15084,타자,,2003,LG,2024,2025,2,,1,1.0,,,,,,,,,,,,,,,,,,,,,,,,,,,,,,,,,,,,,,,,,,,1,1
최종인,14733,투수,,2001,두산,2024,2024,1,,1,1.0,,,,,,,,,,,,,,,,,,,,,,,,,,,,,,,,,,,,,,,,,,,1,
최준호,15508,투수,,2004,두산,2024,2025,2,,1,1.0,,,,,,,,,,,,,,,,,,,,,,,,,,,,,,,,,,,,,,,,,,,1,1
카스타노,16064,투수,Y,1994,NC,2024,2024,1,,4,4.0,,,,,,,,,,,,,,,,,,,,,,,,,,,,,,,,,,,,,,,,,,,4,
코너,15860,투수,Y,1996,삼성,2024,2024,1,,5,5.0,,,,,,,,,,,,,,,,,,,,,,,,,,,,,,,,,,,,,,,,,,,5,
크로우,16087,투수,Y,1994,KIA,2024,2024,1,,3,3.0,,,,,,,,,,,,,,,,,,,,,,,,,,,,,,,,,,,,,,,,,,,3,
페라자,16121,타자,Y,1998,한화,2024,2024,1,,4,4.0,,,,,,,,,,,,,,,,,,,,,,,,,,,,,,,,,,,,,,,,,,,4,
하트,16065,투수,Y,1992,NC,2024,2024,1,,4,4.0,,,,,,,,,,,,,,,,,,,,,,,,,,,,,,,,,,,,,,,,,,,4,
한차현,14776,투수,,1998,KT,2024,2024,1,,1,1.0,,,,,,,,,,,,,,,,,,,,,,,,,,,,,,,,,,,,,,,,,,,1,
헤이수스,16138,투수,Y,1996,키움 · KT,2024,2025,2,,4,4.0,,,,,,,,,,,,,,,,,,,,,,,,,,,,,,,,,,,,,,,,,,,4,4
홍원표,14614,투수,,2001,삼성,2024,2024,1,,1,1.0,,,,,,,,,,,,,,,,,,,,,,,,,,,,,,,,,,,,,,,,,,,1,
황영묵,16110,타자,,1999,한화,2024,2025,2,,2,1.5,,,,,,,,,,,,,,,,,,,,,,,,,,,,,,,,,,,,,,,,,,,2,1
황준서,16107,투수,,2005,한화,2024,2025,2,,4,4.0,,,,,,,,,,,,,,,,,,,,,,,,,,,,,,,,,,,,,,,,,,,4,4
가라비토,16397,투수,Y,1995,삼성,2025,2025,1,,4,4.0,,,,,,,,,,,,,,,,,,,,,,,,,,,,,,,,,,,,,,,,,,,,4
감보아,16391,투수,Y,1997,롯데,2025,2025,1,,4,4.0,,,,,,,,,,,,,,,,,,,,,,,,,,,,,,,,,,,,,,,,,,,,4
강민성,14191,타자,,1999,KT,2025,2025,1,,1,1.0,,,,,,,,,,,,,,,,,,,,,,,,,,,,,,,,,,,,,,,,,,,,1
권민규,16302,투수,,2006,한화,2025,2025,1,,1,1.0,,,,,,,,,,,,,,,,,,,,,,,,,,,,,,,,,,,,,,,,,,,,1
김녹원,15113,투수,,2003,NC,2025,2025,1,,1,1.0,,,,,,,,,,,,,,,,,,,,,,,,,,,,,,,,,,,,,,,,,,,,1
김대호,15882,투수,,2001,삼성,2025,2025,1,,1,1.0,,,,,,,,,,,,,,,,,,,,,,,,,,,,,,,,,,,,,,,,,,,,1
김동규,15485,투수,,2004,키움,2025,2025,1,,1,1.0,,,,,,,,,,,,,,,,,,,,,,,,,,,,,,,,,,,,,,,,,,,,1
김동준,15100,타자,,2002,두산,2025,2025,1,,1,1.0,,,,,,,,,,,,,,,,,,,,,,,,,,,,,,,,,,,,,,,,,,,,1
김동혁,15645,타자,,2000,롯데,2025,2025,1,,1,1.0,,,,,,,,,,,,,,,,,,,,,,,,,,,,,,,,,,,,,,,,,,,,1
김서준,16326,투수,,2006,키움,2025,2025,1,,1,1.0,,,,,,,,,,,,,,,,,,,,,,,,,,,,,,,,,,,,,,,,,,,,1
김영우,16274,투수,,2005,LG,2025,2025,1,,2,2.0,,,,,,,,,,,,,,,,,,,,,,,,,,,,,,,,,,,,,,,,,,,,2
김태형,16250,투수,,2006,KIA,2025,2025,1,,3,3.0,,,,,,,,,,,,,,,,,,,,,,,,,,,,,,,,,,,,,,,,,,,,3
김태훈,16340,투수,,2006,NC,2025,2025,1,,1,1.0,,,,,,,,,,,,,,,,,,,,,,,,,,,,,,,,,,,,,,,,,,,,1
데이비슨,16273,투수,Y,1996,롯데,2025,2025,1,,4,4.0,,,,,,,,,,,,,,,,,,,,,,,,,,,,,,,,,,,,,,,,,,,,4
라일리,16349,투수,Y,1996,NC,2025,2025,1,,4,4.0,,,,,,,,,,,,,,,,,,,,,,,,,,,,,,,,,,,,,,,,,,,,4
로건,16350,투수,Y,1997,NC,2025,2025,1,,4,4.0,,,,,,,,,,,,,,,,,,,,,,,,,,,,,,,,,,,,,,,,,,,,4
로젠버그,16339,투수,Y,1995,키움,2025,2025,1,,3,3.0,,,,,,,,,,,,,,,,,,,,,,,,,,,,,,,,,,,,,,,,,,,,3
류효승,14586,타자,,1996,SSG,2025,2025,1,,1,1.0,,,,,,,,,,,,,,,,,,,,,,,,,,,,,,,,,,,,,,,,,,,,1
리베라토,16396,타자,Y,1995,한화,2025,2025,1,,3,3.0,,,,,,,,,,,,,,,,,,,,,,,,,,,,,,,,,,,,,,,,,,,,3
맥브룸,16390,타자,Y,1992,SSG,2025,2025,1,,3,3.0,,,,,,,,,,,,,,,,,,,,,,,,,,,,,,,,,,,,,,,,,,,,3
메르세데스,16403,투수,Y,1994,키움,2025,2025,1,,3,3.0,,,,,,,,,,,,,,,,,,,,,,,,,,,,,,,,,,,,,,,,,,,,3
문정빈,15086,타자,,2003,LG,2025,2025,1,,1,1.0,,,,,,,,,,,,,,,,,,,,,,,,,,,,,,,,,,,,,,,,,,,,1
박건우,16352,투수,,2006,KT,2025,2025,1,,1,1.0,,,,,,,,,,,,,,,,,,,,,,,,,,,,,,,,,,,,,,,,,,,,1
박관우,16279,타자,,2006,LG,2025,2025,1,,1,1.0,,,,,,,,,,,,,,,,,,,,,,,,,,,,,,,,,,,,,,,,,,,,1
박기호,16040,투수,,2005,SSG,2025,2025,1,,1,1.0,,,,,,,,,,,,,,,,,,,,,,,,,,,,,,,,,,,,,,,,,,,,1
박재현,16252,타자,,2006,KIA,2025,2025,1,,1,1.0,,,,,,,,,,,,,,,,,,,,,,,,,,,,,,,,,,,,,,,,,,,,1
박정훈,16330,투수,,2006,키움,2025,2025,1,,1,1.0,,,,,,,,,,,,,,,,,,,,,,,,,,,,,,,,,,,,,,,,,,,,1
박준순,16287,타자,,2006,두산,2025,2025,1,,3,3.0,,,,,,,,,,,,,,,,,,,,,,,,,,,,,,,,,,,,,,,,,,,,3
박준우,16092,투수,,2005,롯데,2025,2025,1,,1,1.0,,,,,,,,,,,,,,,,,,,,,,,,,,,,,,,,,,,,,,,,,,,,1
박지훈,14736,타자,,2000,두산,2025,2025,1,,1,1.0,,,,,,,,,,,,,,,,,,,,,,,,,,,,,,,,,,,,,,,,,,,,1
박찬형,16395,타자,,2002,롯데,2025,2025,1,,1,1.0,,,,,,,,,,,,,,,,,,,,,,,,,,,,,,,,,,,,,,,,,,,,1
배찬승,16239,투수,,2006,삼성,2025,2025,1,,3,3.0,,,,,,,,,,,,,,,,,,,,,,,,,,,,,,,,,,,,,,,,,,,,3
벨라스케즈,16405,투수,Y,1992,롯데,2025,2025,1,,3,3.0,,,,,,,,,,,,,,,,,,,,,,,,,,,,,,,,,,,,,,,,,,,,3
석정우,15121,타자,,1999,SSG,2025,2025,1,,1,1.0,,,,,,,,,,,,,,,,,,,,,,,,,,,,,,,,,,,,,,,,,,,,1
성동현,13103,투수,,1999,LG,2025,2025,1,,1,1.0,,,,,,,,,,,,,,,,,,,,,,,,,,,,,,,,,,,,,,,,,,,,1
성영탁,16085,투수,,2004,KIA,2025,2025,1,,1,1.0,,,,,,,,,,,,,,,,,,,,,,,,,,,,,,,,,,,,,,,,,,,,1
손주환,16057,투수,,2002,NC,2025,2025,1,,2,2.0,,,,,,,,,,,,,,,,,,,,,,,,,,,,,,,,,,,,,,,,,,,,2
송지후,16130,타자,,2005,키움,2025,2025,1,,1,1.0,,,,,,,,,,,,,,,,,,,,,,,,,,,,,,,,,,,,,,,,,,,,1
스톤,16393,타자,Y,1995,키움,2025,2025,1,,3,3.0,,,,,,,,,,,,,,,,,,,,,,,,,,,,,,,,,,,,,,,,,,,,3
스티븐슨,16402,타자,Y,1994,KT,2025,2025,1,,3,3.0,,,,,,,,,,,,,,,,,,,,,,,,,,,,,,,,,,,,,,,,,,,,3
심재훈,16240,타자,,2006,삼성,2025,2025,1,,1,1.0,,,,,,,,,,,,,,,,,,,,,,,,,,,,,,,,,,,,,,,,,,,,1
안현민,15092,타자,,2003,KT,2025,2025,1,,2,2.0,,,,,,,,,,,,,,,,,,,,,,,,,,,,,,,,,,,,,,,,,,,,2
양도근,15875,타자,,2003,삼성,2025,2025,1,,1,1.0,,,,,,,,,,,,,,,,,,,,,,,,,,,,,,,,,,,,,,,,,,,,1
양재훈,16293,투수,,2003,두산,2025,2025,1,,1,1.0,,,,,,,,,,,,,,,,,,,,,,,,,,,,,,,,,,,,,,,,,,,,1
어준서,16328,타자,,2006,키움,2025,2025,1,,2,2.0,,,,,,,,,,,,,,,,,,,,,,,,,,,,,,,,,,,,,,,,,,,,2
여동욱,16329,타자,,2005,키움,2025,2025,1,,1,1.0,,,,,,,,,,,,,,,,,,,,,,,,,,,,,,,,,,,,,,,,,,,,1
오명진,14737,타자,,2001,두산,2025,2025,1,,2,2.0,,,,,,,,,,,,,,,,,,,,,,,,,,,,,,,,,,,,,,,,,,,,2
올러,16261,투수,Y,1994,KIA,2025,2025,1,,4,4.0,,,,,,,,,,,,,,,,,,,,,,,,,,,,,,,,,,,,,,,,,,,,4
웰스,16398,투수,Y,1997,키움,2025,2025,1,,3,3.0,,,,,,,,,,,,,,,,,,,,,,,,,,,,,,,,,,,,,,,,,,,,3
위즈덤,16262,타자,Y,1991,KIA,2025,2025,1,,4,4.0,,,,,,,,,,,,,,,,,,,,,,,,,,,,,,,,,,,,,,,,,,,,4
유준규,14778,타자,,2002,KT,2025,2025,1,,1,1.0,,,,,,,,,,,,,,,,,,,,,,,,,,,,,,,,,,,,,,,,,,,,1
윤도현,15058,타자,,2003,KIA,2025,2025,1,,1,1.0,,,,,,,,,,,,,,,,,,,,,,,,,,,,,,,,,,,,,,,,,,,,1
윤태호,15104,투수,,2003,두산,2025,2025,1,,1,1.0,,,,,,,,,,,,,,,,,,,,,,,,,,,,,,,,,,,,,,,,,,,,1
윤현,16331,투수,,2006,키움,2025,2025,1,,1,1.0,,,,,,,,,,,,,,,,,,,,,,,,,,,,,,,,,,,,,,,,,,,,1
이도현,15437,투수,,2005,KIA,2025,2025,1,,1,1.0,,,,,,,,,,,,,,,,,,,,,,,,,,,,,,,,,,,,,,,,,,,,1
이주헌,15081,타자,,2003,LG,2025,2025,1,,1,1.0,,,,,,,,,,,,,,,,,,,,,,,,,,,,,,,,,,,,,,,,,,,,1
이준우,16384,투수,,2001,키움,2025,2025,1,,1,1.0,,,,,,,,,,,,,,,,,,,,,,,,,,,,,,,,,,,,,,,,,,,,1
이준혁,15111,투수,,2003,NC,2025,2025,1,,1,1.0,,,,,,,,,,,,,,,,,,,,,,,,,,,,,,,,,,,,,,,,,,,,1
이호민,16251,투수,,2006,KIA,2025,2025,1,,1,1.0,,,,,,,,,,,,,,,,,,,,,,,,,,,,,,,,,,,,,,,,,,,,1
이호준,16091,타자,,2004,롯데,2025,2025,1,,1,1.0,,,,,,,,,,,,,,,,,,,,,,,,,,,,,,,,,,,,,,,,,,,,1
임종성,16069,타자,,2005,두산,2025,2025,1,,1,1.0,,,,,,,,,,,,,,,,,,,,,,,,,,,,,,,,,,,,,,,,,,,,1
잭로그,16299,투수,Y,1996,두산,2025,2025,1,,4,4.0,,,,,,,,,,,,,,,,,,,,,,,,,,,,,,,,,,,,,,,,,,,,4
전태현,16332,타자,,2006,키움,2025,2025,1,,1,1.0,,,,,,,,,,,,,,,,,,,,,,,,,,,,,,,,,,,,,,,,,,,,1
정동윤,12571,투수,,1997,SSG,2025,2025,1,,3,3.0,,,,,,,,,,,,,,,,,,,,,,,,,,,,,,,,,,,,,,,,,,,,3
정우주,16301,투수,,2006,한화,2025,2025,1,,4,4.0,,,,,,,,,,,,,,,,,,,,,,,,,,,,,,,,,,,,,,,,,,,,4
정해원,15433,타자,,2004,KIA,2025,2025,1,,1,1.0,,,,,,,,,,,,,,,,,,,,,,,,,,,,,,,,,,,,,,,,,,,,1
정현우,16325,투수,,2006,키움,2025,2025,1,,4,4.0,,,,,,,,,,,,,,,,,,,,,,,,,,,,,,,,,,,,,,,,,,,,4
제환유,14573,투수,,2000,두산,2025,2025,1,,1,1.0,,,,,,,,,,,,,,,,,,,,,,,,,,,,,,,,,,,,,,,,,,,,1
채현우,14153,타자,,1995,SSG,2025,2025,1,,1,1.0,,,,,,,,,,,,,,,,,,,,,,,,,,,,,,,,,,,,,,,,,,,,1
최민석,16288,투수,,2006,두산,2025,2025,1,,2,2.0,,,,,,,,,,,,,,,,,,,,,,,,,,,,,,,,,,,,,,,,,,,,2
최현석,16041,투수,,2003,SSG,2025,2025,1,,1,1.0,,,,,,,,,,,,,,,,,,,,,,,,,,,,,,,,,,,,,,,,,,,,1
치리노스,16286,투수,Y,1993,LG,2025,2025,1,,4,4.0,,,,,,,,,,,,,,,,,,,,,,,,,,,,,,,,,,,,,,,,,,,,4
카디네스,16156,타자,Y,1997,키움,2025,2025,1,,4,4.0,,,,,,,,,,,,,,,,,,,,,,,,,,,,,,,,,,,,,,,,,,,,4
케이브,16300,타자,Y,1992,두산,2025,2025,1,,4,4.0,,,,,,,,,,,,,,,,,,,,,,,,,,,,,,,,,,,,,,,,,,,,4
코엔 윈,15265,투수,Y,1999,LG,2025,2025,1,,3,3.0,,,,,,,,,,,,,,,,,,,,,,,,,,,,,,,,,,,,,,,,,,,,3
콜어빈,16298,투수,Y,1994,두산,2025,2025,1,,4,4.0,,,,,,,,,,,,,,,,,,,,,,,,,,,,,,,,,,,,,,,,,,,,4
톨허스트,16404,투수,Y,1999,LG,2025,2025,1,,3,3.0,,,,,,,,,,,,,,,,,,,,,,,,,,,,,,,,,,,,,,,,,,,,3
패트릭,16401,투수,Y,1995,KT,2025,2025,1,,3,3.0,,,,,,,,,,,,,,,,,,,,,,,,,,,,,,,,,,,,,,,,,,,,3
폰세,16313,투수,Y,1994,한화,2025,2025,1,,5,5.0,,,,,,,,,,,,,,,,,,,,,,,,,,,,,,,,,,,,,,,,,,,,5
플로리얼,16312,타자,Y,1997,한화,2025,2025,1,,3,3.0,,,,,,,,,,,,,,,,,,,,,,,,,,,,,,,,,,,,,,,,,,,,3
한재환,14659,타자,,2001,NC,2025,2025,1,,1,1.0,,,,,,,,,,,,,,,,,,,,,,,,,,,,,,,,,,,,,,,,,,,,1
함창건,14680,타자,,2001,LG,2025,2025,1,,1,1.0,,,,,,,,,,,,,,,,,,,,,,,,,,,,,,,,,,,,,,,,,,,,1
허인서,15015,타자,,2003,한화,2025,2025,1,,1,1.0,,,,,,,,,,,,,,,,,,,,,,,,,,,,,,,,,,,,,,,,,,,,1
현원회,14584,타자,,2001,SSG,2025,2025,1,,1,1.0,,,,,,,,,,,,,,,,,,,,,,,,,,,,,,,,,,,,,,,,,,,,1
홍민규,16289,투수,,2006,두산,2025,2025,1,,1,1.0,,,,,,,,,,,,,,,,,,,,,,,,,,,,,,,,,,,,,,,,,,,,1
홍민기,14625,투수,,2001,롯데,2025,2025,1,,1,1.0,,,,,,,,,,,,,,,,,,,,,,,,,,,,,,,,,,,,,,,,,,,,1
화이트,16324,투수,Y,1994,SSG,2025,2025,1,,5,5.0,,,,,,,,,,,,,,,,,,,,,,,,,,,,,,,,,,,,,,,,,,,,5
