연도,이름,ID,팀,"그 해 WAR(참고, 가격에 미사용)",재현 연봉(리그 평균=1),연봉 순위,기본 등급,실제 연봉 고정,보정,보정 후,이전 방식 코인,최종 코인(게임),최종이 달라진 이유
1982,김바위,15155,MBC,0.6,1.3,21,4,,,4,3,4,
1982,김봉기,1058,MBC,0.2,0.7,116,1,,,1,1,1,
1982,김시철,1122,MBC,0.2,0.7,93,2,,,2,1,2,
1982,김용달,1007,MBC,1.1,1.0,82,2,,,2,2,2,
1982,김용운,1008,MBC,0.3,1.0,81,2,,,2,2,2,
1982,김인식,1012,MBC,0.4,1.0,79,2,,,2,2,2,
1982,박석채,1127,MBC,0,0.7,90,2,,,2,1,2,
1982,백인천,1017,MBC,5.8,2.0,9,5,,,5,5,5,
1982,송영운,1078,MBC,0.0,1.0,60,3,,,3,2,3,
1982,신언호,1080,MBC,-0.4,1.0,59,3,,,3,2,3,
1982,유승안,1083,MBC,1.1,1.6,14,5,,,5,4,5,
1982,유종겸,1107,MBC,3.0,1.3,27,4,,,4,3,4,
1982,이광권,1130,MBC,1.8,1.3,23,4,,,4,3,4,
1982,이광은,1024,MBC,1.5,1.6,17,4,,,4,4,4,
1982,이길환,1108,MBC,2.2,1.3,26,4,,,4,3,4,
1982,이종도,1026,MBC,3.1,1.6,16,4,,,4,4,4,
1982,정순명,1109,MBC,0.4,1.0,57,3,,,3,2,3,
1982,정영기,1029,MBC,-0.4,1.0,75,2,,,2,2,2,
1982,조호,1096,MBC,-0.3,0.7,99,2,,,2,1,2,
1982,차준섭,1133,MBC,0.2,0.7,88,2,,,2,1,2,
1982,최정우,1101,MBC,-0.3,0.7,95,2,,,2,1,2,
1982,하기룡,1111,MBC,6.5,2.0,3,5,,,5,5,5,
1982,강철원,1113,OB,1.9,1.0,56,3,,,3,2,3,
1982,계형철,1114,OB,0.3,1.6,13,5,,,5,4,5,
1982,구천서,1001,OB,3.0,1.3,44,3,,,3,3,3,
1982,김경문,11469,OB,-0.2,0.7,86,2,,,2,1,2,
1982,김광수,1035,OB,0.5,1.3,34,4,,,4,3,4,
1982,김우열,1011,OB,3.3,1.6,19,4,,,4,4,4,
1982,김유동,1036,OB,-0.2,0.7,125,1,,,1,1,1,
1982,김현홍,1124,OB,1,0.7,92,2,,,2,1,2,
1982,박상열,1071,OB,0.5,1.3,31,4,,,4,3,4,
1982,박철순,1105,OB,9.4,2.0,4,5,,,5,5,5,
1982,선우대영,1106,OB,2.8,1.3,28,4,,,4,3,4,
1982,신경식,1019,OB,2.2,1.3,39,3,,,3,3,3,
1982,양세종,1020,OB,0.6,1.0,77,2,,,2,2,2,
1982,유지훤,1045,OB,0.7,1.0,69,2,,,2,2,2,
1982,윤동균,1023,OB,4.4,2.0,8,5,,,5,5,5,
1982,이근식,1046,OB,0.1,1.0,68,2,,,2,2,2,
1982,이홍범,1048,OB,0.4,0.7,121,1,,,1,1,1,
1982,정종현,1049,OB,0.4,0.7,120,1,,,1,1,1,
1982,정혁진,1050,OB,0.6,1.0,67,2,,,2,2,2,
1982,조범현,11476,OB,0.7,0.7,85,2,,,2,1,2,
1982,황태환,1117,OB,1.4,1.0,55,3,,,3,2,3,
1982,권두조,1002,롯데,0.6,1.0,84,2,,,2,2,2,
1982,김덕열,1120,롯데,1.1,1.0,52,3,,,3,2,3,
1982,김문희,1121,롯데,0.7,1.0,51,3,,,3,2,3,
1982,김성관,1006,롯데,1.2,1.3,42,3,,,3,3,3,
1982,김용철,1009,롯데,2.8,2.0,10,5,,,5,5,5,
1982,김용희,11471,롯데,1.2,1.3,22,4,,,4,3,4,
1982,김일환,1061,롯데,-0.0,1.0,63,2,,,2,2,2,
1982,김재상,1063,롯데,0.5,0.7,114,2,,,2,1,2,
1982,김정수,1014,롯데,2.6,1.3,40,3,,,3,3,3,
1982,노상수,1125,롯데,5.6,1.6,11,5,,,5,4,5,
1982,박용성,1072,롯데,1.1,1.0,61,2,,,2,2,2,
1982,방기만,1128,롯데,-0.2,0.7,89,2,,,2,1,2,
1982,엄태섭,1082,롯데,-0.1,0.7,107,2,,,2,1,2,
1982,이성득,1086,롯데,-0.6,0.7,105,2,,,2,1,2,
1982,이윤섭,1087,롯데,-0.2,0.7,104,2,,,2,1,2,
1982,이진우,1131,롯데,0.1,1.0,48,3,,,3,2,3,
1982,정문섭,1094,롯데,0.2,0.7,100,2,,,2,1,2,
1982,정학수,1095,롯데,3.7,1.3,29,4,,,4,3,4,
1982,차동열,1032,롯데,1.2,1.0,73,2,,,2,2,2,
1982,천창호,1110,롯데,3.0,1.3,25,4,,,4,3,4,
1982,최순하,1097,롯데,0.2,0.7,98,2,,,2,1,2,
1982,최옥규,1134,롯데,-0.2,1.0,46,3,,,3,2,3,
1982,감사용,1118,삼미,-1.1,1.0,54,3,,,3,2,3,
1982,금광옥,1003,삼미,3.0,1.3,43,3,,,3,3,3,
1982,김경남,1004,삼미,0.9,1.0,83,2,,,2,2,2,
1982,김구길,1056,삼미,-0.3,0.7,117,1,,,1,1,1,
1982,김동철,1057,삼미,-1.3,1.0,64,2,,,2,2,2,
1982,김무관,12714,삼미,-1.0,1.0,45,3,,,3,2,3,
1982,김재현,1123,삼미,-1.6,1.0,50,3,,,3,2,3,
1982,김진철,1066,삼미,-0.5,0.7,112,2,,,2,1,2,
1982,김호인,1068,삼미,1.5,1.0,62,2,,,2,2,2,
1982,박경호,1126,삼미,-0.3,0.7,91,2,,,2,1,2,
1982,박준영,1075,삼미,0.1,0.7,109,2,,,2,1,2,
1982,송경섭,1018,삼미,-0.4,0.7,127,1,,,1,1,1,
1982,양승관,1021,삼미,0.6,1.0,76,2,,,2,2,2,
1982,오문현,1129,삼미,0.0,1.0,49,3,,,3,2,3,
1982,이경수,1084,삼미,-0.3,0.7,106,2,,,2,1,2,
1982,이찬선,1088,삼미,-1.2,0.7,103,2,,,2,1,2,
1982,이철성,1089,삼미,0.4,0.7,102,2,,,2,1,2,
1982,인호봉,1132,삼미,-2.4,1.0,47,3,,,3,2,3,
1982,장정기,1093,삼미,0.8,1.0,58,3,,,3,2,3,
1982,조흥운,1031,삼미,2.9,1.3,36,4,,,4,3,4,
1982,최영환,1099,삼미,-0.2,0.7,96,2,,,2,1,2,
1982,한상연,1135,삼미,-0.1,0.7,87,2,,,2,1,2,
1982,허운,1102,삼미,-0.1,0.7,94,2,,,2,1,2,
1982,권영호,1104,삼성,6.5,2.0,5,5,,,5,5,5,
1982,김한근,1037,삼성,1.6,1.0,71,2,,,2,2,2,
1982,김휘욱,1069,삼성,-0.6,0.7,111,2,,,2,1,2,
1982,박영진,1038,삼성,-0.2,0.7,124,1,,,1,1,1,
1982,박정환,1039,삼성,0.8,1.0,70,2,,,2,2,2,
1982,박찬,1041,삼성,0.4,0.7,123,1,,,1,1,1,
1982,배대웅,1016,삼성,1.3,1.0,78,2,,,2,2,2,
1982,서정환,1042,삼성,-0.3,1.3,33,4,,,4,3,4,
1982,성낙수,1115,삼성,4.1,1.3,24,4,,,4,3,4,
1982,손상득,1044,삼성,0.6,0.7,122,1,,,1,1,1,
1982,오대석,1022,삼성,3.1,1.3,38,3,,,3,3,3,
1982,이만수,1025,삼성,3.4,2.0,7,5,,,5,5,5,
1982,이선희,1116,삼성,4.5,1.6,12,5,,,5,4,5,
1982,장태수,1027,삼성,3.5,1.3,37,3,,,3,3,3,
1982,정구왕,1028,삼성,0.2,0.7,126,1,,,1,1,1,
1982,정현발,1051,삼성,1.6,1.0,66,2,,,2,2,2,
1982,천보성,1052,삼성,0.5,0.7,119,1,,,1,1,1,
1982,함학수,1053,삼성,0.5,1.0,65,2,,,2,2,2,
1982,허규옥,1034,삼성,2.2,1.3,35,4,,,4,3,4,
1982,황규봉,1112,삼성,7.2,2.0,2,5,,,5,5,5,
1982,강만식,1119,해태,0.6,1.0,53,3,,,3,2,3,
1982,김경훈,1055,해태,-0.3,0.7,118,1,,,1,1,1,
1982,김봉연,1005,해태,3.2,1.6,20,4,,,4,4,4,
1982,김성한,12726,해태,1.8,2.0,1,5,,,5,5,5,
1982,김용남,1059,해태,3.3,1.6,15,5,,,5,4,5,
1982,김용만,1060,해태,-0.8,0.7,115,1,,,1,1,1,
1982,김우근,1010,해태,-0.1,1.0,80,2,,,2,2,2,
1982,김일권,1013,해태,2.7,1.3,41,3,,,3,3,3,
1982,김종모,1064,해태,1.3,1.3,32,4,,,4,3,4,
1982,김종윤,1065,해태,0.5,0.7,113,2,,,2,1,2,
1982,김준환,1015,해태,3.0,1.6,18,4,,,4,4,4,
1982,박전섭,1074,해태,0.1,0.7,110,2,,,2,1,2,
1982,방수원,1076,해태,1.9,1.3,30,4,,,4,3,4,
1982,신태중,1081,해태,-0.7,0.7,108,2,,,2,1,2,
1982,이상윤,1085,해태,1.7,2.0,6,5,,,5,5,5,
1982,임정면,1092,해태,0.7,0.7,101,2,,,2,1,2,
1982,조충열,1030,해태,-0.2,1.0,74,2,,,2,2,2,
1982,차영화,1033,해태,2.0,1.0,72,2,,,2,2,2,
1982,최영조,1098,해태,0.1,0.7,97,2,,,2,1,2,
1983,김바위,15155,MBC,-0.4,1.1,67,2,,,2,2,3,변동 완충(−1까지)
1983,김용달,1007,MBC,-0.1,1.19,65,2,,1982 골든글러브 +1,3,1,3,
1983,김용운,1008,MBC,-0.5,0.87,97,2,,1982 골든글러브 +1,3,1,3,
1983,김인식,1012,MBC,1.4,0.9,96,2,,,2,2,2,
1983,김재박,1062,MBC,4.8,1.6,39,3,,,3,4,3,
1983,김정수,1146,MBC,0.8,1.0,84,2,,,2,2,2,
1983,박석채,1127,MBC,0.2,0.64,143,1,,,1,1,1,
1983,백인천,1017,MBC,-0.5,3.2,5,5,,직전 5WAR+ +1 / 1982 타율 1위 +1,5,3,5,
1983,송영운,1078,MBC,0.3,0.77,106,2,,직전 풀타임 0.5WAR 미만 −1,1,1,1,
1983,신언호,1080,MBC,1.1,0.75,112,2,,직전 풀타임 0.5WAR 미만 −1,1,2,2,풀타임 최소 2코인
1983,오영일,1174,MBC,3.0,1.3,54,3,,,3,3,3,
1983,유성룡,1148,MBC,0.1,0.7,138,1,,,1,1,1,
1983,유승안,1083,MBC,0.8,1.41,43,3,,,3,2,4,변동 완충(−1까지)
1983,유종겸,1107,MBC,3.0,2.08,18,4,,직전 5WAR+ +1,5,3,5,
1983,이광권,1130,MBC,1.6,1.62,37,3,,,3,2,3,
1983,이광은,1024,MBC,1.9,1.57,40,3,,,3,3,3,
1983,이길환,1108,MBC,4.5,1.72,34,4,,,4,4,4,
1983,이원국,1179,MBC,-0.4,0.7,124,1,,,1,1,1,
1983,이종도,1026,MBC,4.1,2.18,15,5,,직전 5WAR+ +1,5,4,5,
1983,이해창,1141,MBC,4.2,1.6,38,3,,,3,4,3,
1983,정순명,1109,MBC,0.1,0.94,92,2,,,2,2,2,
1983,정영기,1029,MBC,-0.1,0.75,115,1,,직전 풀타임 0.5WAR 미만 −1,1,1,1,
1983,차동열,1032,MBC,-0.6,1.2,63,2,,,2,1,2,
1983,최정우,1101,MBC,-0.5,0.53,147,1,,,1,1,1,
1983,하기룡,1111,MBC,3.6,3.2,2,5,,직전 5WAR+ +1,5,5,5,
1983,강철원,1113,OB,-0.5,1.48,42,3,,,3,2,3,
1983,계형철,1114,OB,1.7,1.2,62,2,,직전 풀타임 0.5WAR 미만 −1,1,3,2,풀타임 최소 2코인
1983,구천서,1001,OB,1.9,2.0,26,4,,직전 5WAR+ +1,5,3,5,
1983,김경문,11469,OB,0.2,0.58,144,1,,,1,1,1,
1983,김광수,1035,OB,-0.4,1.08,70,2,,,2,2,3,변동 완충(−1까지)
1983,김우열,1011,OB,3.5,2.23,11,5,,직전 5WAR+ +1,5,4,5,
1983,김유동,1036,OB,0.2,0.56,145,1,,,1,1,1,
1983,김현홍,1124,OB,-0.1,1.02,73,2,,,2,1,2,
1983,박상열,1071,OB,4.7,1.08,69,2,,,2,3,3,변동 완충(−1까지)
1983,박종훈,1139,OB,4.3,1.3,58,3,,,3,3,3,
1983,박철순,1105,OB,0.2,3.2,3,5,,직전 5WAR+ +1 / 1982 다승·평균자책 1위 +1 / 직전 MVP 5,5,5,5,
1983,선우대영,1106,OB,1.2,1.93,28,4,,직전 5WAR+ +1,5,2,5,
1983,신경식,1019,OB,1.6,1.71,35,4,,,4,3,4,
1983,양세종,1020,OB,0.4,0.98,89,2,,,2,2,2,
1983,유지훤,1045,OB,-0.6,1.03,72,2,,,2,2,2,
1983,윤동균,1023,OB,3.3,2.82,6,5,,직전 5WAR+ +1,5,5,5,
1983,이근식,1046,OB,-0.7,0.8,102,2,,직전 풀타임 0.5WAR 미만 −1,1,1,1,
1983,이홍범,1048,OB,0.9,0.78,105,2,,,2,2,2,
1983,장호연,1177,OB,0,1.0,80,2,,,2,2,2,
1983,정선두,1189,OB,1.2,1.0,78,2,,,2,2,2,
1983,정종현,1049,OB,0.8,0.78,104,2,,,2,1,2,
1983,정혁진,1050,OB,-0.9,0.97,91,2,,,2,1,2,
1983,조범현,11476,OB,0.0,0.92,94,2,,,2,1,2,
1983,한대화,1144,OB,1.8,1.0,85,2,,,2,2,2,
1983,황태환,1117,OB,1.4,1.37,45,3,,1982 골든글러브 +1 / 직전 투수 골든글러브 5,5,3,5,
1983,권두조,1002,롯데,-0.7,0.99,88,2,,,2,1,2,
1983,김덕열,1120,롯데,-0.3,1.17,66,2,,,2,1,2,
1983,김문희,1121,롯데,2.1,1.01,74,2,,,2,2,2,
1983,김석일,1152,롯데,0.6,0.7,137,1,,,1,1,1,
1983,김성관,1006,롯데,-0.1,1.33,49,3,,1982 골든글러브 +1,4,1,4,
1983,김성호,1153,롯데,-0.2,0.7,136,1,,,1,1,1,
1983,김용철,1009,롯데,4.3,2.22,13,5,,직전 5WAR+ +1,5,5,5,
1983,김용희,11471,롯데,2.0,1.33,48,3,,1982 골든글러브 +1,4,3,4,
1983,김재상,1063,롯데,1.4,0.82,100,2,,,2,2,2,
1983,김정수,1014,롯데,0.6,1.87,30,4,,,4,2,4,
1983,김호근,1155,롯데,-0.1,0.7,135,1,,,1,1,1,
1983,노상수,1125,롯데,0.7,2.56,7,5,,직전 5WAR+ +1 / 1982 탈삼진 1위 +1,5,3,5,
1983,박영태,1157,롯데,-1.2,0.7,134,1,,,1,1,1,
1983,박용성,1072,롯데,3.3,1.19,64,2,,,2,4,2,
1983,박정후,1183,롯데,-0.3,0.7,120,1,,,1,1,1,
1983,배경환,1184,롯데,1.6,1.0,79,2,,,2,2,2,
1983,심재원,1160,롯데,0.8,0.7,132,1,,,1,1,1,
1983,우경하,1161,롯데,-0.4,0.7,131,1,,,1,1,1,
1983,유두열,1140,롯데,3.1,1.3,57,3,,,3,3,3,
1983,이윤섭,1087,롯데,-0.6,0.55,146,1,,,1,1,1,
1983,이진우,1131,롯데,0.0,0.8,101,2,,직전 풀타임 0.5WAR 미만 −1,1,2,2,풀타임 최소 2코인
1983,정영기,1029,롯데,-0.6,0.75,115,1,,직전 풀타임 0.5WAR 미만 −1,1,1,1,
1983,정학수,1095,롯데,3.8,2.08,19,4,,직전 5WAR+ +1,5,3,5,
1983,천창호,1110,롯데,0.8,2.0,25,4,,직전 5WAR+ +1,5,2,5,
1983,최동원,1191,롯데,3.4,1.3,50,3,,,3,3,3,
1983,한문연,1145,롯데,0.3,0.7,140,1,,,1,1,1,
1983,감사용,1118,삼미,0.1,0.75,111,2,,직전 풀타임 0.5WAR 미만 −1,1,1,1,
1983,금광옥,1003,삼미,0.5,2.01,22,4,,직전 5WAR+ +1,5,2,5,
1983,김경남,1004,삼미,-0.2,1.09,68,2,,,2,1,2,
1983,김대진,1136,삼미,2.3,1.0,86,2,,,2,2,2,
1983,김무관,12714,삼미,-0.5,0.75,108,2,,직전 풀타임 0.5WAR 미만 −1,1,1,1,
1983,김상기,1180,삼미,-0.2,0.7,123,1,,,1,1,1,
1983,김우근,1010,삼미,-0.3,0.75,116,1,,,1,1,1,
1983,김재현,1123,삼미,0.4,0.75,110,2,,직전 풀타임 0.5WAR 미만 −1,1,1,1,
1983,김진우,1138,삼미,3.7,1.3,59,3,,,3,3,3,
1983,박준영,1075,삼미,1.0,0.7,142,1,,,1,1,1,
1983,백인천,1017,삼미,0.2,3.2,5,5,,직전 5WAR+ +1 / 1982 타율 1위 +1,5,3,5,
1983,양승관,1021,삼미,3.5,0.99,87,2,,1982 골든글러브 +1,3,3,3,
1983,오문현,1129,삼미,-0.2,0.76,107,2,,직전 풀타임 0.5WAR 미만 −1,1,1,1,
1983,유종천,1188,삼미,-0.4,0.7,118,1,,,1,1,1,
1983,이광길,1163,삼미,0.5,0.7,130,1,,,1,1,1,
1983,이선웅,1164,삼미,-0.1,1.0,81,2,,,2,2,2,
1983,이영구,1166,삼미,2.8,1.3,55,3,,,3,3,3,
1983,인호봉,1132,삼미,-0.0,0.75,109,2,,직전 풀타임 0.5WAR 미만 −1,1,1,1,
1983,임호균,1175,삼미,4.0,1.3,53,3,,,3,3,3,
1983,장명부,1176,삼미,11.0,2.22,12,5,Y,,5,5,5,
1983,장정기,1093,삼미,0.4,1.05,71,2,,,2,1,2,
1983,정구선,1143,삼미,3.3,1.3,56,3,,,3,3,3,
1983,정구왕,1028,삼미,-1.5,0.72,117,1,,,1,1,1,
1983,정성만,1190,삼미,0.8,1.0,77,2,,,2,2,2,
1983,조흥운,1031,삼미,1.4,1.97,27,4,,직전 5WAR+ +1,5,2,5,
1983,최홍석,1170,삼미,-0.3,0.7,127,1,,,1,1,1,
1983,권영호,1104,삼성,2.4,3.2,4,5,,직전 5WAR+ +1,5,5,5,
1983,김근석,1149,삼성,1.5,1.0,83,2,,,2,2,2,
1983,김시진,1173,삼성,6.3,2.0,23,4,,,4,5,4,
1983,김한근,1037,삼성,0.6,1.37,46,3,,,3,2,3,
1983,박동경,1182,삼성,0.1,0.7,121,1,,,1,1,1,
1983,박승호,1156,삼성,0.6,1.0,82,2,,,2,2,2,
1983,박찬,1041,삼성,1.1,0.79,103,2,,,2,1,2,
1983,배대웅,1016,삼성,2.0,1.26,61,2,,,2,2,2,
1983,성낙수,1115,삼성,0.1,2.08,17,4,,직전 5WAR+ +1,5,2,5,
1983,송진호,1079,삼성,-0.5,0.7,141,1,,,1,1,1,
1983,양일환,1186,삼성,2.5,1.3,51,3,,,3,3,3,
1983,오대석,1022,삼성,-0.3,2.05,21,4,,직전 5WAR+ +1 / 1982 골든글러브 +1,5,3,5,
1983,이만수,1025,삼성,5.3,2.45,9,5,,직전 5WAR+ +1,5,5,5,
1983,이선희,1116,삼성,1.1,2.56,8,5,,직전 5WAR+ +1,5,3,5,
1983,장태수,1027,삼성,-0.1,2.08,20,4,,직전 5WAR+ +1,5,3,5,
1983,장효조,1142,삼성,7.5,2.0,24,4,,,4,5,4,
1983,정진호,1168,삼성,0.1,0.7,128,1,,,1,1,1,
1983,정현발,1051,삼성,0.6,1.36,47,3,,,3,2,3,
1983,천보성,1052,삼성,1.5,0.84,99,2,,,2,2,2,
1983,함학수,1053,삼성,1.7,0.94,93,2,,,2,2,2,
1983,허규옥,1034,삼성,-0.0,1.72,33,4,,,4,3,4,
1983,홍승규,1171,삼성,0.2,0.7,126,1,,,1,1,1,
1983,황규봉,1112,삼성,1.3,3.2,1,5,,직전 5WAR+ +1 / 1982 세이브 1위 +1,5,5,5,
1983,황병일,1172,삼성,0.5,0.7,125,1,,,1,1,1,
1983,강만식,1119,해태,1.6,1.0,75,2,,,2,2,2,
1983,김무종,1137,해태,2.7,1.3,60,3,,,3,3,3,
1983,김봉연,1005,해태,3.6,2.2,14,5,,직전 5WAR+ +1 / 1982 홈런 1위 +1,5,4,5,
1983,김성한,12726,해태,3.2,1.82,31,4,,1982 타점 1위 +1,5,5,5,
1983,김용남,1059,해태,4.6,2.26,10,5,,직전 5WAR+ +1,5,4,5,
1983,김일권,1013,해태,1.4,1.92,29,4,,,4,3,4,
1983,김일환,1061,해태,-0.5,0.75,113,2,,직전 풀타임 0.5WAR 미만 −1,1,1,1,
1983,김종모,1064,해태,3.0,1.38,44,3,,,3,3,3,
1983,김종윤,1065,해태,0.7,0.84,98,2,,,2,1,2,
1983,김준환,1015,해태,0.1,2.12,16,4,,직전 5WAR+ +1 / 1982 골든글러브 +1,5,2,5,
1983,김현재,1181,해태,0.0,0.7,122,1,,,1,1,1,
1983,방수원,1076,해태,-0.2,1.63,36,4,,,4,2,4,
1983,서정환,1042,해태,0.9,0.98,90,2,,,2,2,2,
1983,송일섭,1159,해태,0.1,0.7,133,1,,,1,1,1,
1983,양승호,1147,해태,-0.0,0.7,139,1,,,1,1,1,
1983,엄평재,1187,해태,-0.3,0.7,119,1,,,1,1,1,
1983,이상윤,1085,해태,6.0,1.8,32,4,,,4,5,4,
1983,임정면,1092,해태,-0.4,0.92,95,2,,,2,1,2,
1983,장진범,1167,해태,-0.2,0.7,129,1,,,1,1,1,
1983,조충열,1030,해태,-0.7,0.75,114,2,,직전 풀타임 0.5WAR 미만 −1,1,1,1,
1983,주동식,1178,해태,2.9,1.3,52,3,,,3,3,3,
1983,차영화,1033,해태,0.5,1.51,41,3,,1982 골든글러브 +1,4,2,4,
1983,황기선,1192,해태,1.4,1.0,76,2,,,2,2,2,
1984,김경표,1202,MBC,1.0,0.7,127,1,,,1,1,1,
1984,김문영,1151,MBC,-0.1,0.7,132,1,,,1,1,1,
1984,김바위,15155,MBC,0.7,0.83,99,2,,,2,2,2,
1984,김봉근,1223,MBC,2.8,1.0,80,2,,,2,2,2,
1984,김상훈,1193,MBC,0.8,1.0,87,2,,,2,2,2,
1984,김용달,1007,MBC,1.2,0.89,96,2,,,2,1,2,
1984,김용운,1008,MBC,-0.2,0.66,140,1,,,1,1,1,
1984,김인식,1012,MBC,1.6,1.14,68,2,,,2,2,2,
1984,김재박,1062,MBC,4.6,2.45,13,5,,직전 5WAR+ +1 / 1983 골든글러브 +1,5,5,5,
1984,김정수,1146,MBC,-0.2,1.01,74,2,,,2,1,2,
1984,송영운,1078,MBC,0.5,0.75,109,2,,,2,1,2,
1984,신언호,1080,MBC,-0.1,0.98,89,2,,,2,2,2,
1984,오영일,1174,MBC,3.2,1.85,29,4,,,4,3,4,
1984,유제룡,1211,MBC,-0.5,0.7,125,1,,,1,1,1,
1984,유종겸,1107,MBC,1.5,2.19,19,4,,,4,3,4,
1984,이광권,1130,MBC,0.8,1.5,51,3,,,3,2,3,
1984,이광은,1024,MBC,4.1,1.57,42,3,,,3,4,3,
1984,이길환,1108,MBC,-0.7,2.47,12,5,,직전 5WAR+ +1,5,3,5,
1984,이종도,1026,MBC,-0.6,2.48,11,5,,직전 5WAR+ +1,5,3,5,
1984,이해창,1141,MBC,3.4,2.27,18,4,,직전 5WAR+ +1,5,4,5,
1984,정순명,1109,MBC,-0.5,0.76,108,2,,직전 풀타임 0.5WAR 미만 −1,1,1,1,
1984,차동열,1032,MBC,-0.3,0.9,95,2,,,2,1,2,
1984,하기룡,1111,MBC,2.2,2.81,6,5,,직전 5WAR+ +1 / 1983 평균자책 1위 +1,5,5,5,
1984,계형철,1114,OB,6.1,1.35,57,3,,,3,4,3,
1984,구천서,1001,OB,0.9,1.74,34,4,,,4,3,4,
1984,김경문,11469,OB,0.6,0.66,137,1,,,1,1,1,
1984,김광림,1203,OB,0.3,1.0,83,2,,,2,2,2,
1984,김광수,1035,OB,2.0,0.81,101,2,,직전 풀타임 0.5WAR 미만 −1,1,3,2,풀타임 최소 2코인
1984,김우열,1011,OB,3.2,2.31,17,4,,직전 5WAR+ +1,5,4,5,
1984,김진욱,12962,OB,1.4,1.0,76,2,,,2,2,2,
1984,박상열,1071,OB,3.6,1.73,36,4,,직전 5WAR+ +1,5,3,5,
1984,박종훈,1139,OB,3.1,2.08,21,4,,직전 5WAR+ +1 / 1983 골든글러브 +1,5,4,5,
1984,박해종,1208,OB,0.1,0.7,126,1,,,1,1,1,
1984,신경식,1019,OB,0.5,1.51,48,3,,1983 골든글러브 +1,4,3,4,
1984,양세종,1020,OB,2.5,0.88,98,2,,,2,3,2,
1984,유지훤,1045,OB,-0.4,0.77,106,2,,직전 풀타임 0.5WAR 미만 −1,1,1,1,
1984,윤동균,1023,OB,4.4,2.49,9,5,,,5,5,5,
1984,윤석환,1227,OB,3.3,1.0,79,2,,,2,2,2,
1984,이근식,1046,OB,-0.2,0.6,145,1,,,1,1,1,
1984,이홍범,1048,OB,0.1,0.96,90,2,,,2,1,2,
1984,장호연,1177,OB,2.5,0.8,104,2,,직전 풀타임 0.5WAR 미만 −1,1,3,2,풀타임 최소 2코인
1984,정종현,1049,OB,-0.1,0.93,93,2,,,2,1,2,
1984,조범현,11476,OB,0.3,0.73,112,2,,,2,1,2,
1984,최일언,1232,OB,3.7,1.0,77,2,,,2,2,2,
1984,한대화,1144,OB,1.2,1.3,58,3,,,3,2,3,
1984,홍신차,1216,OB,0.4,0.7,122,1,,,1,1,1,
1984,황태환,1117,OB,1.1,1.6,39,3,,1983 세이브 1위 +1,4,2,4,
1984,김문희,1121,롯데,-0.4,1.41,55,3,,,3,2,3,
1984,김민호,1195,롯데,0.9,1.0,86,2,,,2,2,2,
1984,김석일,1152,롯데,1.0,0.81,102,2,,,2,1,2,
1984,김성호,1153,롯데,-0.3,0.57,150,1,,,1,1,1,
1984,김용철,1009,롯데,5.3,2.55,8,5,,직전 5WAR+ +1,5,5,5,
1984,김용희,11471,롯데,0.7,1.48,52,3,,최근 5시즌 골든글러브 2회 +1,4,2,4,
1984,김재상,1063,롯데,0.2,1.13,70,2,,,2,1,2,
1984,김재열,1224,롯데,0.2,0.7,120,1,,,1,1,1,
1984,김한조,1198,롯데,0.8,0.7,130,1,,,1,1,1,
1984,박덕용,1226,롯데,0.0,0.7,118,1,,,1,1,1,
1984,박영태,1157,롯데,0,0.52,159,1,,,1,1,1,
1984,박용성,1072,롯데,-0.0,1.84,30,4,,,4,2,4,
1984,배경환,1184,롯데,1.3,1.25,61,2,,,2,2,2,
1984,심재원,1160,롯데,0.9,0.89,97,2,,,2,2,2,
1984,안창완,1220,롯데,2.2,1.0,81,2,,,2,2,2,
1984,유두열,1140,롯데,1.2,1.83,31,4,,,4,2,4,
1984,이광길,1163,롯데,-0.8,0.8,103,2,,,2,1,2,
1984,이문한,1228,롯데,-0.2,0.7,117,1,,,1,1,1,
1984,이석규,1213,롯데,-0.5,0.7,124,1,,,1,1,1,
1984,이윤섭,1087,롯데,-0.1,0.41,162,1,,,1,1,1,
1984,이진우,1131,롯데,-0.5,0.69,134,1,,직전 풀타임 0.5WAR 미만 −1,1,1,1,
1984,임호균,1175,롯데,3.0,2.08,20,4,,직전 5WAR+ +1,5,3,5,
1984,정영기,1029,롯데,0.1,0.56,154,1,,,1,2,2,풀타임 최소 2코인
1984,조성옥,1200,롯데,0.2,1.0,84,2,,,2,2,2,
1984,천창호,1110,롯데,-0.3,1.5,50,3,,,3,2,4,변동 완충(−1까지)
1984,최동원,1191,롯데,7.7,1.97,26,4,,,4,5,4,
1984,한문연,1145,롯데,2.0,0.73,113,2,,,2,2,2,
1984,홍문종,1194,롯데,5.8,2.0,24,4,,,4,5,4,
1984,권두조,1002,삼미,2.6,0.74,111,2,,,2,3,2,
1984,금광옥,1003,삼미,0.0,1.5,49,3,,,3,2,4,변동 완충(−1까지)
1984,김경남,1004,삼미,-0.2,0.81,100,2,,,2,1,2,
1984,김대진,1136,삼미,-0.2,1.47,53,3,,,3,1,3,
1984,김상기,1180,삼미,0.3,0.57,149,1,,,1,1,1,
1984,김우근,1010,삼미,2.4,0.58,148,1,,,1,2,2,풀타임 최소 2코인
1984,김유동,1036,삼미,0.7,0.64,142,1,,,1,1,1,
1984,김재현,1123,삼미,-0.2,0.77,107,2,,,2,2,2,
1984,김정수,1014,삼미,1.4,1.4,56,3,,,3,2,3,
1984,김진우,1138,삼미,2.0,2.0,25,4,,직전 5WAR+ +1,5,3,5,
1984,김호근,1155,삼미,0.0,0.59,147,1,,,1,1,1,
1984,박정후,1183,삼미,2.0,0.56,155,1,,,1,2,2,풀타임 최소 2코인
1984,박준영,1075,삼미,0.3,0.95,91,2,,,2,1,2,
1984,백인천,1017,삼미,0.4,2.4,15,5,,,5,2,5,
1984,신태중,1081,삼미,-1,0.52,160,1,,,1,1,1,
1984,양승관,1021,삼미,1.8,1.59,40,3,,직전 5WAR+ +1,4,2,4,
1984,오문현,1129,삼미,-0.2,0.61,144,1,,,1,1,1,
1984,우경하,1161,삼미,-0.9,0.53,158,1,,,1,1,1,
1984,이선웅,1164,삼미,0.4,0.75,110,2,,직전 풀타임 0.5WAR 미만 −1,1,1,1,
1984,이영구,1166,삼미,2.1,1.73,35,4,,,4,3,4,
1984,인호봉,1132,삼미,-0.2,0.66,139,1,,,1,1,1,
1984,장명부,1176,삼미,3.6,3.56,1,5,,직전 5WAR+ +1 / 1983 골든글러브 · 1983 다승·탈삼진 1위 +1 / 직전 투수 골든글러브 5,5,5,5,
1984,정구선,1143,삼미,5.6,1.89,28,4,,1983 골든글러브 +1,5,5,5,
1984,정구왕,1028,삼미,0.2,0.54,157,1,,,1,1,1,
1984,정성만,1190,삼미,-0.0,1.0,75,2,,,2,2,2,
1984,조흥운,1031,삼미,0.9,1.56,44,3,,,3,2,4,변동 완충(−1까지)
1984,최계훈,1219,삼미,1.0,1.0,82,2,,,2,2,2,
1984,최영환,1099,삼미,-0.2,0.59,146,1,,,1,1,1,
1984,최홍석,1170,삼미,0.1,0.55,156,1,,,1,1,1,
1984,권기홍,1222,삼성,-0.2,0.7,121,1,,,1,1,1,
1984,권영호,1104,삼성,2.8,2.49,10,5,,,5,5,5,
1984,김근석,1149,삼성,1.7,1.21,64,2,,,2,3,2,
1984,김동재,1150,삼성,-0.4,0.7,133,1,,,1,1,1,
1984,김성래,1196,삼성,0.1,1.0,85,2,,,2,2,2,
1984,김시진,1173,삼성,3.2,3.07,3,5,,직전 5WAR+ +1,5,5,5,
1984,김이수,1197,삼성,-0.2,0.7,131,1,,,1,1,1,
1984,김일융,1218,삼성,6.6,2.0,23,4,,,4,5,4,
1984,김한근,1037,삼성,-0.8,1.1,71,2,,,2,2,2,
1984,박승호,1156,삼성,1.8,0.94,92,2,,,2,2,2,
1984,박찬,1041,삼성,-0.3,0.99,88,2,,,2,1,2,
1984,배대웅,1016,삼성,0.1,1.47,54,3,,,3,1,3,
1984,성낙수,1115,삼성,-0.1,1.56,45,3,,직전 풀타임 0.5WAR 미만 −1,2,2,2,
1984,송일수,1199,삼성,0.6,0.7,129,1,,,1,1,1,
1984,송진호,1079,삼성,-0.3,0.52,161,1,,,1,1,1,
1984,양일환,1186,삼성,0.4,1.65,38,3,,,3,2,3,
1984,오대석,1022,삼성,2.3,1.54,47,3,,직전 풀타임 0.5WAR 미만 −1,2,3,2,
1984,이만수,1025,삼성,5.4,2.96,4,5,,직전 5WAR+ +1 / 1983 골든글러브 · 1983 타점·홈런 1위 +1 / 직전 MVP 5,5,5,5,
1984,이선희,1116,삼성,0,1.92,27,4,,,4,3,4,
1984,장태수,1027,삼성,2.3,1.56,46,3,,직전 풀타임 0.5WAR 미만 −1,2,3,2,
1984,장효조,1142,삼성,4.6,3.2,2,5,,직전 5WAR+ +1 / 1983 골든글러브 · 1983 타율 1위 +1,5,5,5,
1984,전용권,1229,삼성,0.2,0.7,116,1,,,1,1,1,
1984,정성룡,1214,삼성,-0.1,0.7,123,1,,,1,1,1,
1984,정진호,1168,삼성,0.6,0.68,136,1,,,1,1,1,
1984,정현발,1051,삼성,1.7,1.08,72,2,,,2,2,2,
1984,진동한,1231,삼성,0.2,0.7,115,1,,,1,1,1,
1984,천보성,1052,삼성,0.6,1.15,67,2,,,2,1,2,
1984,함학수,1053,삼성,2.6,1.24,62,2,,,2,3,2,
1984,허규옥,1034,삼성,-0.5,1.29,59,3,,,3,3,3,
1984,홍승규,1171,삼성,0.8,0.71,114,2,,,2,1,2,
1984,황규봉,1112,삼성,2.1,2.4,14,5,,,5,5,5,
1984,황병일,1172,삼성,-0.3,0.79,105,2,,,2,1,2,
1984,강만식,1119,해태,1.8,1.25,60,3,,,3,2,3,
1984,강정남,1201,해태,-0.6,0.7,128,1,,,1,1,1,
1984,김무종,1137,해태,1.9,1.69,37,3,,,3,2,3,
1984,김봉연,1005,해태,1.5,2.32,16,4,,직전 5WAR+ +1,5,4,5,
1984,김성한,12726,해태,1.8,2.07,22,4,,,4,5,4,
1984,김용남,1059,해태,2.0,2.67,7,5,,직전 5WAR+ +1,5,4,5,
1984,김일권,1013,해태,0.5,1.56,43,3,,,3,2,3,
1984,김일환,1061,해태,1.9,0.56,152,1,,,1,2,2,풀타임 최소 2코인
1984,김종모,1064,해태,3.0,1.81,32,4,,1983 골든글러브 +1,5,4,5,
1984,김종윤,1065,해태,-1.2,0.92,94,2,,,2,1,2,
1984,김준환,1015,해태,0.7,1.59,41,3,,직전 풀타임 0.5WAR 미만 −1,2,2,2,
1984,김현재,1181,해태,-0.2,0.65,141,1,,,1,1,1,
1984,문희수,1225,해태,0.1,0.7,119,1,,,1,1,1,
1984,박전섭,1074,해태,-0.1,0.66,138,1,,,1,1,1,
1984,방수원,1076,해태,0.1,1.22,63,2,,직전 풀타임 0.5WAR 미만 −1,1,2,2,풀타임 최소 2코인
1984,서정환,1042,해태,1.6,1.02,73,2,,,2,2,2,
1984,송일섭,1159,해태,0.1,0.69,135,1,,,1,1,1,
1984,양승호,1147,해태,-0.2,0.64,143,1,,,1,1,1,
1984,유승안,1083,해태,2.3,1.18,66,2,,,2,2,3,변동 완충(−1까지)
1984,이상윤,1085,해태,5.1,2.88,5,5,,직전 5WAR+ +1,5,5,5,
1984,장진범,1167,해태,-0.6,0.56,151,1,,,1,1,1,
1984,조도연,1230,해태,1.5,1.0,78,2,,,2,2,2,
1984,조충열,1030,해태,-0.5,0.56,153,1,,,1,1,1,
1984,주동식,1178,해태,2.8,1.8,33,4,,,4,3,4,
1984,차영화,1033,해태,-0.1,1.13,69,2,,,2,1,3,변동 완충(−1까지)
1984,황기선,1192,해태,0.3,1.19,65,2,,,2,2,2,
1985,김경표,1202,MBC,-0.7,0.94,101,2,,,2,1,2,
1985,김문영,1151,MBC,-0.4,0.6,149,1,,,1,1,1,
1985,김봉근,1223,MBC,1.4,1.6,41,3,,,3,2,3,
1985,김상훈,1193,MBC,2.2,1.0,81,2,,,2,2,2,
1985,김영균,1206,MBC,-0.7,0.7,137,1,,,1,1,1,
1985,김용달,1007,MBC,0.5,1.08,79,2,,,2,1,2,
1985,김용수,1259,MBC,0.2,1.0,88,2,,,2,2,2,
1985,김인식,1012,MBC,1.7,1.29,55,3,,,3,2,3,
1985,김재박,1062,MBC,5.2,2.73,10,5,,직전 5WAR+ +1 / 최근 5시즌 골든글러브 2회 +1,5,5,5,
1985,김정수,1146,MBC,-0.4,0.76,121,1,,,1,1,1,
1985,박흥식,14223,MBC,0.5,1.0,82,2,,,2,2,2,
1985,송영운,1078,MBC,1.5,0.83,113,2,,,2,1,2,
1985,신언호,1080,MBC,-1.8,0.74,124,1,,직전 풀타임 0.5WAR 미만 −1,1,2,2,풀타임 최소 2코인
1985,심재원,1160,MBC,0.0,0.99,96,2,,,2,1,2,
1985,안언학,1243,MBC,-0.3,0.7,132,1,,,1,1,1,
1985,오영일,1174,MBC,1.2,2.13,22,4,,,4,3,4,
1985,유고웅,1245,MBC,0.1,0.7,130,1,,,1,1,1,
1985,유종겸,1107,MBC,2.1,1.75,30,4,,,4,3,4,
1985,유지홍,1246,MBC,-0.8,0.7,129,1,,,1,1,1,
1985,윤덕규,1247,MBC,-0.5,1.0,93,2,,,2,2,2,
1985,이광권,1130,MBC,0,1.19,68,2,,,2,1,2,
1985,이광은,1024,MBC,1,2.22,17,4,,직전 5WAR+ +1 / 1984 골든글러브 +1,5,4,5,
1985,이길환,1108,MBC,0.3,1.85,28,4,,,4,3,4,
1985,이선희,1116,MBC,3.3,1.44,45,3,,직전 풀타임 0.5WAR 미만 −1,2,3,2,
1985,정삼흠,1258,MBC,3.3,1.0,89,2,,,2,2,2,
1985,정순명,1109,MBC,-0.4,0.57,153,1,,,1,1,1,
1985,차동열,1032,MBC,0.3,0.67,139,1,,,1,1,1,
1985,최홍석,1170,MBC,-0.6,0.59,150,1,,,1,1,1,
1985,하기룡,1111,MBC,1.4,2.18,18,4,,,4,5,4,
1985,강철원,1113,OB,0.1,1.11,76,2,,,2,1,2,
1985,계형철,1114,OB,4.5,2.15,19,4,,직전 5WAR+ +1,5,4,5,
1985,구천서,1001,OB,1.7,1.33,52,3,,,3,3,3,
1985,김경문,11469,OB,0.1,0.81,115,1,,,1,1,1,
1985,김광림,1203,OB,0.8,0.86,109,2,,,2,2,2,
1985,김광수,1035,OB,2.4,1.29,57,3,,,3,2,3,
1985,김대진,1136,OB,-0.6,1.1,77,2,,,2,1,2,
1985,김우열,1011,OB,1.4,2.26,15,5,,,5,4,5,
1985,김진욱,12962,OB,2.9,1.23,65,2,,,2,2,2,
1985,김형석,1239,OB,2.2,1.0,94,2,,,2,2,2,
1985,박상열,1071,OB,1.0,2.13,21,4,,직전 5WAR+ +1,5,3,5,
1985,박종훈,1139,OB,4.7,2.14,20,4,,,4,4,4,
1985,박철순,1105,OB,1.1,2.4,13,5,,최근 MVP +1,5,5,5,
1985,박해종,1208,OB,-0.1,0.66,143,1,,,1,1,1,
1985,신경식,1019,OB,2.6,1.13,73,2,,,2,3,3,변동 완충(−1까지)
1985,유지훤,1045,OB,-0.6,0.58,151,1,,,1,2,2,풀타임 최소 2코인
1985,윤동균,1023,OB,2.8,2.7,11,5,,직전 5WAR+ +1,5,5,5,
1985,윤석환,1227,OB,1.6,1.6,40,3,,1984 세이브 1위 +1,4,4,4,신인왕 다음 시즌 하한 4
1985,이근식,1046,OB,-0.2,0.54,158,1,,,1,1,1,
1985,이승희,1251,OB,-0.4,0.7,128,1,,,1,1,1,
1985,이종도,1026,OB,1.5,1.86,27,4,,,4,3,4,
1985,이홍범,1048,OB,-0.2,0.77,120,1,,,1,1,1,
1985,장호연,1177,OB,1.5,1.27,59,3,,1984 평균자책 1위 +1,4,5,4,
1985,정선두,1189,OB,0.1,0.94,100,2,,,2,1,2,
1985,정종현,1049,OB,-0.1,0.7,126,1,,,1,1,1,
1985,조범현,11476,OB,0.7,0.74,123,1,,,1,1,1,
1985,최일언,1232,OB,2.9,1.6,39,3,,직전 5WAR+ +1,4,5,4,
1985,한대화,1144,OB,-0.1,1.23,64,2,,,2,2,2,
1985,홍신차,1216,OB,0.1,0.75,122,1,,,1,1,1,
1985,황태환,1117,OB,1.5,1.34,51,3,,,3,2,3,
1985,김민호,1195,롯데,0.3,1.03,80,2,,,2,2,2,
1985,김석일,1152,롯데,1.6,0.99,97,2,,,2,1,2,
1985,김성호,1153,롯데,-0.5,0.51,161,1,,,1,1,1,
1985,김용운,1008,롯데,0.3,0.56,155,1,,,1,1,1,
1985,김용철,1009,롯데,0.7,2.99,7,5,,직전 5WAR+ +1 / 1984 골든글러브 +1,5,5,5,
1985,김용희,11471,롯데,3.8,1.18,70,2,,최근 5시즌 골든글러브 2회 +1,3,2,3,
1985,김정행,1260,롯데,2.5,1.3,53,3,,,3,3,3,
1985,김한조,1198,롯데,0,0.89,107,2,,,2,1,2,
1985,박동수,1262,롯데,2.8,1.0,87,2,,,2,2,2,
1985,박영태,1157,롯데,0.7,0.57,154,1,,,1,2,2,풀타임 최소 2코인
1985,박용성,1072,롯데,0.9,1.38,48,3,,,3,2,3,
1985,배경환,1184,롯데,2.1,1.29,56,3,,,3,2,3,
1985,안창완,1220,롯데,-0.1,1.41,46,3,,,3,1,3,
1985,양상문,11470,롯데,0.1,1.0,83,2,,,2,2,2,
1985,유두열,1140,롯데,2.7,1.47,44,3,,,3,3,3,
1985,이진우,1131,롯데,-0.0,0.52,160,1,,,1,2,2,풀타임 최소 2코인
1985,이충우,1265,롯데,-0.4,0.7,127,1,,,1,1,1,
1985,임호균,1175,롯데,2.0,2.11,23,4,,,4,3,4,
1985,정영기,1029,롯데,2.6,0.62,146,1,,직전 풀타임 0.5WAR 미만 −1,1,2,2,풀타임 최소 2코인
1985,조성옥,1200,롯데,0.9,0.82,114,2,,직전 풀타임 0.5WAR 미만 −1,1,1,1,
1985,조용철,1221,롯데,-0.3,0.7,136,1,,,1,1,1,
1985,천창호,1110,롯데,0.0,1.12,75,2,,,2,1,2,
1985,최동원,1191,롯데,7.5,3.15,4,5,,직전 5WAR+ +1 / 1984 골든글러브 · 1984 다승·탈삼진 1위 +1 / 직전 MVP 5,5,5,5,
1985,한문연,1145,롯데,1.1,1.16,72,2,,,2,2,2,
1985,한영준,1256,롯데,-0.6,1.0,90,2,,,2,2,2,
1985,홍문종,1194,롯데,3.0,2.92,8,5,,직전 5WAR+ +1 / 1984 골든글러브 +1,5,4,5,
1985,김유동,1036,삼미,-0.7,0.84,111,2,,,2,1,2,
1985,박정후,1183,삼미,-0.4,0.89,106,2,,,2,1,2,
1985,양후승,1244,삼미,-0.2,0.7,131,1,,,1,1,1,
1985,우경하,1161,삼미,-0.1,0.39,165,1,,,1,1,1,
1985,감사용,1118,삼미·청보,-0.3,0.67,141,1,,,1,1,1,
1985,권두조,1002,삼미·청보,0.8,1.18,69,2,,,2,2,2,
1985,금광옥,1003,삼미·청보,2.6,1.13,74,2,,,2,2,2,
1985,김명성,1234,삼미·청보,0.0,0.7,134,1,,,1,1,1,
1985,김바위,15155,삼미·청보,2.5,0.89,105,2,,,2,2,2,
1985,김우근,1010,삼미·청보,2.9,0.93,102,2,,,2,2,2,
1985,김재현,1123,삼미·청보,0.5,0.62,147,1,,직전 풀타임 0.5WAR 미만 −1,1,1,1,
1985,김정수,1014,삼미·청보,0.7,1.35,50,3,,,3,2,3,
1985,김진우,1138,삼미·청보,1.9,1.77,29,4,,,4,3,4,
1985,김호근,1155,삼미·청보,-0.2,0.6,148,1,,,1,1,1,
1985,신태중,1081,삼미·청보,-0.5,0.39,166,1,,,1,2,2,풀타임 최소 2코인
1985,양승관,1021,삼미·청보,-0.6,1.53,43,3,,,3,2,3,
1985,오문현,1129,삼미·청보,-0.5,0.56,157,1,,,1,2,2,풀타임 최소 2코인
1985,이선웅,1164,삼미·청보,2.1,0.78,118,1,,,1,3,2,풀타임 최소 2코인
1985,이영구,1166,삼미·청보,2.2,1.68,34,4,,,4,2,4,
1985,장명부,1176,삼미·청보,-1.2,2.99,6,5,,직전 5WAR+ +1,5,5,5,
1985,정구선,1143,삼미·청보,3.8,2.81,9,5,,직전 5WAR+ +1 / 최근 5시즌 골든글러브 2회 +1,5,5,5,
1985,정구왕,1028,삼미·청보,0.3,0.63,145,1,,,1,1,1,
1985,정성만,1190,삼미·청보,0.3,0.77,119,1,,직전 풀타임 0.5WAR 미만 −1,1,2,2,풀타임 최소 2코인
1985,정은배,1266,삼미·청보,1.9,1.0,85,2,,,2,2,2,
1985,조흥운,1031,삼미·청보,-0.7,1.27,60,3,,,3,2,3,
1985,최계훈,1219,삼미·청보,2.0,1.22,66,2,,,2,2,2,
1985,권영호,1104,삼성,3.0,2.24,16,4,,,4,5,4,
1985,김근석,1149,삼성,-0.3,1.37,49,3,,,3,1,3,
1985,김동재,1150,삼성,-0.2,0.53,159,1,,,1,1,1,
1985,김성래,1196,삼성,3.2,0.81,116,1,,,1,2,2,풀타임 최소 2코인
1985,김시진,1173,삼성,10.8,2.6,12,5,,,5,5,5,
1985,김용국,1237,삼성,0.4,1.0,95,2,,,2,2,2,
1985,김일융,1218,삼성,5,3.2,1,5,,직전 5WAR+ +1,5,5,5,
1985,박승호,1156,삼성,0.8,1.28,58,3,,,3,2,3,
1985,배대웅,1016,삼성,1.2,1.1,78,2,,,2,1,2,
1985,송일수,1199,삼성,0.2,0.83,112,2,,,2,1,2,
1985,송진호,1079,삼성,-0.0,0.47,162,1,,,1,1,1,
1985,양일환,1186,삼성,0.1,1.24,63,2,,,2,2,2,
1985,오대석,1022,삼성,-0.1,1.67,35,4,,,4,3,4,
1985,이만수,1025,삼성,5.1,3.18,3,5,,직전 5WAR+ +1 / 최근 MVP · 최근 5시즌 골든글러브 2회 · 1984 타율·타점·홈런 1위 +1,5,5,5,
1985,이종두,1252,삼성,0.3,1.0,91,2,,,2,2,2,
1985,이해창,1141,삼성,2.3,2.29,14,5,,,5,3,5,
1985,장태수,1027,삼성,1.5,1.68,33,4,,,4,3,4,
1985,장효조,1142,삼성,6.1,3.04,5,5,,직전 5WAR+ +1 / 최근 5시즌 골든글러브 2회 +1,5,5,5,
1985,정진호,1168,삼성,1.1,0.8,117,1,,,1,1,1,
1985,정현발,1051,삼성,0.8,1.3,54,3,,,3,2,3,
1985,진동한,1231,삼성,1.3,0.71,125,1,,,1,2,2,풀타임 최소 2코인
1985,함학수,1053,삼성,0.0,1.64,36,4,,,4,2,4,
1985,허규옥,1034,삼성,2.9,0.97,98,2,,,2,3,2,
1985,홍승규,1171,삼성,-0.8,0.88,108,2,,,2,1,2,
1985,황규봉,1112,삼성,3.4,2.04,25,4,,,4,5,4,
1985,김경남,1004,청보,-0.2,0.63,144,1,,,1,1,1,
1985,인호봉,1132,청보,-0.2,0.57,152,1,,,1,1,1,
1985,강만식,1119,해태,4.1,1.41,47,3,,,3,2,3,
1985,김기철,1233,해태,-0.2,0.7,135,1,,,1,1,1,
1985,김무종,1137,해태,1.4,1.62,37,3,,,3,2,3,
1985,김봉연,1005,해태,1.8,1.75,31,4,,,4,4,4,
1985,김성한,12726,해태,5.5,1.73,32,4,,,4,5,4,
1985,김용남,1059,해태,0.6,2.06,24,4,,,4,4,4,
1985,김일권,1013,해태,1.9,1.17,71,2,,,2,2,2,
1985,김일환,1061,해태,-0.5,0.9,104,2,,,2,1,2,
1985,김종모,1064,해태,-0.6,2.0,26,4,,최근 5시즌 골든글러브 2회 +1,5,3,5,
1985,김종윤,1065,해태,-0.2,0.69,138,1,,,1,1,1,
1985,김준환,1015,해태,1.6,1.2,67,2,,,2,2,2,
1985,김태업,1238,해태,-0.5,0.7,133,1,,,1,1,1,
1985,문희수,1225,해태,1.7,0.66,142,1,,,1,2,2,풀타임 최소 2코인
1985,방수원,1076,해태,0.5,0.92,103,2,,직전 풀타임 0.5WAR 미만 −1,1,2,1,
1985,서정환,1042,해태,2.4,1.25,61,2,,,2,2,2,
1985,선동열,1263,해태,3.8,1.6,38,3,,,3,4,4,대형 신인 하한 4
1985,송일섭,1159,해태,3.6,0.67,140,1,,,1,4,2,풀타임 최소 2코인
1985,신태순,1264,해태,0.3,1.0,86,2,,,2,2,2,
1985,양승호,1147,해태,-0.2,0.56,156,1,,,1,1,1,
1985,유승안,1083,해태,1.5,1.54,42,3,,,3,4,3,
1985,이상윤,1085,해태,-0.2,3.2,2,5,,직전 5WAR+ +1,5,5,5,
1985,이순철,1250,해태,3.9,1.0,92,2,,,2,2,2,
1985,장진범,1167,해태,-0.7,0.42,164,1,,,1,1,1,
1985,조도연,1230,해태,1.8,1.24,62,2,,,2,2,2,
1985,조충열,1030,해태,-0.5,0.42,163,1,,,1,1,1,
1985,차영화,1033,해태,-0.0,0.85,110,2,,,2,1,2,
1985,최상주,1267,해태,0.4,1.0,84,2,,,2,2,2,
1985,황기선,1192,해태,-0.4,0.95,99,2,,직전 풀타임 0.5WAR 미만 −1,1,1,1,
1986,김건우,1319,MBC,6.8,0.45,170,1,,,1,2,2,풀타임 최소 2코인
1986,김문영,1151,MBC,-0.4,0.48,151,1,,,1,1,1,
1986,김상훈,1193,MBC,2.1,1.37,60,3,,,3,2,3,
1986,김용달,1007,MBC,-0.5,0.93,91,2,,,2,1,2,
1986,김용수,1259,MBC,6.0,0.85,102,2,,,2,2,2,
1986,김우근,1010,MBC,-0.1,1.48,51,3,,,3,2,3,
1986,김인식,1012,MBC,1.2,1.34,64,3,,,3,2,3,
1986,김재박,1062,MBC,3.1,2.88,6,5,,직전 5WAR+ +1 / 최근 5시즌 골든글러브 2회 +1,5,5,5,
1986,김태원,1289,MBC,2.4,0.45,186,1,,,1,2,2,풀타임 최소 2코인
1986,박철영,1158,MBC,0.6,0.45,205,1,,,1,1,1,
1986,박흥식,14223,MBC,0.7,0.91,95,2,,,2,2,2,
1986,송영운,1078,MBC,0.5,1.11,79,2,,,2,1,2,
1986,신언호,1080,MBC,0.5,0.55,141,1,,직전 풀타임 0.5WAR 미만 −1,1,1,1,
1986,심재원,1160,MBC,0.3,0.76,110,2,,,2,1,2,
1986,안언학,1243,MBC,-0.9,0.54,143,1,,,1,1,1,
1986,예병준,1328,MBC,-0.3,0.45,162,1,,,1,1,1,
1986,오영일,1174,MBC,1.6,1.6,37,4,,,4,3,4,
1986,유고웅,1245,MBC,1.8,0.66,128,2,,,2,2,2,
1986,유종겸,1107,MBC,1.6,1.67,30,4,,,4,3,4,
1986,윤덕규,1247,MBC,2.1,0.75,114,2,,,2,2,2,
1986,이광은,1024,MBC,5.5,1.67,31,4,,최근 5시즌 골든글러브 2회 +1,5,4,5,
1986,이길환,1108,MBC,0.0,1.39,57,3,,,3,3,3,
1986,이선희,1116,MBC,-0.2,1.88,23,4,,,4,3,4,
1986,정삼흠,1258,MBC,-0.3,1.6,35,4,,,4,5,4,
1986,차동열,1032,MBC,0.5,0.72,117,2,,,2,1,2,
1986,최홍석,1170,MBC,1.1,0.45,206,1,,,1,1,1,
1986,하기룡,1111,MBC,0.3,1.64,33,4,,,4,5,4,
1986,계형철,1114,OB,0.9,2.5,10,5,,직전 5WAR+ +1,5,4,5,
1986,구천서,1001,OB,0.2,1.36,62,3,,,3,3,3,
1986,김경문,11469,OB,-0.3,0.72,118,2,,,2,1,2,
1986,김광림,1203,OB,1.0,0.91,94,2,,,2,2,2,
1986,김광수,1035,OB,2.0,1.53,45,3,,,3,3,3,
1986,김대진,1136,OB,0.3,0.83,106,2,,,2,1,2,
1986,김진욱,12962,OB,-0.1,1.66,32,4,,,4,3,4,
1986,김형석,1239,OB,2.1,1.37,61,3,,,3,2,3,
1986,김호근,1155,OB,1.5,0.54,144,1,,,1,1,1,
1986,박노준,1292,OB,-0.5,0.45,185,1,,,1,2,1,
1986,박상열,1071,OB,0.2,1.6,34,4,,,4,3,4,
1986,박종훈,1139,OB,3.8,2.52,8,5,,직전 5WAR+ +1 / 최근 5시즌 골든글러브 2회 +1,5,4,5,
1986,박창언,1274,OB,-0.1,0.45,196,1,,,1,1,1,
1986,박철순,1105,OB,0.4,1.8,25,4,,,4,5,4,
1986,신경식,1019,OB,1.3,1.52,48,3,,,3,3,3,
1986,양승호,1147,OB,-0.5,0.52,148,1,,,1,1,1,
1986,유지훤,1045,OB,2.5,0.43,207,1,,직전 풀타임 0.5WAR 미만 −1,1,2,2,풀타임 최소 2코인
1986,윤동균,1023,OB,2.5,2.2,16,5,,,5,5,5,
1986,윤석환,1227,OB,0.4,1.55,42,4,,,4,4,4,
1986,이승희,1251,OB,2.2,0.52,146,1,,,1,1,1,
1986,이종도,1026,OB,0.4,1.53,46,3,,,3,3,3,
1986,장호연,1177,OB,4.4,1.3,67,3,,,3,5,3,
1986,조범현,11476,OB,0.0,0.85,101,2,,,2,1,2,
1986,최일언,1232,OB,7.6,1.84,24,4,,,4,5,4,
1986,황기선,1192,OB,-0.2,0.71,120,2,,,2,1,2,
1986,황태환,1117,OB,1.4,1.33,65,3,,,3,2,3,
1986,김민호,1195,롯데,1.3,0.86,99,2,,,2,2,2,
1986,김석일,1152,롯데,0.2,1.19,73,2,,,2,1,2,
1986,김성현,1284,롯데,0.3,0.45,190,1,,,1,1,1,
1986,김용운,1008,롯데,0.6,0.67,126,2,,,2,1,2,
1986,김용철,1009,롯데,2.0,2.24,15,5,,,5,5,5,
1986,김용희,11471,롯데,3.4,1.88,22,4,,직전 5WAR+ +1 / 최근 5시즌 골든글러브 2회 +1,5,3,5,
1986,김정행,1260,롯데,2.5,1.57,39,4,,,4,3,4,
1986,김한조,1198,롯데,0.0,0.72,119,2,,,2,1,2,
1986,노상수,1125,롯데,-0.5,1.92,20,4,,,4,3,4,
1986,박동수,1262,롯데,2.8,1.52,47,3,,,3,2,3,
1986,박영태,1157,롯데,-0.1,0.79,108,2,,,2,1,2,
1986,박용성,1072,롯데,-0.2,1.15,76,2,,,2,2,2,
1986,배경환,1184,롯데,1.0,1.46,52,3,,,3,2,3,
1986,안창완,1220,롯데,-0.2,1.06,84,2,,,2,1,2,
1986,양상문,11470,롯데,1.4,0.85,100,2,,직전 풀타임 0.5WAR 미만 −1,1,2,1,
1986,오명록,1329,롯데,0.2,0.45,161,1,,,1,2,2,풀타임 최소 2코인
1986,유두열,1140,롯데,0.7,1.69,29,4,,,4,2,4,
1986,윤학길,1330,롯데,1.3,0.45,160,1,,,1,2,2,풀타임 최소 2코인
1986,이진우,1131,롯데,0.8,0.61,134,1,,직전 풀타임 0.5WAR 미만 −1,1,1,1,
1986,이충우,1265,롯데,-0.4,0.53,145,1,,,1,1,1,
1986,임경택,1306,롯데,-0.0,0.45,177,1,,,1,1,1,
1986,임호균,1175,롯데,0.8,1.76,27,4,,,4,3,4,
1986,정영기,1029,롯데,0.1,1.0,89,2,,,2,1,2,
1986,정학수,1095,롯데,2.0,1.77,26,4,,,4,3,4,
1986,조성옥,1200,롯데,1.2,0.95,90,2,,,2,2,2,
1986,최계영,1309,롯데,0.4,0.45,176,1,,,1,1,1,
1986,최동원,1191,롯데,9.5,3.82,2,5,,직전 5WAR+ +1 / 최근 MVP +1,5,5,5,
1986,한문연,1145,롯데,1.7,1.13,78,2,,,2,2,2,
1986,한영준,1256,롯데,0.8,0.75,113,2,,직전 풀타임 0.5WAR 미만 −1,1,2,1,
1986,홍문종,1194,롯데,3.4,2.35,13,5,,,5,4,5,
1986,강정길,1276,빙그레,0.4,0.45,195,1,,,1,1,1,
1986,고원부,1278,빙그레,1.9,0.45,194,1,,,1,2,2,풀타임 최소 2코인
1986,김상국,1282,빙그레,3.0,0.45,191,1,,,1,2,2,풀타임 최소 2코인
1986,김성갑,1235,빙그레,0.8,0.45,202,1,,,1,1,1,
1986,김성호,1205,빙그레,0.1,0.45,203,1,,,1,1,1,
1986,김수길,1285,빙그레,-0.7,0.45,189,1,,,1,1,1,
1986,김연철,1322,빙그레,0.7,0.45,167,1,,,1,2,2,풀타임 최소 2코인
1986,김우열,1011,빙그레,-0.2,1.7,28,4,,,4,4,4,
1986,김재열,1224,빙그레,-0.0,0.69,123,2,,,2,2,2,
1986,김정태,1286,빙그레,0.2,0.45,188,1,,,1,1,1,
1986,김종수,1288,빙그레,2.2,0.45,187,1,,,1,1,1,
1986,김종윤,1065,빙그레,0.4,0.57,138,1,,,1,1,1,
1986,김한근,1037,빙그레,0.7,0.82,107,2,,,2,2,2,
1986,민문식,1324,빙그레,-0.1,0.45,165,1,,,1,1,1,
1986,성낙수,1115,빙그레,0.1,1.17,74,2,,,2,2,2,
1986,손문곤,1326,빙그레,1.2,0.45,164,1,,,1,2,2,풀타임 최소 2코인
1986,유승안,1083,빙그레,1.8,1.4,55,3,,,3,4,3,
1986,유해덕,1297,빙그레,-0.1,0.45,183,1,,,1,1,1,
1986,윤홍식,1298,빙그레,0,0.45,182,1,,,1,1,1,
1986,이강돈,1299,빙그레,4.1,0.45,181,1,,,1,2,2,풀타임 최소 2코인
1986,이광길,1163,빙그레,1.7,0.6,136,1,,,1,2,2,풀타임 최소 2코인
1986,이상군,12994,빙그레,4.5,0.45,153,1,,,1,2,2,풀타임 최소 2코인
1986,이석규,1213,빙그레,0.1,0.57,140,1,,,1,1,1,
1986,이성수,1165,빙그레,0.3,0.45,204,1,,,1,1,1,
1986,이정은,1304,빙그레,0.1,0.45,178,1,,,1,1,1,
1986,임재준,1332,빙그레,-0.2,0.45,158,1,,,1,1,1,
1986,장명부,1176,빙그레,-0.9,2.24,14,5,,직전 풀타임 0.5WAR 미만 −1,4,5,4,
1986,전대영,1269,빙그레,1.6,0.45,200,1,,,1,1,1,
1986,조호표,1334,빙그레,-0.4,0.45,156,1,,,1,1,1,
1986,천창호,1110,빙그레,-0.8,0.84,103,2,,,2,1,2,
1986,한희민,1336,빙그레,2.8,0.45,154,1,,,1,2,2,풀타임 최소 2코인
1986,황병일,1172,빙그레,1.1,0.62,132,2,,,2,2,2,
1986,구윤,1272,삼성,-0.1,0.45,197,1,,,1,1,1,
1986,권기홍,1222,삼성,-0.4,0.61,135,1,,,1,1,1,
1986,권영호,1104,삼성,3.9,2.5,11,5,,1985 세이브 1위 +1,5,5,5,
1986,김근석,1149,삼성,-0.6,1.03,87,2,,,2,1,2,
1986,김동재,1150,삼성,0.9,0.52,149,1,,,1,1,1,
1986,김성래,1196,삼성,3.2,1.29,68,3,,,3,5,3,
1986,김시진,1173,삼성,4.7,4.16,1,5,,직전 5WAR+ +1 / 1985 골든글러브 · 1985 다승·탈삼진 1위 +1 / 직전 투수 골든글러브 5,5,5,5,
1986,김용국,1237,삼성,-1.5,0.87,97,2,,,2,2,2,
1986,김이수,1197,삼성,-0.6,0.62,133,2,,,2,1,2,
1986,김일융,1218,삼성,3.5,3.01,5,5,,직전 5WAR+ +1 / 1985 다승 1위 +1,5,5,5,
1986,김준희,1261,삼성,-0.2,0.45,201,1,,,1,1,1,
1986,김훈기,1323,삼성,0.1,0.45,166,1,,,1,1,1,
1986,박승호,1156,삼성,1.2,1.09,81,2,,,2,2,2,
1986,배대웅,1016,삼성,-0.9,1.13,77,2,,,2,1,2,
1986,성준,1315,삼성,4.0,0.45,173,1,,,1,2,2,풀타임 최소 2코인
1986,손상득,1044,삼성,0.4,0.75,115,2,,,2,1,2,
1986,송일수,1199,삼성,-0.5,0.75,112,2,,,2,1,2,
1986,송진호,1079,삼성,0.2,0.54,142,1,,,1,1,1,
1986,양일환,1186,삼성,1.1,0.93,92,2,,직전 풀타임 0.5WAR 미만 −1,1,2,2,풀타임 최소 2코인
1986,오대석,1022,삼성,0.6,1.25,70,3,,,3,3,3,
1986,이만수,1025,삼성,3.9,3.04,4,5,,직전 5WAR+ +1 / 최근 MVP · 최근 5시즌 골든글러브 2회 · 1985 타점·홈런 1위 +1,5,5,5,
1986,이종두,1252,삼성,2.0,0.84,105,2,,,2,2,2,
1986,이해창,1141,삼성,2.4,1.9,21,4,,,4,3,4,
1986,장태수,1027,삼성,2.1,1.44,53,3,,,3,3,3,
1986,장효조,1142,삼성,4.8,3.26,3,5,,직전 5WAR+ +1 / 최근 5시즌 골든글러브 2회 · 1985 타율 1위 +1,5,5,5,
1986,전용권,1229,삼성,0.3,0.68,124,2,,,2,1,2,
1986,정성룡,1214,삼성,0.6,0.63,131,2,,,2,1,2,
1986,정현발,1051,삼성,1.8,1.09,82,2,,,2,2,2,
1986,진동한,1231,삼성,2.1,1.0,88,2,,,2,2,2,
1986,함학수,1053,삼성,0.6,1.23,72,2,,,2,2,2,
1986,허규옥,1034,삼성,2.0,1.55,41,4,,,4,3,4,
1986,홍승규,1171,삼성,0.0,0.66,127,2,,,2,1,2,
1986,황규봉,1112,삼성,0.3,2.18,17,5,,,5,5,5,
1986,강철원,1113,청보,-0.3,0.84,104,2,,,2,1,2,
1986,권두조,1002,청보,-1.3,1.06,86,2,,,2,2,2,
1986,금광옥,1003,청보,0.0,1.53,44,3,,,3,2,3,
1986,김경갑,1279,청보,2.0,0.45,193,1,,,1,1,1,
1986,김경남,1004,청보,0.4,0.57,139,1,,,1,1,1,
1986,김기태,1320,청보,2.0,0.45,169,1,,,1,2,2,풀타임 최소 2코인
1986,김동기,1281,청보,2.2,0.45,192,1,,,1,2,1,
1986,김명성,1234,청보,-0.1,0.65,129,2,,,2,1,2,
1986,김바위,15155,청보,3.3,1.39,56,3,,,3,3,3,
1986,김봉근,1223,청보,0.9,1.39,58,3,,,3,2,3,
1986,김상기,1180,청보,-0.2,0.64,130,2,,,2,1,2,
1986,김신부,1321,청보,3.1,0.45,168,1,,,1,2,2,풀타임 최소 2코인
1986,김영균,1206,청보,1.0,0.52,147,1,,,1,1,1,
1986,김정수,1014,청보,0.1,1.1,80,2,,,2,2,2,
1986,김진우,1138,청보,3.9,1.59,38,4,,,4,3,4,
1986,신태중,1081,청보,-0.2,0.46,152,1,,직전 풀타임 0.5WAR 미만 −1,1,1,1,
1986,양승관,1021,청보,0.1,1.15,75,2,,,2,2,2,
1986,양후승,1244,청보,0.3,0.6,137,1,,,1,1,1,
1986,오덕환,1296,청보,-0.1,0.45,184,1,,,1,1,1,
1986,우경하,1161,청보,2.2,0.5,150,1,,,1,2,2,풀타임 최소 2코인
1986,이광근,1301,청보,0.1,0.45,179,1,,,1,1,1,
1986,이선웅,1164,청보,-1.0,1.25,71,2,,,2,2,2,
1986,이우상,1331,청보,-0.1,0.45,159,1,,,1,1,1,
1986,이철성,1089,청보,-0.3,0.72,116,2,,,2,1,2,
1986,정구선,1143,청보,4.6,2.52,9,5,,최근 5시즌 골든글러브 2회 +1,5,5,5,
1986,정구왕,1028,청보,1.0,0.7,121,2,,,2,1,2,
1986,정선두,1189,청보,-0.3,0.75,111,2,,,2,1,2,
1986,정성만,1190,청보,-0.9,0.79,109,2,,직전 풀타임 0.5WAR 미만 −1,1,1,1,
1986,정은배,1266,청보,-1.0,1.31,66,3,,,3,2,3,
1986,조병천,1333,청보,-0.2,0.45,157,1,,,1,2,2,풀타임 최소 2코인
1986,천성호,1335,청보,-0.1,0.45,155,1,,,1,1,1,
1986,최계훈,1219,청보,0.6,1.4,54,3,,,3,2,3,
1986,강만식,1119,해태,0.1,2.06,19,4,,직전 5WAR+ +1,5,2,5,
1986,강상진,1317,해태,-0.3,0.45,171,1,,,1,1,1,
1986,김대현,1313,해태,0.1,0.45,175,1,,,1,1,1,
1986,김무종,1137,해태,2,1.39,59,3,,,3,2,3,
1986,김봉연,1005,해태,4.2,1.56,40,4,,,4,4,4,
1986,김성한,12726,해태,2.9,2.55,7,5,,직전 5WAR+ +1 / 1985 골든글러브 · 1985 홈런 1위 +1 / 직전 MVP 5,5,5,5,
1986,김용남,1059,해태,-0.2,1.54,43,3,,,3,4,3,
1986,김일권,1013,해태,-0.4,1.36,63,3,,,3,2,3,
1986,김일환,1061,해태,-0.2,0.68,125,2,,,2,1,2,
1986,김정수,1314,해태,1.5,0.45,174,1,,,1,2,2,풀타임 최소 2코인
1986,김종모,1064,해태,4.0,1.5,50,3,,최근 5시즌 골든글러브 2회 +1,4,3,4,
1986,김준환,1015,해태,0.6,1.29,69,3,,,3,2,3,
1986,김평호,1270,해태,0.1,0.45,199,1,,,1,1,1,
1986,문희수,1225,해태,1.4,1.06,85,2,,,2,2,2,
1986,방수원,1076,해태,0.6,0.86,98,2,,,2,2,2,
1986,서정환,1042,해태,2.7,1.51,49,3,,,3,3,3,
1986,선동열,1263,해태,12.3,2.17,18,4,,1985 평균자책 1위 +1,5,5,5,
1986,송일섭,1159,해태,1.0,1.08,83,2,,,2,2,2,
1986,신동수,1327,해태,-0.5,0.45,163,1,,,1,2,1,
1986,이건열,1300,해태,-0.3,0.45,180,1,,,1,1,1,
1986,이상윤,1085,해태,1.8,2.4,12,5,,,5,5,5,
1986,이순철,1250,해태,2.4,1.6,36,4,,직전 5WAR+ +1 / 1985 골든글러브 +1,5,5,5,
1986,장채근,1271,해태,0.2,0.45,198,1,,,1,2,1,
1986,조충열,1030,해태,0.5,0.39,208,1,,,1,1,1,
1986,차동철,1316,해태,2.6,0.45,172,1,,,1,2,2,풀타임 최소 2코인
1986,차영화,1033,해태,-0.4,0.7,122,2,,,2,1,2,
1986,최상주,1267,해태,-0.3,0.87,96,2,,,2,1,2,
1986,한대화,1144,해태,4.3,0.92,93,2,,,2,2,2,
1987,김건우,1319,MBC,3.9,0.72,119,2,,직전 5WAR+ +1,3,3,4,신인왕 다음 시즌 하한 4
1987,김상훈,1193,MBC,2.2,1.5,37,4,,,4,2,4,
1987,김영직,1342,MBC,0.1,0.45,193,1,,,1,1,1,
1987,김용달,1007,MBC,0.5,0.7,137,1,,,1,1,1,
1987,김용수,1259,MBC,4.6,1.35,46,3,,직전 5WAR+ +1 / 1986 세이브 1위 +1,5,5,5,
1987,김우근,1010,MBC,0.5,1.11,70,3,,,3,2,3,
1987,김인식,1012,MBC,-1.7,1.22,58,3,,,3,2,3,
1987,김재박,1062,MBC,4.2,2.37,11,5,,최근 5시즌 골든글러브 2회 +1,5,5,5,
1987,김태원,1289,MBC,-0.9,0.72,124,2,,,2,4,2,
1987,민경삼,1291,MBC,-0.1,0.45,199,1,,,1,1,1,
1987,박철영,1158,MBC,0.0,0.71,136,1,,,1,1,1,
1987,박흥식,14223,MBC,4.1,0.92,90,2,,,2,2,2,
1987,서효인,1293,MBC,-0.0,0.45,198,1,,,1,1,1,
1987,송영운,1078,MBC,0.5,0.95,88,2,,,2,1,2,
1987,신언호,1080,MBC,0.3,0.71,132,2,,,2,1,2,
1987,심재원,1160,MBC,0.2,0.75,112,2,,,2,1,2,
1987,예병준,1328,MBC,-0.1,0.44,205,1,,,1,1,1,
1987,오영일,1174,MBC,0.4,1.46,41,4,,,4,3,4,
1987,유고웅,1245,MBC,0.4,1.05,78,2,,,2,2,2,
1987,유종겸,1107,MBC,1.9,1.48,39,4,,,4,3,4,
1987,윤덕규,1247,MBC,1.0,1.2,61,3,,,3,2,3,
1987,이광은,1024,MBC,2.9,2.56,9,5,,직전 5WAR+ +1 / 최근 5시즌 골든글러브 2회 +1,5,4,5,
1987,이길환,1108,MBC,-0.0,1.04,79,2,,,2,3,2,
1987,이선희,1116,MBC,-0.1,1.41,45,3,,,3,3,3,
1987,정삼흠,1258,MBC,4.2,1.2,60,3,,,3,5,3,
1987,차동열,1032,MBC,0.2,0.79,106,2,,,2,1,2,
1987,최홍석,1170,MBC,0.1,0.71,133,2,,,2,1,2,
1987,하기룡,1111,MBC,0.5,1.23,57,3,,직전 풀타임 0.5WAR 미만 −1,2,5,2,
1987,계형철,1114,OB,2.5,1.88,21,4,,,4,4,4,
1987,구천서,1001,OB,-0.1,1.02,82,2,,,2,3,2,
1987,김강익,1361,OB,-0.2,0.45,181,1,,,1,1,1,
1987,김경남,1362,OB,-0.1,0.45,180,1,,,1,1,1,
1987,김경문,11469,OB,1.4,0.57,158,1,,,1,1,1,
1987,김광림,1203,OB,4.8,1.01,84,2,,,2,2,2,
1987,김광수,1035,OB,1.7,1.55,32,4,,,4,3,4,
1987,김대진,1136,OB,0.2,0.79,108,2,,,2,1,2,
1987,김진욱,12962,OB,3.7,1.24,56,3,,직전 풀타임 0.5WAR 미만 −1,2,3,2,
1987,김형석,1239,OB,2.2,1.5,36,4,,,4,2,4,
1987,김호근,1155,OB,1,0.87,95,2,,,2,1,2,
1987,박노준,1292,OB,0.8,0.4,206,1,,,1,2,1,
1987,박상열,1071,OB,0.1,1.2,59,3,,직전 풀타임 0.5WAR 미만 −1,2,2,2,
1987,박종훈,1139,OB,1.8,2.43,10,5,,직전 5WAR+ +1 / 최근 5시즌 골든글러브 2회 +1,5,4,5,
1987,박철순,1105,OB,0.7,1.35,47,3,,,3,5,3,
1987,신경식,1019,OB,1.0,1.32,49,3,,,3,3,3,
1987,양세종,1020,OB,-0.9,1.09,71,2,,,2,2,2,
1987,유지훤,1045,OB,-0.6,0.69,138,1,,,1,2,2,풀타임 최소 2코인
1987,윤동균,1023,OB,1.1,1.92,20,4,,,4,5,4,
1987,윤석환,1227,OB,0.8,1.16,64,3,,,3,4,3,
1987,이복근,1275,OB,1.1,0.45,201,1,,,1,1,1,
1987,이승희,1251,OB,1.3,0.84,98,2,,,2,2,2,
1987,이종도,1026,OB,-0.3,1.14,67,3,,,3,3,3,
1987,장호연,1177,OB,4.0,2.09,18,4,,직전 5WAR+ +1,5,5,5,
1987,조범현,11476,OB,-0.8,0.71,134,1,,,1,1,1,
1987,최일언,1232,OB,3.7,2.95,5,5,,직전 5WAR+ +1,5,5,5,
1987,한오종,1268,OB,-0.0,0.45,202,1,,,1,1,1,
1987,황태환,1117,OB,-0.5,1.33,48,3,,,3,2,3,
1987,김민호,1195,롯데,1.9,1.07,73,2,,,2,2,2,
1987,김용운,1008,롯데,1.4,0.79,107,2,,,2,2,2,
1987,김용철,1009,롯데,4.6,1.83,23,4,,,4,5,4,
1987,김용희,11471,롯데,-0.2,2.05,19,4,,최근 5시즌 골든글러브 2회 +1,5,3,5,
1987,김재상,1063,롯데,-0.1,0.84,97,2,,,2,1,2,
1987,김정행,1260,롯데,1.5,1.7,29,4,,,4,2,4,
1987,김종석,1364,롯데,0.3,0.45,178,1,,,1,1,1,
1987,노상수,1125,롯데,0.7,1.44,42,4,,,4,3,4,
1987,박동수,1262,롯데,1.1,1.82,25,4,,,4,2,4,
1987,박영태,1157,롯데,0.1,0.66,142,1,,,1,1,1,
1987,박태호,1346,롯데,0.1,0.45,190,1,,,1,1,1,
1987,안창완,1220,롯데,0.4,0.79,103,2,,,2,1,2,
1987,오명록,1329,롯데,2.0,0.61,152,1,,직전 풀타임 0.5WAR 미만 −1,1,2,2,풀타임 최소 2코인
1987,우경하,1161,롯데,-0.6,0.79,104,2,,,2,1,2,
1987,유두열,1140,롯데,1.3,1.27,54,3,,,3,2,3,
1987,윤학길,1330,롯데,5.4,0.72,115,2,,,2,2,2,
1987,이문한,1228,롯데,1.1,0.61,153,1,,,1,1,1,
1987,이충우,1265,롯데,0.3,0.47,171,1,,,1,1,1,
1987,임경택,1306,롯데,-0.0,0.53,162,1,,,1,1,1,
1987,정구선,1143,롯데,3.9,2.64,8,5,,직전 5WAR+ +1 / 최근 5시즌 골든글러브 2회 +1,5,5,5,
1987,정성만,1190,롯데,-0.4,0.59,155,1,,,1,1,1,
1987,정영기,1029,롯데,1.7,0.78,109,2,,,2,2,2,
1987,정인교,1215,롯데,-0.1,0.45,203,1,,,1,1,1,
1987,정학수,1095,롯데,-0.4,1.64,31,4,,,4,3,4,
1987,조성옥,1200,롯데,0.6,1.07,74,2,,,2,1,2,
1987,최계영,1309,롯데,0.7,0.64,147,1,,,1,1,1,
1987,최동원,1191,롯데,5.4,4.57,1,5,,직전 5WAR+ +1 / 최근 MVP +1,5,5,5,
1987,한문연,1145,롯데,0.1,1.28,53,3,,,3,2,3,
1987,한영준,1256,롯데,3.9,0.88,94,2,,,2,2,2,
1987,홍문종,1194,롯데,3.7,2.25,12,5,,,5,4,5,
1987,강만식,1119,빙그레,-0.2,1.54,33,4,,직전 풀타임 0.5WAR 미만 −1,3,2,3,
1987,강정길,1276,빙그레,0.7,0.64,146,1,,,1,1,1,
1987,고원부,1278,빙그레,3.6,0.72,129,2,,,2,2,2,
1987,김대중,1363,빙그레,0.7,0.45,179,1,,,1,2,2,풀타임 최소 2코인
1987,김상국,1282,빙그레,1.6,0.72,126,2,,,2,3,2,
1987,김성갑,1235,빙그레,-0.0,0.72,131,2,,,2,2,2,
1987,김수길,1285,빙그레,0.2,0.36,208,1,,,1,1,1,
1987,김연철,1322,빙그레,0.0,0.72,117,2,,,2,2,2,
1987,김용남,1059,빙그레,0.6,1.16,65,3,,,3,4,3,
1987,김재열,1224,빙그레,0.0,0.64,148,1,,직전 풀타임 0.5WAR 미만 −1,1,1,1,
1987,김종문,1287,빙그레,0.4,0.45,200,1,,,1,1,1,
1987,김종수,1288,빙그레,-0.1,0.72,125,2,,,2,1,2,
1987,김한근,1037,빙그레,-0.3,0.89,93,2,,,2,1,2,
1987,민문식,1324,빙그레,0.0,0.51,165,1,,,1,1,1,
1987,손문곤,1326,빙그레,-0.6,0.72,116,2,,,2,1,2,
1987,유승안,1083,빙그레,2.8,1.42,43,3,,,3,4,3,
1987,이강돈,1299,빙그레,0.0,0.72,123,2,,직전 5WAR+ +1,3,4,3,
1987,이광길,1163,빙그레,-0.7,0.96,87,2,,,2,1,2,
1987,이동석,1366,빙그레,-0.7,0.45,176,1,,,1,1,1,
1987,이상군,12994,빙그레,7.0,0.72,113,2,,직전 5WAR+ +1,3,5,3,
1987,이정훈,1352,빙그레,4.3,0.45,187,1,,,1,2,2,풀타임 최소 2코인
1987,이중화,1353,빙그레,-0.2,0.45,186,1,,,1,1,1,
1987,임재준,1332,빙그레,-0.3,0.48,170,1,,,1,1,1,
1987,임정면,1092,빙그레,0.0,0.69,139,1,,,1,1,1,
1987,장종훈,1354,빙그레,2.3,0.45,185,1,,,1,2,2,풀타임 최소 2코인
1987,전대영,1269,빙그레,0.7,0.72,130,2,,,2,1,2,
1987,정상진,1356,빙그레,-0.2,0.45,184,1,,,1,1,1,
1987,조용호,1358,빙그레,0.5,0.45,183,1,,,1,1,1,
1987,천창호,1110,빙그레,1.9,0.63,149,1,,,1,2,2,풀타임 최소 2코인
1987,한희민,1336,빙그레,6.4,0.72,114,2,,,2,5,2,
1987,황병일,1172,빙그레,-0.6,0.91,92,2,,,2,1,2,
1987,구윤,1272,삼성,-0.5,0.53,164,1,,,1,1,1,
1987,권기홍,1222,삼성,-0.5,0.49,168,1,,,1,1,1,
1987,권영호,1104,삼성,2.9,2.76,6,5,,직전 5WAR+ +1,5,5,5,
1987,김기태,1320,삼성,0.3,2.15,14,5,Y,,5,2,5,
1987,김동재,1150,삼성,2.0,0.84,100,2,,,2,2,2,
1987,김성길,1360,삼성,0.6,0.45,182,1,,,1,2,1,
1987,김성래,1196,삼성,5.0,1.78,27,4,,1986 골든글러브 +1,5,5,5,
1987,김시진,1173,삼성,4.8,3.4,3,5,,직전 5WAR+ +1,5,5,5,
1987,김용국,1237,삼성,0.3,0.65,144,1,,직전 풀타임 0.5WAR 미만 −1,1,1,1,
1987,김종갑,1345,삼성,0.2,0.45,191,1,,,1,1,1,
1987,김준희,1261,삼성,-0.3,0.5,167,1,,,1,1,1,
1987,김훈기,1323,삼성,0.8,0.56,160,1,,,1,2,2,풀타임 최소 2코인
1987,류중일,11467,삼성,2.2,0.45,173,1,,,1,2,2,풀타임 최소 2코인
1987,박동경,1182,삼성,0.1,0.66,141,1,,,1,1,1,
1987,박승호,1156,삼성,1.0,1.14,68,3,,,3,2,3,
1987,박정환,1039,삼성,0.1,0.92,91,2,,,2,1,2,
1987,성준,1315,삼성,2.4,0.72,121,2,,직전 5WAR+ +1,3,4,3,
1987,손상득,1044,삼성,0.2,0.78,110,2,,,2,1,2,
1987,양일환,1186,삼성,3.2,1.06,76,2,,,2,2,2,
1987,오대석,1022,삼성,2.0,1.04,80,2,,,2,3,2,
1987,이만수,1025,삼성,5.3,2.68,7,5,,직전 5WAR+ +1 / 최근 5시즌 골든글러브 2회 +1,5,5,5,
1987,이종두,1252,삼성,0.4,1.26,55,3,,,3,2,3,
1987,장태수,1027,삼성,1.6,1.53,35,4,,,4,3,4,
1987,장태수,1368,삼성,0.5,0.45,175,1,,,1,2,2,풀타임 최소 2코인
1987,장효조,1142,삼성,4.5,3.0,4,5,,직전 5WAR+ +1 / 최근 5시즌 골든글러브 2회 · 1986 타율 1위 +1,5,5,5,
1987,진동한,1231,삼성,3.4,1.42,44,3,,,3,2,3,
1987,최무영,1312,삼성,0.1,0.45,197,1,,,1,1,1,
1987,함학수,1053,삼성,0.2,1.03,81,2,,,2,1,2,
1987,허규옥,1034,삼성,3.0,1.54,34,4,,,4,3,4,
1987,홍승규,1171,삼성,1.7,0.63,151,1,,,1,2,2,풀타임 최소 2코인
1987,권두조,1002,청보,-0.1,0.79,105,2,,직전 풀타임 0.5WAR 미만 −1,1,1,1,
1987,금광옥,1003,청보,0.0,1.15,66,3,,,3,2,3,
1987,김경갑,1279,청보,-0.0,0.72,128,2,,,2,1,2,
1987,김경남,1004,청보,-0.2,0.71,135,1,,,1,1,1,
1987,김근석,1149,청보,-1.3,0.77,111,2,,,2,1,2,
1987,김동기,1281,청보,4.5,0.72,127,2,,,2,2,2,
1987,김바위,15155,청보,2.3,1.83,22,4,,,4,3,4,
1987,김봉근,1223,청보,-0.1,1.18,63,3,,,3,2,3,
1987,김신부,1321,청보,1.2,0.72,118,2,,,2,2,2,
1987,김영균,1206,청보,0.4,0.84,99,2,,,2,1,2,
1987,김윤환,1343,청보,2.9,0.45,192,1,,,1,2,2,풀타임 최소 2코인
1987,김진우,1138,청보,1.1,2.09,17,5,,직전 5WAR+ +1,5,3,5,
1987,김한조,1198,청보,0.7,0.65,145,1,,,1,1,1,
1987,배경환,1184,청보,0.7,1.28,52,3,,,3,2,3,
1987,양상문,11470,청보,3.5,1.08,72,2,,,2,2,2,
1987,양승관,1021,청보,0.3,0.86,96,2,,직전 풀타임 0.5WAR 미만 −1,1,2,1,
1987,양후승,1244,청보,0.4,0.67,140,1,,,1,1,1,
1987,오덕환,1296,청보,-0.0,0.5,166,1,,,1,1,1,
1987,이광근,1301,청보,1.1,0.58,157,1,,,1,1,1,
1987,이동수,1348,청보,-0.6,0.45,189,1,,,1,1,1,
1987,이상훈,1349,청보,-0.2,0.45,188,1,,,1,1,1,
1987,이선웅,1164,청보,1.1,0.93,89,2,,,2,2,2,
1987,이진우,1131,청보,-0.6,0.83,102,2,,,2,1,2,
1987,이해창,1141,청보,2.8,1.78,26,4,,,4,3,4,
1987,임호균,1175,청보,2.1,1.32,50,3,,,3,3,3,
1987,정선두,1189,청보,-0.2,0.57,159,1,,,1,1,1,
1987,정은배,1266,청보,-0.3,0.98,85,2,,직전 풀타임 0.5WAR 미만 −1,1,2,2,풀타임 최소 2코인
1987,정진호,1168,청보,0.9,0.83,101,2,,,2,2,2,
1987,정현발,1051,청보,3.2,1.3,51,3,,,3,2,3,
1987,조병천,1333,청보,0.1,0.49,169,1,,직전 풀타임 0.5WAR 미만 −1,1,2,2,풀타임 최소 2코인
1987,최창호,1370,청보,-0.3,0.45,174,1,,,1,2,1,
1987,강상진,1317,해태,-0.7,0.45,204,1,,,1,1,1,
1987,김대현,1313,해태,3.2,0.56,161,1,,,1,2,2,풀타임 최소 2코인
1987,김무종,1137,해태,1.3,1.47,40,4,,,4,2,4,
1987,김봉연,1005,해태,0.4,2.15,15,5,,직전 5WAR+ +1 / 1986 골든글러브 · 1986 타점·홈런 1위 +1,5,4,5,
1987,김성한,12726,해태,4.3,2.2,13,5,,최근 MVP · 최근 5시즌 골든글러브 2회 +1,5,5,5,
1987,김일권,1013,해태,0.1,1.02,83,2,,직전 풀타임 0.5WAR 미만 −1,1,2,2,전수 판정: 추가 확인(직전 시즌 1군 역할)
1987,김일환,1061,해태,0.3,0.59,156,1,,,1,1,1,
1987,김정수,1314,해태,-0.2,0.72,122,2,,,2,2,2,
1987,김종모,1064,해태,2.9,2.09,16,5,,직전 5WAR+ +1 / 최근 5시즌 골든글러브 2회 +1,5,3,5,
1987,김준환,1015,해태,-0.1,1.05,77,2,,,2,2,2,
1987,문희수,1225,해태,2.8,1.18,62,3,,,3,2,3,
1987,박철우,1337,해태,0.2,0.45,196,1,,,1,2,1,
1987,방수원,1076,해태,-0.4,0.97,86,2,,,2,2,2,
1987,백인수,1338,해태,3.6,0.45,195,1,,,1,2,2,풀타임 최소 2코인
1987,서정환,1042,해태,2.9,1.73,28,4,,,4,3,4,
1987,선동열,1263,해태,8.1,3.48,2,5,,직전 5WAR+ +1 / 1986 골든글러브 · 1986 다승·탈삼진·평균자책 1위 +1 / 직전 MVP 5,5,5,5,
1987,송유석,1365,해태,0.1,0.45,177,1,,,1,2,1,
1987,송일섭,1159,해태,0.2,1.07,75,2,,,2,2,2,
1987,신동수,1327,해태,2.3,0.39,207,1,,,1,2,2,풀타임 최소 2코인
1987,이건열,1300,해태,-0.1,0.45,172,1,,,1,1,1,
1987,이상윤,1085,해태,-0.2,1.82,24,4,,,4,5,4,
1987,이순철,1250,해태,0.8,1.66,30,4,,,4,5,4,
1987,장채근,1271,해태,0.4,0.61,154,1,,,1,2,1,
1987,조도연,1230,해태,-0.5,1.11,69,3,,,3,1,3,
1987,조재환,1340,해태,0.9,0.45,194,1,,,1,1,1,
1987,조충열,1030,해태,-1.0,0.63,150,1,,,1,1,1,
1987,차동철,1316,해태,2.4,0.72,120,2,,,2,2,2,
1987,차영화,1033,해태,-0.1,0.53,163,1,,,1,1,1,
1987,최상주,1267,해태,-0.2,0.65,143,1,,,1,1,1,
1987,한대화,1144,해태,3.1,1.48,38,4,,직전 5WAR+ +1 / 1986 골든글러브 +1,5,5,5,
1988,김경표,1202,MBC,1.0,0.7,125,2,,,2,1,2,
1988,김상호,1380,MBC,1.7,0.45,199,1,,,1,2,2,풀타임 최소 2코인
1988,김상훈,1193,MBC,3.7,1.58,36,4,,,4,2,4,
1988,김영직,1342,MBC,0.0,0.57,152,1,,,1,1,1,
1988,김용수,1259,MBC,0.7,2.16,16,5,,직전 5WAR+ +1 / 1987 세이브 1위 +1,5,5,5,
1988,김인식,1012,MBC,-1.1,0.92,84,2,,직전 풀타임 0.5WAR 미만 −1,1,1,1,
1988,김재박,1062,MBC,2.4,2.48,9,5,,직전 5WAR+ +1 / 최근 5시즌 골든글러브 2회 +1,5,5,5,
1988,문병권,1406,MBC,0.9,0.45,186,1,,,1,2,2,풀타임 최소 2코인
1988,민경삼,1291,MBC,0.6,0.51,167,1,,,1,1,1,
1988,박철영,1158,MBC,0.9,0.65,137,1,,,1,1,1,
1988,박흥식,14223,MBC,3.1,1.48,38,4,,직전 5WAR+ +1,5,3,4,변동 완충(+2까지)
1988,서효인,1293,MBC,-0.0,0.53,162,1,,,1,1,1,
1988,신언호,1080,MBC,-0.3,0.72,119,2,,,2,2,2,
1988,심재원,1160,MBC,0.3,0.72,109,2,,,2,1,2,
1988,예병준,1328,MBC,0.7,0.51,166,1,,,1,1,1,
1988,오영일,1174,MBC,2.0,1.09,67,3,,,3,3,3,
1988,유고웅,1245,MBC,0.4,0.89,89,2,,,2,1,2,
1988,유광진,1396,MBC,-0.0,0.45,193,1,,,1,1,1,
1988,유종겸,1107,MBC,0.6,1.47,40,4,,,4,3,4,
1988,유지홍,1246,MBC,0.2,0.52,163,1,,,1,1,1,
1988,윤덕규,1247,MBC,2.2,1.13,62,3,,,3,2,3,
1988,이광은,1024,MBC,1.4,2.19,15,5,,최근 5시즌 골든글러브 2회 +1,5,4,5,
1988,이국성,1412,MBC,0.6,0.45,181,1,,,1,2,2,풀타임 최소 2코인
1988,이길환,1108,MBC,1.1,0.78,103,2,,직전 풀타임 0.5WAR 미만 −1,1,3,2,풀타임 최소 2코인
1988,이용철,1414,MBC,2.2,0.45,179,1,,,1,2,2,풀타임 최소 2코인
1988,정삼흠,1258,MBC,-0.9,1.92,19,4,,직전 5WAR+ +1,5,5,5,
1988,조상헌,1399,MBC,-0.0,0.45,191,1,,,1,1,1,
1988,차동열,1032,MBC,-0.1,0.72,108,2,,,2,1,2,
1988,최홍석,1170,MBC,-0.6,0.68,127,2,,,2,1,2,
1988,황윤태,1359,MBC,-0.5,0.45,205,1,,,1,1,1,
1988,계형철,1114,OB,1.6,1.8,26,4,,,4,4,4,
1988,구천서,1001,OB,1.3,0.77,104,2,,,2,3,2,
1988,김강익,1361,OB,0,0.49,169,1,,,1,1,1,
1988,김경문,11469,OB,0.3,0.92,83,2,,,2,2,2,
1988,김광림,1203,OB,3.7,1.62,33,4,,직전 5WAR+ +1,5,5,4,변동 완충(+2까지)
1988,김광수,1035,OB,3.0,1.46,42,4,,,4,3,4,
1988,김명구,1204,OB,0.2,0.45,210,1,,,1,1,1,
1988,김영균,1206,OB,0.3,0.81,98,2,,,2,1,2,
1988,김진욱,12962,OB,3.0,1.99,18,4,,,4,3,4,
1988,김형석,1239,OB,-0.2,1.59,35,4,,,4,2,4,
1988,김호근,1155,OB,-0.1,0.99,76,2,,,2,1,2,
1988,박노준,1292,OB,0.6,0.64,139,1,,,1,2,1,
1988,박상열,1071,OB,-0.5,0.9,87,2,,직전 풀타임 0.5WAR 미만 −1,1,2,1,
1988,박종훈,1139,OB,2.2,1.84,23,4,,최근 5시즌 골든글러브 2회 +1,5,4,5,
1988,송재박,1390,OB,4.3,0.45,196,1,,,1,2,2,풀타임 최소 2코인
1988,신경식,1019,OB,2.1,1.18,53,3,,,3,3,3,
1988,양세종,1020,OB,2.0,0.81,97,2,,,2,2,2,
1988,유지훤,1045,OB,-0.4,0.52,165,1,,직전 풀타임 0.5WAR 미만 −1,1,1,1,
1988,윤동균,1023,OB,-0.5,1.45,43,3,,,3,5,3,
1988,윤석환,1227,OB,3.7,1.07,69,3,,,3,4,3,
1988,이복근,1275,OB,0.5,0.72,118,2,,,2,1,2,
1988,이상훈,1349,OB,0.4,0.48,170,1,,,1,2,2,풀타임 최소 2코인
1988,이승희,1251,OB,-0.5,1.07,70,3,,,3,2,3,
1988,장호연,1177,OB,0.9,2.42,12,5,,직전 5WAR+ +1,5,5,5,
1988,조범현,11476,OB,-0.4,0.53,161,1,,,1,1,1,
1988,최일언,1232,OB,3.7,2.58,6,5,,,5,5,5,
1988,하창우,1419,OB,-0.2,0.45,174,1,,,1,1,1,
1988,한오종,1268,OB,1.3,0.53,160,1,,,1,2,2,풀타임 최소 2코인
1988,황태환,1117,OB,-0.6,1.0,75,2,,직전 풀타임 0.5WAR 미만 −1,1,2,1,
1988,구명근,1403,롯데,-0.1,0.45,188,1,,,1,1,1,
1988,김민호,1195,롯데,4.6,1.31,49,3,,,3,2,3,
1988,김성현,1284,롯데,0.1,0.58,148,1,,,1,1,1,
1988,김용운,1008,롯데,0.2,1.08,68,3,,,3,1,3,
1988,김용철,1009,롯데,3.8,2.38,13,5,,직전 5WAR+ +1,5,5,5,
1988,김용희,11471,롯데,0.2,1.54,37,4,,최근 5시즌 골든글러브 2회 +1,5,3,5,
1988,김재상,1063,롯데,0.2,0.68,130,2,,,2,1,2,
1988,김정행,1260,롯데,1.5,1.47,41,4,,,4,2,4,
1988,김종석,1364,롯데,-0.0,0.63,141,1,,,1,2,2,풀타임 최소 2코인
1988,노상수,1125,롯데,0.5,1.13,63,3,,,3,2,3,
1988,박동수,1262,롯데,1.1,1.44,44,3,,,3,2,3,
1988,박영태,1157,롯데,-0.1,0.64,140,1,,,1,1,1,
1988,박태호,1346,롯데,-0.4,0.57,151,1,,,1,1,1,
1988,서정용,1409,롯데,1.1,0.45,183,1,,,1,1,1,
1988,안창완,1220,롯데,0.7,0.84,93,2,,,2,2,2,
1988,오명록,1329,롯데,0.7,0.98,78,2,,,2,2,2,
1988,유두열,1140,롯데,1.0,1.23,52,3,,,3,2,3,
1988,윤학길,1330,롯데,5.6,1.15,56,3,,직전 5WAR+ +1,4,5,4,
1988,이문한,1228,롯데,1.6,0.9,86,2,,,2,2,2,
1988,이재성,1351,롯데,-0.0,0.45,206,1,,,1,1,1,
1988,이창원,1305,롯데,0.3,0.45,209,1,,,1,1,1,
1988,정구선,1143,롯데,2.4,2.52,8,5,,직전 5WAR+ +1 / 최근 5시즌 골든글러브 2회 +1,5,5,5,
1988,정영기,1029,롯데,0.1,1.14,61,3,,,3,1,3,
1988,조성옥,1200,롯데,-0.2,0.96,80,2,,,2,1,2,
1988,최계영,1309,롯데,2.3,0.8,100,2,,,2,2,2,
1988,최동원,1191,롯데,2.9,3.73,2,5,,직전 5WAR+ +1 / 1987 탈삼진 1위 +1,5,5,5,
1988,한문연,1145,롯데,0.9,0.96,81,2,,,2,2,2,
1988,한영준,1256,롯데,3.1,1.4,46,3,,직전 5WAR+ +1,4,3,4,
1988,홍문종,1194,롯데,2.1,2.3,14,5,,,5,4,5,
1988,강정길,1276,빙그레,0.8,0.81,99,2,,,2,2,2,
1988,고원부,1278,빙그레,1.2,1.15,60,3,,,3,3,3,
1988,곽동열,1371,빙그레,0.1,0.45,204,1,,,1,1,1,
1988,김대중,1363,빙그레,2.1,0.72,111,2,,,2,2,2,
1988,김상국,1282,빙그레,1,1.1,65,3,,,3,3,3,
1988,김성갑,1235,빙그레,0.7,0.65,138,1,,직전 풀타임 0.5WAR 미만 −1,1,2,2,풀타임 최소 2코인
1988,김수길,1285,빙그레,0.1,0.55,157,1,,,1,1,1,
1988,김연철,1322,빙그레,-0.1,0.65,136,1,,직전 풀타임 0.5WAR 미만 −1,1,1,1,
1988,김용남,1059,빙그레,1.1,0.98,77,2,,,2,3,2,
1988,김한근,1037,빙그레,1.6,0.67,132,2,,,2,1,2,
1988,김홍명,1401,빙그레,2.0,0.45,190,1,,,1,2,2,풀타임 최소 2코인
1988,손문곤,1326,빙그레,-0.3,0.54,158,1,,,1,1,1,
1988,송일섭,1159,빙그레,-0.1,0.83,96,2,,,2,2,2,
1988,유승안,1083,빙그레,3.1,1.71,30,4,,1987 골든글러브 +1,5,4,5,
1988,이강돈,1299,빙그레,2.9,0.66,135,1,,직전 풀타임 0.5WAR 미만 −1,1,4,2,풀타임 최소 2코인
1988,이광길,1163,빙그레,1.2,0.72,120,2,,,2,1,2,
1988,이동석,1366,빙그레,1.4,0.34,213,1,,,1,2,2,풀타임 최소 2코인
1988,이상군,12994,빙그레,4.9,1.15,54,3,,직전 5WAR+ +1,4,5,4,
1988,이정훈,1352,빙그레,3.2,0.72,114,2,,직전 5WAR+ +1,3,5,4,신인왕 다음 시즌 하한 4
1988,이중화,1353,빙그레,0.4,0.49,168,1,,,1,1,1,
1988,장정순,1415,빙그레,-0.0,0.45,178,1,,,1,2,1,
1988,장종훈,1354,빙그레,3.5,0.72,113,2,,,2,5,2,
1988,전대영,1269,빙그레,-0.3,0.85,92,2,,,2,1,2,
1988,조양근,1373,빙그레,-0.3,0.45,202,1,,,1,1,1,
1988,조용호,1358,빙그레,-0.1,0.68,129,2,,,2,1,2,
1988,지성규,1418,빙그레,0.3,0.45,175,1,,,1,1,1,
1988,천창호,1110,빙그레,0.8,1.01,72,2,,,2,2,2,
1988,한용덕,13282,빙그레,1.1,0.45,173,1,,,1,2,1,
1988,한희민,1336,빙그레,4.7,1.15,55,3,,직전 5WAR+ +1,4,5,4,
1988,황병일,1172,빙그레,0.4,0.68,128,2,,,2,1,2,
1988,구윤,1272,삼성,0.1,0.42,211,1,,,1,1,1,
1988,권영호,1104,삼성,1.4,2.57,7,5,,,5,5,5,
1988,김동재,1150,삼성,-0.4,1.26,50,3,,,3,2,3,
1988,김성길,1360,삼성,4.6,0.72,112,2,,,2,2,2,
1988,김성래,1196,삼성,5.6,2.48,10,5,,직전 5WAR+ +1 / 최근 5시즌 골든글러브 2회 · 1987 홈런 1위 +1,5,5,5,
1988,김시진,1173,삼성,2.9,3.05,3,5,,직전 5WAR+ +1 / 최근 5시즌 골든글러브 2회 · 1987 다승 1위 +1 / 직전 투수 골든글러브 5,5,5,5,
1988,김용국,1237,삼성,0.8,0.71,124,2,,,2,2,2,
1988,김정수,1344,삼성,-0.0,0.45,208,1,,,1,1,1,
1988,김종갑,1345,삼성,-0.0,0.59,144,1,,,1,1,1,
1988,김훈기,1323,삼성,3.1,0.84,94,2,,,2,2,2,
1988,류중일,11467,삼성,0.5,0.72,110,2,,1987 골든글러브 +1,3,2,3,
1988,박동경,1182,삼성,-0.0,0.66,134,1,,,1,1,1,
1988,박승호,1156,삼성,1.0,1.1,64,3,,,3,2,3,
1988,박정환,1039,삼성,0.2,0.75,106,2,,,2,1,2,
1988,성준,1315,삼성,3.4,1.15,58,3,,,3,4,3,
1988,손상득,1044,삼성,-0.7,0.72,121,2,,,2,1,2,
1988,양일환,1186,삼성,-0.6,1.7,31,4,,,4,2,4,
1988,오대석,1022,삼성,-0.4,1.35,48,3,,,3,3,3,
1988,이만수,1025,삼성,4.6,2.91,4,5,,직전 5WAR+ +1 / 최근 5시즌 골든글러브 2회 · 1987 타점 1위 +1,5,5,5,
1988,이종두,1252,삼성,2.6,0.97,79,2,,직전 풀타임 0.5WAR 미만 −1,1,2,2,풀타임 최소 2코인
1988,이홍식,1374,삼성,-0.2,0.45,201,1,,,1,1,1,
1988,장태수,1027,삼성,2.2,1.43,45,3,,,3,3,3,
1988,장태수,1368,삼성,-0.3,0.71,123,2,,,2,1,2,
1988,장효조,1142,삼성,3.3,2.83,5,5,,직전 5WAR+ +1 / 최근 5시즌 골든글러브 2회 · 1987 타율 1위 +1 / 직전 MVP 5,5,5,5,
1988,전용권,1229,삼성,0.1,0.67,131,2,,,2,1,2,
1988,정성룡,1214,삼성,-0.5,0.7,126,2,,,2,1,2,
1988,정용생,1416,삼성,-0.4,0.45,177,1,,,1,1,1,
1988,정윤수,1417,삼성,-0.2,0.45,176,1,,,1,1,1,
1988,진동한,1231,삼성,0.6,1.9,20,4,,,4,2,4,
1988,허규옥,1034,삼성,0.7,1.81,25,4,,,4,3,4,
1988,홍성연,1402,삼성,-0.5,0.45,189,1,,,1,1,1,
1988,홍승규,1171,삼성,0.3,1.0,73,2,,,2,1,2,
1988,곽권희,1377,태평양,-0.1,0.45,200,1,,,1,1,1,
1988,금광옥,1003,태평양,0.4,0.86,91,2,,,2,1,2,
1988,김경남,1004,태평양,-0.6,0.58,146,1,,,1,1,1,
1988,김근석,1149,태평양,0.5,0.58,149,1,,,1,1,1,
1988,김동기,1281,태평양,4.5,1.15,59,3,,직전 5WAR+ +1,4,5,4,
1988,김바위,15155,태평양,1.9,1.73,28,4,,,4,3,4,
1988,김봉근,1223,태평양,0.0,0.89,90,2,,직전 풀타임 0.5WAR 미만 −1,1,2,2,풀타임 최소 2코인
1988,김신부,1321,태평양,1.5,1.0,74,2,,,2,2,2,
1988,김윤환,1343,태평양,1.5,0.72,115,2,,,2,2,2,
1988,김일권,1013,태평양,1.4,0.79,102,2,,,2,2,2,
1988,김일부,1405,태평양,0.7,0.45,187,1,,,1,2,2,풀타임 최소 2코인
1988,김일환,1061,태평양,-0.1,0.67,133,2,,,2,1,2,
1988,김진규,1385,태평양,0.4,0.45,198,1,,,1,1,1,
1988,박상국,1386,태평양,0.5,0.45,197,1,,,1,1,1,
1988,박상범,1407,태평양,-0.3,0.45,185,1,,,1,1,1,
1988,박정현,1408,태평양,-0.3,0.45,184,1,,,1,2,1,
1988,배경환,1184,태평양,-0.4,1.1,66,3,,,3,2,3,
1988,신완근,1410,태평양,1.6,0.45,182,1,,,1,2,2,풀타임 최소 2코인
1988,양상문,11470,태평양,1.8,1.73,29,4,,,4,3,4,
1988,양후승,1244,태평양,-0.2,0.75,105,2,,,2,1,2,
1988,여태구,1393,태평양,0.9,0.45,195,1,,,1,2,2,풀타임 최소 2코인
1988,오덕환,1296,태평양,-0.6,0.56,153,1,,,1,1,1,
1988,원원근,1395,태평양,1.2,0.45,194,1,,,1,1,1,
1988,유동효,1397,태평양,0.2,0.45,192,1,,,1,1,1,
1988,이광근,1301,태평양,2.3,0.91,85,2,,,2,1,2,
1988,이동수,1348,태평양,0.1,0.36,212,1,,,1,1,1,
1988,이상구,1413,태평양,0.3,0.45,180,1,,,1,2,2,풀타임 최소 2코인
1988,이선웅,1164,태평양,2.1,1.04,71,2,,,2,2,2,
1988,이연수,1350,태평양,-0.2,0.45,207,1,,,1,1,1,
1988,이해창,1141,태평양,0.9,1.86,22,4,,,4,3,4,
1988,임호균,1175,태평양,-0.2,1.47,39,4,,,4,3,4,
1988,정진호,1168,태평양,0.3,0.95,82,2,,,2,1,2,
1988,정현발,1051,태평양,-0.4,1.78,27,4,,,4,2,4,
1988,조병천,1333,태평양,2.1,0.59,145,1,,직전 풀타임 0.5WAR 미만 −1,1,2,2,풀타임 최소 2코인
1988,최영환,1099,태평양,0.2,0.57,150,1,,,1,1,1,
1988,최창호,1370,태평양,-0.1,0.46,172,1,,,1,2,1,
1988,김대현,1313,해태,1.1,0.89,88,2,,,2,2,2,
1988,김봉연,1005,해태,0.2,1.61,34,4,,,4,4,4,
1988,김성규,1372,해태,1.2,0.45,203,1,,,1,1,1,
1988,김성한,12726,해태,4.7,2.45,11,5,,직전 5WAR+ +1 / 최근 MVP · 최근 5시즌 골든글러브 2회 +1,5,5,5,
1988,김일환,1061,해태,-0.3,0.67,133,2,,,2,1,2,
1988,김정수,1314,해태,1.5,0.58,147,1,,직전 풀타임 0.5WAR 미만 −1,1,2,1,
1988,김종모,1064,해태,1.3,2.0,17,5,,최근 5시즌 골든글러브 2회 +1,5,3,5,
1988,김준환,1015,해태,1.0,0.79,101,2,,,2,2,2,
1988,김평호,1270,해태,-0.8,0.56,156,1,,,1,1,1,
1988,문희수,1225,해태,2.2,1.66,32,4,,,4,2,4,
1988,박철우,1337,해태,-0.6,0.6,143,1,,,1,2,1,
1988,방수원,1076,해태,3.5,0.73,107,2,,직전 풀타임 0.5WAR 미만 −1,1,2,2,풀타임 최소 2코인
1988,백인수,1338,해태,1.4,0.72,117,2,,,2,3,2,
1988,서정환,1042,해태,2.8,1.87,21,4,,,4,3,4,
1988,선동열,1263,해태,9.0,4.11,1,5,,직전 5WAR+ +1 / 최근 MVP · 1987 평균자책 1위 +1,5,5,5,
1988,송유석,1365,해태,0.3,0.56,154,1,,,1,2,1,
1988,신동수,1327,해태,2.6,0.63,142,1,,,1,3,2,풀타임 최소 2코인
1988,이건열,1300,해태,-1.3,0.52,164,1,,,1,1,1,
1988,이상윤,1085,해태,2.8,1.36,47,3,,,3,5,3,
1988,이순철,1250,해태,5.0,1.26,51,3,,,3,5,3,
1988,장채근,1271,해태,3.4,0.71,122,2,,,2,2,2,
1988,조도연,1230,해태,0.2,0.84,95,2,,,2,1,2,
1988,조재환,1340,해태,-0.1,0.72,116,2,,,2,1,2,
1988,조충열,1030,해태,-0.4,0.47,171,1,,,1,1,1,
1988,차동철,1316,해태,2.0,1.15,57,3,,,3,2,3,
1988,차영화,1033,해태,-0.3,0.54,159,1,,,1,1,1,
1988,최상주,1267,해태,-0.4,0.56,155,1,,,1,1,1,
1988,한대화,1144,해태,4.8,1.82,24,4,,최근 5시즌 골든글러브 2회 +1,5,5,5,
1989,김건우,1319,MBC,0.5,1.15,67,3,,,3,3,3,신인왕 다음 시즌 하한 4
1989,김경표,1202,MBC,-0.4,0.92,94,2,,,2,1,2,
1989,김기범,1469,MBC,0.0,0.45,197,1,,,1,2,2,풀타임 최소 2코인
1989,김기홍,1431,MBC,0.2,0.45,220,1,,,1,1,1,
1989,김덕근,1470,MBC,-0.5,0.45,196,1,,,1,1,1,
1989,김동재,1150,MBC,1.5,0.94,90,2,,,2,2,2,
1989,김상호,1380,MBC,2.8,0.72,124,2,,,2,2,2,
1989,김상훈,1193,MBC,2.0,2.03,13,5,,1988 타율 1위 +1,5,3,5,
1989,김영직,1342,MBC,0.4,0.59,148,1,,,1,1,1,
1989,김용수,1259,MBC,1.6,1.62,35,4,,,4,5,4,
1989,김재박,1062,MBC,4.3,2.03,14,5,,최근 5시즌 골든글러브 2회 +1,5,5,5,
1989,김진우,1138,MBC,-0.1,1.57,38,4,,,4,3,4,
1989,김태원,1289,MBC,2.8,0.54,158,1,,,1,4,2,풀타임 최소 2코인
1989,노찬엽,1439,MBC,2.2,0.45,215,1,,,1,2,2,풀타임 최소 2코인
1989,문병권,1406,MBC,0.1,0.72,119,2,,,2,1,2,
1989,민경삼,1291,MBC,0.2,0.73,113,2,,,2,1,2,
1989,박성훈,1442,MBC,-0.0,0.45,214,1,,,1,1,1,
1989,박흥식,14223,MBC,0.9,1.83,26,4,,,4,3,4,
1989,서효인,1293,MBC,1.3,0.56,153,1,,,1,1,1,
1989,신언호,1080,MBC,-0.3,0.57,152,1,,직전 풀타임 0.5WAR 미만 −1,1,1,1,
1989,심재원,1160,MBC,-0.7,0.73,112,2,,,2,1,2,
1989,예병준,1328,MBC,-0.7,0.75,108,2,,,2,1,2,
1989,오영일,1174,MBC,-0.7,1.4,48,3,,,3,3,3,
1989,유종겸,1107,MBC,1.1,1.14,69,3,,프랜차이즈 스타 +1,4,3,4,
1989,유지홍,1246,MBC,0.0,0.63,137,1,,,1,1,1,
1989,윤덕규,1247,MBC,3.1,1.42,46,3,,,3,2,3,
1989,이광은,1024,MBC,0.8,1.64,34,4,,최근 5시즌 골든글러브 2회 · 프랜차이즈 스타 +1,5,4,5,
1989,이국성,1412,MBC,0.3,0.7,128,2,,,2,2,2,
1989,이길환,1108,MBC,-0.5,0.98,87,2,,,2,2,2,
1989,이용철,1414,MBC,-0.8,0.72,116,2,,,2,2,4,신인왕 다음 시즌 하한 4
1989,이재홍,1485,MBC,0.6,0.45,185,1,,,1,1,1,
1989,정삼흠,1258,MBC,1.3,1.44,43,3,,직전 풀타임 0.5WAR 미만 −1,2,5,2,
1989,차동열,1032,MBC,-0.3,0.63,138,1,,,1,1,1,
1989,최훈재,1457,MBC,1.2,0.45,207,1,,,1,1,1,
1989,한명수,1493,MBC,0.9,0.45,181,1,,,1,1,1,
1989,강규성,1466,OB,0.1,0.45,200,1,,,1,1,1,
1989,계형철,1114,OB,1.1,1.56,39,4,,프랜차이즈 스타 +1,5,4,5,
1989,곽연수,1430,OB,-0.2,0.45,221,1,,,1,1,1,
1989,구동우,1468,OB,3.2,0.45,198,1,,,1,2,2,풀타임 최소 2코인
1989,구천서,1001,OB,0.8,1.04,80,2,,,2,3,2,
1989,길홍규,1378,OB,-0.1,0.45,235,1,,,1,1,1,
1989,김강익,1361,OB,0.2,0.55,155,1,,,1,1,1,
1989,김경문,11469,OB,0.1,0.81,102,2,,직전 풀타임 0.5WAR 미만 −1,1,1,1,
1989,김광림,1203,OB,1.6,2.04,12,5,,,5,5,5,
1989,김광수,1035,OB,1.1,1.77,30,4,,,4,3,4,
1989,김동현,1471,OB,0.7,0.45,195,1,,,1,2,2,풀타임 최소 2코인
1989,김용희,1383,OB,-0.0,0.45,234,1,,,1,1,1,
1989,김종석,1436,OB,-0.1,0.45,216,1,,,1,1,1,
1989,김진규,15156,OB,1.4,0.45,173,1,,,1,2,2,풀타임 최소 2코인
1989,김진욱,12962,OB,2.9,2.02,16,5,,,5,3,5,
1989,김진홍,1067,OB,0.2,0.45,240,1,,,1,1,1,
1989,김형균,1474,OB,0.7,0.45,192,1,,,1,1,1,
1989,김형석,1239,OB,3.3,1.19,59,3,,,3,2,3,
1989,김호근,1155,OB,0.4,0.74,110,2,,,2,1,2,
1989,박노준,1292,OB,2.4,0.78,107,2,,,2,2,2,
1989,박종훈,1139,OB,1.3,1.72,32,4,,,4,4,4,
1989,박철순,1105,OB,-0.1,1.01,81,2,,,2,5,2,
1989,박현영,1347,OB,-0.6,0.45,237,1,,,1,1,1,
1989,송재박,1390,OB,2.1,0.72,123,2,,직전 5WAR+ +1,3,2,3,
1989,신경식,1019,OB,2.6,1.43,44,3,,,3,3,3,
1989,안대환,1339,OB,-0.7,0.45,238,1,,,1,1,1,
1989,양세종,1020,OB,0.8,1.26,56,3,,,3,2,3,
1989,윤석환,1227,OB,0.3,1.72,31,4,,,4,4,4,
1989,이명수,1450,OB,3.0,0.45,209,1,,,1,2,2,풀타임 최소 2코인
1989,이복근,1275,OB,-0.3,0.8,105,2,,,2,1,2,
1989,이승희,1251,OB,-0.9,0.8,104,2,,,2,2,2,
1989,이진,1461,OB,0.6,0.45,205,1,,,1,2,2,풀타임 최소 2코인
1989,장호연,1177,OB,2.7,1.81,27,4,,,4,5,4,
1989,조범현,11476,OB,-0.3,0.45,172,1,,,1,1,1,
1989,조진구,1490,OB,0.2,0.45,183,1,,,1,1,1,
1989,최동창,1311,OB,1.4,0.45,239,1,,,1,1,1,
1989,최일언,1232,OB,0.4,2.42,7,5,,,5,5,5,
1989,구명근,1403,롯데,-0.5,0.51,164,1,,,1,1,1,
1989,김민호,1195,롯데,3.6,2.1,11,5,,직전 5WAR+ +1,5,4,5,
1989,김상우,1432,롯데,0.3,0.45,219,1,,,1,1,1,
1989,김선일,1433,롯데,-0.5,0.45,218,1,,,1,1,1,
1989,김시진,1173,롯데,1.5,2.4,9,5,,최근 5시즌 골든글러브 2회 +1,5,5,5,
1989,김용운,1008,롯데,0.4,0.85,99,2,,,2,1,2,
1989,김응국,1404,롯데,0.6,0.45,232,1,,,1,2,1,
1989,김인호,1435,롯데,-0.4,0.45,217,1,,,1,1,1,
1989,김재상,1063,롯데,-0.1,0.69,129,2,,,2,1,2,
1989,김청수,1473,롯데,4.7,0.45,193,1,,,1,2,2,풀타임 최소 2코인
1989,노상수,1125,롯데,-0.6,1.04,79,2,,,2,2,2,
1989,박동수,1262,롯데,0.3,1.29,53,3,,,3,2,3,
1989,박상국,1386,롯데,0.9,0.67,132,2,,,2,1,2,
1989,박영태,1157,롯데,-0.4,0.6,147,1,,,1,1,1,
1989,박태호,1346,롯데,0.9,0.46,168,1,,,1,1,1,
1989,서정용,1409,롯데,2.1,0.72,118,2,,,2,2,2,
1989,서호진,1478,롯데,1.8,0.45,189,1,,,1,2,2,풀타임 최소 2코인
1989,안창완,1220,롯데,-0.0,0.93,92,2,,,2,1,2,
1989,오대석,1022,롯데,-0.1,1.01,82,2,,,2,3,2,
1989,유두열,1140,롯데,-0.6,1.14,70,3,,,3,2,3,
1989,윤동배,1482,롯데,0.0,0.45,187,1,,,1,1,1,
1989,윤학길,1330,롯데,6.1,1.84,24,4,,직전 5WAR+ +1 / 1988 다승 1위 +1,5,5,5,
1989,이상번,1483,롯데,0.2,0.45,186,1,,,1,2,2,풀타임 최소 2코인
1989,이재성,1351,롯데,0.5,0.54,159,1,,,1,1,1,
1989,이종운,11473,롯데,0.3,0.45,176,1,,,1,1,1,
1989,이창원,1305,롯데,-0.4,0.63,140,1,,,1,1,1,
1989,장태수,1368,롯데,-0.2,0.56,154,1,,,1,1,1,
1989,장효조,1142,롯데,3.5,2.42,8,5,,최근 MVP · 최근 5시즌 골든글러브 2회 +1,5,5,5,
1989,전용권,1229,롯데,-0.3,0.69,130,2,,,2,1,2,
1989,정구선,1143,롯데,0.8,2.03,15,5,,최근 5시즌 골든글러브 2회 +1,5,5,5,
1989,정국헌,1355,롯데,0.0,0.45,236,1,,,1,1,1,
1989,조성옥,1200,롯데,1.9,0.72,114,2,,,2,2,2,
1989,최계영,1309,롯데,1.8,1.29,54,3,,,3,2,3,
1989,한문연,1145,롯데,1.1,1.01,83,2,,,2,2,2,
1989,한영준,1256,롯데,3.1,1.79,29,4,,,4,3,4,
1989,허규옥,1034,롯데,2.5,1.35,51,3,,,3,3,3,
1989,현남수,1460,롯데,0.9,0.45,206,1,,,1,1,1,
1989,강석천,1421,빙그레,1.0,0.45,230,1,,,1,2,1,
1989,강정길,1276,빙그레,1.0,0.91,95,2,,,2,2,2,
1989,고원부,1278,빙그레,2.9,1.16,61,3,,,3,3,3,
1989,김대중,1363,빙그레,1.2,1.15,63,3,,,3,2,3,
1989,김락기,1462,빙그레,3.3,0.45,204,1,,,1,2,2,풀타임 최소 2코인
1989,김상국,1282,빙그레,1.4,1.08,72,2,,,2,3,2,
1989,김성갑,1235,빙그레,1.6,0.81,103,2,,,2,2,2,
1989,김홍명,1401,빙그레,1.6,0.72,120,2,,,2,2,2,
1989,성군철,1444,빙그레,-0.2,0.45,212,1,,,1,1,1,
1989,손문곤,1326,빙그레,-0.3,0.5,166,1,,,1,1,1,
1989,송일섭,1159,빙그레,2.6,0.66,133,2,,,2,1,2,
1989,송진우,10597,빙그레,4.4,0.45,179,1,,,1,2,2,풀타임 최소 2코인
1989,유승안,1083,빙그레,5.1,1.92,19,4,,,4,4,4,
1989,이강돈,1299,빙그레,2.5,1.05,77,2,,1988 골든글러브 +1,3,4,3,
1989,이동석,1366,빙그레,-0.6,0.54,157,1,,,1,2,2,풀타임 최소 2코인
1989,이상군,12994,빙그레,4.6,1.84,22,4,,직전 5WAR+ +1 / 1988 세이브 1위 +1,5,5,5,
1989,이정훈,1352,빙그레,2.5,1.15,66,3,,1988 골든글러브 +1,4,5,4,신인왕 다음 시즌 하한 4
1989,이종호,1423,빙그레,-0.5,0.45,228,1,,,1,1,1,
1989,이중화,1353,빙그레,1.9,0.66,135,1,,,1,2,2,풀타임 최소 2코인
1989,장정순,1415,빙그레,1.4,0.57,150,1,,,1,2,1,
1989,장종훈,1354,빙그레,2.9,1.15,65,3,,1988 골든글러브 +1,4,5,4,
1989,전대영,1269,빙그레,1.0,0.64,136,1,,,1,1,1,
1989,조양근,1373,빙그레,1.4,0.47,167,1,,,1,2,2,풀타임 최소 2코인
1989,조용호,1358,빙그레,0.4,0.6,145,1,,,1,1,1,
1989,지성규,1418,빙그레,-0.1,0.61,143,1,,,1,1,1,
1989,진정필,1491,빙그레,0.2,0.45,182,1,,,1,1,1,
1989,한용덕,13282,빙그레,1.8,0.72,115,2,,,2,2,2,
1989,한희민,1336,빙그레,6.3,1.84,23,4,,직전 5WAR+ +1,5,5,5,
1989,황대연,1425,빙그레,0,0.45,226,1,,,1,1,1,
1989,황병일,1172,빙그레,0.1,0.75,109,2,,,2,1,2,
1989,강기웅,1420,삼성,3.1,0.45,231,1,,,1,2,2,풀타임 최소 2코인
1989,강만식,1119,삼성,-0.2,1.16,62,3,,,3,2,3,
1989,강영수,1428,삼성,-0.5,0.45,223,1,,,1,1,1,
1989,강종필,1429,삼성,-0.7,0.45,222,1,,,1,1,1,
1989,구윤,1272,삼성,1.4,0.57,151,1,,,1,2,2,풀타임 최소 2코인
1989,권영호,1104,삼성,1.6,1.93,18,4,,프랜차이즈 스타 +1,5,5,5,
1989,김상엽,1472,삼성,0.1,0.45,194,1,,,1,2,1,
1989,김성길,1360,삼성,7.5,1.15,64,3,,직전 5WAR+ +1,4,5,4,
1989,김성래,1196,삼성,0.1,2.91,2,5,,직전 5WAR+ +1 / 최근 5시즌 골든글러브 2회 +1,5,5,5,
1989,김성현,1284,삼성,1.3,0.62,141,1,,,1,1,1,
1989,김용국,1237,삼성,1.6,0.87,96,2,,,2,2,2,
1989,김용철,1009,삼성,1.9,2.39,10,5,,직전 5WAR+ +1 / 최근 5시즌 골든글러브 2회 +1,5,5,5,
1989,김정수,1344,삼성,-0.4,0.54,160,1,,,1,1,1,
1989,김종갑,1345,삼성,0.6,0.59,149,1,,,1,1,1,
1989,김훈기,1323,삼성,0.8,1.35,52,3,,,3,1,3,
1989,나광남,11427,삼성,-0.3,0.45,178,1,,,1,1,1,
1989,류중일,11467,삼성,1.5,0.78,106,2,,,2,2,2,
1989,박승호,1156,삼성,2.5,1.08,73,2,,,2,2,2,
1989,박용준,1476,삼성,-0.2,0.45,190,1,,,1,1,1,
1989,박정환,1039,삼성,-0.0,0.71,127,2,,,2,1,2,
1989,성준,1315,삼성,1.5,1.81,28,4,,,4,4,4,
1989,송광훈,1480,삼성,-0.5,0.45,188,1,,,1,1,1,
1989,안민석,1447,삼성,-0.3,0.45,211,1,,,1,1,1,
1989,양일환,1186,삼성,-0.8,1.28,55,3,,,3,2,3,
1989,오명록,1329,삼성,0.9,0.95,89,2,,,2,1,2,
1989,유명선,1465,삼성,2.7,0.45,201,1,,,1,2,2,풀타임 최소 2코인
1989,이만수,1025,삼성,4.2,2.8,3,5,,직전 5WAR+ +1 / 최근 5시즌 골든글러브 2회 · 프랜차이즈 스타 +1,5,5,5,
1989,이문한,1228,삼성,0.6,1.2,57,3,,,3,1,3,
1989,이종두,1252,삼성,1.5,1.49,42,4,,,4,3,4,
1989,이주헌,1486,삼성,-0.2,0.45,184,1,,,1,1,1,
1989,이현택,1398,삼성,0.7,0.45,233,1,,,1,1,1,
1989,장태수,1027,삼성,2.7,1.54,40,4,,,4,3,4,
1989,정성룡,1214,삼성,0.2,0.52,162,1,,,1,1,1,
1989,정윤수,1417,삼성,-0.7,0.5,165,1,,,1,1,1,
1989,진동한,1231,삼성,-1.0,1.43,45,3,,,3,2,3,
1989,최동원,1191,삼성,0.7,2.79,4,5,,,5,5,5,
1989,최무영,1312,삼성,-0.5,0.55,156,1,,,1,1,1,
1989,최해명,1427,삼성,0.1,0.45,224,1,,,1,1,1,
1989,홍성연,1402,삼성,0.4,0.39,243,1,,,1,2,2,풀타임 최소 2코인
1989,홍승규,1171,삼성,-0.3,0.85,98,2,,,2,1,2,
1989,곽권희,1377,태평양,0.1,0.52,161,1,,,1,1,1,
1989,김동기,1281,태평양,4.7,1.84,25,4,,직전 5WAR+ +1,5,5,5,
1989,김바위,15155,태평양,1.5,1.59,37,4,,,4,3,4,
1989,김봉근,1223,태평양,-0.1,0.72,126,2,,직전 풀타임 0.5WAR 미만 −1,1,2,1,
1989,김신부,1321,태평양,-0.3,1.19,58,3,,,3,2,3,
1989,김윤환,1343,태평양,0.9,1.06,75,2,,,2,2,2,
1989,김일권,1013,태평양,1.8,1.06,76,2,,,2,2,2,
1989,김진규,1385,태평양,0.5,0.66,134,1,,,1,1,1,
1989,김한근,1037,태평양,2.1,1.07,74,2,,,2,2,2,
1989,노민승,1475,태평양,-0.2,0.45,191,1,,,1,1,1,
1989,박상범,1407,태평양,-0.1,0.46,170,1,,,1,1,1,
1989,박은진,1463,태평양,1.2,0.45,203,1,,,1,2,1,
1989,박정현,1408,태평양,8.3,0.46,169,1,,,1,2,2,풀타임 최소 2코인
1989,박준태,1443,태평양,0.4,0.45,213,1,,,1,1,1,
1989,배경환,1184,태평양,-0.1,0.82,100,2,,,2,1,2,
1989,신완근,1410,태평양,0.6,0.72,117,2,,,2,1,2,
1989,양상문,11470,태평양,3.4,1.61,36,4,,,4,3,4,
1989,양후승,1244,태평양,0.1,0.6,146,1,,,1,1,1,
1989,여태구,1393,태평양,1.3,0.72,122,2,,,2,2,2,
1989,원원근,1395,태평양,2.5,0.72,121,2,,,2,2,2,
1989,유동효,1397,태평양,1.6,0.6,144,1,,,1,1,1,
1989,이광근,1301,태평양,1.1,1.36,49,3,,,3,1,3,
1989,이광길,1163,태평양,2.4,0.98,86,2,,,2,2,2,
1989,이상구,1413,태평양,-0.1,0.63,139,1,,직전 풀타임 0.5WAR 미만 −1,1,1,1,
1989,이선웅,1164,태평양,2.2,1.36,50,3,,,3,2,3,
1989,이희성,1455,태평양,0,0.45,208,1,,,1,1,1,
1989,임호균,1175,태평양,0.2,1.1,71,2,,,2,3,2,
1989,정명원,1464,태평양,2.0,0.45,202,1,,,1,2,2,풀타임 최소 2코인
1989,정영기,1029,태평양,0.3,0.85,97,2,,,2,1,2,
1989,정은배,1266,태평양,-0.4,0.74,111,2,,,2,1,2,
1989,정진호,1168,태평양,-0.1,0.81,101,2,,,2,1,2,
1989,조병천,1333,태평양,-0.1,0.94,91,2,,,2,1,2,
1989,천창호,1110,태평양,-0.2,0.99,85,2,,,2,2,2,
1989,최창호,1370,태평양,6.9,0.52,163,1,,,1,2,2,풀타임 최소 2코인
1989,허정욱,1494,태평양,0.5,0.45,180,1,,,1,1,1,
1989,홍문종,1194,태평양,1.4,1.86,21,4,,,4,4,4,
1989,강태원,1467,해태,-0.5,0.45,199,1,,,1,1,1,
1989,김성규,1372,해태,-0.2,0.72,125,2,,,2,1,2,
1989,김성한,12726,해태,5.7,2.65,5,5,,직전 5WAR+ +1 / 최근 5시즌 골든글러브 2회 · 프랜차이즈 스타 · 1988 타점·홈런 1위 +1 / 직전 MVP 5,5,5,5,
1989,김정수,1314,해태,1.5,0.92,93,2,,,2,2,2,
1989,김종모,1064,해태,-0.7,1.52,41,4,,최근 5시즌 골든글러브 2회 · 프랜차이즈 스타 +1,5,3,5,
1989,김준환,1015,해태,-0.1,0.96,88,2,,,2,2,2,
1989,김태완,1422,해태,-0.3,0.45,229,1,,,1,1,1,
1989,김평호,1270,해태,0.0,0.42,242,1,,,1,1,1,
1989,문승훈,11428,해태,0.9,0.45,177,1,,,1,1,1,
1989,문희수,1225,해태,1.2,1.7,33,4,,,4,2,4,
1989,박철우,1337,해태,3.0,0.45,171,1,,,1,2,2,풀타임 최소 2코인
1989,방수원,1076,해태,0.2,1.16,60,3,,,3,2,3,
1989,백인수,1338,해태,3.0,1.05,78,2,,,2,3,2,
1989,서정환,1042,해태,1.1,1.89,20,4,,,4,3,4,
1989,선동열,1263,해태,8.3,4.69,1,5,,직전 5WAR+ +1 / 최근 MVP · 최근 5시즌 골든글러브 2회 · 1988 탈삼진·평균자책 1위 +1 / 직전 투수 골든글러브 5,5,5,5,
1989,송유석,1365,해태,-0.1,0.68,131,2,,,2,2,2,
1989,신동수,1327,해태,2.6,1.0,84,2,,,2,3,2,
1989,윤재호,1448,해태,0.1,0.45,210,1,,,1,1,1,
1989,이강철,13923,해태,4.3,0.45,174,1,,,1,2,2,풀타임 최소 2코인
1989,이건열,1300,해태,-0.7,0.39,244,1,,,1,1,1,
1989,이광우,1426,해태,0.5,0.45,225,1,,,1,2,2,풀타임 최소 2코인
1989,이순철,1250,해태,1.7,2.01,17,5,,직전 5WAR+ +1 / 최근 5시즌 골든글러브 2회 +1,5,5,5,
1989,장채근,1271,해태,2.0,1.14,68,3,,1988 골든글러브 +1,4,3,4,
1989,장호익,1424,해태,-0.6,0.45,227,1,,,1,1,1,
1989,조계현,12724,해태,4.0,0.45,175,1,,,1,2,2,풀타임 최소 2코인
1989,조재환,1340,해태,0.5,0.62,142,1,,,1,1,1,
1989,조충열,1030,해태,0.5,0.44,241,1,,,1,2,2,풀타임 최소 2코인
1989,차동철,1316,해태,0.2,1.41,47,3,,,3,2,3,
1989,한대화,1144,해태,5.4,2.44,6,5,,직전 5WAR+ +1 / 최근 5시즌 골든글러브 2회 +1,5,5,5,
1990,김건우,1319,LG,-0.3,0.98,84,2,,,2,3,2,변동 완충(−1까지)
1990,김기범,1469,LG,1.3,0.55,175,1,,직전 풀타임 0.5WAR 미만 −1,1,2,2,풀타임 최소 2코인
1990,김기홍,1431,LG,-0.3,0.6,162,1,,,1,1,1,
1990,김덕근,1470,LG,-0.1,0.42,238,1,,,1,1,1,
1990,김동수,10386,LG,5.1,0.45,195,1,,,1,2,2,풀타임 최소 2코인
1990,김동재,1150,LG,2.1,1.11,69,3,,,3,2,3,
1990,김상훈,1193,LG,2.5,1.67,26,4,,,4,3,4,
1990,김선진,1497,LG,0.5,0.45,226,1,,,1,1,1,
1990,김신부,1321,LG,0.4,0.89,90,2,,직전 풀타임 0.5WAR 미만 −1,1,2,2,전수 판정: 추가 확인(직전 시즌 1군 역할)
1990,김영직,1342,LG,1.3,0.69,141,1,,,1,1,1,
1990,김용수,1259,LG,5.6,1.74,23,4,,1989 세이브 1위 +1,5,5,5,
1990,김재박,1062,LG,1.1,2.25,10,5,,직전 5WAR+ +1 / 최근 5시즌 골든글러브 2회 +1,5,5,5,
1990,김종철,1548,LG,-0.1,0.45,203,1,,,1,1,1,
1990,김태원,1289,LG,5.6,0.86,91,2,,,2,4,2,
1990,나웅,1438,LG,0.6,0.45,231,1,,,1,1,1,
1990,노찬엽,1439,LG,2.8,0.72,130,2,,,2,2,2,
1990,문병권,1406,LG,2.5,0.66,145,1,,,1,2,2,풀타임 최소 2코인
1990,민경삼,1291,LG,0.6,0.69,140,1,,,1,1,1,
1990,박흥식,14223,LG,1.3,1.37,43,3,,,3,3,3,
1990,신언호,1080,LG,-0.4,0.51,184,1,,,1,1,1,
1990,심재원,1160,LG,0.3,0.55,174,1,,,1,1,1,
1990,양승관,1021,LG,0.0,0.75,105,2,,,2,2,2,
1990,예병준,1328,LG,-0.3,0.56,170,1,,,1,1,1,
1990,유종겸,1107,LG,-0.2,1.12,67,3,,,3,2,3,
1990,유지홍,1246,LG,-0.4,0.62,154,1,,,1,1,1,
1990,윤덕규,1247,LG,3.6,1.72,24,4,,,4,4,4,
1990,이광은,1024,LG,2.4,1.23,57,3,,최근 5시즌 골든글러브 2회 +1,4,4,4,
1990,이국성,1412,LG,1.9,0.75,106,2,,직전 풀타임 0.5WAR 미만 −1,1,2,2,풀타임 최소 2코인
1990,이병훈,1498,LG,-0.2,0.45,225,1,,,1,1,1,
1990,이용철,1414,LG,0.7,0.54,179,1,,직전 풀타임 0.5WAR 미만 −1,1,1,1,
1990,정삼흠,1258,LG,4.6,1.3,52,3,,,3,5,3,
1990,조필현,1532,LG,-0.7,0.45,214,1,,,1,1,1,
1990,차동철,1316,LG,0.1,1.05,76,2,,,2,2,2,
1990,최일언,1232,LG,0.4,1.81,19,4,,직전 풀타임 0.5WAR 미만 −1,3,5,3,
1990,최훈재,1457,LG,0.4,0.72,128,2,,,2,2,2,
1990,한명수,1493,LG,0.0,0.72,118,2,,,2,1,2,
1990,강규성,1466,OB,0.3,0.56,171,1,,,1,1,1,
1990,계형철,1114,OB,-0.4,1.28,54,3,,프랜차이즈 스타 +1,4,4,4,
1990,곽연수,1430,OB,0.2,0.48,188,1,,,1,1,1,
1990,구동우,1468,OB,2.7,0.72,122,2,,,2,2,2,
1990,구천서,1001,OB,1.4,0.98,86,2,,,2,3,2,
1990,권영구,1543,OB,-0.2,0.45,207,1,,,1,1,1,
1990,길홍규,1378,OB,-0.4,0.51,183,1,,,1,1,1,
1990,김광림,1203,OB,-0.7,1.57,30,4,,,4,5,4,
1990,김광수,1035,OB,3.3,1.35,47,3,,,3,3,3,
1990,김동현,1471,OB,0.7,0.72,121,2,,,2,2,2,
1990,김보선,1546,OB,0.1,0.45,204,1,,,1,1,1,
1990,김상호,1380,OB,4.0,1.15,63,3,,,3,4,3,
1990,김종석,1436,OB,-0.0,0.52,182,1,,,1,1,1,
1990,김진규,15156,OB,0.2,0.72,113,2,,,2,1,2,
1990,김진욱,12962,OB,-1.1,1.94,15,5,,,5,3,5,
1990,김태형,11472,OB,-0.6,0.45,193,1,,,1,1,1,
1990,김형균,1474,OB,-0.3,0.71,135,1,,,1,1,1,
1990,김형석,1239,OB,3.5,1.68,25,4,,,4,3,4,
1990,박노준,1292,OB,1.0,1.24,55,3,,,3,2,3,
1990,박철순,1105,OB,0.4,0.76,101,2,,,2,4,2,
1990,박형열,1325,OB,0.8,0.45,234,1,,,1,2,2,풀타임 최소 2코인
1990,서일권,1388,OB,0.0,0.45,232,1,,,1,1,1,
1990,손병희,1551,OB,0.4,0.45,202,1,,,1,1,1,
1990,송재박,1390,OB,0.8,1.15,62,3,,,3,2,3,
1990,신경식,1019,OB,1.3,1.59,28,4,,,4,3,4,
1990,안대환,1339,OB,0.2,0.37,243,1,,,1,1,1,
1990,양세종,1020,OB,0.0,1.06,74,2,,,2,2,2,
1990,윤석환,1227,OB,-0.2,1.29,53,3,,,3,4,3,
1990,이명수,1450,OB,0.6,0.72,129,2,,,2,4,2,
1990,이복근,1275,OB,0.1,0.61,157,1,,,1,1,1,
1990,이상훈,1349,OB,-0.1,0.6,160,1,,,1,1,1,
1990,이진,1461,OB,-0.8,0.71,136,1,,,1,1,1,
1990,임형석,1524,OB,1.4,0.45,217,1,,,1,1,1,
1990,장호연,1177,OB,0.3,1.76,22,4,,프랜차이즈 스타 +1,5,5,5,
1990,정삼룡,1528,OB,-1.1,0.45,216,1,,,1,1,1,
1990,정재호,1530,OB,0.4,0.45,215,1,,,1,1,1,
1990,조범현,11476,OB,-0.7,0.47,189,1,,,1,1,1,
1990,조정수,1558,OB,0.1,0.45,197,1,,,1,1,1,
1990,최동창,1311,OB,1.3,0.72,134,1,,,1,1,1,
1990,홍길남,1495,OB,-0.1,0.45,228,1,,,1,1,1,
1990,강민기,1542,롯데,-0.3,0.45,208,1,,,1,1,1,
1990,고정식,1376,롯데,-0.4,0.45,233,1,,,1,1,1,
1990,공필성,1503,롯데,0.7,0.45,222,1,,,1,1,1,
1990,김도형,1544,롯데,-0.1,0.45,206,1,,,1,1,1,
1990,김민호,1195,롯데,3.2,2.1,13,5,,,5,4,5,
1990,김병수,1507,롯데,1.0,0.45,220,1,,,1,1,1,
1990,김상우,1432,롯데,0.5,0.62,153,1,,,1,1,1,
1990,김선일,1433,롯데,-0.1,0.42,239,1,,,1,1,1,
1990,김시진,1173,롯데,2.1,1.8,20,4,,최근 5시즌 골든글러브 2회 +1,5,5,5,
1990,김용운,1008,롯데,-0.1,0.79,97,2,,,2,1,2,
1990,김응국,1404,롯데,3.0,0.7,139,1,,,1,2,2,풀타임 최소 2코인
1990,김재상,1063,롯데,-0.5,0.6,161,1,,,1,1,1,
1990,김종석,1364,롯데,0.1,0.61,158,1,,,1,1,1,
1990,김청수,1473,롯데,2.4,0.72,120,2,,직전 5WAR+ +1,3,3,3,
1990,노상수,1125,롯데,0.3,0.78,99,2,,,2,2,2,
1990,박동수,1262,롯데,-0.2,0.97,88,2,,직전 풀타임 0.5WAR 미만 −1,1,2,2,풀타임 최소 2코인
1990,박동희,1539,롯데,3.7,0.45,211,1,,,1,2,2,풀타임 최소 2코인
1990,박상국,1386,롯데,-0.2,0.86,92,2,,,2,1,2,
1990,박영태,1157,롯데,1.0,0.49,187,1,,,1,1,1,
1990,서정용,1409,롯데,0.3,1.15,60,3,,,3,1,3,
1990,서호진,1478,롯데,1.1,0.72,119,2,,,2,2,2,
1990,손길호,1516,롯데,-1.2,0.45,219,1,,,1,1,1,
1990,안창완,1220,롯데,0.3,0.73,110,2,,,2,1,2,
1990,오대석,1022,롯데,0.1,0.76,102,2,,직전 풀타임 0.5WAR 미만 −1,1,2,1,
1990,유두열,1140,롯데,0.5,0.85,95,2,,,2,1,2,
1990,윤동배,1482,롯데,-0.6,0.55,176,1,,,1,2,2,풀타임 최소 2코인
1990,윤학길,1330,롯데,1.4,2.67,5,5,,직전 5WAR+ +1,5,5,5,
1990,이상구,1413,롯데,-0.1,0.59,163,1,,,1,1,1,
1990,이상번,1483,롯데,0.8,0.61,159,1,,직전 풀타임 0.5WAR 미만 −1,1,1,1,
1990,이재성,1351,롯데,-0.1,0.7,138,1,,,1,1,1,
1990,임경택,1306,롯데,0.7,0.57,166,1,,,1,1,1,
1990,장태수,1368,롯데,-0.2,0.54,180,1,,,1,1,1,
1990,장효조,1142,롯데,2.3,2.2,11,5,,최근 MVP · 최근 5시즌 골든글러브 2회 +1,5,5,5,
1990,전용권,1229,롯데,0.0,0.56,172,1,,,1,1,1,
1990,정구선,1143,롯데,0.2,1.52,35,4,,,4,5,4,
1990,조성옥,1200,롯데,0.6,1.14,65,3,,,3,2,3,
1990,최계영,1309,롯데,2.5,1.33,49,3,,,3,2,3,
1990,한문연,1145,롯데,1.7,1.04,79,2,,,2,2,2,
1990,한영준,1256,롯데,3.5,1.85,17,5,,,5,3,5,
1990,허규옥,1034,롯데,0.7,1.52,34,4,,,4,3,4,
1990,현남수,1460,롯데,0.1,0.72,127,2,,,2,1,2,
1990,강석천,1421,빙그레,3.8,0.72,131,2,,,2,2,2,
1990,강정길,1276,빙그레,0.4,0.98,85,2,,,2,2,2,
1990,고원부,1278,빙그레,1.0,1.54,33,4,,1989 골든글러브 · 1989 타율 1위 +1,5,3,5,
1990,김대중,1363,빙그레,1.9,1.12,66,3,,,3,2,3,
1990,김락기,1462,빙그레,0.1,0.72,126,2,,,2,2,2,
1990,김상국,1282,빙그레,3.7,1.16,59,3,,,3,3,3,
1990,김성갑,1235,빙그레,0.2,1.08,72,2,,,2,1,2,
1990,김홍명,1401,빙그레,2.0,1.04,80,2,,,2,2,2,
1990,송일섭,1159,빙그레,0.2,1.06,73,2,,,2,2,2,
1990,송진우,10597,빙그레,5.8,0.72,117,2,,직전 5WAR+ +1,3,5,3,
1990,유승안,1083,빙그레,3.4,2.41,7,5,,직전 5WAR+ +1 / 최근 5시즌 골든글러브 2회 · 1989 타점 1위 +1,5,4,5,
1990,이강돈,1299,빙그레,4.4,1.42,41,4,,최근 5시즌 골든글러브 2회 +1,5,4,5,
1990,이동석,1366,빙그레,0.8,0.45,192,1,,직전 풀타임 0.5WAR 미만 −1,1,1,1,
1990,이상군,12994,빙그레,2.2,2.31,8,5,,직전 5WAR+ +1,5,5,5,
1990,이정훈,1352,빙그레,3.0,1.45,39,4,,,4,5,4,
1990,이종호,1423,빙그레,0.0,0.41,240,1,,,1,1,1,
1990,이중화,1353,빙그레,0.5,1.05,77,2,,,2,2,2,
1990,이효봉,1556,빙그레,-0.2,0.45,199,1,,,1,1,1,
1990,장정순,1415,빙그레,2.5,0.91,89,2,,,2,2,2,
1990,장종훈,1354,빙그레,6.3,1.55,31,4,,,4,5,4,
1990,전대영,1269,빙그레,0.8,0.86,94,2,,,2,1,2,
1990,조양근,1373,빙그레,-0.0,0.75,107,2,,,2,1,2,
1990,지화동,1533,빙그레,-0.2,0.45,213,1,,,1,1,1,
1990,진상봉,1534,빙그레,0.1,0.45,212,1,,,1,1,1,
1990,진정필,1491,빙그레,0.5,0.63,151,1,,,1,1,1,
1990,한용덕,13282,빙그레,5.5,1.11,68,3,,,3,2,3,
1990,한희민,1336,빙그레,1.9,2.79,3,5,,직전 5WAR+ +1,5,5,5,
1990,황대연,1425,빙그레,0.1,0.54,178,1,,,1,1,1,
1990,황병일,1172,빙그레,-0.9,0.68,143,1,,,1,1,1,
1990,강기웅,1420,삼성,3.1,0.72,132,2,,1989 골든글러브 +1,3,3,3,
1990,강영수,1428,삼성,1.4,0.42,236,1,,,1,1,1,
1990,김상엽,1472,삼성,4.3,0.56,169,1,,,1,2,2,풀타임 최소 2코인
1990,김성길,1360,삼성,2.9,1.84,18,4,,직전 5WAR+ +1,5,5,5,
1990,김성래,1196,삼성,0.5,2.18,12,5,,최근 5시즌 골든글러브 2회 +1,5,5,5,
1990,김용국,1237,삼성,0.7,1.1,71,2,,,2,2,2,
1990,김용철,1009,삼성,0.7,1.79,21,4,,,4,5,4,
1990,김종갑,1345,삼성,0.2,0.75,103,2,,,2,1,2,
1990,나광남,11427,삼성,-0.1,0.47,190,1,,,1,1,1,
1990,류중일,11467,삼성,6.5,1.06,75,2,,,2,2,2,
1990,박승호,1156,삼성,3.6,1.41,42,4,,,4,2,4,
1990,박용준,1476,삼성,0.0,0.5,185,1,,,1,1,1,
1990,박정환,1039,삼성,0.0,0.64,149,1,,,1,1,1,
1990,성준,1315,삼성,1.4,1.45,38,4,,,4,4,4,
1990,송광훈,1480,삼성,-0.4,0.42,237,1,,,1,1,1,
1990,오명록,1329,삼성,-0.1,1.0,82,2,,,2,1,2,
1990,유명선,1465,삼성,1.5,0.72,123,2,,,2,2,2,
1990,이만수,1025,삼성,4.6,2.54,6,5,,직전 5WAR+ +1 / 최근 5시즌 골든글러브 2회 · 프랜차이즈 스타 +1,5,5,5,
1990,이문한,1228,삼성,0.7,0.99,83,2,,,2,1,2,
1990,이상목,1553,삼성,0.0,0.45,201,1,,,1,2,1,
1990,이상훈,1554,삼성,-0.4,0.45,200,1,,,1,1,1,
1990,이종두,1252,삼성,3.1,1.34,48,3,,,3,3,3,
1990,이태일,1540,삼성,2.4,0.45,210,1,,,1,2,2,풀타임 최소 2코인
1990,이현택,1398,삼성,1.6,0.72,133,2,,,2,2,2,
1990,장태수,1027,삼성,0.8,1.65,27,4,,프랜차이즈 스타 +1,5,3,5,
1990,정성룡,1214,삼성,0.3,0.61,155,1,,,1,1,1,
1990,정윤수,1417,삼성,1.3,0.38,242,1,,,1,2,2,풀타임 최소 2코인
1990,최동원,1191,삼성,-0.0,2.1,14,5,,,5,5,5,
1990,최해명,1427,삼성,0.4,0.57,167,1,,,1,1,1,
1990,최현준,1560,삼성,-0.1,0.45,196,1,,,1,1,1,
1990,홍성연,1402,삼성,0.6,0.63,152,1,,직전 풀타임 0.5WAR 미만 −1,1,1,1,
1990,홍승규,1171,삼성,0.9,0.64,150,1,,,1,1,1,
1990,곽권희,1377,태평양,-0.2,0.58,165,1,,,1,1,1,
1990,김경기,1505,태평양,2.2,0.45,221,1,,,1,2,2,풀타임 최소 2코인
1990,김경문,11469,태평양,0.2,0.72,112,2,,,2,1,2,
1990,김동기,1281,태평양,3.6,2.28,9,5,,직전 5WAR+ +1,5,5,5,
1990,김력,1545,태평양,0.8,0.45,205,1,,,1,1,1,
1990,김바위,15155,태평양,-0.3,1.37,44,3,,,3,3,3,
1990,김윤환,1343,태평양,1.1,1.02,81,2,,,2,2,2,
1990,김인호,1435,태평양,1.8,0.44,235,1,,,1,1,1,
1990,김일권,1013,태평양,0.6,1.23,56,3,,1989 골든글러브 +1,4,2,4,
1990,김진규,1385,태평양,-0.3,0.75,104,2,,,2,1,2,
1990,김한근,1037,태평양,1.3,1.32,51,3,,,3,2,3,
1990,노민승,1475,태평양,0.3,0.5,186,1,,,1,1,1,
1990,박상범,1407,태평양,0,0.53,181,1,,,1,1,1,
1990,박은진,1463,태평양,3.8,0.72,125,2,,,2,2,2,
1990,박정현,1408,태평양,5.2,0.73,109,2,,직전 5WAR+ +1,3,5,3,
1990,배경환,1184,태평양,0.3,0.66,146,1,,,1,1,1,
1990,신완근,1410,태평양,-0.2,0.79,98,2,,,2,1,2,
1990,양상문,11470,태평양,2.7,1.93,16,5,,,5,3,5,
1990,여태구,1393,태평양,2.7,0.98,87,2,,,2,2,2,
1990,오영일,1174,태평양,-0.4,1.05,78,2,,,2,3,2,
1990,원원근,1395,태평양,-0.3,1.15,61,3,,,3,2,3,
1990,윤성훈,1520,태평양,-0.7,0.45,218,1,,,1,1,1,
1990,이광근,1301,태평양,1.5,1.18,58,3,,,3,1,3,
1990,이광길,1163,태평양,-0.3,1.35,46,3,,,3,1,3,
1990,이길환,1108,태평양,-0.4,0.73,108,2,,,2,2,2,
1990,이상대,1451,태평양,-0.1,0.45,230,1,,,1,1,1,
1990,이선웅,1164,태평양,1.4,1.46,36,4,,,4,2,4,
1990,이희성,1455,태평양,0.8,0.54,177,1,,,1,1,1,
1990,임호균,1175,태평양,0.0,0.86,93,2,,,2,2,2,
1990,정명원,1464,태평양,-0.7,0.72,124,2,,,2,2,2,
1990,정명진,1488,태평양,-0.0,0.45,229,1,,,1,1,1,
1990,정영기,1029,태평양,-0.9,0.77,100,2,,,2,1,2,
1990,정은배,1266,태평양,-0.1,0.56,168,1,,,1,1,1,
1990,정진호,1168,태평양,0.5,0.65,148,1,,,1,1,1,
1990,조병천,1333,태평양,1.4,0.71,137,1,,,1,2,2,풀타임 최소 2코인
1990,조영상,1557,태평양,0.0,0.45,198,1,,,1,1,1,
1990,최창호,1370,태평양,3.4,0.83,96,2,,직전 5WAR+ +1,3,5,3,
1990,허정욱,1494,태평양,0.8,0.65,147,1,,,1,2,2,풀타임 최소 2코인
1990,홍문종,1194,태평양,0.9,1.46,37,4,,,4,4,4,
1990,강대성,1541,해태,0.1,0.45,209,1,,,1,1,1,
1990,강태원,1467,해태,-0.6,0.41,241,1,,,1,1,1,
1990,김성규,1372,해태,0.6,0.59,164,1,,,1,1,1,
1990,김성한,12726,해태,2.4,2.86,2,5,,직전 5WAR+ +1 / 최근 MVP · 최근 5시즌 골든글러브 2회 · 프랜차이즈 스타 · 1989 홈런 1위 +1,5,5,5,
1990,김정수,1314,해태,2.1,1.1,70,3,,,3,2,3,
1990,김종모,1064,해태,2.2,1.14,64,3,,최근 5시즌 골든글러브 2회 · 프랜차이즈 스타 +1,4,3,4,
1990,김태완,1422,해태,-0.4,0.47,191,1,,,1,1,1,
1990,문승훈,11428,해태,0.2,0.72,116,2,,,2,1,2,
1990,문희수,1225,해태,0.6,1.35,45,3,,,3,2,3,
1990,박철우,1337,해태,2.0,0.73,111,2,,1989 골든글러브 +1,3,3,3,
1990,백인수,1338,해태,3.6,1.55,32,4,,,4,3,4,
1990,선동열,1263,해태,9.5,4.44,1,5,,직전 5WAR+ +1 / 최근 5시즌 골든글러브 2회 · 1989 다승·탈삼진·평균자책 1위 +1 / 직전 MVP 5,5,5,5,
1990,송유석,1365,해태,1.6,0.61,156,1,,,1,2,2,풀타임 최소 2코인
1990,신동수,1327,해태,2.0,1.43,40,4,,,4,3,4,
1990,윤재호,1448,해태,1.1,0.56,173,1,,,1,2,2,풀타임 최소 2코인
1990,이강철,13923,해태,5.8,0.72,114,2,,직전 5WAR+ +1,3,5,3,
1990,이건열,1300,해태,-0.8,0.34,244,1,,,1,1,1,
1990,이광우,1426,해태,-0.3,0.68,142,1,,,1,1,1,
1990,이순철,1250,해태,1.2,1.59,29,4,,최근 5시즌 골든글러브 2회 +1,5,5,5,
1990,이호성,1500,해태,3.2,0.45,223,1,,,1,2,2,풀타임 최소 2코인
1990,장채근,1271,해태,0.8,1.33,50,3,,,3,3,3,
1990,정회열,1496,해태,1.1,0.45,227,1,,,1,1,1,
1990,조계현,12724,해태,4.1,0.72,115,2,,,2,5,2,
1990,조충열,1030,해태,-0.8,0.66,144,1,,,1,1,1,
1990,최향남,10743,해태,-0.2,0.45,194,1,,,1,2,1,
1990,한대화,1144,해태,6.3,2.69,4,5,,직전 5WAR+ +1 / 최근 5시즌 골든글러브 2회 +1,5,5,5,
1990,홍현우,1499,해태,-0.3,0.45,224,1,,,1,2,1,
1991,강진규,1570,LG,-0.4,0.45,250,1,,,1,1,1,
1991,김건우,1319,LG,-0.2,0.74,118,2,,,2,3,2,
1991,김기덕,1618,LG,-0.0,0.45,230,1,,,1,1,1,
1991,김기범,1469,LG,3.4,0.88,99,2,,,2,2,2,
1991,김덕근,1470,LG,0.7,0.51,193,1,,,1,1,1,
1991,김동수,10386,LG,0.8,0.72,123,2,,직전 5WAR+ +1 / 1990 골든글러브 +1,4,5,4,신인왕 다음 시즌 하한 4
1991,김동재,1150,LG,0.3,1.34,44,4,,,4,2,4,
1991,김상훈,1193,LG,0.1,1.67,31,4,,,4,3,4,
1991,김선진,1497,LG,0.5,0.66,145,2,,,2,1,2,
1991,김성식,1625,LG,-0.8,0.45,223,1,,,1,1,1,
1991,김성일,1508,LG,-0.8,0.45,264,1,,,1,1,1,
1991,김영직,1342,LG,1.2,0.97,88,2,,,2,1,2,
1991,김용수,1259,LG,4.3,2.54,3,5,,직전 5WAR+ +1,5,5,5,
1991,김일권,1013,LG,-1.1,0.99,86,2,,,2,2,3,변동 완충(−1까지)
1991,김재박,1062,LG,2.4,1.69,28,4,,최근 5시즌 골든글러브 2회 +1,5,5,5,
1991,김종철,1548,LG,-0.1,0.52,185,1,,,1,1,1,
1991,김태원,1289,LG,0.7,1.38,40,4,,직전 5WAR+ +1,5,4,4,변동 완충(+2까지)
1991,나웅,1438,LG,-0.1,0.69,142,2,,,2,1,2,
1991,노찬엽,1439,LG,5.3,1.15,68,3,,,3,3,3,
1991,문병권,1406,LG,-0.1,1.06,77,3,,,3,2,3,
1991,민경삼,1291,LG,0.7,0.79,110,2,,,2,1,2,
1991,박흥식,14223,LG,-0.3,1.23,56,3,,,3,3,3,
1991,배현우,1631,LG,0.3,0.45,217,1,,,1,1,1,
1991,서왕권,1632,LG,0.1,0.45,216,1,,,1,1,1,
1991,서효인,1293,LG,-0.2,0.75,115,2,,,2,1,2,
1991,송구홍,1589,LG,0.2,0.45,247,1,,,1,2,1,
1991,오종우,1635,LG,-0.1,0.45,214,1,,,1,1,1,
1991,윤덕규,1247,LG,3.9,1.97,15,5,,,5,4,5,
1991,이광은,1024,LG,1.2,1.46,37,4,,최근 5시즌 골든글러브 2회 +1,5,4,5,
1991,이국성,1412,LG,-0.4,1.16,61,3,,,3,1,3,
1991,이병석,1637,LG,0.1,0.45,212,1,,,1,1,1,
1991,이병훈,1498,LG,0.2,0.48,195,1,,,1,1,1,
1991,이승배,1640,LG,0.1,0.45,211,1,,,1,1,1,
1991,이용철,1414,LG,-1.1,0.76,113,2,,,2,2,2,
1991,이우수,1594,LG,-0.1,0.45,244,1,,,1,1,1,
1991,전태건,1642,LG,0.3,0.45,210,1,,,1,1,1,
1991,정삼흠,1258,LG,1.5,2.08,10,5,,직전 5WAR+ +1,5,5,5,
1991,조필현,1532,LG,-0.1,0.37,276,1,,,1,1,1,
1991,최달호,1536,LG,0.1,0.45,258,1,,,1,1,1,
1991,최훈재,1457,LG,0.9,0.75,116,2,,,2,2,2,
1991,강병규,1613,OB,1.3,0.45,233,1,,,1,1,1,
1991,강영수,1428,OB,2.5,0.68,143,2,,,2,2,2,
1991,강형석,1501,OB,0.1,0.45,266,1,,,1,1,1,
1991,계형철,1114,OB,-0.6,0.96,92,2,,직전 풀타임 0.5WAR 미만 −1 / 프랜차이즈 스타 +1,2,3,2,
1991,곽연수,1430,OB,0.0,0.6,159,1,,,1,1,1,
1991,구동우,1468,OB,-0.6,1.15,66,3,,,3,2,3,
1991,구천서,1001,OB,0.0,1.1,74,3,,,3,3,3,
1991,권영일,1616,OB,-0.0,0.45,231,1,,,1,1,1,
1991,길홍규,1378,OB,0.3,0.47,197,1,,,1,1,1,
1991,김경문,11469,OB,-0.8,0.71,135,2,,,2,1,2,
1991,김광림,1203,OB,4.2,1.18,58,3,,,3,5,3,
1991,김광수,1035,OB,-0.6,1.72,26,4,,프랜차이즈 스타 +1,5,3,5,
1991,김동현,1471,OB,2.3,0.86,102,2,,,2,2,2,
1991,김보선,1546,OB,-0.2,0.57,168,1,,,1,1,1,
1991,김상진,1624,OB,1.9,0.45,224,1,,,1,2,2,풀타임 최소 2코인
1991,김상호,1380,OB,-0.3,1.82,22,4,,,4,4,4,
1991,김익재,1627,OB,-0.4,0.45,221,1,,,1,1,1,
1991,김종석,1436,OB,1.4,0.56,172,1,,,1,1,1,
1991,김진규,15156,OB,1.7,0.69,141,2,,,2,2,2,
1991,김진욱,12962,OB,-0.2,1.46,36,4,,직전 풀타임 0.5WAR 미만 −1,3,3,3,
1991,김태형,11472,OB,0.5,0.39,274,1,,,1,1,1,
1991,김형균,1474,OB,0.6,0.57,166,1,,,1,1,1,
1991,김형석,1239,OB,3.2,1.92,16,5,,,5,3,5,
1991,박노준,1292,OB,2.9,1.1,73,3,,,3,2,3,
1991,박철순,1105,OB,1.5,0.76,114,2,,직전 풀타임 0.5WAR 미만 −1 / 프랜차이즈 스타 +1,2,4,2,
1991,박현영,1347,OB,0.5,0.47,198,1,,,1,1,1,
1991,박형열,1325,OB,0.3,0.72,131,2,,,2,1,2,
1991,서일권,1388,OB,-0.2,0.55,177,1,,,1,1,1,
1991,손병희,1551,OB,1.0,0.63,151,2,,,2,1,2,
1991,안대환,1339,OB,0.8,0.55,174,1,,,1,1,1,
1991,이명수,1450,OB,0.5,0.8,108,2,,,2,4,2,
1991,이상훈,1349,OB,0.1,0.58,164,1,,,1,1,1,
1991,이종민,1595,OB,0.1,0.45,243,1,,,1,1,1,
1991,임형석,1524,OB,0.6,0.72,126,2,,,2,2,2,
1991,장호연,1177,OB,3.4,1.32,46,4,,직전 풀타임 0.5WAR 미만 −1 / 프랜차이즈 스타 +1,4,5,4,
1991,조정수,1558,OB,0.1,0.57,167,1,,,1,1,1,
1991,최동창,1311,OB,0.8,0.97,89,2,,,2,1,2,
1991,최재룡,1605,OB,0.1,0.45,238,1,,,1,1,1,
1991,하창우,1419,OB,-0.3,0.51,192,1,,,1,1,1,
1991,홍길남,1495,OB,-0.5,0.52,183,1,,,1,1,1,
1991,공필성,1503,롯데,0.5,0.71,136,2,,,2,1,2,
1991,김도형,1544,롯데,-0.0,0.52,182,1,,,1,1,1,
1991,김민호,1195,롯데,4.8,2.01,12,5,,프랜차이즈 스타 +1,5,4,5,
1991,김병수,1507,롯데,-0.2,0.72,127,2,,,2,1,2,
1991,김선일,1433,롯데,-0.1,0.51,191,1,,,1,1,1,
1991,김시진,1173,롯데,-0.1,1.62,33,4,,,4,5,4,
1991,김응국,1404,롯데,4.8,1.12,72,3,,,3,4,3,
1991,김종석,1364,롯데,1.4,0.64,149,2,,,2,2,2,
1991,김종헌,1511,롯데,-0.0,0.45,263,1,,,1,1,1,
1991,김청수,1473,롯데,3.3,1.15,65,3,,,3,3,3,
1991,김태석,1628,롯데,-0.2,0.45,220,1,,,1,1,1,
1991,김태형,1610,롯데,3.9,0.45,235,1,,,1,2,2,풀타임 최소 2코인
1991,박동수,1262,롯데,0.3,0.72,121,2,,직전 풀타임 0.5WAR 미만 −1,1,2,2,풀타임 최소 2코인
1991,박동희,1539,롯데,5.8,0.72,125,2,,,2,4,2,
1991,박상국,1386,롯데,-0.1,0.64,148,2,,,2,1,2,
1991,박영태,1157,롯데,0.1,0.78,111,2,,,2,1,2,
1991,박정태,1561,롯데,4.2,0.45,257,1,,,1,2,2,풀타임 최소 2코인
1991,박태호,1346,롯데,-0.1,0.66,144,2,,,2,1,2,
1991,서정용,1409,롯데,0.1,0.9,97,2,,,2,1,2,
1991,서호진,1478,롯데,-0.4,1.05,78,3,,,3,1,3,
1991,손길호,1516,롯데,0.0,0.34,279,1,,,1,1,1,
1991,안명호,1568,롯데,-0.1,0.45,251,1,,,1,1,1,
1991,안창완,1220,롯데,0.1,0.73,120,2,,,2,1,2,
1991,오대석,1022,롯데,1.3,0.7,138,2,,,2,2,2,
1991,유두열,1140,롯데,0.8,0.82,106,2,,,2,1,2,
1991,유충돌,1518,롯데,-0.2,0.45,261,1,,,1,1,1,
1991,윤동배,1482,롯데,-0.4,0.43,272,1,,직전 풀타임 0.5WAR 미만 −1,1,1,1,
1991,윤학길,1330,롯데,5.2,2.01,13,5,,,5,5,5,
1991,이동채,1522,롯데,-0.4,0.45,260,1,,,1,1,1,
1991,이상구,1413,롯데,-0.6,0.57,165,1,,,1,1,1,
1991,이종운,11473,롯데,0.8,0.58,163,1,,,1,1,1,
1991,장효조,1142,롯데,6.2,1.83,20,5,,최근 5시즌 골든글러브 2회 +1,5,5,5,
1991,전용권,1229,롯데,-0.0,0.6,158,1,,,1,1,1,
1991,전준호,10418,롯데,3.3,0.45,207,1,,,1,2,2,풀타임 최소 2코인
1991,조성옥,1200,롯데,0.5,0.96,94,2,,,2,1,2,
1991,최계영,1309,롯데,0.2,1.51,34,4,,,4,2,4,
1991,한문연,1145,롯데,1.3,1.2,57,3,,,3,2,3,
1991,한영준,1256,롯데,0.8,1.99,14,5,,,5,3,5,
1991,강석천,1421,빙그레,1.9,1.15,69,3,,,3,3,3,
1991,강정길,1276,빙그레,2.7,0.84,103,2,,직전 풀타임 0.5WAR 미만 −1,1,2,2,풀타임 최소 2코인
1991,고원부,1278,빙그레,-0.3,1.24,55,3,,,3,3,4,변동 완충(−1까지)
1991,김기열,1620,빙그레,-0.3,0.45,228,1,,,1,1,1,
1991,김대중,1363,빙그레,1.7,1.32,47,4,,,4,2,4,
1991,김상국,1282,빙그레,3.5,1.76,25,4,,,4,3,4,
1991,김석연,1562,빙그레,-0.3,0.45,256,1,,,1,1,1,
1991,김인권,1609,빙그레,3.3,0.45,236,1,,,1,2,2,풀타임 최소 2코인
1991,김홍명,1401,빙그레,-0.3,1.27,53,3,,,3,1,3,
1991,성군철,1444,빙그레,-0.5,0.52,188,1,,,1,1,1,
1991,송진우,10597,빙그레,5.4,1.15,64,3,,직전 5WAR+ +1 / 1990 세이브 1위 +1,5,5,5,
1991,양용모,1563,빙그레,0.0,0.45,255,1,,,1,1,1,
1991,유승안,1083,빙그레,-0.4,2.17,7,5,,최근 5시즌 골든글러브 2회 +1,5,4,5,
1991,이강돈,1299,빙그레,1.8,2.04,11,5,,직전 5WAR+ +1 / 최근 5시즌 골든글러브 2회 · 1990 타율 1위 +1,5,4,5,
1991,이동석,1366,빙그레,1.5,0.72,122,2,,,2,1,2,
1991,이상군,12994,빙그레,0.0,1.83,19,5,,,5,5,5,
1991,이은승,1484,빙그레,0.1,0.45,267,1,,,1,1,1,
1991,이정훈,1352,빙그레,6.0,1.69,29,4,,최근 5시즌 골든글러브 2회 +1,5,5,5,
1991,이종호,1423,빙그레,-0.6,0.53,181,1,,,1,1,1,
1991,이중화,1353,빙그레,2.4,0.89,98,2,,,2,2,2,
1991,임성우,1565,빙그레,0.2,0.45,254,1,,,1,1,1,
1991,임주택,1566,빙그레,0,0.45,253,1,,,1,1,1,
1991,장정순,1415,빙그레,2.8,1.38,39,4,,,4,2,4,
1991,장종훈,1354,빙그레,7.2,2.48,5,5,,직전 5WAR+ +1 / 최근 5시즌 골든글러브 2회 · 1990 타점·홈런 1위 +1,5,5,5,
1991,전대영,1269,빙그레,2.2,0.91,95,2,,,2,1,2,
1991,조양근,1373,빙그레,-0.1,0.65,146,2,,,2,1,2,
1991,지화동,1533,빙그레,-1.1,0.48,196,1,,,1,1,1,
1991,진상봉,1534,빙그레,0,0.55,175,1,,,1,1,1,
1991,진정필,1491,빙그레,1.1,0.74,119,2,,,2,2,2,
1991,한용덕,13282,빙그레,7.6,1.78,24,4,,직전 5WAR+ +1,5,5,5,
1991,한희민,1336,빙그레,2.2,2.09,9,5,,,5,5,5,
1991,황대연,1425,빙그레,2.6,0.61,157,1,,,1,2,2,풀타임 최소 2코인
1991,강기웅,1420,삼성,2.3,1.15,70,3,,최근 5시즌 골든글러브 2회 +1,4,3,4,
1991,강종필,1429,삼성,1.2,0.45,271,1,,,1,1,1,
1991,김상엽,1472,삼성,0.6,0.9,96,2,,직전 5WAR+ +1,3,5,3,
1991,김성길,1360,삼성,5.2,1.87,18,5,,,5,5,5,
1991,김성래,1196,삼성,0.1,1.64,32,4,,최근 5시즌 골든글러브 2회 · 프랜차이즈 스타 +1,5,4,5,
1991,김용국,1237,삼성,3.5,0.97,90,2,,,2,2,2,
1991,김용철,1009,삼성,0.7,1.34,43,4,,,4,5,4,
1991,김정수,1344,삼성,-0.5,0.52,186,1,,,1,1,1,
1991,김종갑,1345,삼성,0.3,0.71,134,2,,,2,1,2,
1991,류중일,11467,삼성,2.9,1.69,27,4,,직전 5WAR+ +1,5,4,4,변동 완충(+2까지)
1991,박승호,1156,삼성,1.5,1.82,21,4,,1990 골든글러브 +1,5,2,5,
1991,박용준,1476,삼성,0.8,0.56,170,1,,,1,2,2,풀타임 최소 2코인
1991,박정환,1039,삼성,0.1,0.62,152,2,,,2,1,2,
1991,성준,1315,삼성,3.6,1.3,51,3,,,3,4,3,
1991,손영철,1633,삼성,0.8,0.45,215,1,,,1,1,1,
1991,신경식,1019,삼성,2.5,1.31,49,3,,,3,3,3,
1991,유명선,1465,삼성,3.4,1.04,82,2,,,2,2,2,
1991,윤석환,1227,삼성,-0.1,0.97,91,2,,,2,3,2,
1991,윤용하,1567,삼성,0.6,0.45,252,1,,,1,1,1,
1991,이광길,1163,삼성,0.0,1.01,85,2,,,2,1,2,
1991,이만수,1025,삼성,6.2,2.54,4,5,,직전 5WAR+ +1 / 최근 5시즌 골든글러브 2회 · 프랜차이즈 스타 +1,5,5,5,
1991,이문한,1228,삼성,-0.1,0.96,93,2,,,2,1,2,
1991,이상훈,1554,삼성,-0.1,0.43,273,1,,,1,1,1,
1991,이종두,1252,삼성,1.4,1.67,30,4,,,4,3,4,
1991,이태일,1540,삼성,1.4,0.72,124,2,,,2,2,2,
1991,이현택,1398,삼성,0.2,1.05,79,3,,,3,1,3,
1991,장태수,1027,삼성,1.2,1.24,54,3,,프랜차이즈 스타 +1,4,3,4,
1991,정경훈,1527,삼성,0.7,0.45,259,1,,,1,1,1,
1991,정성룡,1214,삼성,1.8,0.69,140,2,,,2,1,2,
1991,정윤수,1417,삼성,0.5,0.61,155,1,,,1,2,2,풀타임 최소 2코인
1991,조범현,11476,삼성,0.4,0.38,275,1,,,1,1,1,
1991,최일언,1232,삼성,0.9,1.36,42,4,,,4,4,4,
1991,최해명,1427,삼성,0.1,0.7,139,2,,,2,1,2,
1991,최현준,1560,삼성,0.8,0.5,194,1,,,1,1,1,
1991,허규옥,1034,삼성,0.9,1.15,71,3,,,3,3,3,
1991,홍성연,1402,삼성,-0.1,0.83,105,2,,,2,1,2,
1991,강길용,1612,쌍방울,1.9,0.45,234,1,,,1,2,2,풀타임 최소 2코인
1991,공봉구,1572,쌍방울,0.6,0.45,249,1,,,1,1,1,
1991,구대진,1615,쌍방울,0.4,0.45,232,1,,,1,1,1,
1991,김기덕,1619,쌍방울,0.4,0.45,229,1,,,1,2,1,
1991,김기완,1621,쌍방울,0.4,0.45,227,1,,,1,1,1,
1991,김기태,11474,쌍방울,3.2,0.45,202,1,,,1,2,2,풀타임 최소 2코인
1991,김동수,1622,쌍방울,0.0,0.45,226,1,,,1,1,1,
1991,김만후,1341,쌍방울,0.7,0.45,270,1,,,1,1,1,
1991,김봉근,1223,쌍방울,-0.1,0.64,150,2,,,2,2,2,
1991,김원형,14890,쌍방울,1.6,0.45,200,1,,,1,2,2,풀타임 최소 2코인
1991,김평호,1270,쌍방울,0.9,0.53,180,1,,,1,2,2,풀타임 최소 2코인
1991,김호,1581,쌍방울,3.0,0.45,248,1,,,1,2,2,풀타임 최소 2코인
1991,김호근,1155,쌍방울,1.7,0.71,132,2,,,2,2,2,
1991,박기택,11436,쌍방울,0.3,0.45,205,1,,,1,1,1,
1991,박성기,1629,쌍방울,1.9,0.45,219,1,,,1,2,2,풀타임 최소 2코인
1991,박종철,11440,쌍방울,0.2,0.45,204,1,,,1,1,1,
1991,박진석,1630,쌍방울,0.5,0.45,218,1,,,1,2,2,풀타임 최소 2코인
1991,서창기,1389,쌍방울,0.1,0.45,269,1,,,1,1,1,
1991,손문곤,1326,쌍방울,-0.9,0.52,187,1,,,1,1,1,
1991,송인호,1590,쌍방울,1.1,0.45,246,1,,,1,1,1,
1991,양후승,1244,쌍방울,0.3,0.61,156,1,,,1,1,1,
1991,유동효,1397,쌍방울,-0.3,0.8,109,2,,,2,1,2,
1991,윤혁,1592,쌍방울,1.9,0.45,245,1,,,1,2,2,풀타임 최소 2코인
1991,이상대,1451,쌍방울,0.3,0.52,184,1,,,1,1,1,
1991,이승희,1251,쌍방울,1.5,0.6,160,1,,,1,2,2,풀타임 최소 2코인
1991,이연수,1350,쌍방울,-0.0,0.52,189,1,,,1,1,1,
1991,이재홍,1485,쌍방울,-0.1,0.61,154,1,,,1,2,2,풀타임 최소 2코인
1991,이창원,1305,쌍방울,0.5,0.56,173,1,,,1,1,1,
1991,전종화,12713,쌍방울,0.4,0.45,201,1,,,1,1,1,
1991,정학원,1601,쌍방울,-0.3,0.45,240,1,,,1,1,1,
1991,조규제,1608,쌍방울,6.9,0.45,237,1,,,1,2,2,풀타임 최소 2코인
1991,조용호,1358,쌍방울,2.5,0.65,147,2,,,2,2,2,
1991,진동한,1231,쌍방울,1.0,1.07,76,3,,,3,2,3,
1991,최한림,1645,쌍방울,-0.3,0.45,209,1,,,1,1,1,
1991,김경기,1505,태평양,2.6,0.72,128,2,,,2,2,2,
1991,김동기,1281,태평양,2.1,2.19,6,5,,,5,5,5,
1991,김민태,1623,태평양,0.1,0.45,225,1,,,1,2,2,풀타임 최소 2코인
1991,김성갑,1235,태평양,-0.3,0.84,104,2,,,2,1,2,
1991,김윤환,1343,태평양,0.9,1.04,81,2,,,2,2,2,
1991,김인호,1435,태평양,-0.6,0.71,133,2,,,2,2,2,
1991,김진규,1385,태평양,2.7,0.6,161,1,,,1,2,2,풀타임 최소 2코인
1991,김진한,1437,태평양,1.0,0.45,268,1,,,1,1,1,
1991,박은진,1463,태평양,1.2,1.15,67,3,,,3,4,3,
1991,박정현,1408,태평양,2.8,1.17,59,3,,직전 5WAR+ +1,4,5,4,
1991,박준태,1443,태평양,0.9,0.59,162,1,,,1,1,1,
1991,송재박,1390,태평양,-0.1,1.01,84,2,,,2,2,2,
1991,신완근,1410,태평양,-0.2,0.62,153,1,,,1,1,1,
1991,양상문,11470,태평양,2,1.82,23,4,,,4,3,4,
1991,여태구,1393,태평양,0.8,1.43,38,4,,,4,3,4,
1991,염경엽,11468,태평양,0.0,0.45,203,1,,,1,2,2,풀타임 최소 2코인
1991,원원근,1395,태평양,4.5,0.86,101,2,,,2,2,2,
1991,윤성훈,1520,태평양,0,0.36,278,1,,,1,1,1,
1991,이선웅,1164,태평양,0.7,1.29,52,3,,,3,2,3,
1991,이희성,1455,태평양,2.0,0.77,112,2,,,2,2,2,
1991,전일수,11435,태평양,-0.1,0.45,206,1,,,1,3,1,
1991,정명원,1464,태평양,4.0,0.54,179,1,,,1,2,2,풀타임 최소 2코인
1991,정명진,1488,태평양,-0.4,0.55,176,1,,,1,1,1,
1991,정문언,1598,태평양,1.9,0.45,242,1,,,1,2,2,풀타임 최소 2코인
1991,정상진,1356,태평양,-0.5,0.51,190,1,,,1,1,1,
1991,정영진,1599,태평양,0.3,0.45,241,1,,,1,1,1,
1991,정은배,1266,태평양,0.2,0.56,171,1,,,1,1,1,
1991,조병천,1333,태평양,-0.6,1.03,83,2,,,2,1,2,
1991,조영상,1557,태평양,-0.5,0.54,178,1,,,1,1,1,
1991,조웅천,10158,태평양,-0.2,0.45,208,1,,,1,2,1,
1991,주경업,1602,태평양,0.2,0.45,239,1,,,1,1,1,
1991,최창호,1370,태평양,6.0,1.32,45,4,,,4,5,4,
1991,허정욱,1494,태평양,-0.5,0.82,107,2,,,2,1,2,
1991,강태원,1467,해태,-0.4,0.36,277,1,,,1,1,1,
1991,김병두,1506,해태,-0.1,0.45,265,1,,,1,1,1,
1991,김성규,1372,해태,-0.3,0.75,117,2,,,2,1,2,
1991,김성한,12726,해태,5.1,2.14,8,5,,최근 MVP · 최근 5시즌 골든글러브 2회 · 프랜차이즈 스타 +1,5,5,5,
1991,김승남,1626,해태,0.3,0.45,222,1,,,1,1,1,
1991,김정수,1314,해태,3.1,1.32,48,4,,,4,2,4,
1991,김종모,1064,해태,-0.3,1.36,41,4,,최근 5시즌 골든글러브 2회 · 프랜차이즈 스타 +1,5,3,5,
1991,문승훈,11428,해태,-0.2,0.7,137,2,,,2,1,2,
1991,문희수,1225,해태,2.1,1.05,80,3,,,3,2,3,
1991,박철우,1337,해태,4.2,1.16,60,3,,,3,3,3,
1991,박현수,1513,해태,-0.1,0.45,262,1,,,1,1,1,
1991,백인수,1338,해태,-0.0,1.89,17,5,,,5,3,5,
1991,선동열,1263,해태,9.1,4.59,1,5,,직전 5WAR+ +1 / 최근 MVP · 최근 5시즌 골든글러브 2회 · 1990 다승·탈삼진·평균자책 1위 +1 / 직전 MVP 5,5,5,5,
1991,송유석,1365,해태,3.6,0.98,87,2,,,2,2,2,
1991,신동수,1327,해태,5.8,1.49,35,4,,,4,3,4,
1991,오희주,1636,해태,-0.2,0.45,213,1,,,1,1,1,
1991,윤재호,1448,해태,2.7,0.86,100,2,,,2,2,2,
1991,이강철,13923,해태,4.7,1.15,62,3,,직전 5WAR+ +1,4,5,4,
1991,이건열,1300,해태,0.1,0.3,280,1,,,1,1,1,
1991,이광우,1426,해태,-0.2,0.56,169,1,,,1,1,1,
1991,이순철,1250,해태,5.5,1.3,50,3,,,3,5,4,변동 완충(−1까지)
1991,이호성,1500,해태,5.8,0.72,129,2,,1990 골든글러브 +1,3,4,3,
1991,장채근,1271,해태,2.3,1.08,75,3,,,3,3,3,
1991,정회열,1496,해태,1.2,0.72,130,2,,,2,1,2,
1991,조계현,12724,해태,3.1,1.15,63,3,,,3,5,3,
1991,한대화,1144,해태,5.0,3.03,2,5,,직전 5WAR+ +1 / 최근 5시즌 골든글러브 2회 · 1990 타율 1위 +1,5,5,5,
1991,홍현우,1499,해태,3.6,0.46,199,1,,,1,2,1,
1992,김기덕,1618,LG,-0.4,0.53,192,1,,,1,2,2,풀타임 최소 2코인
1992,김기범,1469,LG,3.6,1.41,46,4,,,4,3,4,
1992,김기홍,1431,LG,-0.3,0.56,182,1,,,1,1,1,
1992,김덕근,1470,LG,-0.1,0.73,125,2,,,2,1,2,
1992,김동수,10386,LG,4.1,0.84,105,2,,,2,5,3,변동 완충(−1까지)
1992,김동재,1150,LG,0.5,1.01,90,2,,,2,2,2,
1992,김상훈,1193,LG,2.2,1.25,62,3,,직전 풀타임 0.5WAR 미만 −1,2,3,2,
1992,김선진,1497,LG,0.1,0.74,124,2,,,2,1,2,
1992,김성식,1625,LG,-0.2,0.39,260,1,,,1,1,1,
1992,김성일,1508,LG,-0.8,0.34,262,1,,,1,1,1,
1992,김영직,1342,LG,2.2,1.03,87,2,,,2,2,2,
1992,김용수,1259,LG,0.2,2.56,8,5,,,5,5,5,
1992,김종철,1548,LG,1.1,0.55,185,1,,,1,1,1,
1992,김태원,1289,LG,3.2,1.09,75,3,,,3,4,3,
1992,나웅,1438,LG,0.2,0.62,160,1,,,1,1,1,
1992,노찬엽,1439,LG,1.7,1.84,21,4,,직전 5WAR+ +1,5,3,5,
1992,문병권,1406,LG,0.1,0.79,113,2,,직전 풀타임 0.5WAR 미만 −1,1,2,2,풀타임 최소 2코인
1992,민경삼,1291,LG,-0.7,0.84,106,2,,,2,1,2,
1992,민원기,1707,LG,0.6,0.45,219,1,,,1,1,1,
1992,박종호,1668,LG,-0.1,0.45,239,1,,,1,2,1,
1992,박준태,1443,LG,1.0,0.82,107,2,,,2,2,2,
1992,박흥식,14223,LG,-0.0,0.92,99,2,,,2,3,2,
1992,서왕권,1632,LG,0.0,0.55,183,1,,,1,2,2,풀타임 최소 2코인
1992,서효인,1293,LG,0.4,0.6,166,1,,,1,1,1,
1992,송구홍,1589,LG,3.6,0.58,174,1,,,1,2,2,풀타임 최소 2코인
1992,윤덕규,1247,LG,0.6,2.09,15,5,,,5,4,5,
1992,윤찬,1678,LG,0.1,0.45,237,1,,,1,1,1,
1992,이국성,1412,LG,-0.1,0.87,101,2,,,2,1,2,
1992,이병훈,1498,LG,2.1,0.61,162,1,,,1,1,1,
1992,이용철,1414,LG,-0.3,0.57,179,1,,직전 풀타임 0.5WAR 미만 −1,1,1,1,
1992,이우수,1594,LG,-0.6,0.52,195,1,,,1,1,1,
1992,이종열,10478,LG,0.1,0.45,208,1,,,1,1,1,
1992,정삼흠,1258,LG,2.6,1.66,31,4,,,4,5,4,
1992,차동철,1316,LG,0.4,0.79,114,2,,,2,2,2,
1992,차명석,1686,LG,1.4,0.45,234,1,,,1,2,2,풀타임 최소 2코인
1992,강병규,1613,OB,0.4,0.72,132,2,,,2,2,2,
1992,강영수,1428,OB,2.4,1.09,76,3,,,3,2,3,
1992,강형석,1501,OB,0.5,0.57,176,1,,,1,1,1,
1992,고원부,1278,OB,-0.5,0.93,98,2,,,2,2,2,
1992,곽연수,1430,OB,-0.2,0.61,165,1,,,1,1,1,
1992,구동우,1468,OB,0.1,0.86,102,2,,직전 풀타임 0.5WAR 미만 −1,1,2,1,
1992,구천서,1001,OB,0.3,0.82,108,2,,,2,3,2,
1992,권명철,1695,OB,0.2,0.45,227,1,,,1,2,2,풀타임 최소 2코인
1992,권영일,1616,OB,0.0,0.53,193,1,,,1,1,1,
1992,길홍규,1378,OB,0.6,0.62,159,1,,,1,1,1,
1992,김광림,1203,OB,2.6,1.83,23,4,,,4,5,4,
1992,김광수,1035,OB,1.8,1.29,57,3,,직전 풀타임 0.5WAR 미만 −1,2,3,2,
1992,김동현,1471,OB,0.4,1.29,59,3,,,3,1,3,
1992,김보선,1546,OB,-0.1,0.53,191,1,,,1,2,2,풀타임 최소 2코인
1992,김상진,1624,OB,2.8,0.72,131,2,,,2,2,2,
1992,김상호,1380,OB,4.2,1.37,50,3,,직전 풀타임 0.5WAR 미만 −1,2,4,2,
1992,김익재,1627,OB,0.9,0.45,255,1,,,1,1,1,
1992,김종석,1436,OB,0.3,0.89,100,2,,,2,2,2,
1992,김진규,15156,OB,0.1,1.08,77,3,,,3,1,3,
1992,김진욱,12962,OB,0.7,1.09,74,3,,,3,2,3,
1992,김태형,11472,OB,0.5,0.62,158,1,,,1,1,1,
1992,김형석,1239,OB,2.4,1.89,18,5,,프랜차이즈 스타 +1,5,3,5,
1992,노석기,1705,OB,-0.1,0.45,221,1,,,1,1,1,
1992,박철순,1105,OB,2.9,1.02,89,2,,프랜차이즈 스타 +1,3,5,3,
1992,박현영,1347,OB,0.7,0.66,151,2,,,2,1,2,
1992,안경현,10099,OB,-0.5,0.45,210,1,,,1,2,1,
1992,안대환,1339,OB,-0.1,0.78,116,2,,,2,1,2,
1992,이광우,1426,OB,0.9,0.57,178,1,,,1,2,2,풀타임 최소 2코인
1992,이명수,1450,OB,1.1,0.79,112,2,,,2,4,2,
1992,이상현,1712,OB,-0.2,0.45,215,1,,,1,1,1,
1992,이상훈,1349,OB,-0.0,0.61,163,1,,,1,1,1,
1992,이종민,1595,OB,-0.6,0.55,184,1,,,1,1,1,
1992,이진,1461,OB,0.2,0.54,189,1,,,1,1,1,
1992,임형석,1524,OB,4.0,0.79,115,2,,,2,2,2,
1992,장원진,1682,OB,0.5,0.45,236,1,,,1,1,1,
1992,장호연,1177,OB,4.8,1.72,29,4,,프랜차이즈 스타 +1,5,5,5,
1992,정삼룡,1528,OB,0.1,0.4,258,1,,,1,1,1,
1992,조중석,1717,OB,0.1,0.45,212,1,,,1,1,1,
1992,최동창,1311,OB,0.6,0.95,95,2,,,2,1,2,
1992,하창우,1419,OB,0.8,0.49,198,1,,,1,1,1,
1992,홍길남,1495,OB,-0.2,0.45,203,1,,,1,1,1,
1992,가득염,10123,롯데,-0.1,0.45,209,1,,,1,1,1,
1992,강성우,1648,롯데,1.5,0.45,244,1,,,1,1,1,
1992,고정식,1376,롯데,0.0,0.49,197,1,,,1,1,1,
1992,공필성,1503,롯데,0.7,0.76,120,2,,,2,2,2,
1992,김민재,10550,롯데,-0.7,0.45,207,1,,,1,2,1,
1992,김민호,1195,롯데,4.2,2.31,13,5,,직전 5WAR+ +1 / 프랜차이즈 스타 +1,5,4,5,
1992,김상현,1691,롯데,1.7,0.45,231,1,,,1,2,2,풀타임 최소 2코인
1992,김선일,1433,롯데,-0.1,0.53,190,1,,,1,1,1,
1992,김시진,1173,롯데,-0.3,1.21,64,3,,,3,5,3,
1992,김응국,1404,롯데,4.4,1.79,24,4,,직전 5WAR+ +1,5,4,5,
1992,김종석,1364,롯데,0.8,0.95,94,2,,,2,2,2,
1992,김청수,1473,롯데,0.4,1.63,33,4,,,4,3,4,
1992,김태석,1628,롯데,-0.0,0.48,199,1,,,1,1,1,
1992,김태형,1610,롯데,0.7,0.72,134,2,,,2,2,2,
1992,박계원,1646,롯데,0.8,0.45,246,1,,,1,2,2,풀타임 최소 2코인
1992,박동수,1262,롯데,0.4,0.76,122,2,,직전 풀타임 0.5WAR 미만 −1,1,1,1,
1992,박동희,1539,롯데,2.4,1.15,66,3,,직전 5WAR+ +1,4,4,4,
1992,박상국,1386,롯데,-0.6,0.59,170,1,,,1,1,1,
1992,박영태,1157,롯데,0.4,0.71,144,2,,,2,1,2,
1992,박정태,1561,롯데,6.1,0.72,141,2,,1991 골든글러브 +1,3,5,3,
1992,염종석,1689,롯데,7.8,0.45,233,1,,,1,2,2,풀타임 최소 2코인
1992,윤학길,1330,롯데,6.3,2.41,11,5,,직전 5WAR+ +1,5,5,5,
1992,윤형배,1690,롯데,1.8,0.45,232,1,,,1,2,2,풀타임 최소 2코인
1992,이상번,1483,롯데,1.1,0.7,145,2,,,2,1,2,
1992,이종운,11473,롯데,2.4,0.79,111,2,,,2,2,2,
1992,장효조,1142,롯데,1.0,2.58,7,5,,직전 5WAR+ +1,5,5,5,
1992,전준호,10418,롯데,3.9,0.72,128,2,,,2,5,2,
1992,조성옥,1200,롯데,0.7,0.86,104,2,,,2,1,2,
1992,최계영,1309,롯데,0.2,1.14,70,3,,,3,2,3,
1992,한영준,1256,롯데,1.7,1.49,43,4,,,4,3,4,
1992,강석천,1421,빙그레,0.8,1.27,60,3,,,3,3,3,
1992,강정길,1276,빙그레,1,1.34,54,3,,,3,2,3,
1992,김대중,1363,빙그레,-0.1,1.31,56,3,,,3,2,3,
1992,김상국,1282,빙그레,1.6,1.92,17,5,,,5,3,5,
1992,김용선,1434,빙그레,0,0.45,253,1,,,1,1,1,
1992,김인권,1609,빙그레,0.4,0.72,135,2,,,2,2,2,
1992,김일혁,1657,빙그레,0.4,0.45,240,1,,,1,1,1,
1992,김재성,1701,빙그레,0.0,0.45,224,1,,,1,1,1,
1992,김홍명,1401,빙그레,-0.3,0.95,93,2,,,2,1,2,
1992,성군철,1444,빙그레,-0.1,0.45,204,1,,,1,1,1,
1992,송진우,10597,빙그레,4.8,1.84,20,5,,직전 5WAR+ +1,5,5,5,
1992,양용모,1563,빙그레,2.0,0.54,187,1,,,1,1,1,
1992,이강돈,1299,빙그레,4.1,1.6,36,4,,최근 5시즌 골든글러브 2회 +1,5,4,5,
1992,이상군,12994,빙그레,1.8,1.38,49,3,,,3,5,3,
1992,이정훈,1352,빙그레,6.8,2.47,9,5,,직전 5WAR+ +1 / 최근 5시즌 골든글러브 2회 · 1991 타율 1위 +1,5,5,5,
1992,이종호,1423,빙그레,0.9,0.42,256,1,,,1,1,1,
1992,이중화,1353,빙그레,-0.9,1.29,58,3,,,3,1,3,
1992,임주택,1566,빙그레,0.1,0.54,188,1,,,1,1,1,
1992,장정순,1415,빙그레,4.0,1.63,34,4,,,4,3,4,
1992,장종훈,1354,빙그레,7.5,3.09,2,5,,직전 5WAR+ +1 / 최근 5시즌 골든글러브 2회 · 1991 타점·홈런 1위 +1 / 직전 MVP 5,5,5,5,
1992,전대영,1269,빙그레,0.7,1.26,61,3,,,3,1,3,
1992,정민철,10613,빙그레,7.1,0.45,206,1,,,1,2,2,풀타임 최소 2코인
1992,조양근,1373,빙그레,-0.2,0.59,169,1,,,1,1,1,
1992,지연규,1685,빙그레,-0.0,0.45,235,1,,,1,1,1,
1992,지화동,1533,빙그레,0.5,0.36,261,1,,,1,2,2,풀타임 최소 2코인
1992,진상봉,1534,빙그레,0.5,0.58,173,1,,,1,1,1,
1992,진정필,1491,빙그레,0.6,0.95,96,2,,,2,1,2,
1992,한용덕,13282,빙그레,5.6,2.85,4,5,,직전 5WAR+ +1,5,5,5,
1992,한희민,1336,빙그레,-0.1,1.75,26,4,,,4,5,4,
1992,강기웅,1420,삼성,3.8,1.38,48,4,,최근 5시즌 골든글러브 2회 +1,5,3,5,
1992,구윤,1272,삼성,0.3,0.77,119,2,,,2,1,2,
1992,김상엽,1472,삼성,2.7,0.96,92,2,,,2,5,2,
1992,김성길,1360,삼성,0.2,2.6,6,5,,직전 5WAR+ +1,5,5,5,
1992,김성래,1196,삼성,3.0,1.23,63,3,,최근 5시즌 골든글러브 2회 · 프랜차이즈 스타 +1,4,4,4,
1992,김성현,1284,삼성,0,0.78,117,2,,,2,2,2,
1992,김용국,1237,삼성,2.0,1.55,40,4,,,4,2,4,
1992,김용철,1009,삼성,0.3,1.07,79,3,,,3,4,3,
1992,김태한,1693,삼성,0,0.45,229,1,,,1,2,2,풀타임 최소 2코인
1992,동봉철,1651,삼성,5.5,0.45,242,1,,,1,2,2,풀타임 최소 2코인
1992,류중일,11467,삼성,0.9,1.72,28,4,,최근 5시즌 골든글러브 2회 +1,5,4,5,
1992,박승호,1156,삼성,1.8,1.45,45,4,,,4,2,4,
1992,박용준,1476,삼성,0.2,0.8,109,2,,,2,1,2,
1992,박정환,1039,삼성,-0.6,0.64,152,2,,,2,1,2,
1992,박철수,1708,삼성,0.2,0.45,218,1,,,1,1,1,
1992,성준,1315,삼성,2.7,1.75,25,4,,,4,4,4,
1992,손영철,1633,삼성,-0.5,0.72,129,2,,,2,1,2,
1992,신경식,1019,삼성,0.5,1.5,42,4,,,4,3,4,
1992,오봉옥,1694,삼성,2.8,0.45,228,1,,,1,2,2,풀타임 최소 2코인
1992,유명선,1465,삼성,1.3,1.65,32,4,,,4,2,4,
1992,윤용하,1567,삼성,1.3,0.69,148,2,,,2,1,2,
1992,이만수,1025,삼성,3.9,2.86,3,5,,직전 5WAR+ +1 / 프랜차이즈 스타 +1,5,5,5,
1992,이상훈,1554,삼성,-0.5,0.51,196,1,,,1,1,1,
1992,이종두,1252,삼성,-0.2,1.36,51,3,,,3,3,3,
1992,이창원,1305,삼성,-0.2,0.7,147,2,,,2,1,2,
1992,이태일,1540,삼성,4.5,1.04,83,2,,,2,2,2,
1992,장태수,1027,삼성,-0.3,1.15,69,3,,프랜차이즈 스타 +1,4,2,4,
1992,정경훈,1527,삼성,3.3,0.71,143,2,,,2,1,2,
1992,정성룡,1214,삼성,-0.1,1.06,80,3,,,3,1,3,
1992,정윤수,1417,삼성,-0.2,0.76,121,2,,,2,1,2,
1992,최일언,1232,삼성,0.4,1.13,71,3,,,3,4,3,
1992,허규옥,1034,삼성,-0.1,1.03,86,2,,,2,2,2,
1992,강길용,1612,쌍방울,1.3,0.72,133,2,,,2,2,2,
1992,김기덕,1619,쌍방울,0.5,0.64,153,1,,,1,2,1,
1992,김기태,11474,쌍방울,5.9,0.72,127,2,,,2,5,2,
1992,김만후,1341,쌍방울,0.1,0.7,146,2,,,2,1,2,
1992,김상재,1655,쌍방울,-0.6,0.45,241,1,,,1,1,1,
1992,김석기,1698,쌍방울,1.1,0.45,225,1,,,1,2,2,풀타임 최소 2코인
1992,김성규,1372,쌍방울,-0.2,0.58,172,1,,,1,1,1,
1992,김원형,14890,쌍방울,3.6,0.72,126,2,,,2,2,2,
1992,김평호,1270,쌍방울,-0.0,0.8,110,2,,,2,1,2,
1992,김호,1581,쌍방울,1.5,0.72,140,2,,,2,4,2,
1992,김호근,1155,쌍방울,1.3,1.06,81,2,,,2,1,2,
1992,박경완,10080,쌍방울,-0.1,0.45,211,1,,,1,2,1,
1992,박기택,11436,쌍방울,-0.8,0.61,164,1,,,1,1,1,
1992,박성기,1629,쌍방울,2.6,0.72,130,2,,,2,2,2,
1992,박진석,1630,쌍방울,-0.4,0.68,149,2,,,2,2,2,
1992,서창기,1389,쌍방울,-0.9,0.57,177,1,,,1,1,1,
1992,손문곤,1326,쌍방울,-0.2,0.39,259,1,,,1,1,1,
1992,송인호,1590,쌍방울,1.0,0.72,139,2,,,2,1,2,
1992,신현대,1710,쌍방울,-0.2,0.45,217,1,,,1,1,1,
1992,유동효,1397,쌍방울,-0.5,0.6,167,1,,,1,1,1,
1992,윤혁,1592,쌍방울,-0.2,0.72,138,2,,,2,1,2,
1992,이동석,1366,쌍방울,-0.6,1.07,78,3,,,3,1,3,
1992,이상대,1451,쌍방울,0.8,0.64,154,1,,,1,2,2,풀타임 최소 2코인
1992,이승희,1251,쌍방울,2.4,0.96,91,2,,,2,2,2,
1992,이연수,1350,쌍방울,0.4,0.56,181,1,,,1,2,2,풀타임 최소 2코인
1992,이재홍,1485,쌍방울,0.7,0.59,171,1,,직전 풀타임 0.5WAR 미만 −1,1,2,2,풀타임 최소 2코인
1992,임창식,1715,쌍방울,0.4,0.45,214,1,,,1,1,1,
1992,전종화,12713,쌍방울,0.9,0.63,157,1,,,1,1,1,
1992,정학원,1601,쌍방울,-0.1,0.47,201,1,,,1,1,1,
1992,조규제,1608,쌍방울,1.3,0.72,136,2,,직전 5WAR+ +1 / 1991 세이브 1위 +1,4,5,4,신인왕 다음 시즌 하한 4
1992,조용호,1358,쌍방울,0.6,1.03,84,2,,,2,2,2,
1992,진동한,1231,쌍방울,-0.3,1.03,85,2,,,2,1,2,
1992,최한림,1645,쌍방울,1.2,0.46,202,1,,,1,2,2,풀타임 최소 2코인
1992,최해명,1427,쌍방울,-0.5,0.67,150,2,,,2,1,2,
1992,가내영,1611,태평양,0.4,0.45,248,1,,,1,2,2,풀타임 최소 2코인
1992,권준헌,1504,태평양,0.5,0.45,251,1,,,1,1,1,
1992,김경기,1505,태평양,1.1,1.15,67,3,,,3,2,3,
1992,김동기,1281,태평양,4.0,1.75,27,4,,,4,5,4,
1992,김민태,1623,태평양,0.6,0.58,175,1,,직전 풀타임 0.5WAR 미만 −1,1,2,2,풀타임 최소 2코인
1992,김성갑,1235,태평양,1.5,0.63,155,1,,,1,1,1,
1992,김인호,1435,태평양,0.6,0.53,194,1,,,1,2,1,
1992,김재박,1062,태평양,1.1,1.62,35,4,,,4,5,4,
1992,김진한,1437,태평양,1.1,0.72,142,2,,,2,1,2,
1992,김홍기,1582,태평양,0.2,0.45,249,1,,,1,1,1,
1992,김흥만,1703,태평양,-0.3,0.45,222,1,,,1,1,1,
1992,박은진,1463,태평양,5.9,1.1,73,3,,,3,4,3,
1992,박정현,1408,태평양,3.4,1.53,41,4,,,4,5,4,
1992,박준태,1443,태평양,0.6,0.82,107,2,,,2,2,2,
1992,신상윤,1634,태평양,-0.3,0.45,247,1,,,1,1,1,
1992,신완근,1410,태평양,0.8,0.57,180,1,,,1,1,1,
1992,안병원,1711,태평양,1.6,0.45,216,1,,,1,2,2,풀타임 최소 2코인
1992,양상문,11470,태평양,1.8,1.58,37,4,,,4,3,4,
1992,여태구,1393,태평양,5.2,1.11,72,3,,,3,3,3,
1992,염경엽,11468,태평양,0.1,0.55,186,1,,직전 풀타임 0.5WAR 미만 −1,1,1,1,
1992,원원근,1395,태평양,0,1.38,47,4,,직전 5WAR+ +1,5,2,4,변동 완충(+2까지)
1992,유영환,1676,태평양,-0.0,0.45,238,1,,,1,1,1,
1992,윤덕규,1247,태평양,2.1,2.09,15,5,,,5,4,5,
1992,이광근,1301,태평양,0.5,1.02,88,2,,,2,1,2,
1992,이선웅,1164,태평양,-0.3,1.05,82,2,,,2,2,2,
1992,이희성,1455,태평양,0.1,1.15,65,3,,,3,2,3,
1992,장광호,12722,태평양,1.2,0.45,205,1,,,1,1,1,
1992,정명원,1464,태평양,1.0,0.86,103,2,,,2,5,2,
1992,정문언,1598,태평양,1.4,0.72,137,2,,,2,1,2,
1992,정민태,1716,태평양,0.4,0.45,213,1,,,1,4,4,대형 신인 하한 4
1992,정영진,1599,태평양,0.1,0.61,161,1,,,1,1,1,
1992,조병천,1333,태평양,-0.2,0.78,118,2,,,2,1,2,
1992,조영상,1557,태평양,-0.8,0.45,254,1,,,1,1,1,
1992,주경업,1602,태평양,-0.5,0.6,168,1,,,1,1,1,
1992,최창호,1370,태평양,1.2,2.12,14,5,,직전 5WAR+ +1,5,5,5,
1992,강태원,1467,해태,-0.2,0.4,257,1,,,1,1,1,
1992,구한성,1649,해태,0.0,0.45,243,1,,,1,1,1,
1992,김봉영,1697,해태,-0.4,0.45,226,1,,,1,1,1,
1992,김성한,12726,해태,1.0,2.43,10,5,,직전 5WAR+ +1 / 최근 5시즌 골든글러브 2회 · 프랜차이즈 스타 +1,5,5,5,
1992,김승남,1626,해태,-0.1,0.63,156,1,,,1,1,1,
1992,김정수,1314,해태,4.5,1.67,30,4,,,4,4,4,
1992,김형택,1702,해태,0.3,0.45,223,1,,,1,1,1,
1992,문귀석,1706,해태,0.1,0.45,220,1,,,1,1,1,
1992,문희수,1225,해태,1.1,1.34,55,3,,,3,2,3,
1992,박노준,1292,해태,-0.1,1.49,44,4,,,4,3,4,
1992,박재벌,1647,해태,0.5,0.45,245,1,,,1,1,1,
1992,박철우,1337,해태,1.0,1.83,22,4,,,4,3,4,
1992,선동열,1263,해태,2.4,4.46,1,5,,직전 5WAR+ +1 / 최근 MVP · 최근 5시즌 골든글러브 2회 · 프랜차이즈 스타 · 1991 다승·탈삼진·평균자책 1위 +1 / 직전 투수 골든글러브 5,5,5,5,
1992,송유석,1365,해태,0.1,1.57,39,4,,,4,3,4,
1992,신동수,1327,해태,2.2,2.38,12,5,,직전 5WAR+ +1,5,3,5,
1992,양승철,1692,해태,0.0,0.45,230,1,,,1,1,1,
1992,양회열,1564,해태,-0.1,0.45,250,1,,,1,1,1,
1992,윤재호,1448,해태,1.2,1.34,52,3,,,3,1,3,
1992,이강철,13923,해태,6.1,1.84,19,5,,직전 5WAR+ +1,5,5,5,
1992,이건열,1300,해태,0.5,0.48,200,1,,,1,2,2,풀타임 최소 2코인
1992,이경복,1449,해태,0.2,0.45,252,1,,,1,1,1,
1992,이순철,1250,해태,4.7,2.09,16,5,,직전 5WAR+ +1 / 최근 5시즌 골든글러브 2회 · 프랜차이즈 스타 +1,5,5,5,
1992,이호성,1500,해태,3.3,1.15,68,3,,직전 5WAR+ +1 / 최근 5시즌 골든글러브 2회 +1,5,4,5,
1992,장채근,1271,해태,4.2,1.34,53,3,,최근 5시즌 골든글러브 2회 +1,4,3,4,
1992,정회열,1496,해태,1.2,0.95,97,2,,,2,1,2,
1992,조계현,12724,해태,4.3,1.57,38,4,,,4,5,4,
1992,한대화,1144,해태,3.1,2.77,5,5,,직전 5WAR+ +1 / 최근 5시즌 골든글러브 2회 +1,5,5,5,
1992,홍현우,1499,해태,7.2,0.74,123,2,,,2,5,2,
1993,강봉수,1764,LG,2.2,0.45,217,1,,,1,2,2,풀타임 최소 2코인
1993,김경하,1723,LG,0.4,0.45,237,1,,,1,1,1,
1993,김기범,1469,LG,3.3,1.82,26,4,,,4,3,4,
1993,김동수,10386,LG,5.6,1.35,53,3,,,3,5,3,
1993,김상훈,1193,LG,3.2,1.39,47,4,,,4,3,4,
1993,김선진,1497,LG,0.4,0.67,155,1,,,1,1,1,
1993,김영직,1342,LG,1.1,1.31,56,3,,,3,1,3,
1993,김용수,1259,LG,2.3,1.92,21,4,,,4,5,4,
1993,김정민,10458,LG,0.2,0.45,201,1,,,1,1,1,
1993,김태원,1289,LG,3.4,1.57,38,4,,,4,4,4,
1993,노찬엽,1439,LG,0.5,1.5,42,4,,,4,3,4,
1993,문병권,1406,LG,-0.3,0.72,142,2,,직전 풀타임 0.5WAR 미만 −1,1,1,1,
1993,민원기,1707,LG,0.2,0.7,146,2,,,2,1,2,
1993,박종호,1668,LG,4.1,0.52,189,1,,,1,2,2,풀타임 최소 2코인
1993,박준태,1443,LG,4.4,1.07,77,3,,,3,2,3,
1993,박흥식,14223,LG,-0.1,0.72,125,2,,,2,2,2,
1993,서효인,1293,LG,-0.1,0.69,148,2,,,2,1,2,
1993,송구홍,1589,LG,3.9,0.93,91,2,,1992 골든글러브 +1,3,3,4,편집 지정 4
1993,오희주,1636,LG,-0.1,0.52,191,1,,,1,1,1,
1993,윤찬,1678,LG,-0.9,0.57,170,1,,,1,1,1,
1993,이병훈,1498,LG,0.3,0.98,84,2,,,2,1,2,
1993,이상훈,1762,LG,1.3,0.45,219,1,,,1,4,4,대형 신인 하한 4
1993,이우수,1594,LG,0.0,0.42,258,1,,,1,1,1,
1993,이종열,10478,LG,0.2,0.56,175,1,,,1,2,2,풀타임 최소 2코인
1993,전일수,11435,LG,0.4,0.53,187,1,,,1,3,1,
1993,정삼흠,1258,LG,2.2,1.71,32,4,,,4,5,4,
1993,조양근,1373,LG,0.1,0.54,183,1,,,1,1,1,
1993,차동철,1316,LG,0.8,0.82,106,2,,,2,1,2,
1993,차명석,1686,LG,-1.0,0.72,136,2,,,2,2,2,
1993,최훈재,1457,LG,-0.1,0.77,116,2,,,2,2,2,
1993,강병규,1613,OB,2.2,0.77,117,2,,,2,2,2,
1993,강영수,1428,OB,1.3,1.37,50,3,,,3,2,3,
1993,강형석,1501,OB,0.3,0.7,145,2,,,2,1,2,
1993,곽연수,1430,OB,-0.6,0.54,178,1,,,1,1,1,
1993,구동우,1468,OB,-0.4,0.72,140,2,,,2,2,2,
1993,권명철,1695,OB,2.2,0.6,166,1,,직전 풀타임 0.5WAR 미만 −1,1,2,2,풀타임 최소 2코인
1993,길홍규,1378,OB,-0.4,0.75,119,2,,,2,1,2,
1993,김경원,1761,OB,5.8,0.45,220,1,,,1,2,2,풀타임 최소 2코인
1993,김광림,1203,OB,4.4,1.71,31,4,,프랜차이즈 스타 +1,5,5,5,
1993,김민호,1724,OB,0.7,0.45,236,1,,,1,2,1,
1993,김상진,1624,OB,2.3,1.15,68,3,,,3,5,3,
1993,김상호,1380,OB,2.3,1.93,20,5,,,5,4,4,변동 완충(+2까지)
1993,김익재,1627,OB,1.1,0.71,143,2,,,2,1,2,
1993,김종석,1436,OB,-1.5,0.78,112,2,,,2,2,2,
1993,김태형,11472,OB,2.4,0.72,127,2,,,2,1,2,
1993,김형석,1239,OB,4.9,1.69,33,4,,프랜차이즈 스타 +1,5,3,5,
1993,박상근,1773,OB,-0.1,0.45,210,1,,,1,1,1,
1993,박철순,1105,OB,3.5,1.6,36,4,,프랜차이즈 스타 +1,5,5,5,
1993,박현영,1347,OB,1.7,0.8,109,2,,,2,1,2,
1993,안경현,10099,OB,0.3,0.43,257,1,,,1,2,1,
1993,안대환,1339,OB,0.1,0.65,158,1,,,1,1,1,
1993,이광우,1426,OB,1.8,0.89,97,2,,,2,2,2,
1993,이명수,1450,OB,5.4,0.94,89,2,,,2,4,2,
1993,이종민,1595,OB,0.1,0.45,255,1,,,1,1,1,
1993,이진,1461,OB,-0.7,0.63,162,1,,,1,1,1,
1993,임형석,1524,OB,0.6,1.26,58,3,,,3,2,3,
1993,장원진,1682,OB,0.7,0.66,157,1,,,1,1,1,
1993,장호연,1177,OB,3.7,2.24,11,5,,직전 5WAR+ +1 / 프랜차이즈 스타 +1,5,5,5,
1993,조영상,1557,OB,-0.5,0.36,261,1,,,1,1,1,
1993,최동창,1311,OB,1.4,0.89,96,2,,,2,1,2,
1993,추성건,1757,OB,0.6,0.45,224,1,,,1,1,1,
1993,하창우,1419,OB,-0.0,0.74,120,2,,,2,1,2,
1993,황일권,1760,OB,-0.4,0.45,221,1,,,1,1,1,
1993,가득염,10123,롯데,0.9,0.51,192,1,,,1,1,1,
1993,강성우,1648,롯데,0.0,0.72,138,2,,,2,1,2,
1993,고정식,1376,롯데,0.2,0.56,174,1,,,1,1,1,
1993,공필성,1503,롯데,1.6,0.83,103,2,,,2,2,2,
1993,김미호,1653,롯데,0.1,0.45,247,1,,,1,1,1,
1993,김민재,10550,롯데,2.3,0.37,260,1,,,1,2,1,
1993,김민호,1195,롯데,1.9,2.29,10,5,,프랜차이즈 스타 +1,5,4,5,
1993,김상우,1432,롯데,-0.3,0.67,154,1,,,1,1,1,
1993,김상현,1691,롯데,3.3,0.72,133,2,,,2,2,2,
1993,김선일,1433,롯데,-0.6,0.54,179,1,,,1,1,1,
1993,김응국,1404,롯데,3.1,2.14,14,5,,직전 5WAR+ +1 / 1992 골든글러브 +1,5,4,5,
1993,김정훈,1767,롯데,-0.6,0.45,216,1,,,1,1,1,
1993,김종석,1364,롯데,-0.2,0.92,92,2,,,2,1,2,
1993,김종헌,1511,롯데,2.6,0.54,185,1,,,1,2,2,풀타임 최소 2코인
1993,김태석,1628,롯데,0.5,0.55,177,1,,,1,1,1,
1993,김태형,1610,롯데,0.2,0.83,104,2,,,2,1,2,
1993,박계원,1646,롯데,2.6,0.72,139,2,,1992 골든글러브 +1,3,2,3,
1993,박동수,1262,롯데,-0.1,0.76,118,2,,,2,1,2,
1993,박동희,1539,롯데,0.8,1.4,46,4,,,4,4,4,
1993,박정태,1561,롯데,2.0,1.15,69,3,,직전 5WAR+ +1 / 최근 5시즌 골든글러브 2회 +1,5,5,5,
1993,박지환,1669,롯데,-0.1,0.45,245,1,,,1,1,1,
1993,서호진,1478,롯데,0.8,0.79,111,2,,,2,1,2,
1993,송태일,1743,롯데,-0.5,0.45,229,1,,,1,1,1,
1993,염종석,1689,롯데,2.1,0.72,135,2,,직전 5WAR+ +1 / 1992 골든글러브 · 1992 평균자책 1위 +1 / 직전 투수 골든글러브 5,5,4,5,신인왕 다음 시즌 하한 4
1993,윤학길,1330,롯데,4.8,2.87,5,5,,직전 5WAR+ +1 / 프랜차이즈 스타 +1,5,5,5,
1993,윤형배,1690,롯데,4.3,0.72,134,2,,,2,2,2,
1993,이상번,1483,롯데,1.3,0.92,93,2,,,2,2,2,
1993,이종운,11473,롯데,1.6,1.26,59,3,,,3,2,3,
1993,전준호,10418,롯데,4.2,1.15,66,3,,,3,5,3,
1993,정호진,1751,롯데,-0.2,0.45,226,1,,,1,1,1,
1993,조성옥,1200,롯데,0.3,0.86,101,2,,,2,1,2,
1993,최계영,1309,롯데,0.0,0.85,102,2,,,2,1,2,
1993,한영준,1256,롯데,1.0,1.37,51,3,,프랜차이즈 스타 +1,4,3,4,
1993,강석천,1421,빙그레,1.4,1.07,76,3,,,3,3,3,
1993,강정길,1276,빙그레,1.6,1.14,71,3,,,3,2,3,
1993,고기성,1727,빙그레,-0.1,0.45,235,1,,,1,1,1,
1993,구대성,10580,빙그레,0.6,0.45,200,1,,,1,2,1,
1993,김락기,1462,빙그레,0.1,0.67,152,2,,,2,1,2,
1993,김상국,1282,빙그레,0.1,1.52,41,4,,,4,3,4,
1993,김석연,1562,빙그레,-0.6,0.5,195,1,,,1,1,1,
1993,김성열,1733,빙그레,-0.2,0.45,232,1,,,1,1,1,
1993,김용선,1434,빙그레,0.1,0.54,182,1,,,1,1,1,
1993,김원근,1577,빙그레,0.0,0.45,252,1,,,1,1,1,
1993,김인권,1609,빙그레,-0.8,0.78,115,2,,직전 풀타임 0.5WAR 미만 −1,1,1,1,
1993,김일혁,1657,빙그레,0.1,0.64,160,1,,,1,1,1,
1993,노장진,1771,빙그레,-0.3,0.45,212,1,,,1,2,2,풀타임 최소 2코인
1993,송진우,10597,빙그레,-0.2,2.51,7,5,,직전 5WAR+ +1 / 1992 다승·세이브 1위 +1,5,5,5,
1993,양용모,1563,빙그레,0.1,0.87,99,2,,,2,2,2,
1993,이강돈,1299,빙그레,1.7,1.97,18,5,,최근 5시즌 골든글러브 2회 · 프랜차이즈 스타 +1,5,4,5,
1993,이국성,1412,빙그레,0.1,0.7,147,2,,,2,2,2,
1993,이민호,1748,빙그레,0.6,0.45,227,1,,,1,1,1,
1993,이상군,12994,빙그레,2.9,1.38,48,4,,프랜차이즈 스타 +1,5,5,5,
1993,이상목,1553,빙그레,0.2,0.54,180,1,,,1,2,1,
1993,이은승,1484,빙그레,-0.1,0.57,173,1,,,1,1,1,
1993,이정훈,1352,빙그레,0.6,2.97,3,5,,직전 5WAR+ +1 / 최근 5시즌 골든글러브 2회 · 1992 타율 1위 +1,5,5,5,
1993,이종호,1423,빙그레,0.1,0.67,151,2,,,2,1,2,
1993,임주택,1566,빙그레,0.5,0.59,169,1,,,1,1,1,
1993,장정순,1415,빙그레,0.1,1.99,17,5,,,5,3,5,
1993,장종훈,1354,빙그레,5.5,3.4,1,5,,직전 5WAR+ +1 / 최근 MVP · 최근 5시즌 골든글러브 2회 · 1992 타점·홈런 1위 +1 / 직전 MVP 5,5,5,5,
1993,전대영,1269,빙그레,1.6,1.02,80,3,,,3,1,3,
1993,정민철,10613,빙그레,4.4,0.72,129,2,,직전 5WAR+ +1,3,5,3,
1993,지연규,1685,빙그레,0.3,0.54,184,1,,,1,1,1,
1993,지화동,1533,빙그레,0.8,0.57,171,1,,,1,1,1,
1993,지화선,1754,빙그레,2.2,0.45,225,1,,,1,2,2,풀타임 최소 2코인
1993,진상봉,1534,빙그레,3.6,0.72,141,2,,,2,2,2,
1993,진정필,1491,빙그레,1.4,0.9,95,2,,,2,2,2,
1993,한용덕,13282,빙그레,3.3,2.88,4,5,,직전 5WAR+ +1,5,5,5,
1993,허준,1759,빙그레,1.6,0.45,222,1,,,1,2,2,풀타임 최소 2코인
1993,황대연,1425,빙그레,0.2,0.91,94,2,,,2,1,2,
1993,강기웅,1420,삼성,5.1,1.82,27,4,,최근 5시즌 골든글러브 2회 +1,5,3,5,
1993,강태윤,1719,삼성,-0.8,0.45,241,1,,,1,1,1,
1993,김상엽,1472,삼성,4.3,1.53,40,4,,,4,5,4,
1993,김성래,1196,삼성,5.8,1.56,39,4,,프랜차이즈 스타 +1,5,5,5,
1993,김성현,1284,삼성,2.7,0.67,153,1,,,1,2,2,풀타임 최소 2코인
1993,김용국,1237,삼성,0.3,1.47,43,4,,,4,2,4,
1993,김태룡,1661,삼성,0.6,0.45,246,1,,,1,1,1,
1993,김태한,1693,삼성,4.1,0.61,165,1,,직전 풀타임 0.5WAR 미만 −1,1,2,2,풀타임 최소 2코인
1993,김현욱,1768,삼성,0.2,0.45,215,1,,,1,2,1,
1993,동봉철,1651,삼성,3.6,0.72,137,2,,직전 5WAR+ +1,3,3,3,
1993,류중일,11467,삼성,5.0,1.29,57,3,,,3,4,4,변동 완충(−1까지)
1993,박선일,1441,삼성,0.6,0.45,254,1,,,1,1,1,
1993,박승호,1156,삼성,-0.4,1.37,52,3,,,3,2,3,
1993,박용준,1476,삼성,0.4,0.73,123,2,,,2,1,2,
1993,박충식,1763,삼성,4.2,0.45,218,1,,,1,2,2,풀타임 최소 2코인
1993,성준,1315,삼성,5.2,1.71,30,4,,프랜차이즈 스타 +1,5,4,5,
1993,손영철,1633,삼성,-0.3,0.54,181,1,,,1,1,1,
1993,양준혁,10339,삼성,7.1,0.45,202,1,,,1,2,2,풀타임 최소 2코인
1993,오봉옥,1694,삼성,1.1,0.72,132,2,,,2,3,2,
1993,유명선,1465,삼성,1.2,1.33,54,3,,,3,2,3,
1993,윤용하,1567,삼성,-2.7,0.94,90,2,,,2,1,2,
1993,이만수,1025,삼성,0.6,2.44,8,5,,프랜차이즈 스타 +1,5,5,5,
1993,이상목,1553,삼성,-0.2,0.54,180,1,,,1,2,1,
1993,이상훈,1554,삼성,1.4,0.45,256,1,,,1,2,2,풀타임 최소 2코인
1993,이용철,1414,삼성,0.4,0.5,194,1,,,1,1,1,
1993,이종두,1252,삼성,2.6,1.02,81,2,,,2,3,2,
1993,이태일,1540,삼성,0.9,1.66,34,4,,직전 5WAR+ +1,5,3,4,변동 완충(+2까지)
1993,정경훈,1527,삼성,1.2,1.14,70,3,,,3,2,3,
1993,정영규,1722,삼성,1.7,0.45,238,1,,,1,2,2,풀타임 최소 2코인
1993,최한경,1781,삼성,0.4,0.45,206,1,,,1,1,1,
1993,한기철,1687,삼성,-0.8,0.45,243,1,,,1,1,1,
1993,한희민,1336,삼성,0.7,1.31,55,3,,직전 풀타임 0.5WAR 미만 −1,2,5,2,
1993,강길용,1612,쌍방울,-0.4,0.97,86,2,,,2,2,2,
1993,김기덕,1619,쌍방울,-0.3,0.73,124,2,,,2,2,2,
1993,김기태,11474,쌍방울,3.1,1.15,65,3,,직전 5WAR+ +1 / 1992 골든글러브 +1,5,5,5,
1993,김상재,1655,쌍방울,0.5,0.39,259,1,,,1,1,1,
1993,김석기,1698,쌍방울,1.2,0.72,131,2,,,2,2,2,
1993,김성규,1372,쌍방울,-0.0,0.54,186,1,,,1,1,1,
1993,김성길,1360,쌍방울,0.1,1.95,19,5,,직전 풀타임 0.5WAR 미만 −1,4,5,4,
1993,김원형,14890,쌍방울,2.4,1.15,64,3,,,3,4,3,
1993,김진욱,12962,쌍방울,-0.6,0.95,88,2,,,2,2,2,
1993,김충민,1737,쌍방울,0.3,0.45,231,1,,,1,1,1,
1993,김호,1581,쌍방울,2.5,1.0,83,2,,,2,4,2,
1993,김호근,1155,쌍방울,0.4,1.09,74,3,,,3,1,3,
1993,노춘섭,1772,쌍방울,-0.2,0.45,211,1,,,1,1,1,
1993,박경완,10080,쌍방울,0.2,0.51,193,1,,,1,2,1,
1993,박노준,1292,쌍방울,1.0,1.12,73,3,,,3,3,3,
1993,박성기,1629,쌍방울,0.6,1.15,67,3,,,3,2,3,
1993,백인수,1338,쌍방울,-0.4,1.41,45,4,,,4,3,4,
1993,성영재,1775,쌍방울,0.4,0.45,209,1,,,1,2,2,풀타임 최소 2코인
1993,송인호,1590,쌍방울,-1.2,0.88,98,2,,,2,1,2,
1993,신경식,1019,쌍방울,2.2,1.12,72,3,,,3,3,3,
1993,유동효,1397,쌍방울,1.3,0.48,196,1,,,1,2,2,풀타임 최소 2코인
1993,유영원,1675,쌍방울,-0.3,0.45,244,1,,,1,1,1,
1993,이동석,1366,쌍방울,-0.1,0.81,108,2,,,2,1,2,
1993,이상대,1451,쌍방울,-0.3,0.82,107,2,,,2,1,2,
1993,이연수,1350,쌍방울,1.3,0.68,149,2,,직전 풀타임 0.5WAR 미만 −1,1,1,1,
1993,이재홍,1485,쌍방울,-0.7,0.78,114,2,,,2,1,2,
1993,임창식,1715,쌍방울,-0.2,0.63,161,1,,,1,1,1,
1993,전종화,12713,쌍방울,0.4,0.82,105,2,,,2,1,2,
1993,조규제,1608,쌍방울,3.0,1.07,78,3,,,3,5,4,신인왕 다음 시즌 하한 4
1993,최준호,1492,쌍방울,-0.1,0.45,253,1,,,1,1,1,
1993,최태원,13285,쌍방울,3.5,0.45,199,1,,,1,2,2,풀타임 최소 2코인
1993,최한림,1645,쌍방울,0.9,0.74,122,2,,,2,2,2,
1993,최해식,1607,쌍방울,0.1,0.45,249,1,,,1,1,1,
1993,한혁수,1758,쌍방울,-0.3,0.45,223,1,,,1,1,1,
1993,가내영,1611,태평양,1.9,0.63,163,1,,직전 풀타임 0.5WAR 미만 −1,1,2,2,풀타임 최소 2코인
1993,공의식,1728,태평양,0.8,0.45,234,1,,,1,1,1,
1993,구윤,1272,태평양,-0.8,0.74,121,2,,,2,1,2,
1993,권준헌,1504,태평양,-0.2,0.66,156,1,,,1,1,1,
1993,김갑중,1730,태평양,0.4,0.45,233,1,,,1,1,1,
1993,김경기,1505,태평양,1.2,1.07,75,3,,,3,2,3,
1993,김동기,1281,태평양,2.2,2.03,16,5,,,5,5,5,
1993,김민태,1623,태평양,-0.4,0.72,126,2,,,2,1,2,
1993,김성갑,1235,태평양,0.8,0.98,85,2,,,2,1,2,
1993,김인호,1435,태평양,0.4,0.71,144,2,,,2,2,2,
1993,김홍기,1582,태평양,-0.2,0.59,168,1,,,1,1,1,
1993,김홍집,1769,태평양,0.9,0.45,214,1,,,1,2,2,풀타임 최소 2코인
1993,나성열,1704,태평양,1.1,0.45,242,1,,,1,1,1,
1993,노승욱,1770,태평양,1.3,0.45,213,1,,,1,2,2,풀타임 최소 2코인
1993,박상범,1407,태평양,-0.5,0.57,172,1,,,1,1,1,
1993,박은진,1463,태평양,1.8,1.77,29,4,,직전 5WAR+ +1,5,4,5,
1993,백성진,1587,태평양,-0.3,0.45,251,1,,,1,1,1,
1993,손차훈,1742,태평양,0.2,0.45,230,1,,,1,1,1,
1993,신상윤,1634,태평양,-0.1,0.46,198,1,,,1,1,1,
1993,신완근,1410,태평양,0.2,0.78,113,2,,,2,1,2,
1993,안병원,1711,태평양,2.3,0.72,130,2,,,2,2,2,
1993,양상문,11470,태평양,-0.5,1.42,44,4,,,4,3,4,
1993,여태구,1393,태평양,0.2,1.78,28,4,,직전 5WAR+ +1,5,3,5,
1993,염경엽,11468,태평양,1.2,0.59,167,1,,,1,1,1,
1993,원원근,1395,태평양,-0.2,1.04,79,3,,,3,2,3,
1993,유영환,1676,태평양,-1.0,0.53,188,1,,,1,1,1,
1993,윤덕규,1247,태평양,2.4,1.87,23,4,,,4,4,4,
1993,이경호,1747,태평양,-0.3,0.45,228,1,,,1,1,1,
1993,이근엽,1593,태평양,-0.2,0.45,250,1,,,1,1,1,
1993,이재주,10020,태평양,2.2,0.45,205,1,,,1,1,1,
1993,이희성,1455,태평양,1.4,0.87,100,2,,직전 풀타임 0.5WAR 미만 −1,1,2,2,풀타임 최소 2코인
1993,장광호,12722,태평양,0.3,0.72,128,2,,,2,2,2,
1993,정명원,1464,태평양,0.3,0.95,87,2,,,2,5,2,
1993,정민태,1716,태평양,-0.2,0.64,159,1,,,1,4,1,전수 판정: 보정 권고 / 지정 해제(규칙값)
1993,정영진,1599,태평양,0.5,0.63,164,1,,,1,1,1,
1993,조웅천,10158,태평양,0.1,0.52,190,1,,,1,2,1,
1993,최창호,1370,태평양,2.3,1.59,37,4,,,4,5,4,
1993,강태원,1467,해태,0.3,0.47,197,1,,,1,1,1,
1993,김병조,1650,해태,-0.1,0.45,248,1,,,1,1,1,
1993,김성한,12726,해태,1.5,1.82,25,4,,최근 5시즌 골든글러브 2회 · 프랜차이즈 스타 +1,5,5,5,
1993,김정수,1314,해태,2.6,2.13,15,5,,직전 5WAR+ +1,5,4,5,
1993,김훈,1720,해태,0.0,0.45,240,1,,,1,2,2,풀타임 최소 2코인
1993,문희수,1225,해태,0.5,1.17,63,3,,,3,2,3,
1993,박철우,1337,해태,1.6,1.37,49,3,,,3,3,3,
1993,선동열,1263,해태,6.6,3.35,2,5,,최근 MVP · 최근 5시즌 골든글러브 2회 · 프랜차이즈 스타 +1,5,5,5,
1993,송유석,1365,해태,2.4,1.18,62,3,,직전 풀타임 0.5WAR 미만 −1,2,3,2,
1993,신동수,1327,해태,0.1,1.85,24,4,,프랜차이즈 스타 +1,5,3,5,
1993,양승철,1692,해태,-0.9,0.55,176,1,,,1,2,2,풀타임 최소 2코인
1993,윤재호,1448,해태,-0.4,1.19,60,3,,,3,1,3,
1993,이강철,13923,해태,2.7,2.56,6,5,,직전 5WAR+ +1 / 1992 탈삼진 1위 +1,5,5,5,
1993,이건열,1300,해태,0.4,0.68,150,2,,,2,2,2,
1993,이대진,10062,해태,2.2,0.45,203,1,,,1,2,2,풀타임 최소 2코인
1993,이순철,1250,해태,3.3,2.32,9,5,,직전 5WAR+ +1 / 최근 5시즌 골든글러브 2회 · 프랜차이즈 스타 +1,5,5,5,
1993,이용석,1721,해태,0.1,0.45,239,1,,,1,1,1,
1993,이재만,1779,해태,-0.1,0.45,208,1,,,1,1,1,
1993,이종범,10036,해태,5.8,0.45,204,1,,,1,4,2,풀타임 최소 2코인
1993,이호성,1500,해태,2.6,1.61,35,4,,최근 5시즌 골든글러브 2회 +1,5,4,5,
1993,장채근,1271,해태,1,1.92,22,4,,최근 5시즌 골든글러브 2회 +1,5,3,5,
1993,정성룡,1214,해태,3.5,0.8,110,2,,,2,1,2,
1993,정회열,1496,해태,2.7,1.02,82,2,,,2,2,2,
1993,조계현,12724,해태,6.1,2.19,13,5,,,5,5,5,
1993,조용수,1780,해태,-0.1,0.45,207,1,,,1,1,1,
1993,한대화,1144,해태,3.6,2.22,12,5,,최근 5시즌 골든글러브 2회 · 프랜차이즈 스타 +1,5,5,5,
1993,홍현우,1499,해태,4.5,1.18,61,3,,직전 5WAR+ +1,4,5,4,
1994,강봉수,1764,LG,0.3,0.72,132,2,,,2,1,2,
1994,김기범,1469,LG,0.1,1.87,24,4,,,4,3,4,
1994,김동수,10386,LG,4.8,2.16,11,5,,직전 5WAR+ +1 / 최근 5시즌 골든글러브 2회 +1,5,5,5,
1994,김선진,1497,LG,-0.3,0.72,140,2,,,2,1,2,
1994,김영직,1342,LG,1.2,1.15,74,3,,,3,1,3,
1994,김용수,1259,LG,1.2,2.05,19,5,,,5,5,5,
1994,김재현,10109,LG,5.2,0.45,210,1,,,1,2,2,풀타임 최소 2코인
1994,김정민,10458,LG,1.3,0.6,168,1,,,1,1,1,
1994,김태민,1738,LG,-0.6,0.45,261,1,,,1,1,1,
1994,김태원,1289,LG,6.1,1.8,28,4,,,4,4,4,
1994,노찬엽,1439,LG,1.9,1.12,80,3,,,3,3,3,
1994,류지현,1783,LG,7.5,0.45,254,1,,,1,2,2,풀타임 최소 2코인
1994,민원기,1707,LG,0.6,0.7,143,2,,,2,1,2,
1994,박종호,1668,LG,2.4,0.83,109,2,,,2,4,2,
1994,박준태,1443,LG,1.4,1.71,31,4,,,4,2,4,
1994,박철홍,1850,LG,0.3,0.45,222,1,,,1,1,1,
1994,서용빈,1782,LG,3.7,0.45,255,1,,,1,2,2,풀타임 최소 2코인
1994,신동수,1327,LG,-0.1,1.39,52,3,,,3,3,3,
1994,오희주,1636,LG,-0.2,0.55,185,1,,,1,1,1,
1994,윤찬,1678,LG,-0.2,0.43,272,1,,,1,1,1,
1994,이상훈,1762,LG,5.9,0.72,134,2,,,2,4,4,대형 신인 하한 4
1994,이종열,10478,LG,-0.6,0.64,158,1,,직전 풀타임 0.5WAR 미만 −1,1,2,2,풀타임 최소 2코인
1994,인현배,1857,LG,1.2,0.45,216,1,,,1,2,2,풀타임 최소 2코인
1994,전일수,11435,LG,0.7,0.66,152,2,,,2,3,2,
1994,정삼흠,1258,LG,4.0,1.58,39,4,,,4,5,4,
1994,차동철,1316,LG,0.9,0.94,102,2,,,2,1,2,
1994,차명석,1686,LG,0.4,0.54,188,1,,직전 풀타임 0.5WAR 미만 −1,1,2,1,
1994,최훈재,1457,LG,3.0,0.66,155,1,,,1,2,1,
1994,한대화,1144,LG,3.1,2.11,14,5,,최근 5시즌 골든글러브 2회 +1,5,5,5,
1994,허문회,14566,LG,-0.1,0.45,201,1,,,1,1,1,
1994,강길용,1612,OB,-0.5,0.73,123,2,,직전 풀타임 0.5WAR 미만 −1,1,2,2,풀타임 최소 2코인
1994,강병규,1613,OB,-0.1,1.19,62,3,,,3,2,3,
1994,강영수,1428,OB,-0.6,1.22,60,3,,,3,2,3,
1994,공유선,1790,OB,-0.0,0.45,248,1,,,1,1,1,
1994,권명철,1695,OB,1.6,0.96,98,2,,,2,2,2,
1994,김경원,1761,OB,-0.1,0.72,135,2,,직전 5WAR+ +1,3,4,3,
1994,김광현,1792,OB,1.2,0.45,247,1,,,1,1,1,
1994,김민호,1724,OB,4.0,0.71,141,2,,,2,2,2,
1994,김상진,1624,OB,5.0,1.37,53,3,,,3,5,3,
1994,김상호,1380,OB,2.8,1.67,34,4,,,4,4,4,
1994,김익재,1627,OB,-0.4,0.9,104,2,,,2,2,2,
1994,김종석,1436,OB,1.5,0.59,174,1,,,1,2,2,풀타임 최소 2코인
1994,김종성,1736,OB,0.6,0.45,262,1,,,1,1,1,
1994,김태형,11472,OB,0.6,1.15,65,3,,,3,1,3,
1994,김형석,1239,OB,0.5,2.2,10,5,,직전 5WAR+ +1 / 프랜차이즈 스타 +1,5,3,5,
1994,나영철,1846,OB,0.2,0.45,225,1,,,1,1,1,
1994,류택현,10507,OB,0.4,0.45,208,1,,,1,1,1,
1994,마원성,1847,OB,-0.2,0.45,224,1,,,1,1,1,
1994,박상근,1773,OB,-0.2,0.52,193,1,,,1,1,1,
1994,박철순,1105,OB,2.4,1.87,23,4,,프랜차이즈 스타 +1,5,5,5,
1994,박현영,1347,OB,0.9,1.09,84,2,,,2,1,2,
1994,소상영,1741,OB,-0.3,0.45,260,1,,,1,1,1,
1994,심정수,1811,OB,-0.1,0.45,241,1,,,1,2,1,
1994,안경현,10099,OB,1.2,0.6,170,1,,,1,2,1,
1994,윤기수,1814,OB,-0.4,0.45,240,1,,,1,1,1,
1994,이광우,1426,OB,2.4,1.17,64,3,,,3,2,3,
1994,이도형,10543,OB,0.9,0.45,206,1,,,1,2,1,
1994,이명수,1450,OB,0.5,1.51,43,4,,직전 5WAR+ +1,5,4,4,변동 완충(+2까지)
1994,이용호,1777,OB,0.8,0.45,257,1,,,1,1,1,
1994,이전진,1679,OB,0.0,0.45,266,1,,,1,1,1,
1994,이종민,1595,OB,0.3,0.56,183,1,,,1,1,1,
1994,임형석,1524,OB,0.3,1.01,94,2,,,2,2,2,
1994,장원진,1682,OB,2.2,0.8,112,2,,,2,1,2,
1994,장호연,1177,OB,-0.3,2.13,12,5,,프랜차이즈 스타 +1,5,5,5,
1994,조경택,12707,OB,-0.3,0.45,203,1,,,1,1,1,
1994,최영술,1604,OB,-0.2,0.45,269,1,,,1,1,1,
1994,추성건,1757,OB,1.4,0.69,145,2,,,2,1,2,
1994,하창우,1419,OB,-0.1,0.65,156,1,,,1,1,1,
1994,한태균,1863,OB,1.8,0.45,212,1,,,1,1,1,
1994,홍길남,1495,OB,-0.0,0.52,192,1,,,1,1,1,
1994,홍우태,1864,OB,1.7,0.45,211,1,,,1,2,2,풀타임 최소 2코인
1994,황일권,1760,OB,-0.2,0.45,200,1,,,1,1,1,
1994,가득염,10123,롯데,2.1,0.78,116,2,,,2,2,2,
1994,강상수,1837,롯데,1.7,0.45,232,1,,,1,2,2,풀타임 최소 2코인
1994,강성우,1648,롯데,1.0,0.66,154,1,,,1,1,1,
1994,고성범,1765,롯데,0.2,0.45,258,1,,,1,1,1,
1994,공필성,1503,롯데,3.7,1.09,85,2,,,2,2,2,
1994,권재광,1729,롯데,-0.5,0.45,263,1,,,1,1,1,
1994,김미호,1653,롯데,-0.1,0.57,178,1,,,1,1,1,
1994,김민재,10550,롯데,1.0,0.6,169,1,,,1,2,1,
1994,김민호,1195,롯데,4.0,1.74,29,4,,프랜차이즈 스타 +1,5,4,5,
1994,김상현,1691,롯데,0.8,1.15,68,3,,,3,2,3,
1994,김선일,1433,롯데,-0.3,0.43,273,1,,,1,1,1,
1994,김응국,1404,롯데,4.2,1.97,20,5,,,5,4,5,
1994,김정훈,1767,롯데,0.0,0.39,275,1,,,1,1,1,
1994,김종헌,1511,롯데,0.6,0.86,108,2,,,2,2,2,
1994,김종훈,1800,롯데,-0.0,0.45,245,1,,,1,1,1,
1994,김태석,1628,롯데,0.3,0.69,144,2,,,2,2,2,
1994,김태형,1610,롯데,0.2,0.75,121,2,,,2,1,2,
1994,박계원,1646,롯데,0.3,1.15,72,3,,,3,1,3,
1994,박동희,1539,롯데,2.0,1.12,79,3,,,3,4,3,
1994,박지철,10511,롯데,0.5,0.45,207,1,,,1,2,1,
1994,박지환,1669,롯데,-0.6,0.53,190,1,,,1,1,1,
1994,박태웅,1851,롯데,-0.0,0.45,221,1,,,1,1,1,
1994,서정민,1853,롯데,-0.7,0.45,220,1,,,1,1,1,
1994,손동일,1809,롯데,0.3,0.45,242,1,,,1,1,1,
1994,염종석,1689,롯데,1.8,1.15,70,3,,,3,4,4,신인왕 다음 시즌 하한 4
1994,유동효,1397,롯데,-0.1,0.77,118,2,,,2,1,2,
1994,윤동배,1482,롯데,-0.6,0.48,198,1,,,1,1,1,
1994,윤민철,1855,롯데,0.1,0.45,218,1,,,1,1,1,
1994,윤학길,1330,롯데,-0.3,2.67,4,5,,직전 5WAR+ +1 / 프랜차이즈 스타 +1,5,5,5,
1994,윤형배,1690,롯데,-0.4,1.15,69,3,,,3,2,3,
1994,이상번,1483,롯데,-0.4,1.03,91,2,,,2,1,2,
1994,이종운,11473,롯데,1.3,1.26,58,3,,,3,2,3,
1994,임수혁,1819,롯데,0.5,0.45,238,1,,,1,1,1,
1994,전준호,10418,롯데,2.4,1.84,26,4,,1993 골든글러브 +1,5,5,5,
1994,조규철,1752,롯데,0.0,0.45,259,1,,,1,1,1,
1994,조성옥,1200,롯데,-0.0,0.78,117,2,,,2,1,2,
1994,주형광,1834,롯데,4.2,0.45,234,1,,,1,4,4,대형 신인 하한 4
1994,한영준,1256,롯데,1.1,1.14,76,3,,프랜차이즈 스타 +1,4,3,4,
1994,홍순기,1833,롯데,-0.6,0.45,235,1,,,1,1,1,
1994,강기웅,1420,삼성,1.3,2.32,7,5,,직전 5WAR+ +1 / 최근 5시즌 골든글러브 2회 +1,5,3,5,
1994,강종필,1429,삼성,0.2,0.68,147,2,,,2,1,2,
1994,강태윤,1719,삼성,0.6,0.35,276,1,,,1,1,1,
1994,곽채진,1841,삼성,0.6,0.45,228,1,,,1,1,1,
1994,김상엽,1472,삼성,0.3,2.12,13,5,,1993 탈삼진 1위 +1,5,5,5,
1994,김성래,1196,삼성,2.7,2.37,5,5,,직전 5WAR+ +1 / 프랜차이즈 스타 · 1993 골든글러브 · 1993 타점·홈런 1위 +1 / 직전 MVP 5,5,5,5,
1994,김성현,1284,삼성,1.6,1.07,87,2,,,2,2,2,
1994,김승남,1626,삼성,0.7,0.61,166,1,,,1,1,1,
1994,김실,1797,삼성,1.8,0.45,246,1,,,1,2,2,풀타임 최소 2코인
1994,김태균,1803,삼성,0.3,0.45,243,1,,,1,1,1,
1994,김태룡,1661,삼성,0.2,0.67,150,2,,,2,1,2,
1994,김태한,1693,삼성,4.5,0.98,95,2,,,2,4,2,
1994,김한수,12964,삼성,1.6,0.45,202,1,,,1,2,1,
1994,동봉철,1651,삼성,1.4,1.15,71,3,,,3,3,3,
1994,류중일,11467,삼성,2.2,2.07,17,5,,직전 5WAR+ +1 / 프랜차이즈 스타 +1,5,4,5,
1994,박선일,1441,삼성,0.8,0.69,146,2,,,2,1,2,
1994,박용준,1476,삼성,0.6,0.78,115,2,,,2,1,2,
1994,박충식,1763,삼성,6.7,0.72,133,2,,,2,5,2,
1994,성준,1315,삼성,3.1,2.29,8,5,,직전 5WAR+ +1 / 프랜차이즈 스타 +1,5,4,5,
1994,신동주,1672,삼성,-0.3,0.45,267,1,,,1,1,1,
1994,양준혁,10339,삼성,4.9,0.72,126,2,,직전 5WAR+ +1 / 1993 타율 1위 +1,4,5,4,신인왕 다음 시즌 하한 4
1994,오봉옥,1694,삼성,-0.4,1.01,92,2,,,2,3,2,
1994,유명선,1465,삼성,0.5,1.21,61,3,,,3,2,3,
1994,이만수,1025,삼성,1.5,1.83,27,4,,프랜차이즈 스타 +1,5,5,5,
1994,이상훈,1554,삼성,0.8,0.72,139,2,,,2,2,2,
1994,이종두,1252,삼성,2.0,1.4,50,3,,,3,3,3,
1994,이태일,1540,삼성,2.5,1.24,59,3,,,3,3,3,
1994,정경훈,1527,삼성,2.0,1.1,83,2,,,2,2,2,
1994,정영규,1722,삼성,0.3,0.72,137,2,,,2,2,2,
1994,최용희,1860,삼성,-0.1,0.45,215,1,,,1,1,1,
1994,최한경,1781,삼성,1.9,0.64,159,1,,,1,2,2,풀타임 최소 2코인
1994,한기철,1687,삼성,-0.0,0.34,277,1,,,1,1,1,
1994,강희석,1838,쌍방울,0.4,0.45,231,1,,,1,1,1,
1994,고형욱,1839,쌍방울,0.5,0.45,230,1,,,1,1,1,
1994,길홍규,1378,쌍방울,-0.2,0.56,182,1,,,1,1,1,
1994,김광림,1203,쌍방울,2.8,2.09,15,5,,1993 골든글러브 +1,5,5,5,
1994,김기덕,1619,쌍방울,0.5,0.57,179,1,,,1,2,2,풀타임 최소 2코인
1994,김기태,11474,쌍방울,6.2,1.57,40,4,,최근 5시즌 골든글러브 2회 +1,5,5,5,
1994,김민국,1843,쌍방울,-0.5,0.45,226,1,,,1,1,1,
1994,김석기,1698,쌍방울,-0.6,0.93,103,2,,,2,2,2,
1994,김원형,14890,쌍방울,-0.4,1.4,51,3,,,3,4,3,
1994,김주성,1801,쌍방울,0.5,0.45,244,1,,,1,1,1,
1994,김충민,1737,쌍방울,-0.0,0.61,164,1,,,1,1,1,
1994,노춘섭,1772,쌍방울,-0.1,0.5,196,1,,,1,1,1,
1994,박경완,10080,쌍방울,2.7,0.62,163,1,,,1,2,1,
1994,박노준,1292,쌍방울,3.7,1.04,89,2,,,2,2,2,
1994,박성기,1629,쌍방울,0.8,0.97,96,2,,,2,2,2,
1994,박진석,1630,쌍방울,0.7,0.59,175,1,,,1,2,2,풀타임 최소 2코인
1994,박철우,1337,쌍방울,1.5,1.3,56,3,,,3,3,3,
1994,백인수,1338,쌍방울,3.2,1.06,88,2,,,2,2,2,
1994,성영재,1775,쌍방울,0.4,0.63,161,1,,직전 풀타임 0.5WAR 미만 −1,1,2,2,풀타임 최소 2코인
1994,송태일,1743,쌍방울,2.2,0.43,274,1,,,1,2,2,풀타임 최소 2코인
1994,신경식,1019,쌍방울,-0.5,1.33,55,3,,,3,3,3,
1994,유현승,1854,쌍방울,0.3,0.45,219,1,,,1,2,2,풀타임 최소 2코인
1994,윤재호,1448,쌍방울,-0.1,0.89,105,2,,,2,1,2,
1994,이상대,1451,쌍방울,-0.5,0.61,165,1,,,1,1,1,
1994,이승환,1856,쌍방울,-0.1,0.45,217,1,,,1,1,1,
1994,이연수,1350,쌍방울,-0.3,0.95,100,2,,,2,1,2,
1994,임창식,1715,쌍방울,-0.0,0.56,181,1,,,1,1,1,
1994,전종화,12713,쌍방울,0.1,0.79,113,2,,,2,1,2,
1994,정기창,1824,쌍방울,-0.2,0.45,236,1,,,1,1,1,
1994,조규제,1608,쌍방울,2.8,1.7,32,4,,,4,5,4,
1994,조원우,12657,쌍방울,1.5,0.45,204,1,,,1,2,1,
1994,최태원,13285,쌍방울,2.8,0.72,125,2,,,2,5,2,
1994,최한림,1645,쌍방울,-0.9,0.88,107,2,,,2,1,2,
1994,한혁수,1758,쌍방울,0.5,0.48,199,1,,,1,1,1,
1994,가내영,1611,태평양,-0.1,1.01,93,2,,,2,1,2,
1994,계기범,1726,태평양,-0.3,0.45,264,1,,,1,1,1,
1994,곽병찬,1840,태평양,-0.3,0.45,229,1,,,1,1,1,
1994,구윤,1272,태평양,1.0,0.55,184,1,,,1,1,1,
1994,권준헌,1504,태평양,0.7,0.58,176,1,,,1,1,1,
1994,김갑중,1730,태평양,0.8,0.64,160,1,,,1,1,1,
1994,김경기,1505,태평양,4.6,1.08,86,2,,,2,2,2,
1994,김동기,1281,태평양,2.8,1.71,30,4,,,4,5,4,
1994,김성갑,1235,태평양,0.8,0.96,99,2,,,2,1,2,
1994,김용국,1237,태평양,0.7,1.1,82,2,,,2,2,2,
1994,김인호,1435,태평양,0.5,0.75,120,2,,,2,2,2,
1994,김홍집,1769,태평양,2.7,0.72,131,2,,,2,2,2,
1994,나성열,1704,태평양,0.4,0.72,138,2,,,2,1,2,
1994,노승욱,1770,태평양,0.0,0.72,130,2,,,2,1,2,
1994,문창환,1848,태평양,1.2,0.45,223,1,,,1,1,1,
1994,박은진,1463,태평양,0.9,1.64,37,4,,,4,4,4,
1994,박정현,1408,태평양,-0.1,1.43,47,4,,,4,5,4,
1994,서정민,1671,태평양,1.0,0.45,268,1,,,1,1,1,
1994,손차훈,1742,태평양,-0.4,0.59,171,1,,,1,1,1,
1994,안병원,1711,태평양,3.3,1.15,67,3,,,3,2,3,
1994,여태구,1393,태평양,0.3,1.34,54,3,,,3,3,3,
1994,염경엽,11468,태평양,1.9,0.89,106,2,,,2,2,2,
1994,윤덕규,1247,태평양,4.9,1.67,35,4,,,4,4,4,
1994,이근엽,1593,태평양,0.3,0.5,195,1,,,1,1,1,
1994,이숭용,10402,태평양,1.5,0.45,209,1,,,1,2,1,
1994,이재주,10020,태평양,0.2,0.72,129,2,,,2,2,2,
1994,이희성,1455,태평양,2.0,1.04,90,2,,,2,1,2,
1994,임성주,1818,태평양,0.4,0.45,239,1,,,1,1,1,
1994,장광호,12722,태평양,0.3,0.73,122,2,,직전 풀타임 0.5WAR 미만 −1,1,1,1,
1994,정명원,1464,태평양,4.9,0.8,111,2,,,2,5,2,
1994,정민태,1716,태평양,2.1,0.57,177,1,,,1,4,2,대형 신인 하한 4
1994,조웅천,10158,태평양,-0.2,0.59,172,1,,,1,2,1,
1994,최상덕,10616,태평양,5.2,0.45,205,1,,,1,2,2,풀타임 최소 2코인
1994,최창호,1370,태평양,1.4,1.54,42,4,,,4,5,4,
1994,하득인,1784,태평양,0.2,0.45,253,1,,,1,1,1,
1994,강석천,1421,한화,-0.1,1.13,78,3,,,3,3,3,
1994,강정길,1276,한화,1.3,1.19,63,3,,,3,2,3,
1994,고기성,1727,한화,0.3,0.53,191,1,,,1,1,1,
1994,구대성,10580,한화,3.1,0.68,148,2,,,2,2,2,
1994,길배진,1842,한화,-0.7,0.45,227,1,,,1,1,1,
1994,김상국,1282,한화,2.5,1.14,77,3,,,3,3,3,
1994,김성한,1835,한화,0.3,0.45,233,1,,,1,1,1,
1994,김용선,1434,한화,0.8,0.59,173,1,,,1,1,1,
1994,김원근,1577,한화,-0.2,0.55,186,1,,,1,1,1,
1994,김재성,1701,한화,-0.2,0.54,187,1,,,1,1,1,
1994,박지상,1785,한화,3.4,0.45,252,1,,,1,2,2,풀타임 최소 2코인
1994,송진우,10597,한화,0.4,1.88,22,4,,직전 풀타임 0.5WAR 미만 −1,3,5,3,
1994,이강돈,1299,한화,1.4,1.55,41,4,,최근 5시즌 골든글러브 2회 +1,5,4,5,
1994,이국성,1412,한화,1.7,0.66,151,2,,직전 풀타임 0.5WAR 미만 −1,1,1,1,
1994,이민호,1748,한화,2.8,0.67,149,2,,,2,1,2,
1994,이상군,12994,한화,0.6,1.66,36,4,,,4,5,4,
1994,이상목,1553,한화,1.6,0.6,167,1,,,1,2,2,풀타임 최소 2코인
1994,이정훈,1352,한화,1.0,2.23,9,5,,최근 5시즌 골든글러브 2회 +1,5,5,5,
1994,이종호,1423,한화,-0.1,0.65,157,1,,,1,1,1,
1994,이중화,1353,한화,-0.6,0.97,97,2,,,2,1,2,
1994,임규대,1714,한화,-0.3,0.45,265,1,,,1,1,1,
1994,임주택,1566,한화,-0.3,0.7,142,2,,,2,1,2,
1994,장정순,1415,한화,0.3,1.49,44,4,,직전 풀타임 0.5WAR 미만 −1,3,3,3,
1994,장종훈,1354,한화,2.7,3.04,2,5,,직전 5WAR+ +1 / 최근 MVP · 최근 5시즌 골든글러브 2회 +1,5,5,5,
1994,전대영,1269,한화,0.2,1.14,75,3,,,3,1,3,
1994,전형도,1823,한화,0.3,0.45,237,1,,,1,1,1,
1994,정민철,10613,한화,7.6,1.15,66,3,,,3,5,3,
1994,정진식,1786,한화,0.8,0.45,251,1,,,1,1,1,
1994,지화동,1533,한화,-0.9,0.79,114,2,,,2,1,2,
1994,진상봉,1534,한화,0.9,1.15,73,3,,,3,1,3,
1994,진정필,1491,한화,0.7,1.11,81,2,,,2,2,2,
1994,최호원,1862,한화,-0.0,0.45,213,1,,,1,1,1,
1994,한용덕,13282,한화,3.5,2.37,6,5,,,5,5,5,
1994,허준,1759,한화,-0.2,0.72,136,2,,,2,1,2,
1994,황대연,1425,한화,0.2,0.77,119,2,,,2,1,2,
1994,강태원,1467,해태,1.9,0.62,162,1,,,1,2,2,풀타임 최소 2코인
1994,김병조,1650,해태,0.7,0.52,194,1,,,1,1,1,
1994,김봉영,1697,해태,-0.0,0.5,197,1,,,1,1,1,
1994,김상훈,1193,해태,-0.5,1.7,33,4,,,4,3,4,
1994,김성한,12726,해태,0.0,1.44,45,4,,최근 5시즌 골든글러브 2회 · 프랜차이즈 스타 +1,5,5,5,
1994,김재덕,1579,해태,0.1,0.45,270,1,,,1,1,1,
1994,김정수,1314,해태,2.7,1.85,25,4,,,4,4,4,
1994,문희수,1225,해태,-0.3,0.95,101,2,,,2,2,2,
1994,박병호,1440,해태,1.0,0.45,271,1,,,1,1,1,
1994,박재용,1787,해태,-0.2,0.45,250,1,,,1,1,1,
1994,선동열,1263,해태,3.5,3.74,1,5,,직전 5WAR+ +1 / 최근 5시즌 골든글러브 2회 · 프랜차이즈 스타 · 1993 세이브·평균자책 1위 +1 / 직전 투수 골든글러브 5,5,5,5,
1994,송유석,1365,해태,2.3,1.43,48,4,,,4,3,4,
1994,송인호,1590,해태,-1.5,0.66,153,1,,,1,1,1,
1994,이강철,13923,해태,3.2,2.06,18,5,,,5,5,5,
1994,이건열,1300,해태,0.6,0.72,124,2,,직전 풀타임 0.5WAR 미만 −1,1,2,2,풀타임 최소 2코인
1994,이경복,1449,해태,1.2,0.57,180,1,,,1,1,1,
1994,이대진,10062,해태,1.1,0.72,127,2,,,2,2,2,
1994,이병훈,1498,해태,0.6,0.83,110,2,,,2,2,2,
1994,이순철,1250,해태,3.5,2.08,16,5,,최근 5시즌 골든글러브 2회 · 프랜차이즈 스타 +1,5,5,5,
1994,이우혁,1778,해태,0.2,0.45,256,1,,,1,1,1,
1994,이재만,1779,해태,0.5,0.54,189,1,,,1,1,1,
1994,이종범,10036,해태,11.8,0.72,128,2,,직전 5WAR+ +1 / 1993 골든글러브 +1,4,5,4,
1994,이호성,1500,해태,2.5,1.64,38,4,,최근 5시즌 골든글러브 2회 +1,5,4,5,
1994,장채근,1271,해태,-0.2,1.44,46,4,,최근 5시즌 골든글러브 2회 +1,5,3,5,
1994,전성철,1788,해태,-1.1,0.45,249,1,,,1,1,1,
1994,정성룡,1214,해태,0.7,1.28,57,3,,,3,1,3,
1994,정회열,1496,해태,1.1,1.42,49,3,,,3,1,3,
1994,조계현,12724,해태,6.7,2.72,3,5,,직전 5WAR+ +1 / 1993 다승 1위 +1,5,5,5,
1994,최재영,1861,해태,0.3,0.45,214,1,,,1,1,1,
1994,홍현우,1499,해태,4.1,1.89,21,4,,직전 5WAR+ +1,5,5,5,
1995,강봉수,1764,LG,-0.3,0.78,126,2,,,2,1,2,
1995,김기범,1469,LG,3.5,1.4,48,4,,,4,3,4,
1995,김동수,10386,LG,4,2.37,5,5,,직전 5WAR+ +1 / 최근 5시즌 골든글러브 2회 +1,5,5,5,
1995,김선진,1497,LG,3.1,0.57,192,1,,,1,1,1,
1995,김영직,1342,LG,0.3,1.11,80,3,,,3,1,3,
1995,김용수,1259,LG,3.0,1.9,21,4,,,4,5,4,
1995,김재현,10109,LG,2.7,0.72,142,2,,직전 5WAR+ +1 / 1994 골든글러브 +1,4,5,4,
1995,김태민,1738,LG,-0.7,0.4,271,1,,,1,1,1,
1995,김태원,1289,LG,-0.2,2.55,3,5,,직전 5WAR+ +1,5,4,5,
1995,노찬엽,1439,LG,0.5,1.26,59,3,,,3,3,3,
1995,류지현,1783,LG,4.0,0.72,150,2,,직전 5WAR+ +1,3,5,4,신인왕 다음 시즌 하한 4
1995,민원기,1707,LG,-0.4,0.8,121,2,,,2,1,2,
1995,박종호,1668,LG,0.6,1.26,60,3,,1994 골든글러브 +1,4,4,4,
1995,박준태,1443,LG,-0.2,1.37,50,3,,,3,2,3,
1995,박철홍,1850,LG,1.9,0.63,178,1,,,1,2,2,풀타임 최소 2코인
1995,서용빈,1782,LG,3.0,0.72,151,2,,1994 골든글러브 +1,3,3,3,
1995,서효인,1293,LG,-0.2,0.62,180,1,,,1,1,1,
1995,송구홍,1589,LG,0.8,1.2,64,3,,,3,3,3,
1995,신동수,1327,LG,0.8,1.04,91,2,,,2,3,2,
1995,신윤호,11238,LG,-0.0,0.45,225,1,,,1,1,1,
1995,심재학,1867,LG,2.2,0.45,254,1,,,1,4,1,
1995,오희주,1636,LG,1.6,0.56,199,1,,,1,1,1,
1995,이병석,1637,LG,0.3,0.56,197,1,,,1,1,1,
1995,이상훈,1762,LG,7.8,1.15,75,3,,직전 5WAR+ +1 / 1994 다승 1위 +1,5,5,5,
1995,이우수,1594,LG,1.9,0.53,211,1,,,1,1,1,
1995,이종열,10478,LG,0.8,0.49,216,1,,직전 풀타임 0.5WAR 미만 −1,1,1,1,
1995,정삼흠,1258,LG,1.5,1.96,18,5,,,5,5,5,
1995,조현,1866,LG,1.6,0.45,255,1,,,1,1,1,
1995,차동철,1316,LG,0.6,1.06,87,2,,,2,2,2,
1995,차명석,1686,LG,0.6,0.69,164,1,,,1,2,1,
1995,최승민,1859,LG,-0.0,0.45,257,1,,,1,1,1,
1995,최훈재,1457,LG,-0.1,1.05,89,2,,,2,2,2,
1995,한대화,1144,LG,0.8,1.95,19,5,,최근 5시즌 골든글러브 2회 +1,5,5,5,
1995,강길용,1612,OB,0.7,0.55,202,1,,직전 풀타임 0.5WAR 미만 −1,1,1,1,
1995,강병규,1613,OB,0.5,0.89,110,2,,직전 풀타임 0.5WAR 미만 −1,1,2,2,풀타임 최소 2코인
1995,강형석,1501,OB,-0.3,0.68,166,1,,,1,1,1,
1995,권명철,1695,OB,5.2,1.12,79,3,,,3,2,3,
1995,김경원,1761,OB,1.5,0.68,168,1,,,1,4,2,풀타임 최소 2코인
1995,김민호,1724,OB,3.9,1.14,77,3,,,3,3,3,
1995,김상진,1624,OB,7.2,2.2,8,5,,직전 5WAR+ +1,5,5,5,
1995,김상호,1380,OB,3.8,1.69,30,4,,,4,4,4,
1995,김종석,1436,OB,2.6,0.94,106,2,,,2,2,2,
1995,김종성,1736,OB,-0.1,0.69,163,1,,,1,1,1,
1995,김태형,11472,OB,0.2,0.95,104,2,,,2,1,2,
1995,김형석,1239,OB,1.2,1.65,36,4,,프랜차이즈 스타 +1,5,3,5,
1995,박철순,1105,OB,0.2,1.68,32,4,,프랜차이즈 스타 +1,5,5,5,
1995,박현영,1347,OB,-1.1,1.02,93,2,,,2,1,2,
1995,소상영,1741,OB,0.3,0.48,218,1,,,1,1,1,
1995,송재용,1903,OB,-0.3,0.45,237,1,,,1,1,1,
1995,심정수,1811,OB,2.9,0.51,212,1,,,1,2,2,풀타임 최소 2코인
1995,안경현,10099,OB,1.6,0.88,112,2,,,2,2,2,
1995,윤기수,1814,OB,-0.7,0.44,268,1,,,1,1,1,
1995,이광우,1426,OB,-0.5,1.42,45,4,,,4,2,4,
1995,이도형,10543,OB,3.1,0.72,140,2,,,2,2,2,
1995,이명수,1450,OB,2.8,1.13,78,3,,,3,4,3,
1995,이용호,1777,OB,3.4,0.72,152,2,,,2,2,2,
1995,임형석,1524,OB,0.7,0.84,118,2,,직전 풀타임 0.5WAR 미만 −1,1,2,1,
1995,장원진,1682,OB,1.9,1.22,63,3,,,3,2,3,
1995,장호연,1177,OB,-0.7,1.6,39,4,,직전 풀타임 0.5WAR 미만 −1 / 프랜차이즈 스타 +1,4,5,4,
1995,정수근,10264,OB,-0.2,0.45,228,1,,,1,2,1,
1995,진필중,1894,OB,2.2,0.45,244,1,,,1,2,2,풀타임 최소 2코인
1995,추성건,1757,OB,0.3,0.98,100,2,,,2,1,2,
1995,한태균,1863,OB,0.4,0.72,144,2,,,2,1,2,
1995,홍길남,1495,OB,-0.3,0.56,194,1,,,1,1,1,
1995,홍우태,1864,OB,0.1,0.72,143,2,,,2,1,2,
1995,가득염,10123,롯데,0.9,1.17,66,3,,,3,2,3,
1995,강상수,1837,롯데,2.0,0.72,146,2,,,2,2,2,
1995,강성우,1648,롯데,0.4,0.87,113,2,,,2,1,2,
1995,공필성,1503,롯데,3.5,1.68,31,4,,,4,2,4,
1995,권영진,1617,롯데,0.2,0.45,267,1,,,1,1,1,
1995,김경환,1893,롯데,-0.0,0.45,245,1,,,1,1,1,
1995,김미호,1653,롯데,-0.2,0.56,198,1,,,1,1,1,
1995,김민재,10550,롯데,1.7,0.84,117,2,,,2,2,2,
1995,김민호,1195,롯데,-0.8,2.01,15,5,,프랜차이즈 스타 +1,5,4,5,
1995,김상현,1691,롯데,2.3,1.02,94,2,,,2,2,2,
1995,김선일,1433,롯데,-0.1,0.45,222,1,,,1,1,1,
1995,김응국,1404,롯데,4.3,2.15,10,5,,,5,4,5,
1995,김종헌,1511,롯데,0.3,0.86,115,2,,,2,1,2,
1995,김종훈,1800,롯데,0.5,0.53,210,1,,,1,1,1,
1995,김태석,1628,롯데,-0.3,0.74,134,2,,직전 풀타임 0.5WAR 미만 −1,1,1,1,
1995,마해영,1865,롯데,3.3,0.45,256,1,,,1,2,2,풀타임 최소 2코인
1995,박동희,1539,롯데,2.6,1.73,27,4,,,4,4,4,
1995,박보현,1899,롯데,0.1,0.45,240,1,,,1,1,1,
1995,박부성,1900,롯데,0.2,0.45,239,1,,,1,1,1,
1995,박정태,1561,롯데,3.1,1.06,86,2,,최근 5시즌 골든글러브 2회 +1,3,5,3,
1995,박지철,10511,롯데,0.3,0.68,169,1,,,1,2,2,풀타임 최소 2코인
1995,박현승,10246,롯데,0.7,0.45,229,1,,,1,2,1,
1995,손동일,1809,롯데,-0.0,0.61,182,1,,,1,1,1,
1995,염종석,1689,롯데,3.2,1.26,58,3,,,3,4,3,
1995,윤동배,1482,롯데,1.0,0.41,270,1,,,1,1,1,
1995,윤학길,1330,롯데,3.2,2.0,16,5,,직전 풀타임 0.5WAR 미만 −1 / 프랜차이즈 스타 +1,5,5,5,
1995,윤형배,1690,롯데,0.7,0.86,114,2,,,2,2,2,
1995,이상번,1483,롯데,0.1,0.77,128,2,,,2,1,2,
1995,이종운,11473,롯데,1.3,1.17,67,3,,,3,1,3,
1995,임수혁,1819,롯데,2.6,0.66,171,1,,,1,1,1,
1995,장승익,1908,롯데,0.9,0.45,233,1,,,1,1,1,
1995,전준호,10418,롯데,5.3,1.68,33,4,,,4,5,4,
1995,조규철,1752,롯데,0.3,0.54,204,1,,,1,1,1,
1995,조성옥,1200,롯데,-0.1,0.66,172,1,,,1,1,1,
1995,주형광,1834,롯데,5.3,0.72,147,2,,,2,5,4,대형 신인 하한 4
1995,한영준,1256,롯데,-0.2,1.07,85,2,,프랜차이즈 스타 +1,3,2,3,
1995,강기웅,1420,삼성,0.5,1.74,25,4,,최근 5시즌 골든글러브 2회 +1,5,3,5,
1995,강두곤,1652,삼성,-0.2,0.45,266,1,,,1,1,1,
1995,강종필,1429,삼성,0.2,0.69,162,1,,,1,1,1,
1995,강태윤,1719,삼성,-0.2,0.56,195,1,,,1,1,1,
1995,곽채진,1841,삼성,0.1,0.68,170,1,,,1,1,1,
1995,김상엽,1472,삼성,7.2,1.59,40,4,,,4,5,4,
1995,김성래,1196,삼성,0.9,1.95,20,5,,최근 MVP · 프랜차이즈 스타 +1,5,5,5,
1995,김성현,1284,삼성,1.9,1.17,68,3,,,3,2,3,
1995,김승남,1626,삼성,-0.1,0.79,124,2,,,2,1,2,
1995,김실,1797,삼성,-0.1,0.72,148,2,,,2,2,2,
1995,김영진,1874,삼성,-0.1,0.45,250,1,,,1,1,1,
1995,김재걸,10321,삼성,1.8,0.45,227,1,,,1,4,1,
1995,김태균,1803,삼성,-0.5,0.61,183,1,,,1,1,1,
1995,김태한,1693,삼성,2.5,1.57,42,4,,직전 5WAR+ +1,5,4,4,변동 완충(+2까지)
1995,김한수,12964,삼성,0.7,0.72,137,2,,,2,2,2,
1995,동봉철,1651,삼성,1.7,1.17,69,3,,,3,3,3,
1995,류중일,11467,삼성,0.7,1.72,29,4,,프랜차이즈 스타 +1,5,4,5,
1995,박석진,1901,삼성,0.3,0.45,238,1,,,1,2,2,풀타임 최소 2코인
1995,박선일,1441,삼성,0.7,0.83,119,2,,,2,1,2,
1995,박충식,1763,삼성,2.7,1.15,74,3,,직전 5WAR+ +1,4,5,4,
1995,성준,1315,삼성,1.4,2.01,14,5,,프랜차이즈 스타 +1,5,4,5,
1995,신동주,1672,삼성,0.9,0.47,221,1,,,1,2,2,풀타임 최소 2코인
1995,신성필,1904,삼성,0.6,0.45,236,1,,,1,2,2,풀타임 최소 2코인
1995,양준혁,10339,삼성,7.1,1.15,71,3,,직전 5WAR+ +1 / 1994 타점 1위 +1,5,5,5,
1995,오봉옥,1694,삼성,2.9,0.76,130,2,,,2,3,2,
1995,이동수,1816,삼성,4.1,0.45,260,1,,,1,2,2,풀타임 최소 2코인
1995,이만수,1025,삼성,1.7,1.45,44,4,,프랜차이즈 스타 +1,5,5,5,
1995,이승엽,10881,삼성,3.1,0.45,226,1,,,3,4,3,편집 지정: 신인왕 경쟁·고졸 신인 최상위권
1995,이정훈,1352,삼성,0.6,1.67,34,4,,최근 5시즌 골든글러브 2회 +1,5,4,5,
1995,이종두,1252,삼성,-0.1,1.4,49,3,,,3,3,3,
1995,임채영,1820,삼성,-0.8,0.45,259,1,,,1,1,1,
1995,차상욱,1890,삼성,-0.1,0.45,246,1,,,1,1,1,
1995,최용희,1860,삼성,0.0,0.54,207,1,,,1,1,1,
1995,최한경,1781,삼성,-0.1,1.02,95,2,,,2,2,2,
1995,최한림,1645,삼성,0.5,0.66,174,1,,,1,1,1,
1995,고형욱,1839,쌍방울,0,0.68,167,1,,,1,1,1,
1995,길홍규,1378,쌍방울,-0.2,0.55,203,1,,,1,1,1,
1995,김광림,1203,쌍방울,5.9,1.87,22,4,,,4,5,4,
1995,김기덕,1619,쌍방울,3.0,0.74,133,2,,,2,2,2,
1995,김기태,11474,쌍방울,5.9,2.47,4,5,,직전 5WAR+ +1 / 최근 5시즌 골든글러브 2회 · 1994 홈런 1위 +1,5,5,5,
1995,김민국,1843,쌍방울,-0.5,0.42,269,1,,,1,1,1,
1995,김석기,1698,쌍방울,-0.1,0.69,161,1,,직전 풀타임 0.5WAR 미만 −1,1,2,2,풀타임 최소 2코인
1995,김원형,14890,쌍방울,0.4,1.05,90,2,,직전 풀타임 0.5WAR 미만 −1,1,4,2,풀타임 최소 2코인
1995,김주성,1801,쌍방울,0.3,0.66,173,1,,,1,1,1,
1995,김진철,1898,쌍방울,1.2,0.45,241,1,,,1,2,2,풀타임 최소 2코인
1995,김호,1581,쌍방울,1.6,1.06,88,2,,,2,4,2,
1995,박경완,10080,쌍방울,4.7,1.0,98,2,,,2,5,2,
1995,박노준,1292,쌍방울,0.1,1.66,35,4,,1994 골든글러브 +1,5,3,5,
1995,박성기,1629,쌍방울,-0.1,0.95,105,2,,,2,2,2,
1995,박진석,1630,쌍방울,0.8,0.78,125,2,,,2,2,2,
1995,박철우,1337,쌍방울,1.0,1.24,62,3,,,3,3,3,
1995,백인수,1338,쌍방울,1.5,1.55,43,4,,,4,3,4,
1995,성영재,1775,쌍방울,0.1,0.71,159,1,,직전 풀타임 0.5WAR 미만 −1,1,2,2,풀타임 최소 2코인
1995,송태일,1743,쌍방울,-0.3,0.68,165,1,,,1,1,1,
1995,신경식,1019,쌍방울,-0.1,1.0,99,2,,,2,3,2,
1995,심성보,1883,쌍방울,1.1,0.45,249,1,,,1,2,2,풀타임 최소 2코인
1995,유명선,1465,쌍방울,-0.6,1.02,96,2,,,2,1,2,
1995,유현승,1854,쌍방울,0.0,0.61,181,1,,직전 풀타임 0.5WAR 미만 −1,1,2,2,풀타임 최소 2코인
1995,윤재호,1448,쌍방울,-0.2,0.69,160,1,,,1,1,1,
1995,이연수,1350,쌍방울,0.2,0.72,155,1,,,1,1,1,
1995,장채근,1271,쌍방울,0.1,1.08,84,2,,최근 5시즌 골든글러브 2회 +1,3,2,3,
1995,정기창,1824,쌍방울,1.1,0.5,214,1,,,1,1,1,
1995,조규제,1608,쌍방울,0,2.06,12,5,,,5,5,5,
1995,조원우,12657,쌍방울,-0.1,0.72,138,2,,,2,2,2,
1995,조한철,1911,쌍방울,-0.0,0.45,231,1,,,1,1,1,
1995,최태원,13285,쌍방울,4.8,1.15,70,3,,,3,5,3,
1995,최한림,1645,쌍방울,0.3,0.66,174,1,,,1,1,1,
1995,가내영,1611,태평양,0.1,0.76,131,2,,,2,2,2,
1995,강영수,1428,태평양,3.3,0.91,108,2,,,2,2,2,
1995,계기범,1726,태평양,-0.2,0.47,219,1,,,1,1,1,
1995,권준헌,1504,태평양,3.0,0.76,129,2,,,2,2,2,
1995,김경기,1505,태평양,3.7,1.73,26,4,,직전 5WAR+ +1,5,4,4,변동 완충(+2까지)
1995,김동기,1281,태평양,0.2,1.72,28,4,,프랜차이즈 스타 +1,5,5,5,
1995,김민범,1844,태평양,-0.4,0.45,258,1,,,1,1,1,
1995,김병철,1868,태평양,-0.1,0.45,253,1,,,1,1,1,
1995,김성갑,1235,태평양,0.5,0.94,107,2,,,2,2,2,
1995,김성태,1795,태평양,0.3,0.45,263,1,,,1,1,1,
1995,김억만,1896,태평양,0.2,0.45,242,1,,,1,1,1,
1995,김용국,1237,태평양,-0.2,0.97,101,2,,,2,1,2,
1995,김인호,1435,태평양,1.8,0.79,123,2,,,2,2,2,
1995,김홍집,1769,태평양,1.7,1.15,73,3,,,3,2,3,
1995,노승욱,1770,태평양,0.9,0.65,175,1,,,1,2,2,풀타임 최소 2코인
1995,문창환,1848,태평양,-0.1,0.72,145,2,,,2,1,2,
1995,박은진,1463,태평양,0.1,1.31,53,3,,,3,4,3,
1995,안병원,1711,태평양,0.8,1.61,38,4,,,4,2,4,
1995,염경엽,11468,태평양,-0.1,1.18,65,3,,,3,1,3,
1995,위재영,1886,태평양,2.5,0.45,248,1,,,1,4,4,대형 신인 하한 4
1995,윤덕규,1247,태평양,0.1,2.21,7,5,,직전 5WAR+ +1 / 1994 골든글러브 +1,5,4,5,
1995,이근엽,1593,태평양,0.2,0.63,177,1,,,1,1,1,
1995,이숭용,10402,태평양,1.8,0.72,141,2,,,2,2,2,
1995,이용주,1889,태평양,-0.2,0.45,247,1,,,1,1,1,
1995,이종호,1423,태평양,-0.5,0.6,187,1,,,1,1,1,
1995,이희성,1455,태평양,1.3,1.27,57,3,,,3,1,3,
1995,장광호,12722,태평양,-0.1,0.72,156,1,,,1,1,1,
1995,장용대,1749,태평양,-0.3,0.45,264,1,,,1,1,1,
1995,전준호,10153,태평양,1.1,0.45,230,1,,,1,1,1,
1995,정명원,1464,태평양,3.7,1.29,54,3,,직전 5WAR+ +1 / 1994 골든글러브 · 1994 세이브 1위 +1 / 직전 투수 골든글러브 5,5,5,5,
1995,정민태,1716,태평양,2.2,0.91,109,2,,,2,4,2,
1995,조웅천,10158,태평양,2.2,0.54,208,1,,,1,2,2,풀타임 최소 2코인
1995,지화선,1754,태평양,1.4,0.72,153,1,,,1,1,1,
1995,최상덕,10616,태평양,-0.5,0.72,139,2,,직전 5WAR+ +1,3,3,3,
1995,최창호,1370,태평양,-0.5,1.34,51,3,,프랜차이즈 스타 +1,4,5,4,
1995,하득인,1784,태평양,-0.0,0.58,190,1,,,1,1,1,
1995,황윤성,1688,태평양,0.9,0.45,265,1,,,1,1,1,
1995,강석천,1421,한화,0.6,0.85,116,2,,,2,3,2,
1995,강인권,14993,한화,1.5,0.45,223,1,,,1,1,1,
1995,강정길,1276,한화,-0.6,1.15,76,3,,,3,1,3,
1995,고기성,1727,한화,0.3,0.64,176,1,,,1,1,1,
1995,공용우,1895,한화,0.3,0.45,243,1,,,1,1,1,
1995,구대성,10580,한화,1.3,1.09,81,2,,,2,5,2,
1995,김민태,1623,한화,-0.4,0.61,185,1,,,1,1,1,
1995,김상국,1282,한화,0.5,1.41,47,4,,,4,3,4,
1995,김승권,1871,한화,-0.3,0.45,252,1,,,1,1,1,
1995,김영진,1873,한화,0.2,0.45,251,1,,,1,1,1,
1995,김용선,1434,한화,2.8,0.78,127,2,,,2,2,2,
1995,김일혁,1657,한화,0.2,0.63,179,1,,,1,1,1,
1995,나성열,1704,한화,-0.0,0.75,132,2,,,2,1,2,
1995,박지상,1785,한화,1.4,0.72,149,2,,,2,1,2,
1995,송진우,10597,한화,2.9,1.41,46,4,,직전 풀타임 0.5WAR 미만 −1,3,5,3,
1995,신재웅,1905,한화,-0.0,0.45,235,1,,,1,1,1,
1995,신진수,1810,한화,0.3,0.45,261,1,,,1,1,1,
1995,이강돈,1299,한화,1.7,1.33,52,3,,최근 5시즌 골든글러브 2회 +1,4,4,4,
1995,이국성,1412,한화,-0.4,1.03,92,2,,,2,1,2,
1995,이민호,1748,한화,0.8,1.08,83,2,,,2,1,2,
1995,이상군,12994,한화,0.1,1.25,61,3,,,3,5,3,
1995,이상목,1553,한화,1.8,0.97,102,2,,,2,2,2,
1995,이은승,1484,한화,-0.4,0.57,193,1,,,1,1,1,
1995,임주택,1566,한화,0.9,0.57,191,1,,,1,1,1,
1995,장종훈,1354,한화,6.2,2.28,6,5,,최근 MVP · 최근 5시즌 골든글러브 2회 +1,5,5,5,
1995,정경훈,1527,한화,1.9,1.28,55,3,,,3,2,3,
1995,정민철,10613,한화,3.1,1.84,23,4,,직전 5WAR+ +1 / 1994 탈삼진·평균자책 1위 +1,5,5,5,
1995,정영규,1722,한화,3.7,0.73,136,2,,,2,2,2,
1995,정의성,1910,한화,-0.7,0.45,232,1,,,1,1,1,
1995,조경택,12707,한화,0.1,0.47,220,1,,,1,1,1,
1995,지연규,1685,한화,-0.3,0.61,184,1,,,1,1,1,
1995,한용덕,13282,한화,3.4,2.16,9,5,,,5,5,5,
1995,허준,1759,한화,0.3,0.59,189,1,,,1,1,1,
1995,황대연,1425,한화,1.2,0.71,158,1,,,1,2,2,풀타임 최소 2코인
1995,강태원,1467,해태,2.1,1.0,97,2,,,2,2,2,
1995,구한성,1649,해태,0.3,0.54,206,1,,,1,1,1,
1995,김병조,1650,해태,0.0,0.73,135,2,,,2,1,2,
1995,김봉영,1697,해태,-0.2,0.55,200,1,,,1,1,1,
1995,김상훈,1193,해태,0.6,1.27,56,3,,,3,3,3,
1995,김성한,12726,해태,-1.5,1.08,82,2,,최근 5시즌 골든글러브 2회 · 프랜차이즈 스타 +1,3,5,3,
1995,김재덕,1579,해태,-0.4,0.56,196,1,,,1,1,1,
1995,김정수,1314,해태,1.8,1.75,24,4,,프랜차이즈 스타 +1,5,4,5,
1995,김지영,1802,해태,-0.2,0.45,262,1,,,1,1,1,
1995,김훈,1720,해태,-0.4,0.54,205,1,,,1,1,1,
1995,문희수,1225,해태,-0.3,0.71,157,1,,,1,1,1,
1995,박병호,1440,해태,-0.5,0.72,154,1,,,1,1,1,
1995,박재벌,1647,해태,0.6,0.6,186,1,,,1,2,2,풀타임 최소 2코인
1995,박재용,1787,해태,2.3,0.48,217,1,,,1,1,1,
1995,선동열,1263,해태,6.3,2.87,2,5,,최근 5시즌 골든글러브 2회 · 프랜차이즈 스타 +1,5,5,5,
1995,송유석,1365,해태,2.9,1.58,41,4,,,4,3,4,
1995,송인호,1590,해태,0.1,0.49,215,1,,,1,1,1,
1995,양회열,1564,해태,1.4,0.53,209,1,,,1,2,2,풀타임 최소 2코인
1995,이강철,13923,해태,3.2,1.97,17,5,,,5,5,5,
1995,이건열,1300,해태,1.5,0.8,122,2,,,2,1,2,
1995,이경복,1449,해태,-0.3,0.88,111,2,,,2,1,2,
1995,이대진,10062,해태,4.9,0.96,103,2,,,2,2,2,
1995,이병훈,1498,해태,0.4,0.83,120,2,,,2,1,2,
1995,이순철,1250,해태,-0.9,2.03,13,5,,최근 5시즌 골든글러브 2회 · 프랜차이즈 스타 +1,5,5,5,
1995,이우혁,1778,해태,0.4,0.59,188,1,,,1,1,1,
1995,이원식,1907,해태,0.6,0.45,234,1,,,1,2,2,풀타임 최소 2코인
1995,이종범,10036,해태,5.5,1.15,72,3,,직전 5WAR+ +1 / 최근 5시즌 골든글러브 2회 · 1994 타율 1위 +1 / 직전 MVP 5,5,5,5,
1995,이호성,1500,해태,0.6,1.62,37,4,,최근 5시즌 골든글러브 2회 +1,5,4,5,
1995,임창용,11281,해태,-0.0,0.45,224,1,,,1,2,1,
1995,조계현,12724,해태,5.3,3.05,1,5,,직전 5WAR+ +1 / 1994 다승 1위 +1,5,5,5,
1995,최해식,1607,해태,0,0.55,201,1,,,1,1,1,
1995,최향남,10743,해태,0.7,0.51,213,1,,,1,2,2,풀타임 최소 2코인
1995,홍현우,1499,해태,7.4,2.09,11,5,,,5,5,5,
1996,권용관,10465,LG,-0.5,0.45,233,1,,,1,1,1,
1996,김기덕,1618,LG,-0.5,0.53,210,1,,,1,1,1,
1996,김기범,1469,LG,0.4,1.76,27,4,,,4,3,4,
1996,김기진,1952,LG,-0.1,0.45,254,1,,,1,1,1,
1996,김도완,1953,LG,-0.6,0.45,253,1,,,1,1,1,
1996,김동수,10386,LG,3.0,2.27,10,5,,최근 5시즌 골든글러브 2회 +1,5,5,5,
1996,김선진,1497,LG,0.1,0.91,109,2,,,2,2,2,
1996,김용수,1259,LG,2.0,2.27,9,5,,,5,5,5,
1996,김재현,10109,LG,3.8,1.15,75,3,,,3,5,3,
1996,김정민,10458,LG,1,0.75,134,2,,,2,1,2,
1996,김정훈,1955,LG,-0.3,0.45,251,1,,,1,1,1,
1996,김태원,1289,LG,1.8,1.91,18,5,,직전 풀타임 0.5WAR 미만 −1,4,4,4,
1996,노찬엽,1439,LG,2.1,0.99,101,2,,,2,3,2,
1996,류지현,1783,LG,4.9,1.15,77,3,,,3,5,4,신인왕 다음 시즌 하한 4
1996,민원기,1707,LG,-0.1,0.6,185,1,,,1,1,1,
1996,박철홍,1850,LG,1,1.0,98,2,,,2,2,2,
1996,서용빈,1782,LG,-0.1,1.15,78,3,,,3,3,3,
1996,손혁,14564,LG,-0.1,0.45,226,1,,,1,1,1,
1996,송구홍,1589,LG,1.8,1.03,96,2,,,2,3,2,
1996,송인호,1590,LG,0.1,0.58,192,1,,,1,1,1,
1996,신국환,1882,LG,0.4,0.45,270,1,,,1,1,1,
1996,신동수,1327,LG,0.4,0.99,103,2,,,2,2,2,
1996,심재학,1867,LG,4.6,0.72,149,2,,,2,4,2,
1996,이병석,1637,LG,-0.2,0.66,170,1,,,1,1,1,
1996,이상훈,1762,LG,2.6,1.84,25,4,,직전 5WAR+ +1 / 1995 골든글러브 · 1995 다승 1위 +1 / 직전 투수 골든글러브 5,5,5,5,
1996,이우수,1594,LG,-0.2,0.85,114,2,,,2,1,2,
1996,이종열,10478,LG,0.4,0.74,138,2,,,2,1,2,
1996,정삼흠,1258,LG,0.9,1.49,39,4,,,4,5,4,
1996,조현,1866,LG,0.2,0.72,150,2,,,2,1,2,
1996,차동철,1316,LG,-0.6,0.98,104,2,,,2,2,2,
1996,차명석,1686,LG,0.6,0.78,129,2,,,2,2,2,
1996,최동수,10481,LG,-0.3,0.45,232,1,,,1,1,1,
1996,최승민,1859,LG,0.0,0.54,203,1,,,1,1,1,
1996,최훈재,1457,LG,1.6,0.79,126,2,,,2,2,2,
1996,한대화,1144,LG,0.5,1.47,43,4,,최근 5시즌 골든글러브 2회 +1,5,5,5,
1996,허문회,14566,LG,0.6,0.52,212,1,,,1,1,1,
1996,황대연,1425,LG,-0.2,0.94,105,2,,,2,1,2,
1996,강길용,1612,OB,1.2,0.82,118,2,,,2,2,2,
1996,강병규,1613,OB,0.6,0.84,116,2,,,2,2,2,
1996,강영수,1918,OB,-0.2,0.45,263,1,,,1,1,1,
1996,강형석,1501,OB,0.5,0.56,197,1,,,1,1,1,
1996,김경원,1761,OB,0.7,1.09,85,2,,,2,4,2,
1996,김민호,1724,OB,0.8,1.76,28,4,,1995 골든글러브 +1,5,3,5,
1996,김상진,1624,OB,0.5,2.95,2,5,,직전 5WAR+ +1,5,5,5,
1996,김상호,1380,OB,3.3,1.94,16,5,,1995 골든글러브 · 1995 타점·홈런 1위 +1 / 직전 MVP 5,5,5,5,
1996,김유봉,1897,OB,0.3,0.45,268,1,,,1,1,1,
1996,김종석,1436,OB,-0.3,1.36,48,4,,,4,2,4,
1996,김태형,11472,OB,0.6,0.8,124,2,,,2,1,2,
1996,김형석,1239,OB,0.7,1.31,52,3,,프랜차이즈 스타 · 1995 골든글러브 +1,4,2,4,
1996,류택현,10507,OB,0.9,0.59,189,1,,,1,2,2,풀타임 최소 2코인
1996,마원성,1847,OB,0.3,0.51,216,1,,,1,1,1,
1996,박명환,10510,OB,1.9,0.45,231,1,,,1,2,2,풀타임 최소 2코인
1996,박상근,1773,OB,1.7,0.54,204,1,,,1,1,1,
1996,박철순,1105,OB,1.3,1.26,58,3,,직전 풀타임 0.5WAR 미만 −1 / 프랜차이즈 스타 +1,3,5,3,
1996,박현영,1347,OB,0.4,0.77,131,2,,,2,1,2,
1996,소상영,1741,OB,-0.7,0.62,182,1,,,1,1,1,
1996,심정수,1811,OB,2.4,0.82,119,2,,,2,5,2,
1996,안경현,10099,OB,2.0,1.09,86,2,,,2,2,2,
1996,윤기수,1814,OB,-0.0,0.38,277,1,,,1,1,1,
1996,이광우,1426,OB,-0.2,1.07,90,2,,,2,2,2,
1996,이명수,1450,OB,2.6,1.47,41,4,,1995 골든글러브 +1,5,4,5,
1996,이보형,1888,OB,-0.5,0.45,269,1,,,1,1,1,
1996,이용호,1777,OB,-0.1,1.15,79,3,,,3,1,3,
1996,임형석,1524,OB,-0.3,0.85,113,2,,,2,2,2,
1996,전형도,1823,OB,0,0.57,195,1,,,1,1,1,
1996,정수근,10264,OB,1.8,0.49,223,1,,,1,2,2,풀타임 최소 2코인
1996,진필중,1894,OB,3.7,0.72,146,2,,,2,2,2,
1996,최기문,14231,OB,0.0,0.45,227,1,,,1,2,1,
1996,한명윤,1969,OB,-0.1,0.45,242,1,,,1,1,1,
1996,한태균,1863,OB,0.5,0.74,136,2,,,2,1,2,
1996,홍길남,1495,OB,-0.0,0.52,214,1,,,1,1,1,
1996,홍우태,1864,OB,-0.6,0.67,167,1,,,1,1,1,
1996,황일권,1760,OB,-0.5,0.51,215,1,,,1,1,1,
1996,가득염,10123,롯데,0.6,1.08,88,2,,,2,1,2,
1996,강상수,1837,롯데,2.7,1.13,80,3,,,3,2,3,
1996,강성우,1648,롯데,0.5,0.81,121,2,,,2,1,2,
1996,공필성,1503,롯데,0.8,1.88,20,5,,,5,2,5,
1996,김대익,1923,롯데,1.2,0.45,261,1,,,1,2,1,
1996,김미호,1653,롯데,-0.1,0.52,211,1,,,1,1,1,
1996,김민재,10550,롯데,1.2,1.1,83,2,,,2,2,2,
1996,김민호,1195,롯데,0.1,1.5,38,4,,프랜차이즈 스타 +1,5,4,5,
1996,김상현,1691,롯데,0.1,1.45,46,4,,,4,2,4,
1996,김영복,1954,롯데,-0.1,0.45,252,1,,,1,1,1,
1996,김영일,1872,롯데,0.2,0.45,272,1,,,1,1,1,
1996,김응국,1404,롯데,5.2,2.24,11,5,,프랜차이즈 스타 +1,5,4,5,
1996,김종헌,1511,롯데,-0.1,0.78,128,2,,,2,1,2,
1996,김종훈,1800,롯데,1.8,0.69,160,1,,,1,1,1,
1996,김태석,1628,롯데,3.6,0.59,188,1,,,1,2,2,풀타임 최소 2코인
1996,김태형,1610,롯데,0.0,0.68,164,1,,,1,1,1,
1996,마해영,1865,롯데,1.4,0.72,151,2,,,2,5,2,
1996,박동희,1539,롯데,0.9,1.87,21,4,,,4,4,4,
1996,박보현,1899,롯데,0.4,0.57,194,1,,,1,1,1,
1996,박부성,1900,롯데,1.8,0.61,183,1,,,1,2,2,풀타임 최소 2코인
1996,박정태,1561,롯데,2.8,1.52,36,4,,최근 5시즌 골든글러브 2회 +1,5,5,5,
1996,박종일,1880,롯데,-0.4,0.45,271,1,,,1,1,1,
1996,박지철,10511,롯데,0.7,0.71,154,1,,직전 풀타임 0.5WAR 미만 −1,1,2,2,풀타임 최소 2코인
1996,박현승,10246,롯데,2.5,0.7,155,1,,,1,2,2,풀타임 최소 2코인
1996,손동일,1809,롯데,-0.5,0.6,187,1,,,1,1,1,
1996,윤학길,1330,롯데,0.1,1.93,17,5,,프랜차이즈 스타 +1,5,5,5,
1996,윤형배,1690,롯데,0.2,0.86,111,2,,,2,2,2,
1996,이상번,1483,롯데,-0.1,0.69,159,1,,,1,1,1,
1996,임수혁,1819,롯데,4.7,1.06,92,2,,,2,2,2,
1996,전준호,10418,롯데,2.2,2.3,8,5,,직전 5WAR+ +1 / 최근 5시즌 골든글러브 2회 +1,5,5,5,
1996,주형광,1834,롯데,5.4,1.15,76,3,,직전 5WAR+ +1,4,5,4,
1996,차명주,1967,롯데,-0.8,0.45,244,1,,,1,4,4,대형 신인 하한 4
1996,곽채진,1841,삼성,-0.5,0.68,163,1,,,1,1,1,
1996,김상엽,1472,삼성,0.4,2.54,6,5,,직전 5WAR+ +1 / 프랜차이즈 스타 +1,5,5,5,
1996,김성래,1196,삼성,0.1,1.46,44,4,,최근 MVP · 프랜차이즈 스타 +1,5,5,5,
1996,김성현,1284,삼성,-0.0,1.29,55,3,,,3,2,3,
1996,김승관,1870,삼성,0.3,0.45,273,1,,,1,1,1,
1996,김영진,1874,삼성,-1,0.52,213,1,,,1,1,1,
1996,김재걸,10321,삼성,1,0.72,144,2,,,2,4,2,
1996,김태균,1803,삼성,1.5,0.48,224,1,,,1,1,1,
1996,김태한,1693,삼성,0.6,1.89,19,5,,,5,4,5,
1996,김한수,12964,삼성,-0.5,0.8,123,2,,,2,2,2,
1996,김훈,1720,삼성,-0.2,0.49,221,1,,,1,1,1,
1996,동봉철,1651,삼성,-0.0,1.23,64,3,,,3,3,3,
1996,류중일,11467,삼성,2.3,1.29,56,3,,프랜차이즈 스타 +1,4,4,4,
1996,박석진,1901,삼성,-0.0,0.62,178,1,,직전 풀타임 0.5WAR 미만 −1,1,2,1,
1996,박선일,1441,삼성,0.4,0.85,115,2,,,2,1,2,
1996,박충식,1763,삼성,3.4,1.47,42,4,,,4,5,4,
1996,성준,1315,삼성,0.9,1.51,37,4,,프랜차이즈 스타 +1,5,4,5,
1996,신동주,1672,삼성,1,0.74,135,2,,,2,1,2,
1996,신성필,1904,삼성,-0.6,0.67,165,1,,,1,1,1,
1996,양준혁,10339,삼성,8.9,1.84,23,4,,직전 5WAR+ +1,5,5,5,
1996,이동수,1816,삼성,1.7,0.72,152,2,,,2,3,2,
1996,이만수,1025,삼성,2.0,1.35,49,3,,프랜차이즈 스타 +1,4,5,4,
1996,이병훈,1498,삼성,-0.2,0.78,127,2,,,2,1,2,
1996,이상훈,1554,삼성,1.7,0.74,139,2,,,2,2,2,
1996,이승엽,10881,삼성,3.4,0.72,143,2,,,3,5,3,편집 지정: 신인왕 경쟁·고졸 신인 최상위권
1996,이정훈,1352,삼성,0.3,1.25,60,3,,,3,4,4,변동 완충(−1까지)
1996,이종두,1252,삼성,0.8,1.05,94,2,,,2,3,2,
1996,이중화,1353,삼성,0.2,0.73,140,2,,,2,1,2,
1996,이태일,1540,삼성,-0.3,1.16,73,3,,,3,3,3,
1996,장정순,1415,삼성,1.1,1.12,81,2,,,2,3,2,
1996,장형석,1964,삼성,0.0,0.45,246,1,,,1,1,1,
1996,전병호,1965,삼성,3.3,0.45,245,1,,,1,2,2,풀타임 최소 2코인
1996,전상렬,10194,삼성,-0.2,0.45,237,1,,,1,1,1,
1996,정경배,10102,삼성,0.1,0.45,239,1,,,1,2,1,
1996,차상욱,1890,삼성,-0.1,0.51,217,1,,,1,1,1,
1996,최익성,1828,삼성,0.6,0.45,275,1,,,1,2,1,
1996,최재호,1949,삼성,0.6,0.45,257,1,,,1,2,2,풀타임 최소 2코인
1996,최창양,1968,삼성,1.5,0.45,243,1,,,1,2,2,풀타임 최소 2코인
1996,최한경,1781,삼성,0.2,0.77,132,2,,직전 풀타임 0.5WAR 미만 −1,1,1,1,
1996,최한림,1645,삼성,0.5,0.81,122,2,,,2,1,2,
1996,최형현,1830,삼성,-0.1,0.45,274,1,,,1,1,1,
1996,하춘동,1945,삼성,-0.3,0.45,258,1,,,1,1,1,
1996,강종필,1429,쌍방울,0.7,0.69,162,1,,,1,1,1,
1996,길홍규,1378,쌍방울,-0.9,0.54,205,1,,,1,1,1,
1996,김광림,1203,쌍방울,4.0,2.53,7,5,,직전 5WAR+ +1 / 최근 5시즌 골든글러브 2회 · 1995 타율 1위 +1,5,5,5,
1996,김기덕,1619,쌍방울,3.7,1.18,70,3,,,3,4,3,
1996,김기태,11474,쌍방울,2.4,2.75,5,5,,직전 5WAR+ +1 / 최근 5시즌 골든글러브 2회 +1,5,5,5,
1996,김민국,1843,쌍방울,0.9,0.41,276,1,,,1,1,1,
1996,김석기,1698,쌍방울,0.2,0.63,176,1,,직전 풀타임 0.5WAR 미만 −1,1,1,1,
1996,김실,1797,쌍방울,3.0,0.63,175,1,,,1,2,2,풀타임 최소 2코인
1996,김원형,14890,쌍방울,0.7,0.87,110,2,,직전 풀타임 0.5WAR 미만 −1,1,4,2,풀타임 최소 2코인
1996,김충민,1737,쌍방울,0.2,0.6,186,1,,,1,1,1,
1996,김현민,1929,쌍방울,0.2,0.45,260,1,,,1,1,1,
1996,김현욱,1768,쌍방울,3.0,0.57,196,1,,,1,2,2,풀타임 최소 2코인
1996,김호,1581,쌍방울,1.2,1.16,74,3,,,3,4,3,
1996,박경완,10080,쌍방울,3.9,1.6,32,4,,직전 5WAR+ +1,5,5,4,변동 완충(+2까지)
1996,박노준,1292,쌍방울,1.8,1.24,63,3,,직전 풀타임 0.5WAR 미만 −1,2,3,2,
1996,박성기,1629,쌍방울,1.3,0.71,153,1,,직전 풀타임 0.5WAR 미만 −1,1,2,2,풀타임 최소 2코인
1996,박성진,1902,쌍방울,0.3,0.45,267,1,,,1,1,1,
1996,박주언,1957,쌍방울,0.2,0.45,250,1,,,1,2,2,풀타임 최소 2코인
1996,박진석,1630,쌍방울,1.2,0.93,108,2,,,2,1,2,
1996,박철우,1337,쌍방울,-0.0,1.1,84,2,,,2,3,2,
1996,백인수,1338,쌍방울,0.4,1.34,50,3,,,3,3,3,
1996,석수철,1914,쌍방울,0.9,0.45,265,1,,,1,2,2,풀타임 최소 2코인
1996,성영재,1775,쌍방울,5.0,0.66,171,1,,직전 풀타임 0.5WAR 미만 −1,1,2,2,풀타임 최소 2코인
1996,신영균,1960,쌍방울,-0.6,0.45,248,1,,,1,1,1,
1996,심성보,1883,쌍방울,2.5,0.72,148,2,,,2,2,2,
1996,오봉옥,1694,쌍방울,2.8,1.21,68,3,,,3,3,3,
1996,유명선,1465,쌍방울,-0.1,0.76,133,2,,,2,1,2,
1996,유현승,1854,쌍방울,0.7,0.62,180,1,,직전 풀타임 0.5WAR 미만 −1,1,1,1,
1996,정기창,1824,쌍방울,-0.1,0.79,125,2,,,2,1,2,
1996,조규제,1608,쌍방울,2.6,1.54,33,4,,,4,5,4,
1996,조원우,12657,쌍방울,0.3,0.63,174,1,,,1,2,2,풀타임 최소 2코인
1996,진상봉,1534,쌍방울,0.3,0.93,106,2,,,2,1,2,
1996,최정환,1951,쌍방울,2,0.45,255,1,,,1,1,1,
1996,최태원,13285,쌍방울,2.0,1.84,22,4,,직전 5WAR+ +1,5,5,5,
1996,강봉수,1764,한화,-0.1,0.61,184,1,,,1,1,1,
1996,강석천,1421,한화,1.8,0.84,117,2,,,2,3,2,
1996,강인권,14993,한화,0.4,0.72,142,2,,,2,1,2,
1996,구대성,10580,한화,5.3,1.37,47,4,,,4,5,4,
1996,권오영,1921,한화,-0.4,0.45,262,1,,,1,1,1,
1996,김민태,1623,한화,0.0,0.5,219,1,,,1,1,1,
1996,김성한,1835,한화,-0.1,0.59,190,1,,,1,1,1,
1996,김용선,1434,한화,0.3,1.24,62,3,,,3,1,3,
1996,김재성,1701,한화,-0.1,0.55,199,1,,,1,1,1,
1996,김주성,1801,한화,0.5,0.69,161,1,,,1,1,1,
1996,박지상,1785,한화,-0.3,0.99,100,2,,,2,1,2,
1996,송지만,10412,한화,4.3,0.45,235,1,,,1,2,2,풀타임 최소 2코인
1996,송진우,10597,한화,4.6,1.62,31,4,,,4,5,4,
1996,신재웅,1905,한화,-0.1,0.53,208,1,,,1,2,2,풀타임 최소 2코인
1996,신진수,1810,한화,-0.1,0.62,179,1,,,1,1,1,
1996,이강돈,1299,한화,0.8,1.3,53,3,,,3,4,3,
1996,이민호,1748,한화,0.3,0.99,102,2,,,2,1,2,
1996,이상군,12994,한화,-0.7,0.93,107,2,,직전 풀타임 0.5WAR 미만 −1,1,4,2,전수 판정: 추가 확인(직전 시즌 1군 역할)
1996,이상목,1553,한화,1.0,1.25,59,3,,,3,2,3,
1996,이상열,10449,한화,-0.3,0.45,234,1,,,1,1,1,
1996,이영우,10574,한화,2.6,0.45,229,1,,,1,2,2,풀타임 최소 2코인
1996,이은승,1484,한화,-0.3,0.5,218,1,,,1,1,1,
1996,임수민,1917,한화,0.6,0.45,264,1,,,1,2,2,풀타임 최소 2코인
1996,임주택,1566,한화,0.5,0.81,120,2,,,2,1,2,
1996,장종훈,1354,한화,2.7,2.76,4,5,,직전 5WAR+ +1 / 최근 5시즌 골든글러브 2회 +1,5,5,5,
1996,정경훈,1527,한화,0.5,1.33,51,3,,,3,2,3,
1996,정민철,10613,한화,4.9,1.83,26,4,,,4,5,4,
1996,정영규,1722,한화,1.6,1.17,72,3,,,3,2,3,
1996,조경택,12707,한화,1.7,0.56,198,1,,,1,2,2,풀타임 최소 2코인
1996,지연규,1685,한화,0.2,0.53,209,1,,,1,1,1,
1996,최호원,1862,한화,0.0,0.54,202,1,,,1,1,1,
1996,한용덕,13282,한화,0.6,2.04,12,5,,,5,5,5,
1996,허준,1759,한화,-0.3,0.67,166,1,,,1,1,1,
1996,홍원기,14889,한화,2.1,0.45,225,1,,,1,2,2,풀타임 최소 2코인
1996,강태원,1467,해태,1.8,1.29,57,3,,,3,2,3,
1996,김병조,1650,해태,0.5,0.66,172,1,,,1,1,1,
1996,김상진,1950,해태,1.4,0.45,256,1,,,1,2,2,풀타임 최소 2코인
1996,김재덕,1579,해태,-0.1,0.49,220,1,,,1,1,1,
1996,김정수,1314,해태,3.0,1.49,40,4,,프랜차이즈 스타 +1,5,4,5,
1996,김종국,10009,해태,2.1,0.45,241,1,,,1,2,2,풀타임 최소 2코인
1996,동봉철,1651,해태,0.5,1.23,64,3,,,3,3,3,
1996,박재벌,1647,해태,0.7,0.74,137,2,,,2,1,2,
1996,박재용,1787,해태,1.4,0.78,130,2,,,2,2,2,
1996,박철웅,1958,해태,-0.2,0.45,249,1,,,1,1,1,
1996,송유석,1365,해태,0.6,1.74,29,4,,,4,3,4,
1996,이강철,13923,해태,5.4,1.94,15,5,,프랜차이즈 스타 +1,5,5,5,
1996,이건열,1300,해태,-0.2,1.04,95,2,,,2,1,2,
1996,이경복,1449,해태,-0.9,0.66,169,1,,,1,1,1,
1996,이대진,10062,해태,5.2,1.54,34,4,,직전 5WAR+ +1 / 1995 탈삼진 1위 +1,5,5,5,
1996,이순철,1250,해태,0.6,1.52,35,4,,직전 풀타임 0.5WAR 미만 −1 / 최근 5시즌 골든글러브 2회 · 프랜차이즈 스타 +1,4,5,4,
1996,이용훈,1962,해태,0.9,0.45,247,1,,,1,1,1,
1996,이원식,1907,해태,-0.2,0.69,157,1,,,1,1,1,
1996,이재만,1779,해태,0.8,0.63,177,1,,,1,1,1,
1996,이종범,10036,해태,9.9,1.84,24,4,,직전 5WAR+ +1 / 최근 MVP · 최근 5시즌 골든글러브 2회 +1,5,5,5,
1996,이호성,1500,해태,0.9,1.21,67,3,,,3,4,4,변동 완충(−1까지)
1996,임창용,11281,해태,2.2,0.53,207,1,,,1,2,2,풀타임 최소 2코인
1996,장성호,10032,해태,0.0,0.45,240,1,,,1,2,1,
1996,정회열,1496,해태,0.6,1.07,91,2,,,2,1,2,
1996,조계현,12724,해태,7.0,2.85,3,5,,직전 5WAR+ +1 / 프랜차이즈 스타 · 1995 평균자책 1위 +1,5,5,5,
1996,최상덕,10616,해태,-0.3,0.54,201,1,,,1,3,1,
1996,최철민,1944,해태,0.4,0.45,259,1,,,1,1,1,
1996,최해식,1607,해태,-0.3,0.58,193,1,,,1,2,2,풀타임 최소 2코인
1996,최향남,10743,해태,0.2,0.72,141,2,,,2,2,2,
1996,홍현우,1499,해태,8.9,2.97,1,5,,직전 5WAR+ +1 / 1995 골든글러브 +1,5,5,5,
1996,가내영,1611,현대,1.8,0.69,158,1,,직전 풀타임 0.5WAR 미만 −1,1,2,2,풀타임 최소 2코인
1996,강영수,1428,현대,0.1,1.46,45,4,,,4,2,4,
1996,공의식,1728,현대,0.4,0.64,173,1,,,1,1,1,
1996,권준헌,1504,현대,-0.2,1.22,66,3,,,3,1,3,
1996,김경기,1505,현대,3.9,1.95,14,5,,,5,4,5,
1996,김동기,1281,현대,0.5,1.29,54,3,,,3,5,3,
1996,김상국,1282,현대,-0.3,1.06,93,2,,,2,3,3,변동 완충(−1까지)
1996,김익재,1627,현대,-0.2,0.7,156,1,,,1,1,1,
1996,김인호,1435,현대,3.7,1.1,82,2,,,2,2,2,
1996,김홍집,1769,현대,-0.0,1.23,65,3,,,3,1,3,
1996,박재홍,10113,현대,7.3,0.45,238,1,,,1,4,2,풀타임 최소 2코인
1996,박정현,1408,현대,-0.3,1.07,89,2,,,2,5,2,
1996,박진만,10323,현대,4.2,0.45,236,1,,,1,2,2,풀타임 최소 2코인
1996,손영철,1633,현대,-0.1,0.54,206,1,,,1,1,1,
1996,손차훈,1742,현대,-0.2,0.55,200,1,,,1,1,1,
1996,안명성,1913,현대,-0.3,0.45,266,1,,,1,1,1,
1996,안병원,1711,현대,-0.0,1.21,69,3,,,3,2,3,
1996,위재영,1886,현대,4.8,0.72,147,2,,,2,4,4,대형 신인 하한 4
1996,윤덕규,1247,현대,1.2,1.65,30,4,,,4,4,4,
1996,이근엽,1593,현대,-0.6,0.66,168,1,,,1,1,1,
1996,이숭용,10402,현대,3.6,1.08,87,2,,,2,2,2,
1996,이종호,1423,현대,0.5,0.49,222,1,,,1,1,1,
1996,이희성,1455,현대,-0.1,1.17,71,3,,,3,1,3,
1996,장광호,12722,현대,0.0,0.62,181,1,,,1,1,1,
1996,장정석,12966,현대,0.1,0.45,228,1,,,1,1,1,
1996,전준호,10153,현대,2.1,0.72,145,2,,,2,2,2,
1996,정명원,1464,현대,3.3,2.03,13,5,,,5,5,5,
1996,정민태,1716,현대,5.8,1.25,61,3,,,3,4,3,
1996,조웅천,10158,현대,2.8,0.86,112,2,,,2,2,2,
1996,지화선,1754,현대,0.2,0.99,99,2,,,2,1,2,
1996,최원호,10537,현대,-0.1,0.45,230,1,,,1,2,1,
1996,최창호,1370,현대,1.6,1.0,97,2,,,2,5,2,
1996,하득인,1784,현대,0,0.58,191,1,,,1,1,1,
1997,권용관,10465,LG,0.0,0.43,274,1,,,1,1,1,
1997,김건우,1319,LG,0.1,0.64,173,1,,,1,3,1,
1997,김기범,1469,LG,-0.4,1.32,48,4,,직전 풀타임 0.5WAR 미만 −1,3,3,3,
1997,김동수,10386,LG,4.6,1.98,19,5,,최근 5시즌 골든글러브 2회 · 프랜차이즈 스타 +1,5,5,5,
1997,김민기,10504,LG,0,0.45,231,1,,,1,1,1,
1997,김선진,1497,LG,-0.1,0.74,141,2,,직전 풀타임 0.5WAR 미만 −1,1,1,1,
1997,김용수,1259,LG,2.7,2.07,16,5,Y,프랜차이즈 스타 +1,5,5,5,
1997,김태원,1289,LG,0.1,1.55,38,4,,프랜차이즈 스타 +1,5,4,5,
1997,노찬엽,1439,LG,-0.1,1.26,55,3,,,3,3,3,
1997,동봉철,1651,LG,2.2,0.95,100,2,,,2,3,2,
1997,류지현,1783,LG,4.3,1.84,28,4,,직전 5WAR+ +1,5,5,5,
1997,민원기,1707,LG,0.5,0.57,196,1,,,1,1,1,
1997,박종호,1668,LG,0.4,0.94,102,2,,,2,4,2,
1997,박준태,1443,LG,-0.1,1.03,88,2,,,2,2,2,
1997,서용빈,1782,LG,3.3,0.86,113,2,,,2,3,2,
1997,손혁,14564,LG,1.1,0.52,208,1,,,1,2,2,풀타임 최소 2코인
1997,송구홍,1589,LG,0.7,1.21,57,3,,,3,3,3,
1997,송유석,1365,LG,0.7,1.31,50,3,,,3,3,3,
1997,신국환,1882,LG,1.7,0.64,174,1,,,1,2,2,풀타임 최소 2코인
1997,신동수,1327,LG,0.4,0.86,116,2,,직전 풀타임 0.5WAR 미만 −1,1,2,1,
1997,신영균,1960,LG,-0.2,0.41,276,1,,,1,1,1,
1997,심재학,1867,LG,3.8,1.15,65,3,,직전 5WAR+ +1,4,5,4,
1997,이병규,10491,LG,5.4,0.45,232,1,,,1,4,2,풀타임 최소 2코인
1997,이상훈,1762,LG,3.0,1.86,26,4,,,4,5,4,
1997,임선동,2013,LG,2.9,0.45,243,1,,,1,4,4,대형 신인 하한 4
1997,장문석,10069,LG,-0.5,0.45,239,1,,,1,2,1,
1997,전승남,2014,LG,3.0,0.45,242,1,,,1,2,2,풀타임 최소 2코인
1997,차동철,1316,LG,-0.5,0.73,142,2,,직전 풀타임 0.5WAR 미만 −1,1,1,1,
1997,차명석,1686,LG,3.7,0.82,124,2,,,2,2,2,
1997,최동수,10481,LG,0.3,0.46,226,1,,,1,1,1,
1997,최승민,1859,LG,0.5,0.59,187,1,,,1,1,1,
1997,최향남,10743,LG,2.8,0.7,160,1,,,1,2,2,풀타임 최소 2코인
1997,허문회,14566,LG,0.1,0.71,159,1,,,1,1,1,
1997,강규철,1970,OB,-0.5,0.45,259,1,,,1,1,1,
1997,강길용,1612,OB,0.1,1.01,91,2,,,2,2,2,
1997,강병규,1613,OB,1.6,0.84,118,2,,,2,2,2,
1997,권명철,1695,OB,0.6,1.43,41,4,,,4,2,4,
1997,김경원,1761,OB,2.9,1.1,73,3,,,3,4,3,
1997,김민호,1724,OB,2.1,1.32,49,3,,,3,3,3,
1997,김상진,1624,OB,2.6,2.22,11,5,,,5,5,5,
1997,김상호,1380,OB,4.0,1.92,23,4,,최근 MVP · 프랜차이즈 스타 +1,5,4,5,
1997,김영수,10046,OB,0.1,0.45,240,1,,,1,2,2,풀타임 최소 2코인
1997,김정규,1798,OB,-0.1,0.45,268,1,,,1,1,1,
1997,김태형,11472,OB,0.5,0.83,120,2,,,2,1,2,
1997,김형석,1239,OB,0.1,1.06,83,2,,프랜차이즈 스타 +1,3,2,3,
1997,김환조,2007,OB,0.1,0.45,248,1,,,1,1,1,
1997,류택현,10507,OB,0.6,0.83,122,2,,,2,2,2,
1997,문희성,1979,OB,0.5,0.45,257,1,,,1,4,1,
1997,박명환,10510,OB,2.2,0.72,145,2,,,2,2,2,
1997,박상현,1667,OB,-0.1,0.45,270,1,,,1,1,1,
1997,소상영,1741,OB,-0.1,0.47,224,1,,,1,1,1,
1997,심정수,1811,OB,1,1.26,54,3,,,3,5,3,
1997,안경현,10099,OB,1,1.29,52,3,,,3,2,3,
1997,이경필,2011,OB,2.4,0.45,245,1,,,1,2,2,풀타임 최소 2코인
1997,이광우,1426,OB,0.9,0.8,130,2,,,2,2,2,
1997,이도형,10543,OB,0.0,1.02,90,2,,,2,3,2,
1997,이명수,1450,OB,2.1,1.57,37,4,,,4,4,4,
1997,이보형,1888,OB,-0.1,0.42,275,1,,,1,1,1,
1997,이용호,1777,OB,-0.3,0.86,114,2,,,2,1,2,
1997,이정훈,1352,OB,0.1,0.94,103,2,,,2,4,2,
1997,이종민,1595,OB,1.5,0.62,176,1,,,1,1,1,
1997,장원진,1682,OB,0.7,1.07,80,3,,,3,2,3,
1997,전형도,1823,OB,-0.0,0.59,188,1,,,1,1,1,
1997,정수근,10264,OB,1.7,0.78,135,2,,,2,2,2,
1997,진갑용,10314,OB,0.6,0.45,234,1,,,1,4,1,
1997,진필중,1894,OB,1.2,1.15,62,3,,,3,5,3,
1997,최기문,14231,OB,0.0,0.54,202,1,,,1,2,1,
1997,한명윤,1969,OB,0.2,0.51,212,1,,,1,1,1,
1997,한태균,1863,OB,0,0.8,128,2,,,2,1,2,
1997,함석원,1832,OB,-0.1,0.45,267,1,,,1,1,1,
1997,황일권,1760,OB,-0.6,0.45,273,1,,,1,1,1,
1997,가득염,10123,롯데,0.0,0.92,105,2,,,2,1,2,
1997,강상수,1837,롯데,0.3,1.47,40,4,,,4,3,4,
1997,강성우,1648,롯데,-0.5,0.8,129,2,,,2,1,2,
1997,공필성,1503,롯데,0.8,1.41,44,4,,,4,2,4,
1997,김대익,1923,롯데,3.0,0.72,155,1,,,1,2,2,풀타임 최소 2코인
1997,김민재,10550,롯데,0.8,1.09,77,3,,,3,2,3,
1997,김상현,1691,롯데,0.7,1.09,78,3,,,3,2,3,
1997,김상현,2004,롯데,-0.1,0.45,250,1,,,1,1,1,
1997,김영일,1872,롯데,-0.8,0.6,182,1,,,1,1,1,
1997,김응국,1404,롯데,1.1,2.5,5,5,,직전 5WAR+ +1 / 최근 5시즌 골든글러브 2회 · 프랜차이즈 스타 +1,5,4,5,
1997,김종헌,1511,롯데,-0.7,0.65,170,1,,,1,1,1,
1997,김종훈,1800,롯데,-0.0,1.07,81,2,,,2,1,2,
1997,김태석,1628,롯데,1.7,0.94,101,2,,,2,2,2,
1997,마해영,1865,롯데,2.0,1.0,95,2,,,2,5,2,
1997,문동환,10593,롯데,0.4,0.45,228,1,,,1,4,1,
1997,박계원,1646,롯데,0.1,0.86,115,2,,,2,1,2,
1997,박보현,1899,롯데,0.6,0.68,164,1,,,1,1,1,
1997,박부성,1900,롯데,-0.1,0.98,97,2,,,2,1,2,
1997,박석진,1901,롯데,-0.4,0.63,175,1,,,1,2,1,
1997,박정태,1561,롯데,0.0,1.64,34,4,,최근 5시즌 골든글러브 2회 +1,5,5,5,
1997,박종일,1880,롯데,0.1,0.45,272,1,,,1,1,1,
1997,박지철,10511,롯데,5.9,0.84,119,2,,,2,2,2,
1997,박현승,10246,롯데,4.1,1.12,70,3,,,3,2,3,
1997,배정훈,1934,롯데,-0.3,0.45,262,1,,,1,1,1,
1997,손동일,1809,롯데,0.2,0.48,219,1,,,1,1,1,
1997,손민한,10284,롯데,0.3,0.45,236,1,,,1,4,1,
1997,염종석,1689,롯데,2.2,1.25,56,3,,,3,4,3,
1997,유필선,1939,롯데,0.3,0.45,261,1,,,1,1,1,
1997,이동수,1816,롯데,-0.4,1.05,86,2,,,2,3,2,
1997,이상번,1483,롯데,0.2,0.61,180,1,,,1,1,1,
1997,이정훈,10296,롯데,-0.2,0.45,235,1,,,1,1,1,
1997,이종운,11473,롯데,-0.2,0.99,96,2,,,2,2,2,
1997,이지환,1555,롯데,-0.7,0.45,271,1,,,1,1,1,
1997,임봉춘,2012,롯데,0.3,0.45,244,1,,,1,1,1,
1997,임수혁,1819,롯데,1.4,1.7,31,4,,직전 5WAR+ +1,5,2,4,변동 완충(+2까지)
1997,임형석,1524,롯데,0.2,0.64,172,1,,,1,2,1,
1997,정호진,1751,롯데,-0.3,0.51,211,1,,,1,1,1,
1997,조규철,1752,롯데,-0.2,0.61,179,1,,,1,1,1,
1997,조유신,1997,롯데,0.1,0.45,254,1,,,1,1,1,
1997,주형광,1834,롯데,-0.1,1.84,27,4,,직전 5WAR+ +1 / 1996 다승·탈삼진 1위 +1,5,5,5,
1997,차명주,1967,롯데,0.6,0.48,222,1,,,1,4,2,대형 신인 하한 4
1997,감병훈,1836,삼성,-0.1,0.45,266,1,,,1,1,1,
1997,곽채진,1841,삼성,0.7,0.52,207,1,,,1,1,1,
1997,김상엽,1472,삼성,4.2,1.9,24,4,,프랜차이즈 스타 +1,5,5,5,
1997,김영진,1874,삼성,-0.3,0.39,277,1,,,1,1,1,
1997,김종훈,1800,삼성,-0.1,1.07,81,2,,,2,1,2,
1997,김태균,1803,삼성,3.0,0.77,137,2,,,2,2,2,
1997,김태한,1693,삼성,2.9,1.42,43,4,,,4,4,4,
1997,김한수,12964,삼성,2.9,0.6,181,1,,,1,2,2,풀타임 최소 2코인
1997,류중일,11467,삼성,1.4,1.43,42,4,,프랜차이즈 스타 +1,5,4,5,
1997,박충식,1763,삼성,2.4,1.93,20,5,,,5,5,5,
1997,박태순,1959,삼성,-0.3,0.45,260,1,,,1,1,1,
1997,박현영,1347,삼성,-0.1,0.77,138,2,,,2,1,2,
1997,변대수,2008,삼성,0.3,0.45,247,1,,,1,1,1,
1997,성준,1315,삼성,1.6,1.18,59,3,,프랜차이즈 스타 +1,4,4,4,
1997,신동주,1672,삼성,5.0,0.9,110,2,,,2,2,2,
1997,양용모,1563,삼성,0.4,0.72,156,1,,,1,1,1,
1997,양준혁,10339,삼성,7.5,2.95,3,5,,직전 5WAR+ +1 / 1996 골든글러브 · 1996 타율 1위 +1,5,5,5,
1997,이동수,1816,삼성,-1.0,1.05,86,2,,,2,3,2,
1997,이만수,1025,삼성,0.3,1.39,45,4,,프랜차이즈 스타 +1,5,5,5,
1997,이상훈,1554,삼성,0.2,1.09,79,3,,,3,2,3,
1997,이승엽,10881,삼성,6.3,1.15,61,3,,,4,5,4,편집 지정: 최연소 홈런왕 시즌
1997,장정순,1415,삼성,0.1,1.13,69,3,,,3,2,3,
1997,전병호,1965,삼성,0.9,0.72,151,2,,,2,2,2,
1997,정경배,10102,삼성,2.9,0.58,195,1,,,1,2,2,풀타임 최소 2코인
1997,정성훈,10531,삼성,0.6,0.45,229,1,,,1,2,2,풀타임 최소 2코인
1997,최익성,1828,삼성,5.8,0.67,165,1,,,1,2,2,풀타임 최소 2코인
1997,최재호,1949,삼성,1.5,0.72,154,1,,,1,2,2,풀타임 최소 2코인
1997,최창양,1968,삼성,1.0,0.72,150,2,,,2,2,2,
1997,최한림,1645,삼성,0,0.79,134,2,,,2,1,2,
1997,하춘동,1945,삼성,-0.4,0.47,225,1,,,1,1,1,
1997,황성관,2002,삼성,0.3,0.45,252,1,,,1,1,1,
1997,강영수,1428,쌍방울,0.1,1.1,76,3,,,3,2,3,
1997,강종필,1429,쌍방울,0.3,0.8,131,2,,,2,1,2,
1997,공의식,1728,쌍방울,0.0,0.71,158,1,,,1,1,1,
1997,김광림,1203,쌍방울,0.3,2.32,8,5,,최근 5시즌 골든글러브 2회 +1,5,5,5,
1997,김기덕,1619,쌍방울,0.5,1.77,30,4,,,4,4,4,
1997,김기태,11474,쌍방울,7.1,2.07,17,5,,최근 5시즌 골든글러브 2회 +1,5,5,5,
1997,김민국,1843,쌍방울,-0.6,0.66,168,1,,,1,1,1,
1997,김성래,1196,쌍방울,1.1,1.1,75,3,,,3,4,3,
1997,김성한,1835,쌍방울,-0.3,0.56,198,1,,,1,1,1,
1997,김성현,1284,쌍방울,1.3,0.97,99,2,,,2,2,2,
1997,김실,1797,쌍방울,1.5,1.01,92,2,,,2,2,2,
1997,김원형,14890,쌍방울,4.0,0.88,112,2,,,2,4,2,
1997,김현민,1929,쌍방울,0.0,0.58,191,1,,,1,1,1,
1997,김현욱,1768,쌍방울,6.3,0.91,108,2,,,2,4,2,
1997,김호,1581,쌍방울,0.3,1.1,72,3,,,3,4,3,
1997,박경완,10080,쌍방울,4.8,1.92,21,4,,1996 골든글러브 +1,5,5,5,
1997,박노준,1292,쌍방울,-0.3,1.28,53,3,,,3,3,3,
1997,박성진,1902,쌍방울,0.5,0.62,177,1,,,1,1,1,
1997,박주언,1957,쌍방울,-0.0,0.6,185,1,,직전 풀타임 0.5WAR 미만 −1,1,1,1,
1997,박진석,1630,쌍방울,0.4,1.05,87,2,,,2,1,2,
1997,박철우,1337,쌍방울,1.2,0.82,123,2,,,2,2,2,
1997,성영재,1775,쌍방울,3.9,1.05,85,2,,직전 5WAR+ +1,3,3,3,
1997,심성보,1883,쌍방울,1.4,1.15,64,3,,,3,2,3,
1997,오봉옥,1694,쌍방울,0.1,1.58,35,4,,,4,3,4,
1997,오상민,10519,쌍방울,0.6,0.45,230,1,,,1,2,2,풀타임 최소 2코인
1997,유현승,1854,쌍방울,-0.2,0.77,136,2,,,2,1,2,
1997,윤형배,1690,쌍방울,0.5,0.76,139,2,,,2,2,2,
1997,이봉우,1915,쌍방울,-0.5,0.45,264,1,,,1,1,1,
1997,이종두,1252,쌍방울,0.1,0.98,98,2,,,2,2,2,
1997,임창식,1715,쌍방울,1.4,0.58,190,1,,,1,1,1,
1997,정수찬,2015,쌍방울,0.7,0.45,241,1,,,1,1,1,
1997,조규제,1608,쌍방울,2.5,1.88,25,4,,,4,5,4,
1997,조원우,12657,쌍방울,2.6,0.69,161,1,,직전 풀타임 0.5WAR 미만 −1,1,2,2,풀타임 최소 2코인
1997,최정환,1951,쌍방울,1.9,0.72,152,2,,,2,2,2,
1997,최태원,13285,쌍방울,5.2,1.57,36,4,,,4,5,4,
1997,한대화,1144,쌍방울,0.3,1.1,74,3,,최근 5시즌 골든글러브 2회 +1,4,4,4,
1997,강대호,1971,한화,-0.2,0.45,258,1,,,1,1,1,
1997,강석천,1421,한화,4.6,1.13,68,3,,,3,3,3,
1997,강인권,14993,한화,0.0,0.75,140,2,,,2,1,2,
1997,공용우,1895,한화,-0.1,0.58,192,1,,,1,1,1,
1997,구대성,10580,한화,2.4,2.18,12,5,,직전 5WAR+ +1 / 1996 골든글러브 · 1996 다승·평균자책 1위 +1 / 직전 MVP 5,5,5,5,
1997,김용선,1434,한화,0.2,0.93,104,2,,,2,1,2,
1997,김충민,1737,한화,-0.2,0.64,171,1,,,1,1,1,
1997,김해님,2005,한화,1.0,0.45,249,1,,,1,1,1,
1997,노장진,1771,한화,0.0,0.53,206,1,,,1,2,2,풀타임 최소 2코인
1997,백재호,1980,한화,2.9,0.45,256,1,,,1,4,2,풀타임 최소 2코인
1997,송지만,10412,한화,2.3,0.72,146,2,,,2,5,2,
1997,송진우,10597,한화,0.6,2.12,14,5,,직전 5WAR+ +1,5,5,5,
1997,신재웅,1905,한화,2,0.57,197,1,,직전 풀타임 0.5WAR 미만 −1,1,2,2,풀타임 최소 2코인
1997,신진수,1810,한화,-0.1,0.58,193,1,,,1,1,1,
1997,이민호,1748,한화,0.3,0.83,121,2,,,2,1,2,
1997,이상목,1553,한화,0.9,1.14,67,3,,,3,2,3,
1997,이상열,10449,한화,0.7,0.47,223,1,,,1,1,1,
1997,이영우,10574,한화,-0.8,0.72,144,2,,,2,4,2,
1997,이은승,1484,한화,-0.0,0.49,217,1,,,1,1,1,
1997,임수민,1917,한화,-0.7,0.68,163,1,,,1,1,1,
1997,임주택,1566,한화,1.2,0.8,132,2,,,2,1,2,
1997,장종훈,1354,한화,4.7,2.12,13,5,,최근 5시즌 골든글러브 2회 +1,5,5,5,
1997,전상렬,10194,한화,1.3,0.48,220,1,,,1,2,2,풀타임 최소 2코인
1997,정경훈,1527,한화,1.1,1.02,89,2,,,2,2,2,
1997,정기창,1824,한화,-0.3,0.66,167,1,,,1,1,1,
1997,정민철,10613,한화,6.2,2.29,9,5,,직전 5WAR+ +1,5,5,5,
1997,정영규,1722,한화,0.9,1.2,58,3,,,3,2,3,
1997,조경택,12707,한화,0.2,0.89,111,2,,,2,1,2,
1997,최호원,1862,한화,-0.1,0.58,189,1,,,1,1,1,
1997,한용덕,13282,한화,1.2,1.53,39,4,,,4,5,4,
1997,허준,1759,한화,-0.0,0.55,200,1,,,1,1,1,
1997,홍우태,1864,한화,-0.1,0.5,214,1,,,1,1,1,
1997,홍원기,14889,한화,1.4,0.72,143,2,,,2,2,2,
1997,강태원,1467,해태,1.8,1.3,51,3,,,3,2,3,
1997,권오성,1920,해태,0.4,0.45,263,1,,,1,1,1,
1997,김동호,2003,해태,0.1,0.45,251,1,,,1,1,1,
1997,김봉영,1697,해태,0.1,0.55,199,1,,,1,1,1,
1997,김상진,1950,해태,3.6,0.72,153,1,,,1,2,2,풀타임 최소 2코인
1997,김정수,1314,해태,1.3,1.92,22,4,,프랜차이즈 스타 +1,5,4,5,
1997,김종국,10009,해태,0.9,0.72,149,2,,,2,2,2,
1997,김지영,1802,해태,0.9,0.51,210,1,,,1,1,1,
1997,김창희,10334,해태,1.6,0.45,233,1,,,1,2,2,풀타임 최소 2코인
1997,김태룡,1661,해태,0.9,0.66,169,1,,,1,1,1,
1997,박재벌,1647,해태,-0.3,0.81,125,2,,,2,1,2,
1997,박재용,1787,해태,0.3,1.0,94,2,,1996 골든글러브 +1,3,2,3,
1997,박진철,1774,해태,-0.0,0.45,269,1,,,1,1,1,
1997,박철웅,1958,해태,0.0,0.49,218,1,,,1,1,1,
1997,백인수,1338,해태,0.4,1.01,93,2,,,2,3,2,
1997,오철민,2010,해태,-0.1,0.45,246,1,,,1,1,1,
1997,이강철,13923,해태,4.3,2.44,6,5,,직전 5WAR+ +1 / 프랜차이즈 스타 +1,5,5,5,
1997,이경복,1449,해태,-0.5,0.5,216,1,,,1,1,1,
1997,이대진,10062,해태,5.0,2.27,10,5,,직전 5WAR+ +1,5,5,5,
1997,이순철,1250,해태,0.4,1.14,66,3,,최근 5시즌 골든글러브 2회 · 프랜차이즈 스타 +1,4,4,4,
1997,이원식,1907,해태,1.6,0.6,183,1,,,1,2,2,풀타임 최소 2코인
1997,이재만,1779,해태,0.1,0.81,126,2,,,2,1,2,
1997,이종범,10036,해태,9.5,2.95,4,5,,직전 5WAR+ +1 / 최근 MVP · 최근 5시즌 골든글러브 2회 +1,5,5,5,
1997,이호성,1500,해태,3.1,1.07,82,2,,프랜차이즈 스타 +1,3,3,3,
1997,이호준,10101,해태,1.1,0.45,238,1,,,1,2,1,
1997,임창용,11281,해태,4.2,0.85,117,2,,,2,2,2,
1997,장성호,10032,해태,0.2,0.54,201,1,,,1,2,2,풀타임 최소 2코인
1997,조계현,12724,해태,1.1,3.19,2,5,,직전 5WAR+ +1 / 프랜차이즈 스타 +1,5,5,5,
1997,조남기,1995,해태,0.1,0.45,255,1,,,1,1,1,
1997,조현,1866,해태,-0.1,0.69,162,1,,,1,1,1,
1997,최해식,1607,해태,1.1,0.53,205,1,,직전 풀타임 0.5WAR 미만 −1,1,1,1,
1997,최훈재,1457,해태,2.0,1.06,84,2,,,2,2,2,
1997,홍현우,1499,해태,4.4,3.68,1,5,,직전 5WAR+ +1 / 최근 5시즌 골든글러브 2회 · 프랜차이즈 스타 +1,5,5,5,
1997,가내영,1611,현대,-0.3,1.11,71,3,,,3,2,3,
1997,권준헌,1504,현대,-0.5,0.91,107,2,,,2,1,2,
1997,김갑중,1730,현대,-0.3,0.72,157,1,,,1,1,1,
1997,김경기,1505,현대,0.5,2.08,15,5,,1996 골든글러브 +1,5,4,5,
1997,김광림,1203,현대,2.7,2.32,8,5,,최근 5시즌 골든글러브 2회 +1,5,5,5,
1997,김상국,1282,현대,0.1,0.79,133,2,,,2,2,2,
1997,김익재,1627,현대,-0.1,0.6,184,1,,,1,1,1,
1997,김인호,1435,현대,1.4,1.68,32,4,,,4,2,4,
1997,김형남,1912,현대,-0.2,0.45,265,1,,,1,1,1,
1997,김홍집,1769,현대,-0.3,0.92,106,2,,,2,1,2,
1997,박재홍,10113,현대,6.5,0.72,148,2,,직전 5WAR+ +1 / 1996 골든글러브 · 1996 타점·홈런 1위 +1,4,5,4,신인왕 다음 시즌 하한 4
1997,박정현,1408,현대,-0.2,0.8,127,2,,,2,5,2,
1997,박진만,10323,현대,-0.4,0.72,147,2,,,2,5,2,
1997,백성진,1587,현대,0.1,0.51,213,1,,,1,1,1,
1997,손차훈,1742,현대,0.1,0.53,203,1,,,1,1,1,
1997,신상윤,1634,현대,0.4,0.53,204,1,,,1,1,1,
1997,안명성,1913,현대,-0.3,0.48,221,1,,,1,1,1,
1997,안병원,1711,현대,0.3,0.91,109,2,,,2,2,2,
1997,위재영,1886,현대,2.5,1.15,63,3,,직전 5WAR+ +1,4,5,4,
1997,윤덕규,1247,현대,-0.7,1.32,47,4,,,4,3,4,
1997,이근엽,1593,현대,-0.3,0.5,215,1,,,1,1,1,
1997,이숭용,10402,현대,4.8,1.65,33,4,,,4,4,4,
1997,이재주,10020,현대,0.5,0.67,166,1,,,1,2,1,
1997,장광호,12722,현대,0.9,0.62,178,1,,,1,1,1,
1997,장정석,12966,현대,-0.3,0.58,194,1,,,1,1,1,
1997,전준호,10418,현대,1.6,1.81,29,4,,최근 5시즌 골든글러브 2회 +1,5,5,5,
1997,정명원,1464,현대,2.6,2.33,7,5,,1996 세이브 1위 +1,5,5,5,
1997,정민태,1716,현대,3.9,2.0,18,5,,직전 5WAR+ +1,5,5,5,
1997,조웅천,10158,현대,2.4,1.37,46,4,,,4,4,4,
1997,최만호,10265,현대,0.4,0.45,237,1,,,1,1,1,
1997,최영필,10617,현대,0.1,0.45,227,1,,,1,2,2,풀타임 최소 2코인
1997,최원호,10537,현대,0.3,0.52,209,1,,,1,2,2,풀타임 최소 2코인
1997,최창호,1370,현대,0.0,1.15,60,3,,,3,5,3,
1997,하득인,1784,현대,0.6,0.59,186,1,,,1,1,1,
1997,허유신,2001,현대,-0.4,0.45,253,1,,,1,1,1,
1998,김기범,1469,LG,-0.2,0.99,93,2,,직전 풀타임 0.5WAR 미만 −1,1,2,2,풀타임 최소 2코인
1998,김동수,10386,LG,5.7,2.25,11,5,,직전 5WAR+ +1 / 최근 5시즌 골든글러브 2회 · 프랜차이즈 스타 +1,5,5,5,
1998,김동호,2003,LG,-0.2,0.56,184,1,,,1,1,1,
1998,김민기,10504,LG,-0.8,0.54,190,1,,,1,1,1,
1998,김선진,1497,LG,0.2,0.62,173,1,,,1,2,2,풀타임 최소 2코인
1998,김용수,1259,LG,3.5,2.12,16,5,Y,프랜차이즈 스타 +1,5,5,5,
1998,김재현,10109,LG,4.4,1.27,53,3,,,3,5,3,
1998,김종헌,1511,LG,0.4,0.49,201,1,,,1,1,1,
1998,김태원,1289,LG,0.3,1.16,64,3,,프랜차이즈 스타 +1,4,4,4,
1998,류지현,1783,LG,7.0,2.12,17,5,,,5,5,5,
1998,민원기,1707,LG,-0.2,0.7,160,1,,,1,1,1,
1998,박종호,1668,LG,1.2,0.84,119,2,,,2,4,2,
1998,손지환,10098,LG,0.2,0.45,217,1,,,1,1,1,
1998,손혁,14564,LG,2.3,0.83,122,2,,,2,2,2,
1998,송유석,1365,LG,2.4,1.06,86,2,,,2,2,2,
1998,신국환,1882,LG,1.2,1.02,91,2,,,2,2,2,
1998,신영균,1960,LG,-0.3,0.48,203,1,,,1,1,1,
1998,신윤호,11238,LG,0.5,0.54,191,1,,,1,1,1,
1998,심재학,1867,LG,2.8,1.74,28,4,,,4,5,4,
1998,안재만,1983,LG,-0.3,0.45,227,1,,,1,1,1,
1998,앤더슨,2055,LG,0.7,,,,,외국인 규칙,,4,4,
1998,이병규,10491,LG,2.6,0.72,146,2,,직전 5WAR+ +1 / 1997 골든글러브 +1,4,5,4,신인왕 다음 시즌 하한 4
1998,이종열,10478,LG,-0.3,0.7,159,1,,,1,2,2,풀타임 최소 2코인
1998,이준용,2035,LG,-0.2,0.45,223,1,,,1,1,1,
1998,임선동,2013,LG,-1.0,0.72,151,2,,,2,4,4,대형 신인 하한 4
1998,전승남,2014,LG,1.3,0.72,150,2,,,2,2,2,
1998,정영규,1722,LG,0.2,1.07,84,2,,,2,2,2,
1998,조인성,10463,LG,0.7,0.45,210,1,,,1,4,1,
1998,차명석,1686,LG,0.8,1.31,51,3,,,3,2,3,
1998,최동수,10481,LG,-0.9,0.61,174,1,,,1,1,1,
1998,최창호,1370,LG,0.8,0.86,112,2,,직전 풀타임 0.5WAR 미만 −1,1,5,2,풀타임 최소 2코인
1998,최향남,10743,LG,2.8,1.12,72,3,,,3,3,3,
1998,펠릭스,2044,LG,1.0,,,,,외국인 규칙,,3,3,
1998,허문회,14566,LG,-1.0,0.65,166,1,,,1,1,1,
1998,강병규,1613,OB,2.5,1.1,78,3,,,3,2,3,
1998,권명철,1695,OB,-0.4,1.08,81,2,,,2,2,3,변동 완충(−1까지)
1998,김경원,1761,OB,1.3,1.76,26,4,,,4,4,4,
1998,김동주,10173,OB,2.1,0.45,215,1,,,1,4,4,대형 신인 하한 4
1998,김민호,1724,OB,1.1,1.39,42,4,,,4,3,4,
1998,김상진,1624,OB,1.6,1.87,22,4,,프랜차이즈 스타 +1,5,5,5,
1998,김상호,1380,OB,0.3,2.08,20,5,,최근 MVP · 프랜차이즈 스타 +1,5,4,5,
1998,김실,1797,OB,-0.4,1.12,71,3,,,3,2,3,
1998,김태형,11472,OB,-0.3,0.82,124,2,,,2,1,2,
1998,류택현,10507,OB,-0.6,0.84,117,2,,,2,2,2,
1998,박명환,10510,OB,4,1.15,65,3,,,3,2,3,
1998,박상근,1773,OB,0.1,0.78,131,2,,,2,1,2,
1998,심정수,1811,OB,4.8,1.1,77,3,,,3,5,3,
1998,안경현,10099,OB,1.6,1.11,75,3,,,3,2,3,
1998,우즈,2031,OB,6.1,,,,,외국인 규칙,,4,4,
1998,이경필,2011,OB,2.7,0.72,152,2,,,2,2,2,
1998,이광우,1426,OB,0.9,0.93,100,2,,,2,2,2,
1998,이종민,1595,OB,-0.6,0.96,98,2,,,2,1,2,
1998,이혜천,10642,OB,0.5,0.45,207,1,,,1,1,1,
1998,장원진,1682,OB,-0.9,0.96,97,2,,,2,2,2,
1998,정수근,10264,OB,4.4,1.08,80,3,,,3,2,3,
1998,진갑용,10314,OB,0.6,0.67,164,1,,,1,4,1,
1998,진필중,1894,OB,5.6,1.12,73,3,,,3,5,3,
1998,최용호,2017,OB,0.9,0.45,226,1,,,1,1,1,
1998,추성건,1757,OB,-0.7,0.79,129,2,,,2,1,2,
1998,캐세레스,2042,OB,1.2,,,,,외국인 규칙,,4,4,
1998,한태균,1863,OB,0.5,0.68,163,1,,,1,1,1,
1998,가득염,10123,롯데,0.8,0.75,138,2,,,2,1,2,
1998,강상수,1837,롯데,1.3,1.1,76,3,,직전 풀타임 0.5WAR 미만 −1,2,3,2,
1998,강성우,1648,롯데,-0.8,0.6,178,1,,,1,1,1,
1998,공필성,1503,롯데,0.5,1.12,70,3,,,3,2,3,
1998,김대익,1923,롯데,4.2,1.15,69,3,,,3,3,3,
1998,김민재,10550,롯데,0.6,0.99,92,2,,,2,2,2,
1998,김상현,2004,롯데,-0.2,0.52,196,1,,,1,1,1,
1998,김영일,1872,롯데,-0.5,0.45,234,1,,,1,1,1,
1998,김응국,1404,롯데,1.3,1.87,23,4,,프랜차이즈 스타 +1,5,4,5,
1998,김태석,1628,롯데,0.9,1.16,62,3,,,3,2,3,
1998,김현민,1929,롯데,-0.3,0.59,179,1,,,1,1,1,
1998,마해영,1865,롯데,3.7,1.23,58,3,,,3,5,3,
1998,문동환,10593,롯데,4.0,0.72,145,2,,,2,4,2,
1998,박석진,1901,롯데,-0.2,0.52,195,1,,,1,2,1,
1998,박성기,1629,롯데,0.1,0.8,126,2,,,2,1,2,
1998,박정태,1561,롯데,5.6,1.23,59,3,,직전 풀타임 0.5WAR 미만 −1,2,5,2,
1998,박지철,10511,롯데,-1.2,1.34,48,4,,직전 5WAR+ +1,5,3,4,변동 완충(+2까지)
1998,배정훈,1934,롯데,0.2,0.46,205,1,,,1,1,1,
1998,브래디,2026,롯데,0.2,,,,,외국인 규칙,,3,3,
1998,손인호,10487,롯데,1.8,0.45,209,1,,,1,1,1,
1998,엄정대,2029,롯데,-0.6,0.45,224,1,,,1,1,1,
1998,염종석,1689,롯데,2.9,1.38,43,4,,,4,4,4,
1998,유필선,1939,롯데,0.8,0.61,176,1,,,1,1,1,
1998,이동수,1816,롯데,0,0.79,130,2,,,2,3,2,
1998,이정훈,10296,롯데,0.1,0.48,202,1,,,1,2,2,풀타임 최소 2코인
1998,이지환,1555,롯데,-0.8,0.37,237,1,,,1,1,1,
1998,임경완,10298,롯데,-0.5,0.45,214,1,,,1,1,1,
1998,임수혁,1819,롯데,1.2,1.37,45,4,,,4,2,4,
1998,조경환,2038,롯데,0.9,0.45,222,1,,,1,4,2,풀타임 최소 2코인
1998,조유신,1997,롯데,0.0,0.56,186,1,,,1,1,1,
1998,주형광,1834,롯데,3.0,1.38,44,4,,직전 풀타임 0.5WAR 미만 −1,3,5,3,
1998,차명주,1967,롯데,0.1,0.7,158,1,,,1,4,2,대형 신인 하한 4
1998,홍의현,2060,롯데,0.3,0.45,218,1,,,1,1,1,
1998,강동우,10564,삼성,4.6,0.45,208,1,,,1,2,2,풀타임 최소 2코인
1998,곽채진,1841,삼성,2.2,0.76,136,2,,,2,2,2,
1998,김상엽,1472,삼성,0.1,2.14,15,5,,프랜차이즈 스타 +1,5,5,5,
1998,김영진,1874,삼성,-0.4,0.45,206,1,,,1,1,1,
1998,김재걸,10321,삼성,0.0,0.77,134,2,,,2,4,2,
1998,김종훈,1800,삼성,1.5,0.8,128,2,,,2,1,2,
1998,김진웅,10357,삼성,2.4,0.45,213,1,,,1,2,2,풀타임 최소 2코인
1998,김태균,1803,삼성,0.5,1.24,57,3,,,3,2,3,
1998,김한수,12964,삼성,2.1,0.96,96,2,,,2,3,2,
1998,류중일,11467,삼성,0.3,1.27,55,3,,프랜차이즈 스타 +1,4,4,4,
1998,박동희,1539,삼성,-0.2,1.4,41,4,,,4,4,4,
1998,박충식,1763,삼성,3.7,1.74,27,4,,,4,5,4,
1998,박태순,1959,삼성,0.3,0.47,204,1,,,1,1,1,
1998,베이커,2052,삼성,3.1,,,,,외국인 규칙,,4,4,
1998,성준,1315,삼성,0.5,1.22,60,3,,프랜차이즈 스타 +1,4,4,4,
1998,신동주,1672,삼성,1.5,1.44,38,4,,직전 5WAR+ +1,5,2,4,변동 완충(+2까지)
1998,양용모,1563,삼성,-0.6,0.75,139,2,,,2,1,2,
1998,양준혁,10339,삼성,5.9,3.35,1,5,,직전 5WAR+ +1 / 최근 5시즌 골든글러브 2회 +1,5,5,5,
1998,이상훈,1554,삼성,0.3,0.9,106,2,,,2,2,2,
1998,이순철,1250,삼성,-0.1,0.91,103,2,,,2,4,2,
1998,이승엽,10881,삼성,7.3,1.84,24,4,,직전 5WAR+ +1 / 1997 골든글러브 · 1997 타점·홈런 1위 +1 / 직전 MVP 5,5,5,5,
1998,전병호,1965,삼성,0.2,0.87,111,2,,,2,2,2,
1998,정경배,10102,삼성,-0.2,0.92,101,2,,,2,3,2,
1998,정성훈,10531,삼성,-0.2,0.71,157,1,,,1,1,1,
1998,정현욱,10377,삼성,0.1,0.45,212,1,,,1,2,1,
1998,정회열,1496,삼성,0.2,0.86,113,2,,,2,1,2,
1998,조계현,12724,삼성,0.4,2.39,7,5,,,5,5,5,
1998,최익성,1828,삼성,2.9,1.08,82,2,,직전 5WAR+ +1,3,3,3,
1998,최재호,1949,삼성,1.4,1.06,85,2,,,2,1,2,
1998,최창양,1968,삼성,0.8,0.9,105,2,,,2,1,2,
1998,파라,2058,삼성,2.0,,,,,외국인 규칙,,3,3,
1998,가내영,1611,쌍방울,0.5,0.83,121,2,,직전 풀타임 0.5WAR 미만 −1,1,1,1,
1998,강영수,1428,쌍방울,0.7,0.83,120,2,,,2,1,2,
1998,고형욱,1839,쌍방울,0.8,0.63,170,1,,,1,1,1,
1998,김기덕,1619,쌍방울,2.5,1.33,50,3,,,3,4,3,
1998,김기태,11474,쌍방울,7.3,2.89,2,5,,직전 5WAR+ +1 / 최근 5시즌 골든글러브 2회 · 프랜차이즈 스타 · 1997 타율 1위 +1,5,5,5,
1998,김성래,1196,쌍방울,0.7,1.07,83,2,,,2,4,2,
1998,김성현,1284,쌍방울,0.1,1.05,87,2,,,2,2,2,
1998,김실,1797,쌍방울,2.0,1.12,71,3,,,3,2,3,
1998,김원형,14890,쌍방울,4.2,1.41,40,4,,,4,4,4,
1998,김유진,1700,쌍방울,1.0,0.45,233,1,,,1,1,1,
1998,김현민,1929,쌍방울,0.1,0.59,179,1,,,1,1,1,
1998,김현욱,1768,쌍방울,3.1,1.46,37,4,,직전 5WAR+ +1 / 1997 다승·평균자책 1위 +1,5,4,5,
1998,김호,1581,쌍방울,1.1,0.87,109,2,,직전 풀타임 0.5WAR 미만 −1,1,4,2,풀타임 최소 2코인
1998,박경호,1930,쌍방울,-0.1,0.45,231,1,,,1,1,1,
1998,박계원,1646,쌍방울,0,0.74,143,2,,,2,1,2,
1998,박상근,1773,쌍방울,-0.2,0.78,131,2,,,2,1,2,
1998,박성기,1629,쌍방울,0.4,0.8,126,2,,,2,1,2,
1998,박정현,1408,쌍방울,0.9,0.62,172,1,,,1,5,1,
1998,박진석,1630,쌍방울,-0.1,0.87,108,2,,,2,1,2,
1998,박철우,1337,쌍방울,0.1,0.99,94,2,,,2,2,2,
1998,박현영,1347,쌍방울,-0.6,0.64,167,1,,,1,1,1,
1998,성영재,1775,쌍방울,2.3,1.69,29,4,,,4,3,4,
1998,심성보,1883,쌍방울,2.6,1.16,63,3,,,3,2,3,
1998,오봉옥,1694,쌍방울,-0.1,1.18,61,3,,,3,3,3,
1998,오상민,10519,쌍방울,-0.1,0.71,156,1,,,1,2,2,풀타임 최소 2코인
1998,윤재국,10117,쌍방울,-0.5,0.45,216,1,,,1,1,1,
1998,윤형배,1690,쌍방울,0.8,0.81,125,2,,,2,2,2,
1998,이근엽,1593,쌍방울,0.2,0.49,200,1,,,1,1,1,
1998,이동수,1816,쌍방울,1.1,0.79,130,2,,,2,3,2,
1998,이봉우,1915,쌍방울,-0.2,0.42,236,1,,,1,1,1,
1998,임창식,1715,쌍방울,0.8,0.92,102,2,,,2,2,2,
1998,장재중,1821,쌍방울,0.2,0.45,232,1,,,1,1,1,
1998,정수찬,2015,쌍방울,-0.3,0.72,149,2,,,2,1,2,
1998,조규제,1608,쌍방울,0.1,2.11,18,5,,프랜차이즈 스타 +1,5,5,5,
1998,조원우,12657,쌍방울,3.8,1.1,79,3,,,3,2,3,
1998,최정환,1951,쌍방울,-0.4,1.12,74,3,,,3,1,3,
1998,최태원,13285,쌍방울,3.8,2.24,12,5,,직전 5WAR+ +1 / 1997 골든글러브 +1,5,5,5,
1998,강석천,1421,한화,1.8,1.81,25,4,,직전 5WAR+ +1,5,3,5,
1998,구대성,10580,한화,3.1,2.18,13,5,,최근 MVP +1,5,5,5,
1998,김민태,1623,한화,-0.3,0.56,185,1,,,1,1,1,
1998,김충민,1737,한화,2.2,0.57,183,1,,,1,2,2,풀타임 최소 2코인
1998,김해님,2005,한화,0.3,0.72,153,1,,,1,1,1,
1998,노장진,1771,한화,0.3,0.58,181,1,,직전 풀타임 0.5WAR 미만 −1,1,2,2,풀타임 최소 2코인
1998,동봉철,1651,한화,0.3,1.27,56,3,,,3,3,3,
1998,백재호,1980,한화,3.8,0.72,154,1,,,1,4,2,풀타임 최소 2코인
1998,부시,2025,한화,-1.2,,,,,외국인 규칙,,3,3,
1998,송지만,10412,한화,3.5,1.15,66,3,,,3,5,3,
1998,송진우,10597,한화,0.6,1.59,30,4,,,4,5,4,
1998,신재웅,1905,한화,-0.5,0.91,104,2,,,2,2,2,
1998,이민호,1748,한화,0.8,0.77,133,2,,,2,2,2,
1998,이상목,1553,한화,0.6,1.04,88,2,,,2,2,2,
1998,이상열,10449,한화,-0.4,0.75,140,2,,,2,2,2,
1998,이영우,10574,한화,2.0,0.54,189,1,,,1,4,2,풀타임 최소 2코인
1998,이종운,11473,한화,-0.7,0.74,142,2,,직전 풀타임 0.5WAR 미만 −1,1,1,1,
1998,임수민,1917,한화,0.2,0.51,198,1,,,1,1,1,
1998,임주택,1566,한화,0.7,0.96,99,2,,,2,1,2,
1998,장종훈,1354,한화,1.8,2.32,8,5,,직전 5WAR+ +1,5,5,5,
1998,전상렬,10194,한화,0.1,0.77,135,2,,,2,1,2,
1998,정경훈,1527,한화,-0.3,1.03,89,2,,,2,2,2,
1998,정민철,10613,한화,3.8,2.76,4,5,,직전 5WAR+ +1 / 1997 탈삼진 1위 +1,5,5,5,
1998,정영환,1966,한화,0.4,0.45,229,1,,,1,1,1,
1998,조경택,12707,한화,0.6,0.76,137,2,,,2,1,2,
1998,조효상,1942,한화,0.3,0.45,230,1,,,1,1,1,
1998,치멜리스,2041,한화,4.0,,,,,외국인 규칙,,4,4,
1998,한용덕,13282,한화,4.5,1.28,52,3,,,3,4,3,
1998,허준,1759,한화,-0.3,0.58,180,1,,,1,1,1,
1998,홍우태,1864,한화,0.3,0.53,193,1,,,1,1,1,
1998,홍원기,14889,한화,0.1,0.98,95,2,,,2,2,2,
1998,강태원,1467,해태,-0.3,1.33,49,3,,,3,2,3,
1998,곽현희,2048,해태,0.4,0.45,220,1,,,1,1,1,
1998,권오성,1920,해태,-0.0,0.64,168,1,,,1,1,1,
1998,김상진,1950,해태,1.6,1.15,68,3,,,3,2,3,
1998,김정수,1314,해태,1.0,1.5,34,4,,프랜차이즈 스타 +1,5,4,5,
1998,김종국,10009,해태,0.2,0.87,110,2,,,2,2,2,
1998,김지영,1802,해태,0.1,0.78,132,2,,,2,1,2,
1998,김창희,10334,해태,2.6,0.72,147,2,,,2,2,2,
1998,김태룡,1661,해태,-1.5,0.84,118,2,,,2,1,2,
1998,김형성,1976,해태,0.1,0.45,228,1,,,1,1,1,
1998,박재용,1787,해태,-0.1,0.84,115,2,,직전 풀타임 0.5WAR 미만 −1 / 최근 5시즌 골든글러브 2회 +1,2,1,2,
1998,박진철,1774,해태,-0.2,0.53,192,1,,,1,1,1,
1998,백인수,1338,해태,0.5,0.86,114,2,,,2,2,2,
1998,소소경,2053,해태,-0.1,0.45,219,1,,,1,1,1,
1998,송구홍,1589,해태,1.1,1.02,90,2,,,2,3,2,
1998,오철민,2010,해태,0.8,0.51,197,1,,,1,2,2,풀타임 최소 2코인
1998,이강철,13923,해태,4.6,2.4,6,5,,프랜차이즈 스타 +1,5,5,5,
1998,이경복,1449,해태,-0.8,0.44,235,1,,,1,1,1,
1998,이대진,10062,해태,4.5,2.47,5,5,,직전 5WAR+ +1 / 1997 골든글러브 +1 / 직전 투수 골든글러브 5,5,5,5,
1998,이병석,1637,해태,0.9,0.61,177,1,,,1,2,2,풀타임 최소 2코인
1998,이재만,1779,해태,-0.0,0.71,155,1,,,1,1,1,
1998,이호성,1500,해태,1.1,1.53,33,4,,프랜차이즈 스타 +1,5,4,5,
1998,이호준,10101,해태,3.2,0.72,148,2,,,2,2,2,
1998,임창용,11281,해태,5.1,1.36,46,4,,,4,5,4,
1998,장성호,10032,해태,3.8,0.64,169,1,,직전 풀타임 0.5WAR 미만 −1,1,2,2,풀타임 최소 2코인
1998,지승준,2040,해태,-0.1,0.45,221,1,,,1,1,1,
1998,최상덕,10616,해태,1.4,0.54,188,1,,,1,3,2,풀타임 최소 2코인
1998,최해식,1607,해태,0.7,0.84,116,2,,,2,2,2,
1998,최훈재,1457,해태,1.1,1.27,54,3,,,3,2,3,
1998,헤어,2045,해태,-0.6,,,,,외국인 규칙,,3,3,
1998,홍현우,1499,해태,4.4,2.88,3,5,,최근 5시즌 골든글러브 2회 · 프랜차이즈 스타 +1,5,5,5,
1998,가내영,1611,현대,0.1,0.83,121,2,,직전 풀타임 0.5WAR 미만 −1,1,1,1,
1998,권준헌,1504,현대,0.3,0.69,162,1,,,1,1,1,
1998,김경기,1505,현대,2.9,1.56,31,4,,,4,4,4,
1998,김광림,1203,현대,0.9,2.01,21,4,,최근 5시즌 골든글러브 2회 +1,5,5,5,
1998,김수경,10430,현대,4.8,0.45,211,1,,,1,2,2,풀타임 최소 2코인
1998,김인호,1435,현대,-0.0,1.36,47,4,,,4,2,4,
1998,김홍집,1769,현대,-0.0,0.69,161,1,,,1,1,1,
1998,노승욱,1770,현대,-0.1,0.73,144,2,,,2,1,2,
1998,박경완,10080,현대,3.6,2.29,10,5,,직전 5WAR+ +1,5,5,5,
1998,박재홍,10113,현대,3.7,1.15,67,3,,직전 5WAR+ +1 / 최근 5시즌 골든글러브 2회 +1,5,5,5,
1998,박종호,1668,현대,0.4,0.84,119,2,,,2,4,2,
1998,박진만,10323,현대,-0.4,0.55,187,1,,직전 풀타임 0.5WAR 미만 −1,1,5,2,풀타임 최소 2코인
1998,손차훈,1742,현대,-0.1,0.61,175,1,,,1,1,1,
1998,스트롱,2054,현대,1.7,,,,,외국인 규칙,,4,4,
1998,안병원,1711,현대,0.3,0.8,127,2,,직전 풀타임 0.5WAR 미만 −1,1,2,1,
1998,안희봉,2028,현대,-0.3,0.45,225,1,,,1,1,1,
1998,염경엽,11468,현대,0.6,0.89,107,2,,,2,1,2,
1998,위재영,1886,현대,3.5,1.42,39,4,,,4,5,4,
1998,이명수,1450,현대,3.8,1.49,35,4,,,4,4,4,
1998,이숭용,10402,현대,1.6,2.17,14,5,,직전 5WAR+ +1,5,4,5,
1998,이재주,10020,현대,0.3,0.74,141,2,,,2,2,2,
1998,장광호,12722,현대,0.4,0.82,123,2,,,2,1,2,
1998,장용대,1749,현대,0.4,0.51,199,1,,,1,1,1,
1998,장정석,12966,현대,0.2,0.53,194,1,,,1,1,1,
1998,전준호,10418,현대,4.3,1.46,36,4,,최근 5시즌 골든글러브 2회 +1,5,5,5,
1998,정명원,1464,현대,6.1,2.31,9,5,,,5,5,5,
1998,정민태,1716,현대,5.3,2.09,19,5,,,5,5,5,
1998,조규제,1608,현대,0.7,2.11,18,5,,프랜차이즈 스타 +1,5,5,5,
1998,조웅천,10158,현대,0.9,1.55,32,4,,,4,4,4,
1998,최만호,10265,현대,-0.9,0.63,171,1,,,1,1,1,
1998,최영필,10617,현대,0.0,0.57,182,1,,직전 풀타임 0.5WAR 미만 −1,1,1,1,
1998,최원호,10537,현대,4.5,0.66,165,1,,직전 풀타임 0.5WAR 미만 −1,1,2,2,풀타임 최소 2코인
1998,최창호,1370,현대,0.3,0.86,112,2,,직전 풀타임 0.5WAR 미만 −1,1,5,2,풀타임 최소 2코인
1998,쿨바,2043,현대,6.3,,,,,외국인 규칙,,4,4,
1999,김경태,10500,LG,-0.3,0.45,214,1,,,1,1,1,
1999,김광삼,10501,LG,-0.8,0.45,213,1,,,1,1,1,
1999,김기범,1469,LG,0.3,0.74,128,2,,직전 풀타임 0.5WAR 미만 −1,1,2,2,풀타임 최소 2코인
1999,김동수,10386,LG,3.0,2.64,6,5,,직전 5WAR+ +1 / 최근 5시즌 골든글러브 2회 · 프랜차이즈 스타 +1,5,5,5,
1999,김동호,2003,LG,-0.7,0.54,198,1,,,1,1,1,
1999,김민기,10504,LG,0.8,0.41,255,1,,,1,1,1,
1999,김상태,2095,LG,-0.6,0.45,234,1,,,1,4,2,풀타임 최소 2코인
1999,김상호,1380,LG,0.9,1.56,40,4,,,4,4,4,
1999,김선진,1497,LG,-0.9,0.65,156,1,,직전 풀타임 0.5WAR 미만 −1,1,1,1,
1999,김용수,1259,LG,2.7,2.08,15,5,,프랜차이즈 스타 · 1998 다승 1위 +1,5,5,5,
1999,김재현,10109,LG,2.1,1.92,22,4,,직전 5WAR+ +1 / 최근 5시즌 골든글러브 2회 +1,5,5,5,
1999,김정민,10458,LG,0.1,0.78,120,2,,,2,1,2,
1999,김종헌,1511,LG,0.9,0.65,158,1,,,1,1,1,
1999,김혁섭,2096,LG,0.4,0.45,233,1,,,1,1,1,
1999,대톨라,2066,LG,1.0,,,,,외국인 규칙,,4,4,
1999,류지현,1783,LG,3.9,2.9,3,5,,직전 5WAR+ +1,5,5,5,
1999,류택현,10507,LG,0.5,0.63,167,1,,직전 풀타임 0.5WAR 미만 −1,1,1,1,
1999,박연수,2070,LG,-0.3,0.45,241,1,,,1,1,1,
1999,박철홍,1850,LG,0.0,0.9,100,2,,,2,1,2,
1999,손지환,10098,LG,-0.5,0.58,182,1,,,1,1,1,
1999,손혁,14564,LG,3.1,1.24,55,3,,,3,2,3,
1999,송유석,1365,LG,1.2,1.4,51,3,,,3,3,3,
1999,신국환,1882,LG,-1.0,1.06,75,3,,,3,2,3,
1999,신영균,1960,LG,0.7,0.49,206,1,,,1,1,1,
1999,신윤호,11238,LG,0.1,0.7,142,2,,,2,1,2,
1999,안병원,1711,LG,-0.9,0.77,123,2,,,2,2,2,
1999,안상준,1884,LG,0.5,0.45,251,1,,,1,2,2,풀타임 최소 2코인
1999,이병규,10491,LG,6.9,1.15,67,3,,,3,5,4,신인왕 다음 시즌 하한 4
1999,이승호,10148,LG,-0.2,0.45,222,1,,,1,2,1,
1999,이정길,2107,LG,-0.3,0.45,227,1,,,1,1,1,
1999,이종열,10478,LG,3.7,0.57,189,1,,직전 풀타임 0.5WAR 미만 −1,1,2,2,풀타임 최소 2코인
1999,인현배,1857,LG,-0.0,0.68,147,2,,,2,1,2,
1999,장문석,10069,LG,1.4,0.48,208,1,,,1,2,1,
1999,전승남,2014,LG,-0.0,0.97,86,2,,,2,2,2,
1999,정영규,1722,LG,0.3,0.85,110,2,,,2,2,2,
1999,정현택,2082,LG,0.1,0.45,238,1,,,1,1,1,
1999,조인성,10463,LG,0.0,0.7,143,2,,,2,4,2,
1999,차명석,1686,LG,2.3,1.11,73,3,,,3,2,3,
1999,최창호,1370,LG,0.3,0.99,84,2,,,2,4,2,
1999,최향남,10743,LG,2.1,1.47,46,4,,,4,3,4,
1999,펠릭스,2044,LG,0.5,,,,,외국인 규칙,,4,4,
1999,허문회,14566,LG,1.0,0.49,205,1,,,1,1,1,
1999,강길용,1612,두산,-0.6,0.8,115,2,,,2,1,2,
1999,강병규,1613,두산,1.2,1.42,49,3,,,3,2,3,
1999,구자운,10348,두산,0.2,0.45,218,1,,,1,2,1,
1999,김경원,1761,두산,0.5,1.44,48,4,,,4,4,4,
1999,김동주,10173,두산,4.3,0.72,135,2,,,2,4,4,대형 신인 하한 4
1999,김민호,1724,두산,2.1,1.17,65,3,,,3,3,3,
1999,김실,1797,두산,-0.1,1.18,64,3,,,3,2,3,
1999,김영수,10046,두산,-0.1,0.55,195,1,,,1,1,1,
1999,김유봉,1897,두산,-0.7,0.58,188,1,,,1,2,2,풀타임 최소 2코인
1999,김태형,11472,두산,-0.1,0.61,172,1,,,1,1,1,
1999,박명환,10510,두산,0.3,1.78,26,4,,,4,4,4,
1999,심정수,1811,두산,4.9,1.77,27,4,,직전 5WAR+ +1,5,5,5,
1999,안경현,10099,두산,-0.2,1.19,63,3,,,3,2,3,
1999,우즈,2031,두산,4.0,,,,,외국인 규칙,,5,5,
1999,이경수,2105,두산,-0.2,0.45,229,1,,,1,1,1,
1999,이경필,2011,두산,5.2,1.15,70,3,,,3,3,3,
1999,이광우,1426,두산,1.2,0.95,93,2,,,2,2,2,
1999,이상훈,1554,두산,0.9,0.78,121,2,,,2,2,2,
1999,이종민,1595,두산,-0.4,0.72,131,2,,,2,1,2,
1999,이혜천,10642,두산,1.7,0.65,161,1,,,1,2,2,풀타임 최소 2코인
1999,장성진,2109,두산,2.8,0.45,225,1,,,1,2,2,풀타임 최소 2코인
1999,장원진,1682,두산,1.8,0.72,130,2,,,2,2,2,
1999,전상렬,10194,두산,0.0,0.68,148,2,,,2,1,2,
1999,전형도,1823,두산,-0.1,0.59,180,1,,,1,1,1,
1999,정수근,10264,두산,4.9,1.74,32,4,,직전 5WAR+ +1,5,4,5,
1999,진갑용,10314,두산,-1.0,0.77,125,2,,,2,4,2,
1999,진필중,1894,두산,5.3,1.79,25,4,,직전 5WAR+ +1,5,5,5,
1999,차명주,1967,두산,1.7,0.67,152,2,,직전 풀타임 0.5WAR 미만 −1,1,3,2,대형 신인 하한 4
1999,최용호,2017,두산,3.1,0.72,137,2,,,2,2,2,
1999,최훈재,1457,두산,1.2,1.12,72,3,,,3,2,3,
1999,캐세레스,2042,두산,0.0,,,,,외국인 규칙,,4,4,
1999,한태균,1863,두산,0.1,0.76,126,2,,,2,1,2,
1999,홍성흔,10256,두산,1,0.45,220,1,,,1,2,2,풀타임 최소 2코인
1999,홍원기,14889,두산,-0.6,0.78,119,2,,,2,2,2,
1999,가득염,10123,롯데,1.2,0.87,103,2,,,2,2,2,
1999,강상수,1837,롯데,3.3,1.19,61,3,,,3,3,3,
1999,강성우,1648,롯데,0.3,0.45,210,1,,,1,1,1,
1999,공필성,1503,롯데,-0.7,0.92,96,2,,,2,1,2,
1999,기론,2093,롯데,2.6,,,,,외국인 규칙,,3,3,
1999,길포일,2094,롯데,-0.2,0.45,235,1,,,1,1,1,
1999,김대익,1923,롯데,0.1,1.82,24,4,,,4,3,4,
1999,김민재,10550,롯데,0.8,0.91,97,2,,,2,2,2,
1999,김사율,10272,롯데,-0.1,0.45,219,1,,,1,1,1,
1999,김응국,1404,롯데,2.7,1.41,50,3,,프랜차이즈 스타 +1,4,4,4,
1999,김정열,2050,롯데,0.3,0.45,246,1,,,1,1,1,
1999,김태석,1628,롯데,1.0,1.05,78,3,,,3,2,3,
1999,김현민,1929,롯데,-0.4,0.55,196,1,,,1,1,1,
1999,마해영,1865,롯데,6.6,1.74,30,4,,,4,5,4,
1999,문동환,10593,롯데,6.6,1.15,66,3,,,3,4,3,
1999,박보현,1899,롯데,1.4,0.71,140,2,,,2,2,2,
1999,박석진,1901,롯데,4.5,0.52,203,1,,,1,2,2,풀타임 최소 2코인
1999,박정태,1561,롯데,3.4,1.97,21,4,,직전 5WAR+ +1 / 최근 5시즌 골든글러브 2회 · 프랜차이즈 스타 +1,5,5,5,
1999,박종일,1880,롯데,0.2,0.55,197,1,,,1,1,1,
1999,박현승,10246,롯데,0.8,1.3,52,3,,,3,3,3,
1999,성준,1315,롯데,0.2,0.97,87,2,,,2,4,3,변동 완충(−1까지)
1999,손민한,10284,롯데,0.2,0.58,186,1,,,1,4,1,
1999,손인호,10487,롯데,0.4,0.72,132,2,,,2,2,2,
1999,염종석,1689,롯데,3.0,1.61,38,4,,,4,4,4,
1999,유필선,1939,롯데,-0.1,0.79,117,2,,,2,1,2,
1999,이정훈,10296,롯데,-0.0,0.61,176,1,,직전 풀타임 0.5WAR 미만 −1,1,1,1,
1999,임봉춘,2012,롯데,-0.2,0.58,187,1,,,1,1,1,
1999,임수혁,1819,롯데,0.0,1.2,60,3,,,3,2,3,
1999,임재철,10193,롯데,0.5,0.45,221,1,,,1,1,1,
1999,정원욱,2111,롯데,1.5,0.45,224,1,,,1,1,1,
1999,조경환,2038,롯데,1.6,0.72,136,2,,,2,4,2,
1999,주형광,1834,롯데,5.3,1.64,35,4,,,4,5,4,
1999,최기문,14231,롯데,1.3,0.58,184,1,,,1,2,1,
1999,호세,2090,롯데,6.3,,,,,외국인 규칙,,4,4,
1999,김기태,11474,삼성,4.4,3.26,1,5,,직전 5WAR+ +1,5,5,5,
1999,김상진,1624,삼성,3.2,1.48,45,4,,,4,5,4,
1999,김영진,1874,삼성,-1.9,0.44,253,1,,,1,1,1,
1999,김종훈,1800,삼성,-0.5,1.04,79,3,,,3,1,3,
1999,김지훈,2065,삼성,-0.4,0.45,242,1,,,1,1,1,
1999,김진웅,10357,삼성,1.8,0.72,134,2,,,2,2,2,
1999,김태균,1803,삼성,2.3,0.97,88,2,,,2,2,2,
1999,김한수,12964,삼성,4.5,1.25,54,3,,1998 골든글러브 +1,4,3,4,
1999,김현욱,1768,삼성,2.5,1.74,29,4,,,4,4,4,
1999,노장진,1771,삼성,4.2,0.67,151,2,,직전 풀타임 0.5WAR 미만 −1,1,2,2,풀타임 최소 2코인
1999,라형진,2097,삼성,-0.5,0.45,232,1,,,1,1,1,
1999,류중일,11467,삼성,0.1,0.95,90,2,,프랜차이즈 스타 +1,3,4,3,
1999,문남열,2098,삼성,0.1,0.45,231,1,,,1,1,1,
1999,박동희,1539,삼성,-0.2,1.05,77,3,,,3,3,3,
1999,송재익,1981,삼성,-0.3,0.45,250,1,,,1,1,1,
1999,스미스,2073,삼성,2.8,,,,,외국인 규칙,,4,4,
1999,신동주,1672,삼성,1.4,1.29,53,3,,,3,2,3,
1999,이동은,2106,삼성,0.1,0.45,228,1,,,1,1,1,
1999,이상훈,1554,삼성,-0.2,0.78,121,2,,,2,2,2,
1999,이승엽,10881,삼성,8.7,2.85,4,5,,직전 5WAR+ +1 / 최근 MVP · 최근 5시즌 골든글러브 2회 +1,5,5,5,
1999,이준호,2108,삼성,0.6,0.45,226,1,,,1,1,1,
1999,임창용,11281,삼성,7.5,2.17,11,5,,직전 5WAR+ +1 / 1998 세이브 1위 +1,5,5,5,
1999,전병호,1965,삼성,0.7,0.78,122,2,,직전 풀타임 0.5WAR 미만 −1,1,2,2,풀타임 최소 2코인
1999,정경배,10102,삼성,3.3,0.69,144,2,,직전 풀타임 0.5WAR 미만 −1,1,3,2,풀타임 최소 2코인
1999,정성훈,10531,삼성,0.2,0.58,183,1,,,1,1,1,
1999,정현욱,10377,삼성,0.8,0.56,194,1,,,1,2,2,풀타임 최소 2코인
1999,정회열,1496,삼성,-0.6,0.75,127,2,,,2,1,2,
1999,조계현,12724,삼성,-0.5,2.0,16,5,Y,직전 풀타임 0.5WAR 미만 −1,4,4,4,
1999,진갑용,10314,삼성,0.1,0.77,125,2,,,2,4,2,
1999,홀,2091,삼성,0.7,,,,,외국인 규칙,,4,4,
1999,황성관,2002,삼성,1.3,0.57,191,1,,,1,1,1,
1999,가내영,1611,쌍방울,1.0,0.85,109,2,,,2,2,2,
1999,강민규,2018,쌍방울,-0.2,0.45,249,1,,,1,1,1,
1999,강희석,1838,쌍방울,0.2,0.59,181,1,,,1,1,1,
1999,고형욱,1839,쌍방울,0.3,0.8,116,2,,,2,2,2,
1999,김갑중,1730,쌍방울,-0.1,0.61,174,1,,,1,1,1,
1999,김경진,2049,쌍방울,0.3,0.45,247,1,,,1,1,1,
1999,김광림,1203,쌍방울,-0.1,1.51,43,4,,,4,4,4,
1999,김기덕,1619,쌍방울,2.9,1.54,41,4,,,4,4,4,
1999,김성래,1196,쌍방울,0.9,0.96,89,2,,,2,4,2,
1999,김원형,14890,쌍방울,0.5,2.13,14,5,,,5,4,5,
1999,김유진,1700,쌍방울,-0.0,0.72,138,2,,,2,1,2,
1999,김호,1581,쌍방울,2.1,0.98,85,2,,,2,4,2,
1999,동봉철,1651,쌍방울,1.1,0.95,91,2,,,2,3,2,
1999,박경호,1930,쌍방울,-0.1,0.53,202,1,,,1,1,1,
1999,박상근,1773,쌍방울,-0.8,0.64,164,1,,,1,1,1,
1999,박재용,1787,쌍방울,-0.4,0.68,150,2,,최근 5시즌 골든글러브 2회 +1,3,1,3,
1999,박정현,1408,쌍방울,2.9,0.84,113,2,,,2,4,2,
1999,박주언,1957,쌍방울,-0.0,0.6,179,1,,,1,1,1,
1999,박진석,1630,쌍방울,0.6,0.69,145,2,,,2,1,2,
1999,박창현,1849,쌍방울,0.0,0.45,252,1,,,1,1,1,
1999,비아노,2101,쌍방울,-0.2,,,,,외국인 규칙,,3,3,
1999,성영재,1775,쌍방울,0.5,1.61,37,4,,,4,3,4,
1999,송구홍,1589,쌍방울,-1.1,1.02,80,3,,,3,2,3,
1999,심성보,1883,쌍방울,0.6,1.45,47,4,,,4,2,4,
1999,앤더슨,2055,쌍방울,-0.2,,,,,외국인 규칙,,4,4,
1999,양용모,1563,쌍방울,-0.3,0.56,193,1,,,1,1,1,
1999,오상민,10519,쌍방울,0.3,0.61,175,1,,직전 풀타임 0.5WAR 미만 −1,1,2,2,풀타임 최소 2코인
1999,유현승,1854,쌍방울,0.3,0.64,163,1,,,1,2,2,풀타임 최소 2코인
1999,윤재국,10117,쌍방울,1.1,0.43,254,1,,,1,1,1,
1999,윤형배,1690,쌍방울,-0.2,0.86,106,2,,,2,1,2,
1999,이계성,11451,쌍방울,-0.1,0.45,211,1,,,1,1,1,
1999,이근엽,1593,쌍방울,-0.2,0.61,171,1,,,1,1,1,
1999,이동수,1816,쌍방울,3.9,0.94,95,2,,,2,3,2,
1999,이민호,1748,쌍방울,0.6,0.86,107,2,,,2,1,2,
1999,이진영,10492,쌍방울,0.1,0.45,215,1,,,1,2,1,
1999,장용대,1749,쌍방울,-0.1,0.65,157,1,,,1,1,1,
1999,장재중,1821,쌍방울,-0.5,0.58,185,1,,,1,2,2,풀타임 최소 2코인
1999,정원배,2036,쌍방울,0.2,0.45,248,1,,,1,1,1,
1999,조원우,12657,쌍방울,1.7,1.7,33,4,,,4,3,4,
1999,최승민,1859,쌍방울,-0.2,0.65,159,1,,,1,1,1,
1999,최정환,1951,쌍방울,-0.2,0.84,112,2,,,2,1,2,
1999,최태원,13285,쌍방울,1.2,2.16,12,5,,,5,5,5,
1999,강석천,1421,한화,0.9,1.51,42,4,,,4,3,4,
1999,강인권,14993,한화,0.3,0.66,153,1,,,1,1,1,
1999,구대성,10580,한화,4.5,2.33,10,5,,최근 MVP +1,5,5,5,
1999,김경원,1761,한화,0.1,1.44,48,4,,,4,4,4,
1999,김충민,1737,한화,1.1,0.9,98,2,,,2,1,2,
1999,김해님,2005,한화,1.6,0.73,129,2,,,2,2,2,
1999,데이비스,2067,한화,4.2,,,,,외국인 규칙,,4,4,
1999,로마이어,2068,한화,5.2,,,,,외국인 규칙,,4,4,
1999,박정진,10596,한화,-0.1,0.45,212,1,,,1,1,1,
1999,박태순,1959,한화,-0.3,0.62,170,1,,,1,1,1,
1999,백재호,1980,한화,0.7,1.15,71,3,,,3,4,3,
1999,송지만,10412,한화,2.8,1.66,34,4,,,4,5,4,
1999,송진우,10597,한화,3.9,1.19,62,3,,,3,5,3,
1999,신재웅,1905,한화,-0.3,0.68,149,2,,직전 풀타임 0.5WAR 미만 −1,1,1,1,
1999,심재윤,2074,한화,-0.2,0.45,240,1,,,1,1,1,
1999,이상군,12994,한화,0.9,0.7,141,2,,,2,5,2,
1999,이상목,1553,한화,4.1,0.95,92,2,,,2,2,2,
1999,이상열,10449,한화,0.5,0.57,192,1,,,1,2,2,풀타임 최소 2코인
1999,이영우,10574,한화,4.0,0.86,105,2,,,2,4,2,
1999,임수민,1917,한화,2.3,0.6,177,1,,,1,2,2,풀타임 최소 2코인
1999,임주택,1566,한화,0.5,0.9,99,2,,,2,1,2,
1999,임창식,1715,한화,0.5,0.95,94,2,,,2,1,2,
1999,장종훈,1354,한화,2.6,1.74,31,4,,,4,5,4,
1999,정민철,10613,한화,5.6,2.37,9,5,,,5,5,5,
1999,조경택,12707,한화,0.3,0.82,114,2,,,2,1,2,
1999,최익성,1828,한화,0.7,1.49,44,4,,,4,3,4,
1999,한용덕,13282,한화,-0.7,2.0,20,5,,직전 5WAR+ +1,5,5,5,
1999,홍우태,1864,한화,-0.2,0.66,154,1,,,1,1,1,
1999,황우구,2092,한화,-1,0.45,236,1,,,1,1,1,
1999,강태원,1467,해태,0.2,1.0,83,2,,,2,2,2,
1999,곽채진,1841,해태,2.5,1.22,57,3,,,3,2,3,
1999,곽현희,2048,해태,1.0,0.64,165,1,,,1,2,2,풀타임 최소 2코인
1999,권오성,1920,해태,-0.4,0.61,173,1,,,1,1,1,
1999,김정수,1314,해태,0.8,1.21,59,3,,프랜차이즈 스타 +1,4,3,4,
1999,김지영,1802,해태,0.2,0.69,146,2,,,2,1,2,
1999,김창희,10334,해태,1.9,1.15,68,3,,,3,2,3,
1999,김태룡,1661,해태,-0.1,0.63,168,1,,,1,1,1,
1999,류기중,2051,해태,-0.1,0.45,245,1,,,1,1,1,
1999,박계원,1646,해태,0.8,0.66,155,1,,,1,2,2,풀타임 최소 2코인
1999,박진철,1774,해태,1.5,0.53,200,1,,,1,2,2,풀타임 최소 2코인
1999,브릭스,2071,해태,1.6,,,,,외국인 규칙,,4,4,
1999,샌더스,2072,해태,4.5,,,,,외국인 규칙,,4,4,
1999,소소경,2053,해태,1.1,0.53,201,1,,,1,2,2,풀타임 최소 2코인
1999,양준혁,10339,해태,4.5,3.11,2,5,,직전 5WAR+ +1 / 최근 5시즌 골든글러브 2회 · 1998 타율 1위 +1,5,5,5,
1999,엄병열,2056,해태,-0.2,0.45,244,1,,,1,1,1,
1999,오봉옥,1694,해태,3.7,0.89,101,2,,직전 풀타임 0.5WAR 미만 −1,1,2,2,풀타임 최소 2코인
1999,오철민,2010,해태,1.4,0.77,124,2,,,2,2,2,
1999,유동훈,10060,해태,3.1,0.45,223,1,,,1,2,2,풀타임 최소 2코인
1999,이병석,1637,해태,0.6,0.84,111,2,,,2,1,2,
1999,이우혁,1778,해태,-0.0,0.65,160,1,,,1,1,1,
1999,이호성,1500,해태,0.8,1.24,56,3,,프랜차이즈 스타 +1,4,4,4,
1999,이호준,10101,해태,0.6,1.15,69,3,,,3,4,3,
1999,장성호,10032,해태,5.7,1.02,82,2,,,2,5,2,
1999,장일현,2081,해태,0.0,0.45,239,1,,,1,1,1,
1999,정성훈,10479,해태,1.3,0.45,216,1,,,1,2,2,풀타임 최소 2코인
1999,최상덕,10616,해태,1.3,0.86,104,2,,,2,3,2,
1999,최해식,1607,해태,-0.8,0.85,108,2,,,2,2,2,
1999,홍현우,1499,해태,5.5,2.58,7,5,,직전 5WAR+ +1 / 최근 5시즌 골든글러브 2회 · 프랜차이즈 스타 +1,5,5,5,
1999,황두성,10457,해태,0.2,0.45,217,1,,,1,1,1,
1999,권준헌,1504,현대,-0.1,0.72,139,2,,,2,1,2,
1999,김경기,1505,현대,0.5,2.0,19,5,Y,,5,4,5,
1999,김민범,1844,현대,1.0,0.5,204,1,,,1,2,2,풀타임 최소 2코인
1999,김수경,10430,현대,3.5,0.72,133,2,,직전 5WAR+ +1,3,4,4,신인왕 다음 시즌 하한 4
1999,김인호,1435,현대,1.4,1.02,81,2,,,2,2,2,
1999,김홍집,1769,현대,0.8,0.63,166,1,,,1,2,2,풀타임 최소 2코인
1999,바워스,2069,현대,0.0,,,,,외국인 규칙,,3,3,
1999,박경완,10080,현대,3.6,2.15,13,5,,최근 5시즌 골든글러브 2회 +1,5,5,5,
1999,박장희,2100,현대,1.4,0.45,230,1,,,1,2,2,풀타임 최소 2코인
1999,박재홍,10113,현대,4.1,2.0,18,5,Y,최근 5시즌 골든글러브 2회 +1,5,5,5,
1999,박종호,1668,현대,3.8,1.07,74,3,,,3,4,3,
1999,박진만,10323,현대,1.8,0.48,207,1,,직전 풀타임 0.5WAR 미만 −1,1,5,2,풀타임 최소 2코인
1999,손차훈,1742,현대,0.1,0.57,190,1,,,1,1,1,
1999,염경엽,11468,현대,-0.5,0.87,102,2,,,2,1,2,
1999,위재영,1886,현대,2.2,1.76,28,4,,,4,5,4,
1999,이명수,1450,현대,2.2,1.86,23,4,,,4,4,4,
1999,이숭용,10402,현대,1.5,1.63,36,4,,,4,4,4,
1999,임선동,2013,현대,-0.2,0.54,199,1,,,1,4,1,
1999,장광호,12722,현대,0.7,0.79,118,2,,,2,1,2,
1999,장정석,12966,현대,0.1,0.62,169,1,,,1,1,1,
1999,전준호,10418,현대,3.2,2.0,17,5,Y,최근 5시즌 골든글러브 2회 +1,5,5,5,
1999,정명원,1464,현대,2.1,2.75,5,5,,직전 5WAR+ +1 / 1998 평균자책 1위 +1,5,5,5,
1999,정민태,1716,현대,9.7,2.46,8,5,,직전 5WAR+ +1 / 1998 골든글러브 +1 / 직전 투수 골든글러브 5,5,5,5,
1999,조규제,1608,현대,0.5,1.58,39,4,,,4,4,4,
1999,조웅천,10158,현대,1.0,1.21,58,3,,,3,4,3,
1999,최만호,10265,현대,0.1,0.47,209,1,,,1,1,1,
1999,최영필,10617,현대,0.6,0.6,178,1,,,1,2,2,풀타임 최소 2코인
1999,최원호,10537,현대,-0.2,1.06,76,3,,직전 5WAR+ +1,4,3,4,
1999,카날리,2087,현대,-0.3,,,,,외국인 규칙,,3,3,
1999,피어슨,2088,현대,2.1,0.45,237,1,,,1,2,2,풀타임 최소 2코인
1999,홍민구,2059,현대,0.5,0.45,243,1,,,1,1,1,
1999,황윤성,1688,현대,-0.0,0.65,162,1,,,1,1,1,
2000,경헌호,10498,LG,1.3,0.45,216,1,,,1,2,2,풀타임 최소 2코인
2000,김광삼,10501,LG,-0.1,0.36,261,1,,,1,1,1,
2000,김민기,10504,LG,0.9,0.65,164,1,,,1,2,2,풀타임 최소 2코인
2000,김상엽,1472,LG,-0.2,1.61,40,4,,,4,5,4,
2000,김상호,1380,LG,-0.2,1.18,68,3,,,3,3,3,
2000,김선진,1497,LG,-0.2,0.49,205,1,,,1,1,1,
2000,김용수,1259,LG,0.6,2.17,14,5,,프랜차이즈 스타 +1,5,5,5,
2000,김재현,10109,LG,4.7,1.62,39,4,,,4,5,4,
2000,김정민,10458,LG,0.7,0.7,151,2,,,2,1,2,
2000,류지현,1783,LG,5.3,2.42,10,5,,,5,5,5,
2000,류택현,10507,LG,-0.0,0.72,143,2,,,2,1,2,
2000,박연수,2070,LG,0.9,0.47,210,1,,,1,1,1,
2000,박철홍,1850,LG,-0.1,0.72,142,2,,,2,1,2,
2000,서용빈,1782,LG,0.6,1.1,75,3,,,3,3,3,
2000,손지환,10098,LG,-0.1,0.47,209,1,,,1,1,1,
2000,스미스,2073,LG,1.8,,,,,외국인 규칙,,4,4,
2000,안병원,1711,LG,0.5,0.58,184,1,,,1,2,2,풀타임 최소 2코인
2000,안상준,1884,LG,0.1,0.65,162,1,,,1,1,1,
2000,안재만,1983,LG,1.4,0.5,201,1,,,1,1,1,
2000,양준혁,10339,LG,5.0,2.63,8,5,,최근 5시즌 골든글러브 2회 +1,5,5,5,
2000,이병규,10491,LG,4.2,1.84,28,4,,직전 5WAR+ +1 / 최근 5시즌 골든글러브 2회 +1,5,5,5,
2000,이승호,10148,LG,2.1,0.5,202,1,,,1,2,1,
2000,이종열,10478,LG,2.1,0.92,105,2,,,2,2,2,
2000,인현배,1857,LG,0.0,0.63,170,1,,,1,1,1,
2000,장문석,10069,LG,3.9,0.76,136,2,,,2,2,2,
2000,장준관,2155,LG,0.3,0.45,238,1,,,1,1,1,
2000,전승남,2014,LG,1.5,0.74,139,2,,,2,2,2,
2000,정영규,1722,LG,0.1,0.77,134,2,,,2,1,2,
2000,조인성,10463,LG,-0.2,0.65,165,1,,,1,4,1,
2000,차명석,1686,LG,1.2,1.36,55,3,,,3,2,3,
2000,최경환,10041,LG,-0.2,0.45,231,1,,,1,1,1,
2000,최동수,10481,LG,0.2,0.5,203,1,,,1,1,1,
2000,최원호,10537,LG,0.3,0.79,128,2,,직전 풀타임 0.5WAR 미만 −1,1,3,2,풀타임 최소 2코인
2000,최익성,1828,LG,0.4,1.12,73,3,,,3,3,3,
2000,최창호,1370,LG,-0.2,0.82,119,2,,직전 풀타임 0.5WAR 미만 −1,1,4,1,
2000,최향남,10743,LG,1.9,1.44,49,3,,,3,3,3,
2000,쿡슨,2136,LG,-0.2,,,,,외국인 규칙,,3,3,
2000,테이텀,2139,LG,0.8,,,,,외국인 규칙,,3,3,
2000,해리거,2161,LG,6.9,,,,,외국인 규칙,,4,4,
2000,가내영,1611,SK,-0.1,0.98,99,2,,,2,1,2,
2000,강병규,1613,SK,-0.3,1.21,65,3,,,3,2,3,
2000,강희석,1838,SK,-0.8,0.63,169,1,,,1,2,2,풀타임 최소 2코인
2000,권명철,1695,SK,-0.9,0.81,122,2,,,2,2,2,
2000,김경기,1505,SK,1.1,1.5,47,4,,,4,3,4,
2000,김기덕,1619,SK,1.3,1.66,34,4,,,4,3,4,
2000,김성래,1196,SK,0.4,0.95,104,2,,,2,4,2,
2000,김원형,14890,SK,-0.0,1.6,41,4,,,4,4,4,
2000,김정수,1314,SK,-0.1,1.05,86,2,,,2,3,3,FA 계약 하한 3
2000,김종헌,1511,SK,-0.2,0.83,117,2,,,2,1,2,
2000,김충민,1737,SK,0,0.97,100,2,,,2,1,2,
2000,김태석,1628,SK,-0.1,1.0,97,2,,,2,1,2,
2000,뮬렌,2115,SK,-0.1,,,,,외국인 규칙,,3,3,
2000,박계원,1646,SK,-0.1,0.8,125,2,,,2,1,2,
2000,박상근,1773,SK,0.9,0.48,207,1,,,1,1,1,
2000,박정현,1408,SK,0.2,1.34,58,3,,,3,5,3,
2000,박주언,1957,SK,0.3,0.59,181,1,,,1,1,1,
2000,박진석,1630,SK,0.2,0.76,135,2,,,2,1,2,
2000,배홍철,2152,SK,-0.0,0.45,241,1,,,1,1,1,
2000,브리또,2120,SK,5.7,,,,,외국인 규칙,,4,4,
2000,성영재,1775,SK,-0.5,1.2,66,3,,,3,3,3,
2000,손차훈,1742,SK,0.2,0.6,177,1,,,1,1,1,
2000,신승현,10138,SK,-0.1,0.45,229,1,,,1,1,1,
2000,신주일,2122,SK,-0.0,0.45,249,1,,,1,1,1,
2000,심성보,1883,SK,-0.7,1.09,78,3,,,3,2,3,
2000,양용모,1563,SK,1.1,0.52,196,1,,,1,1,1,
2000,엄정욱,10139,SK,-0.0,0.45,228,1,,,1,1,1,
2000,오상민,10519,SK,1.5,0.69,155,1,,직전 풀타임 0.5WAR 미만 −1,1,2,2,풀타임 최소 2코인
2000,유현승,1854,SK,-0.1,0.69,153,1,,직전 풀타임 0.5WAR 미만 −1,1,2,2,풀타임 최소 2코인
2000,윤재국,10117,SK,0.9,0.68,157,1,,,1,2,2,풀타임 최소 2코인
2000,이동수,1816,SK,1.8,1.51,45,4,,,4,3,4,
2000,이민호,1748,SK,0.6,0.85,114,2,,,2,1,2,
2000,이승호,10147,SK,2.2,0.45,227,1,,,1,2,2,풀타임 최소 2코인
2000,이진영,10492,SK,0.7,0.56,188,1,,,1,2,1,
2000,이호준,10101,SK,0.2,0.96,101,2,,,2,4,2,
2000,장재중,1821,SK,-0.0,0.48,206,1,,직전 풀타임 0.5WAR 미만 −1,1,1,1,
2000,정수찬,2015,SK,0.1,0.62,173,1,,,1,1,1,
2000,조원우,12657,SK,-0.7,1.43,51,3,,,3,3,3,
2000,채종범,10039,SK,0.2,0.45,232,1,,,1,2,2,풀타임 최소 2코인
2000,최태원,13285,SK,2.4,1.62,37,4,,,4,4,4,
2000,추성건,1757,SK,1.9,0.59,180,1,,,1,1,1,
2000,콜,2135,SK,0.1,,,,,외국인 규칙,,3,3,
2000,풀리엄,2141,SK,1.4,,,,,외국인 규칙,,4,4,
2000,혼즈,2143,SK,0.3,,,,,외국인 규칙,,3,3,
2000,강혁,2062,두산,-0.2,0.45,254,1,,,1,4,4,대형 신인 하한 4
2000,구자운,10348,두산,4.2,0.6,179,1,,,1,2,2,풀타임 최소 2코인
2000,김동주,10173,두산,5.8,1.15,71,3,,,3,5,4,대형 신인 하한 4
2000,김민호,1724,두산,0.1,1.32,60,3,,,3,3,3,
2000,김영수,10046,두산,-0.2,0.55,190,1,,,1,1,1,
2000,김유봉,1897,두산,1.6,0.43,259,1,,직전 풀타임 0.5WAR 미만 −1,1,1,1,
2000,문희성,1979,두산,0.2,0.6,178,1,,,1,4,1,
2000,박명환,10510,두산,0.4,1.34,59,3,,,3,4,3,
2000,박보현,1899,두산,0.1,0.96,103,2,,,2,1,2,
2000,심정수,1811,두산,4.7,2.2,12,5,,직전 5WAR+ +1,5,5,5,
2000,안경현,10099,두산,1.9,0.89,108,2,,직전 풀타임 0.5WAR 미만 −1,1,2,2,풀타임 최소 2코인
2000,우즈,2031,두산,5.6,,,,,외국인 규칙,,4,4,
2000,이광우,1426,두산,3.2,1.0,95,2,,,2,2,2,
2000,이도형,10543,두산,0.6,0.77,131,2,,,2,3,2,
2000,이상훈,1554,두산,0.1,0.83,115,2,,,2,2,2,
2000,이용호,1777,두산,-0.1,0.67,159,1,,,1,1,1,
2000,이종민,1595,두산,-0.5,0.55,192,1,,,1,1,1,
2000,이혜천,10642,두산,0.8,1.02,91,2,,,2,2,2,
2000,장성진,2109,두산,1.2,0.72,148,2,,,2,1,2,
2000,장원진,1682,두산,3.5,1.06,85,2,,,2,2,2,
2000,전상렬,10194,두산,-0.2,0.64,167,1,,,1,1,1,
2000,정수근,10264,두산,2.5,2.18,13,5,,직전 5WAR+ +1 / 1999 골든글러브 +1,5,4,5,
2000,조계현,12724,두산,2.1,1.5,46,4,,,4,4,4,
2000,진필중,1894,두산,2.9,2.8,4,5,,직전 5WAR+ +1,5,5,5,
2000,차명주,1967,두산,-0.0,1.03,88,2,,,2,3,2,
2000,최용호,2017,두산,1.4,1.15,72,3,,,3,2,3,
2000,최훈재,1457,두산,-0.9,1.09,79,3,,,3,2,3,
2000,파머,2160,두산,1.6,,,,,외국인 규칙,,4,4,
2000,한태균,1863,두산,1.6,0.68,158,1,,,1,2,2,풀타임 최소 2코인
2000,홍성흔,10256,두산,2.3,0.72,145,2,,,2,2,4,신인왕 다음 시즌 하한 4
2000,홍원기,14889,두산,1.0,0.59,182,1,,,1,2,1,
2000,가득염,10123,롯데,0.2,1.0,96,2,,,2,1,2,
2000,강민영,2146,롯데,-0.4,0.45,245,1,,,1,1,1,
2000,강상수,1837,롯데,3.2,1.86,26,4,,,4,3,4,
2000,강성우,1648,롯데,-0.4,0.6,176,1,,,1,1,1,
2000,공필성,1503,롯데,-0.5,0.69,154,1,,,1,1,1,
2000,기론,2093,롯데,1.7,,,,,외국인 규칙,,4,4,
2000,김대익,1923,롯데,2.9,1.36,56,3,,직전 풀타임 0.5WAR 미만 −1,2,3,2,
2000,김민재,10550,롯데,1.2,0.91,106,2,,,2,2,2,
2000,김사율,10272,롯데,0.3,0.53,195,1,,,1,1,1,
2000,김영수,10046,롯데,3.0,0.55,190,1,,,1,2,2,풀타임 최소 2코인
2000,김응국,1404,롯데,1.0,1.53,43,4,,프랜차이즈 스타 +1,5,4,5,
2000,마해영,1865,롯데,3.5,2.58,9,5,,직전 5WAR+ +1 / 1999 타율 1위 +1,5,5,5,
2000,문동환,10593,롯데,1.7,1.84,27,4,,직전 5WAR+ +1,5,4,5,
2000,박경진,2117,롯데,0.3,0.45,250,1,,,1,1,1,
2000,박보현,1899,롯데,-0.1,0.96,103,2,,,2,1,2,
2000,박석진,1901,롯데,4.1,0.82,118,2,,,2,4,2,
2000,박정태,1561,롯데,2.6,1.93,23,4,,최근 5시즌 골든글러브 2회 · 프랜차이즈 스타 +1,5,5,5,
2000,박종일,1880,롯데,-0.7,0.62,172,1,,,1,1,1,
2000,박지철,10511,롯데,1.5,1.01,94,2,,,2,3,2,
2000,박현승,10246,롯데,2.1,1.08,82,2,,,2,3,2,
2000,손민한,10284,롯데,5.3,0.65,163,1,,,1,4,2,풀타임 최소 2코인
2000,손인호,10487,롯데,0.8,0.73,141,2,,,2,2,2,
2000,염종석,1689,롯데,0.2,1.68,30,4,,프랜차이즈 스타 +1,5,4,5,
2000,우드,2124,롯데,0.3,,,,,외국인 규칙,,3,3,
2000,유필선,1939,롯데,-0.1,0.66,161,1,,,1,1,1,
2000,이동욱,13432,롯데,-0.1,0.45,211,1,,,1,1,1,
2000,이정훈,10296,롯데,-0.1,0.61,175,1,,,1,1,1,
2000,임경완,10298,롯데,0.8,0.48,208,1,,,1,1,1,
2000,임봉춘,2012,롯데,0.2,0.55,191,1,,,1,1,1,
2000,임재철,10193,롯데,-0.6,0.66,160,1,,,1,1,1,
2000,정원욱,2111,롯데,0.7,0.72,147,2,,,2,1,2,
2000,조경환,2038,롯데,2.4,1.03,89,2,,,2,4,2,
2000,조성환,10254,롯데,0.3,0.45,224,1,,,1,2,1,
2000,주형광,1834,롯데,4.4,2.25,11,5,,직전 5WAR+ +1,5,5,5,
2000,최기문,14231,롯데,1.5,0.88,109,2,,,2,2,2,
2000,한규식,2089,롯데,0.2,0.45,253,1,,,1,1,1,
2000,화이트,2144,롯데,1.7,,,,,외국인 규칙,,4,4,
2000,가르시아,2145,삼성,1.4,,,,,외국인 규칙,,3,3,
2000,김기태,11474,삼성,4.4,2.68,5,5,,,5,5,5,
2000,김동수,10386,삼성,0.7,2.11,15,5,,최근 5시즌 골든글러브 2회 +1,5,5,5,
2000,김상진,1624,삼성,2.1,1.69,29,4,,,4,5,4,
2000,김수관,2021,삼성,-0.6,0.45,256,1,,,1,1,1,
2000,김인철,1547,삼성,-0.2,0.45,258,1,,,1,1,1,
2000,김종훈,1800,삼성,1.1,0.78,130,2,,,2,2,2,
2000,김주찬,10239,삼성,0.4,0.45,225,1,,,1,2,1,
2000,김진웅,10357,삼성,2.6,1.07,83,2,,,2,2,2,
2000,김태균,1803,삼성,0.3,1.27,62,3,,,3,2,3,
2000,김태한,1693,삼성,0.4,1.44,50,3,,,3,4,3,
2000,김한수,12964,삼성,1.3,1.89,25,4,,최근 5시즌 골든글러브 2회 +1,5,3,5,
2000,김현욱,1768,삼성,3.6,1.65,35,4,,,4,4,4,
2000,남기헌,2114,삼성,0.1,0.45,251,1,,,1,1,1,
2000,노장진,1771,삼성,2.7,1.08,81,2,,,2,4,2,
2000,라형진,2097,삼성,0.2,0.42,260,1,,,1,1,1,
2000,박동희,1539,삼성,0.3,0.79,129,2,,,2,3,2,
2000,박영진,2150,삼성,1.2,0.45,242,1,,,1,1,1,
2000,박정환,10097,삼성,0.3,0.45,230,1,,,1,1,1,
2000,배영수,10362,삼성,-0.1,0.45,220,1,,,1,2,1,
2000,스미스,2073,삼성,1.5,,,,,외국인 규칙,,4,4,
2000,신동주,1672,삼성,1.7,1.19,67,3,,,3,2,3,
2000,이강철,13923,삼성,-0.3,2.1,16,5,Y,,5,5,5,
2000,이계성,11451,삼성,-0.2,0.53,194,1,,,1,1,1,
2000,이승엽,10881,삼성,5.5,3.5,2,5,,직전 5WAR+ +1 / 최근 MVP · 최근 5시즌 골든글러브 2회 · 1999 타점·홈런 1위 +1 / 직전 MVP 5,5,5,5,
2000,이용훈,10291,삼성,1.4,0.45,222,1,,,1,2,2,풀타임 최소 2코인
2000,임창용,11281,삼성,4.7,3.46,3,5,,직전 5WAR+ +1 / 1999 세이브·평균자책 1위 +1,5,5,5,
2000,정경배,10102,삼성,3.3,1.11,74,3,,,3,3,3,
2000,정성훈,10531,삼성,1,0.65,166,1,,,1,1,1,
2000,정현욱,10377,삼성,-0.1,0.76,137,2,,,2,2,2,
2000,진갑용,10314,삼성,1.7,0.58,186,1,,,1,3,1,
2000,최재호,1949,삼성,0.3,0.96,102,2,,,2,1,2,
2000,최창양,1968,삼성,-0.2,0.82,120,2,,,2,2,2,
2000,프랑코,2142,삼성,4.8,,,,,외국인 규칙,,4,4,
2000,강석천,1421,한화,0.3,1.17,69,3,,,3,3,3,
2000,강인권,14993,한화,1,0.68,156,1,,,1,1,1,
2000,구대성,10580,한화,4.9,2.67,6,5,,,5,5,5,
2000,김경원,1761,한화,0.2,1.08,80,3,,,3,4,3,
2000,김병준,2147,한화,-0.1,0.45,244,1,,,1,1,1,
2000,김수연,1926,한화,-0.2,0.45,257,1,,,1,1,1,
2000,김승권,1871,한화,0.1,0.51,199,1,,,1,1,1,
2000,김장백,2149,한화,0.1,0.45,243,1,,,1,2,2,풀타임 최소 2코인
2000,김종석,1436,한화,0.7,1.02,90,2,,,2,2,2,
2000,김해님,2005,한화,-0.6,1.07,84,2,,,2,1,2,
2000,데이비스,2067,한화,2.9,,,,,외국인 규칙,,5,5,
2000,로마이어,2068,한화,2.5,,,,,외국인 규칙,,5,5,
2000,박정진,10596,한화,0.1,0.52,198,1,,,1,1,1,
2000,백재호,1980,한화,-0.6,0.98,98,2,,,2,4,2,
2000,송유석,1365,한화,0.2,1.27,61,3,,,3,3,3,
2000,송지만,10412,한화,5.6,1.66,31,4,,,4,5,4,
2000,송진우,10597,한화,3.7,2.1,17,5,Y,,5,5,5,
2000,신경현,10542,한화,-0.6,0.45,215,1,,,1,1,1,
2000,신국환,1882,한화,-0.6,0.8,126,2,,직전 풀타임 0.5WAR 미만 −1,1,1,1,
2000,신재웅,1905,한화,-0.2,0.57,187,1,,,1,1,1,
2000,심광호,10310,한화,0.1,0.45,221,1,,,1,1,1,
2000,심재윤,2074,한화,-0.1,0.49,204,1,,,1,1,1,
2000,오창선,2103,한화,-0.2,0.45,252,1,,,1,1,1,
2000,이범호,10559,한화,-0.3,0.45,214,1,,,1,2,1,
2000,이상군,12994,한화,0.3,0.86,111,2,,,2,4,2,
2000,이상열,10449,한화,0.3,0.71,150,2,,직전 풀타임 0.5WAR 미만 −1,1,2,2,풀타임 최소 2코인
2000,이영우,10574,한화,4.6,1.38,54,3,,,3,4,3,
2000,임주택,1566,한화,-0.2,0.83,116,2,,,2,1,2,
2000,장재혁,2154,한화,-0.2,0.45,239,1,,,1,1,1,
2000,장종훈,1354,한화,0.9,1.66,32,4,,,4,5,4,
2000,전하진,2157,한화,0.1,0.45,237,1,,,1,1,1,
2000,조경택,12707,한화,0.4,0.77,133,2,,,2,1,2,
2000,조규수,10226,한화,2.0,0.45,226,1,,,1,2,2,풀타임 최소 2코인
2000,한용덕,13282,한화,1.5,1.5,48,4,,직전 풀타임 0.5WAR 미만 −1,3,5,3,
2000,허준,1759,한화,-0.8,0.55,189,1,,,1,1,1,
2000,허진석,2162,한화,-0.2,0.45,235,1,,,1,1,1,
2000,홍우태,1864,한화,-0.1,0.59,183,1,,,1,1,1,
2000,황우구,2092,한화,0.7,0.34,262,1,,,1,1,1,
2000,강영식,10269,해태,-0.2,0.45,223,1,,,1,1,1,
2000,강태원,1467,해태,0.6,0.8,123,2,,,2,2,2,
2000,곽채진,1841,해태,1,1.52,44,4,,,4,2,4,
2000,곽현희,2048,해태,1.3,0.9,107,2,,,2,2,2,
2000,김상훈,10001,해태,0.1,0.45,234,1,,,1,1,1,
2000,김종국,10009,해태,1.1,0.73,140,2,,,2,2,2,
2000,김창희,10334,해태,1.1,1.24,63,3,,,3,2,3,
2000,김태룡,1661,해태,-0.5,0.58,185,1,,,1,1,1,
2000,김호,1581,해태,1.2,1.23,64,3,,,3,2,3,
2000,미첼,2116,해태,0.8,,,,,외국인 규칙,,3,3,
2000,박계원,1646,해태,-0.5,0.8,125,2,,,2,1,2,
2000,박진철,1774,해태,0,0.85,113,2,,,2,1,2,
2000,배스,2119,해태,0.4,,,,,외국인 규칙,,3,3,
2000,성영재,1775,해태,2.6,1.2,66,3,,,3,3,3,
2000,소소경,2053,해태,0.2,0.81,121,2,,,2,1,2,
2000,양현석,2123,해태,-0.4,0.45,248,1,,,1,1,1,
2000,엄병열,2056,해태,0.1,0.5,200,1,,,1,1,1,
2000,오봉옥,1694,해태,3.5,1.42,52,3,,,3,3,3,
2000,오철민,2010,해태,-1.0,1.01,93,2,,,2,1,2,
2000,유동훈,10060,해태,-0.4,0.72,146,2,,,2,4,2,
2000,윤형진,2153,해태,0.3,0.45,240,1,,,1,2,2,풀타임 최소 2코인
2000,이대진,10062,해태,3.4,1.89,24,4,,,4,5,4,
2000,이병석,1637,해태,1.3,0.85,112,2,,,2,1,2,
2000,이우석,2034,해태,-0.7,0.45,255,1,,,1,1,1,
2000,이원식,1907,해태,0.3,0.8,124,2,,,2,1,2,
2000,이호성,1500,해태,2,1.04,87,2,,프랜차이즈 스타 +1,3,3,3,
2000,이호준,10101,해태,-0.6,0.96,101,2,,,2,4,2,
2000,장성호,10032,해태,5.8,1.63,36,4,,직전 5WAR+ +1,5,5,4,변동 완충(+2까지)
2000,장일현,2081,해태,0.4,0.54,193,1,,,1,2,2,풀타임 최소 2코인
2000,정성훈,10479,해태,0.8,0.72,144,2,,,2,2,2,
2000,조홍준,2132,해태,-0.5,0.45,246,1,,,1,1,1,
2000,최상덕,10616,해태,3.1,1.01,92,2,,,2,3,2,
2000,최영완,2159,해태,0,0.45,236,1,,,1,1,1,
2000,최해식,1607,해태,0.8,0.64,168,1,,직전 풀타임 0.5WAR 미만 −1,1,1,1,
2000,타바레스,2138,해태,2.6,,,,,외국인 규칙,,4,4,
2000,포조,2140,해태,-0.7,,,,,외국인 규칙,,3,3,
2000,홍세완,10026,해태,0.5,0.45,233,1,,,1,2,1,
2000,홍현우,1499,해태,1.6,2.65,7,5,,직전 5WAR+ +1 / 최근 5시즌 골든글러브 2회 · 프랜차이즈 스타 +1,5,5,5,
2000,김민범,1844,현대,-0.3,0.79,127,2,,,2,1,2,
2000,김수경,10430,현대,4.5,1.15,70,3,,1999 탈삼진 1위 +1,4,4,4,신인왕 다음 시즌 하한 4
2000,김인호,1435,현대,0.2,1.09,77,3,,,3,2,3,
2000,김일경,10398,현대,0.1,0.45,219,1,,,1,1,1,
2000,김홍집,1769,현대,-0.2,0.86,110,2,,,2,1,2,
2000,마일영,10592,현대,2.4,0.45,212,1,,,1,2,2,풀타임 최소 2코인
2000,박경완,10080,현대,7.3,2.1,20,5,Y,최근 5시즌 골든글러브 2회 +1,5,5,5,
2000,박승민,10439,현대,-0.1,0.45,218,1,,,1,1,1,
2000,박장희,2100,현대,1.8,0.72,149,2,,,2,2,2,
2000,박재홍,10113,현대,5.3,2.1,22,4,,최근 5시즌 골든글러브 2회 +1,5,5,5,
2000,박종호,1668,현대,7.1,1.66,33,4,,,4,4,4,
2000,박진만,10323,현대,3.8,0.77,132,2,,,2,5,2,
2000,브링클리,2121,현대,-0.6,,,,,외국인 규칙,,3,3,
2000,신철인,10444,현대,1.2,0.45,217,1,,,1,2,2,풀타임 최소 2코인
2000,심재학,1867,현대,3.1,1.39,53,3,,,3,5,3,
2000,위재영,1886,현대,3.4,1.56,42,4,,,4,5,4,
2000,윌리엄스,2125,현대,1.1,,,,,외국인 규칙,,3,3,
2000,이명수,1450,현대,1.9,1.62,38,4,,,4,4,4,
2000,이숭용,10402,현대,1.5,1.35,57,3,,,3,4,3,
2000,이재주,10020,현대,0.1,0.7,152,2,,,2,2,2,
2000,임선동,2013,현대,5.8,0.52,197,1,,,1,3,2,대형 신인 하한 4
2000,장교성,2129,현대,-0.2,0.45,247,1,,,1,1,1,
2000,장정석,12966,현대,-0.1,0.63,171,1,,,1,1,1,
2000,전근표,10575,현대,0.2,0.45,213,1,,,1,4,4,대형 신인 하한 4
2000,전준호,10418,현대,3.4,2.1,18,5,Y,최근 5시즌 골든글러브 2회 +1,5,5,5,
2000,전준호,10153,현대,1.2,2.1,19,5,Y,,5,2,5,
2000,정명원,1464,현대,0.7,2.1,21,4,Y,,4,5,4,
2000,정민태,1716,현대,5.5,3.62,1,5,,직전 5WAR+ +1 / 최근 5시즌 골든글러브 2회 · 1999 다승 1위 +1 / 직전 투수 골든글러브 5,5,5,5,
2000,조웅천,10158,현대,3.1,1.09,76,3,,,3,4,3,
2000,최영필,10617,현대,0.2,0.75,138,2,,,2,1,2,
2000,카펜터,2134,현대,0.8,,,,,외국인 규칙,,3,3,
2000,퀸란,2137,현대,2.2,,,,,외국인 규칙,,4,4,
2000,황윤성,1688,현대,0.0,0.61,174,1,,,1,1,1,
2001,리치,2201,KIA,-0.0,,,,,외국인 규칙,,3,3,
2001,손혁,14564,KIA,0.6,1.21,64,3,,,3,2,3,
2001,이강철,13923,KIA,-0.1,1.58,32,4,,,4,5,4,
2001,이종범,10036,KIA,2.2,2.68,4,5,,최근 5시즌 골든글러브 2회 +1,5,5,5,
2001,젠슨,2220,KIA,-0.2,,,,,외국인 규칙,,3,3,
2001,강민규,2018,LG,-0.4,0.52,207,1,,,1,1,1,
2001,경헌호,10498,LG,1.5,0.72,140,2,,,2,2,2,
2001,권용관,10465,LG,0.1,0.53,202,1,,,1,1,1,
2001,김민기,10504,LG,0.9,0.85,104,2,,,2,2,2,
2001,김상태,2095,LG,0.3,0.47,216,1,,,1,4,1,
2001,김재현,10109,LG,4.9,2.06,18,5,,직전 5WAR+ +1,5,5,5,
2001,김정민,10458,LG,0.1,0.81,117,2,,,2,1,2,
2001,김혁섭,2096,LG,0.3,0.58,186,1,,,1,1,1,
2001,로마이어,2068,LG,0.0,,,,,외국인 규칙,,4,4,
2001,류지현,1783,LG,5.2,2.52,8,5,,직전 5WAR+ +1 / 프랜차이즈 스타 +1,5,5,5,
2001,류택현,10507,LG,-0.2,0.65,160,1,,,1,1,1,
2001,린튼,2202,LG,2.2,,,,,외국인 규칙,,3,3,
2001,박연수,2070,LG,1.3,0.75,129,2,,,2,1,2,
2001,발데스,2207,LG,2.3,,,,,외국인 규칙,,4,4,
2001,방동민,1933,LG,0,0.45,252,1,,,1,1,1,
2001,서용빈,1782,LG,0.3,0.93,95,2,,,2,3,2,
2001,손지환,10098,LG,0.3,0.52,205,1,,,1,1,1,
2001,신윤호,11238,LG,4.4,0.66,154,1,,,1,2,2,풀타임 최소 2코인
2001,심성보,1883,LG,0.5,0.81,112,2,,,2,2,2,
2001,안병원,1711,LG,-0.7,0.71,147,2,,,2,2,2,
2001,안상준,1884,LG,-0.8,0.64,163,1,,,1,1,1,
2001,안재만,1983,LG,0.1,0.8,119,2,,,2,1,2,
2001,양준혁,10339,LG,5.5,2.54,7,5,,직전 5WAR+ +1 / 최근 5시즌 골든글러브 2회 +1,5,5,5,
2001,유현승,1854,LG,1.1,0.61,173,1,,직전 풀타임 0.5WAR 미만 −1,1,1,1,
2001,이동현,10524,LG,0.5,0.45,223,1,,,1,2,2,풀타임 최소 2코인
2001,이병규,10491,LG,3.6,2.05,19,5,,최근 5시즌 골든글러브 2회 +1,5,5,5,
2001,이승호,10148,LG,-0.6,0.8,120,2,,,2,2,2,
2001,이종열,10478,LG,-0.4,1.2,69,3,,,3,2,3,
2001,장문석,10069,LG,-0.3,1.22,61,3,,,3,3,3,
2001,장재중,1821,LG,-1.3,0.55,196,1,,,1,1,1,
2001,전승남,2014,LG,-0.2,1.02,84,2,,,2,2,2,
2001,조인성,10463,LG,0.3,0.58,188,1,,,1,3,1,
2001,차명석,1686,LG,-0.1,1.2,67,3,,,3,2,3,
2001,최동수,10481,LG,0.8,0.6,179,1,,,1,1,1,
2001,최만호,10265,LG,-0.2,0.55,193,1,,,1,1,1,
2001,최창호,1370,LG,-0.0,0.64,162,1,,,1,4,2,풀타임 최소 2코인
2001,최향남,10743,LG,0,1.44,45,4,,,4,3,4,
2001,해리거,2161,LG,2.7,,,,,외국인 규칙,,5,5,
2001,홍현우,1499,LG,-0.6,1.99,20,5,,최근 5시즌 골든글러브 2회 +1,5,5,5,
2001,강성우,1648,SK,-1.4,0.51,208,1,,,1,1,1,
2001,강혁,2062,SK,0.2,0.5,211,1,,직전 풀타임 0.5WAR 미만 −1,1,4,1,
2001,강희석,1838,SK,0.1,0.47,215,1,,직전 풀타임 0.5WAR 미만 −1,1,1,1,
2001,권명철,1695,SK,0.5,0.61,174,1,,,1,1,1,
2001,김건한,10045,SK,-0.4,0.45,236,1,,,1,1,1,
2001,김경기,1505,SK,-0.2,1.21,66,3,,,3,2,3,
2001,김기덕,1619,SK,0.4,1.33,52,3,,,3,3,3,
2001,김원형,14890,SK,2.3,1.2,68,3,,직전 풀타임 0.5WAR 미만 −1,2,4,2,
2001,박상근,1773,SK,-0.1,0.76,127,2,,,2,1,2,
2001,브리또,2120,SK,6.2,,,,,외국인 규칙,,5,5,
2001,손차훈,1742,SK,0.0,0.65,161,1,,,1,1,1,
2001,송재익,1981,SK,-1.0,0.51,209,1,,,1,1,1,
2001,신승현,10138,SK,-0.2,0.52,206,1,,,1,1,1,
2001,안재만,1983,SK,1.2,0.8,119,2,,,2,2,2,
2001,양용모,1563,SK,-0.6,0.81,116,2,,,2,1,2,
2001,양현석,2123,SK,0.1,0.46,220,1,,,1,1,1,
2001,에레라,2179,SK,3.8,,,,,외국인 규칙,,4,4,
2001,에르난데스,2209,SK,5.4,,,,,외국인 규칙,,4,4,
2001,오상민,10519,SK,3.8,1.01,86,2,,,2,2,2,
2001,윤재국,10117,SK,1.5,0.84,107,2,,,2,2,2,
2001,이승호,10147,SK,5.4,0.72,144,2,,,2,2,4,신인왕 다음 시즌 하한 4
2001,이진영,10492,SK,1.5,0.74,133,2,,,2,2,2,
2001,이호준,10101,SK,-0.4,0.72,145,2,,,2,4,2,
2001,정대현,10154,SK,0.2,0.45,234,1,,,1,2,1,
2001,정상호,10083,SK,0.2,0.45,235,1,,,1,4,1,
2001,정수찬,2015,SK,-0.3,0.63,166,1,,,1,1,1,
2001,조규제,1608,SK,3.0,1.18,71,3,,,3,5,3,
2001,조웅천,10158,SK,0.6,1.62,30,4,,,4,4,4,
2001,조원우,12657,SK,1.6,1.08,78,3,,,3,3,3,
2001,채종범,10039,SK,0.5,0.59,180,1,,직전 풀타임 0.5WAR 미만 −1,1,2,2,풀타임 최소 2코인
2001,최태원,13285,SK,1.8,1.56,35,4,,,4,4,4,
2001,추성건,1757,SK,0.1,0.95,93,2,,,2,1,2,
2001,강봉규,10332,두산,0.1,0.45,227,1,,,1,1,1,
2001,구자운,10348,두산,0.5,0.96,91,2,,,2,3,2,
2001,김동주,10173,두산,3.6,1.84,25,4,,직전 5WAR+ +1 / 2000 골든글러브 +1,5,5,5,
2001,김민호,1724,두산,0.1,0.99,89,2,,,2,3,2,
2001,김원섭,10029,두산,-0.3,0.45,237,1,,,1,2,1,
2001,김태구,2194,두산,-0.2,0.45,243,1,,,1,1,1,
2001,김태영,10198,두산,0.3,0.45,233,1,,,1,1,1,
2001,김호,1581,두산,-0.1,1.12,76,3,,,3,2,3,
2001,니일,2169,두산,-0.2,,,,,외국인 규칙,,3,3,
2001,문희성,1979,두산,0.0,0.65,157,1,,,1,4,1,
2001,박명환,10510,두산,1.3,1.0,87,2,,,2,4,2,
2001,박보현,1899,두산,0.3,0.74,130,2,,,2,1,2,
2001,베넷,2208,두산,-0.1,,,,,외국인 규칙,,3,3,
2001,송원국,2176,두산,-0.7,0.45,246,1,,,1,1,1,
2001,심재학,1867,두산,6.9,1.63,29,4,,,4,5,4,
2001,안경현,10099,두산,3.0,1.16,72,3,,,3,2,3,
2001,우즈,2031,두산,4.3,,,,,외국인 규칙,,5,5,
2001,이경필,2011,두산,0.4,1.41,48,4,,,4,3,4,
2001,이광우,1426,두산,0.6,1.5,40,4,,,4,2,4,
2001,이도형,10543,두산,0.1,0.8,118,2,,,2,3,2,
2001,이상훈,1554,두산,-0.5,0.74,132,2,,직전 풀타임 0.5WAR 미만 −1,1,1,1,
2001,이재우,10219,두산,-0.2,0.45,232,1,,,1,2,1,
2001,이종민,1595,두산,-0.3,0.47,217,1,,,1,1,1,
2001,이혜천,10642,두산,2.7,0.97,90,2,,,2,2,2,
2001,장성진,2109,두산,0.1,0.93,94,2,,,2,1,2,
2001,장원진,1682,두산,0.4,1.58,34,4,,,4,2,4,
2001,전상렬,10194,두산,0.5,0.58,189,1,,,1,1,1,
2001,정수근,10264,두산,4.5,1.8,27,4,,,4,4,4,
2001,정진용,2158,두산,0.8,0.45,248,1,,,1,2,2,풀타임 최소 2코인
2001,조계현,12724,두산,0.8,1.44,44,4,,,4,5,4,
2001,진필중,1894,두산,2.1,2.66,5,5,,2000 세이브 1위 +1,5,5,5,
2001,차명주,1967,두산,2.6,0.78,122,2,,직전 풀타임 0.5WAR 미만 −1,1,2,2,대형 신인 하한 4
2001,최경훈,2222,두산,0.1,0.45,240,1,,,1,1,1,
2001,최용호,2017,두산,0.8,1.14,74,3,,,3,2,3,
2001,최훈재,1457,두산,-0.2,0.81,113,2,,,2,2,2,
2001,콜,2135,두산,0.8,,,,,외국인 규칙,,4,4,
2001,파머,2160,두산,-0.2,,,,,외국인 규칙,,4,4,
2001,한태균,1863,두산,-0.7,0.99,88,2,,,2,1,2,
2001,홍성흔,10256,두산,0.7,1.15,73,3,,,3,2,4,신인왕 다음 시즌 하한 4
2001,홍원기,14889,두산,1.7,0.82,111,2,,,2,2,2,
2001,가득염,10123,롯데,0.6,0.81,115,2,,,2,2,2,
2001,강민영,2146,롯데,0.1,0.46,219,1,,,1,1,1,
2001,강상수,1837,롯데,1.3,2.14,16,5,,,5,3,5,
2001,기론,2093,롯데,0.3,,,,,외국인 규칙,,4,4,
2001,김대익,1923,롯데,0.7,1.56,36,4,,,4,3,4,
2001,김민재,10550,롯데,1.5,1.01,85,2,,,2,2,2,
2001,김사율,10272,롯데,1.3,0.65,159,1,,,1,2,2,풀타임 최소 2코인
2001,김영수,10046,롯데,-0.1,0.88,102,2,,,2,2,2,
2001,김응국,1404,롯데,-0.1,1.21,65,3,,프랜차이즈 스타 +1,4,4,4,
2001,김장현,10277,롯데,0.3,0.45,229,1,,,1,1,1,
2001,김주찬,10239,롯데,1.2,0.62,168,1,,,1,2,2,풀타임 최소 2코인
2001,레이,2197,롯데,0.4,,,,,외국인 규칙,,3,3,
2001,문동환,10593,롯데,-0.0,1.48,41,4,,,4,4,4,
2001,박경진,2117,롯데,-0.1,0.6,175,1,,,1,1,1,
2001,박기혁,10241,롯데,-0.6,0.45,230,1,,,1,1,1,
2001,박석진,1901,롯데,4.6,1.32,53,3,,,3,4,3,
2001,박정태,1561,롯데,-0.1,1.72,28,4,,최근 5시즌 골든글러브 2회 · 프랜차이즈 스타 +1,5,5,5,
2001,박지철,10511,롯데,4.0,1.1,77,3,,,3,3,3,
2001,박현승,10246,롯데,3.3,1.28,56,3,,,3,3,3,
2001,손민한,10284,롯데,3.6,1.04,82,2,,직전 5WAR+ +1,3,5,3,
2001,신명철,10327,롯데,-0.4,0.45,228,1,,,1,4,1,
2001,얀,2178,롯데,1.5,,,,,외국인 규칙,,4,4,
2001,염종석,1689,롯데,2.2,1.26,57,3,,프랜차이즈 스타 +1,4,4,4,
2001,이계성,11451,롯데,0.5,0.52,204,1,,,1,2,2,풀타임 최소 2코인
2001,이정훈,10296,롯데,-0.1,0.58,185,1,,,1,1,1,
2001,임경완,10298,롯데,1.3,0.74,134,2,,,2,2,2,
2001,임봉춘,2012,롯데,-0.0,0.62,167,1,,,1,1,1,
2001,임재철,10193,롯데,0.9,0.49,212,1,,,1,1,1,
2001,조경환,2038,롯데,3.7,1.31,54,3,,,3,4,3,
2001,조성환,10254,롯데,-0.3,0.61,171,1,,,1,2,1,
2001,최기문,14231,롯데,3.1,1.05,80,3,,,3,2,3,
2001,허문회,14566,롯데,0.2,0.67,151,2,,,2,1,2,
2001,호세,2090,롯데,7.9,,,,,외국인 규칙,,5,5,
2001,갈베스,2189,삼성,4.3,,,,,외국인 규칙,,4,4,
2001,강동우,10564,삼성,1.3,0.72,139,2,,,2,4,2,
2001,김기태,11474,삼성,-0.3,2.42,9,5,,,5,5,5,
2001,김동수,10386,삼성,1.5,1.58,31,4,,최근 5시즌 골든글러브 2회 +1,5,5,5,
2001,김상진,1624,삼성,-0.1,1.51,38,4,,,4,5,4,
2001,김수관,2021,삼성,0.0,0.41,254,1,,,1,1,1,
2001,김승권,1871,삼성,-0.4,0.58,187,1,,,1,1,1,
2001,김재걸,10321,삼성,0.4,0.67,152,2,,,2,4,2,
2001,김종훈,1800,삼성,1.1,0.92,97,2,,,2,1,2,
2001,김진웅,10357,삼성,3.8,1.4,49,3,,,3,2,3,
2001,김태균,1803,삼성,-0.3,0.95,92,2,,직전 풀타임 0.5WAR 미만 −1,1,2,2,전수 판정: 추가 확인(직전 시즌 1군 역할)
2001,김한수,12964,삼성,2.7,1.42,46,4,,최근 5시즌 골든글러브 2회 +1,5,3,5,
2001,김현욱,1768,삼성,2.2,1.87,23,4,,,4,4,4,
2001,노장진,1771,삼성,1.6,1.41,47,4,,,4,4,4,
2001,라형진,2097,삼성,0.8,0.57,191,1,,,1,2,2,풀타임 최소 2코인
2001,리베라,2199,삼성,2.5,,,,,외국인 규칙,,4,4,
2001,마르티네스,2170,삼성,2.1,,,,,외국인 규칙,,4,4,
2001,마해영,1865,삼성,4.5,2.19,15,5,,,5,5,5,
2001,바에르가,2171,삼성,0.2,,,,,외국인 규칙,,3,3,
2001,박동희,1539,삼성,-0.1,0.74,131,2,,,2,3,2,
2001,박정환,10097,삼성,0.4,0.62,169,1,,,1,1,1,
2001,박한이,10336,삼성,2.1,0.45,226,1,,,1,2,2,풀타임 최소 2코인
2001,배영수,10362,삼성,4.2,0.53,203,1,,,1,2,2,풀타임 최소 2코인
2001,이강철,13923,삼성,0.2,1.58,32,4,,,4,5,4,
2001,이동은,2106,삼성,-0.0,0.55,197,1,,,1,1,1,
2001,이승엽,10881,삼성,5.1,3.01,2,5,,직전 5WAR+ +1 / 최근 MVP · 최근 5시즌 골든글러브 2회 +1,5,5,5,
2001,이용훈,10291,삼성,0.3,0.72,142,2,,,2,2,2,
2001,이정호,10450,삼성,0.2,0.45,224,1,,,1,4,4,대형 신인 하한 4
2001,임창용,11281,삼성,4.7,3.22,1,5,,직전 5WAR+ +1,5,5,5,
2001,장영균,2080,삼성,-0.3,0.45,251,1,,,1,1,1,
2001,전병호,1965,삼성,0.6,0.75,128,2,,,2,2,2,
2001,정경배,10102,삼성,0.7,1.56,37,4,,,4,3,4,
2001,정성훈,10531,삼성,0.1,0.85,105,2,,,2,1,2,
2001,진갑용,10314,삼성,3.1,0.92,96,2,,,2,2,2,
2001,토레스,2224,삼성,-0.2,,,,,외국인 규칙,,3,3,
2001,강석천,1421,한화,-0.5,0.9,100,2,,직전 풀타임 0.5WAR 미만 −1,1,4,4,FA 계약 하한 4
2001,강인권,14993,한화,0.7,0.86,103,2,,,2,1,2,
2001,김경원,1761,한화,-0.2,0.83,108,2,,직전 풀타임 0.5WAR 미만 −1,1,3,2,전수 판정: 추가 확인(직전 시즌 1군 역할)
2001,김백만,10584,한화,0.1,0.45,221,1,,,1,1,1,
2001,김병준,2147,한화,0.8,0.54,201,1,,,1,1,1,
2001,김수연,1926,한화,1.3,0.49,213,1,,,1,2,2,풀타임 최소 2코인
2001,김장백,2149,한화,-0.2,0.59,181,1,,직전 풀타임 0.5WAR 미만 −1,1,1,1,
2001,김정수,1314,한화,0.8,0.79,121,2,,직전 풀타임 0.5WAR 미만 −1,1,3,2,풀타임 최소 2코인
2001,김종석,1436,한화,2.8,0.92,98,2,,,2,2,2,
2001,김태균,10552,한화,3.9,0.45,222,1,,,1,4,1,
2001,김홍집,1769,한화,0.6,0.66,155,1,,,1,1,1,
2001,누네스,2195,한화,0.1,,,,,외국인 규칙,,3,3,
2001,데이비스,2067,한화,4.3,,,,,외국인 규칙,,4,4,
2001,리스,2200,한화,2.8,,,,,외국인 규칙,,4,4,
2001,박정근,2205,한화,0.6,0.45,242,1,,,1,1,1,
2001,박정진,10596,한화,0.8,0.59,183,1,,,1,1,1,
2001,방진호,2173,한화,-0.6,0.45,247,1,,,1,1,1,
2001,백재호,1980,한화,1.0,0.73,135,2,,직전 풀타임 0.5WAR 미만 −1,1,3,1,
2001,송지만,10412,한화,1.3,2.3,13,5,,직전 5WAR+ +1 / 2000 골든글러브 +1,5,5,5,
2001,송진우,10597,한화,3.6,2.1,17,5,,,5,5,5,
2001,신경현,10542,한화,0.6,0.41,255,1,,,1,1,1,
2001,신국환,1882,한화,-0.7,0.6,177,1,,,1,1,1,
2001,신재웅,1905,한화,-0.2,0.55,198,1,,,1,1,1,
2001,에반스,2210,한화,-0.2,,,,,외국인 규칙,,3,3,
2001,워렌,2213,한화,0.2,,,,,외국인 규칙,,3,3,
2001,윈스턴,2214,한화,-0.1,,,,,외국인 규칙,,3,3,
2001,윤근주,2104,한화,-0.2,0.45,249,1,,,1,1,1,
2001,이범호,10559,한화,-0.8,0.46,218,1,,,1,2,1,
2001,이상군,12994,한화,-0.0,0.78,123,2,,,2,4,2,
2001,이상목,1553,한화,0.7,1.22,63,3,,,3,3,3,
2001,이영우,10574,한화,2.9,1.96,22,4,,,4,4,4,
2001,임주택,1566,한화,0.3,0.63,164,1,,,1,1,1,
2001,장종훈,1354,한화,0.9,1.24,58,3,,프랜차이즈 스타 +1,4,5,4,
2001,조경택,12707,한화,0.9,0.76,124,2,,,2,1,2,
2001,조규수,10226,한화,2.8,0.72,143,2,,,2,2,2,
2001,조정권,2186,한화,-1.0,0.45,245,1,,,1,1,1,
2001,지승민,10228,한화,-0.7,0.45,231,1,,,1,1,1,
2001,차베스,2221,한화,0.3,,,,,외국인 규칙,,3,3,
2001,최영필,10617,한화,0.7,0.71,146,2,,,2,1,2,
2001,한용덕,13282,한화,3.9,1.3,55,3,,,3,5,3,
2001,허준,1759,한화,0.1,0.41,253,1,,,1,1,1,
2001,홍우태,1864,한화,-0.1,0.58,184,1,,,1,1,1,
2001,황우구,2092,한화,-0.6,0.54,200,1,,,1,1,1,
2001,강태원,1467,해태,-0.1,0.81,114,2,,,2,1,2,
2001,곽채진,1841,해태,-0.3,1.2,70,3,,,3,2,3,
2001,곽현희,2048,해태,0.0,1.03,83,2,,,2,1,2,
2001,김경언,10028,해태,0.3,0.45,238,1,,,1,1,1,
2001,김민철,10006,해태,-0.6,0.45,239,1,,,1,1,1,
2001,김태룡,1661,해태,-1.1,0.48,214,1,,,1,1,1,
2001,루이스,2198,해태,0.8,,,,,외국인 규칙,,3,3,
2001,박충식,1763,해태,0.9,1.5,39,4,,,4,5,4,
2001,소소경,2053,해태,0.1,0.72,137,2,,,2,1,2,
2001,엄병열,2056,해태,0.4,0.58,190,1,,,1,1,1,
2001,오철민,2010,해태,0.8,0.76,126,2,,,2,1,2,
2001,유동훈,10060,해태,-0.5,0.55,194,1,,,1,4,1,
2001,정성훈,10479,해태,0.3,0.83,110,2,,,2,2,2,
2001,정영규,1722,해태,0.1,0.69,150,2,,,2,1,2,
2001,정원,2219,해태,0.1,0.45,241,1,,,1,1,1,
2001,최영완,2159,해태,0.1,0.54,199,1,,,1,1,1,
2001,타바레스,2138,해태,-0.1,,,,,외국인 규칙,,4,4,
2001,가내영,1611,해태·KIA,0.1,0.73,136,2,,,2,1,2,
2001,김상훈,10001,해태·KIA,0.1,0.57,192,1,,,1,2,2,풀타임 최소 2코인
2001,김종국,10009,해태·KIA,1.7,0.89,101,2,,,2,2,2,
2001,김주철,2193,해태·KIA,-0.5,0.45,244,1,,,1,1,1,
2001,김창희,10334,해태·KIA,0.7,1.12,75,3,,,3,2,3,
2001,레스,2196,해태·KIA,3.1,,,,,외국인 규칙,,4,4,
2001,박진철,1774,해태·KIA,1.4,0.7,149,2,,,2,2,2,
2001,산토스,2174,해태·KIA,2.5,,,,,외국인 규칙,,4,4,
2001,성영재,1775,해태·KIA,0.5,1.33,51,3,,,3,3,3,
2001,신동주,1672,해태·KIA,1.9,1.22,62,3,,,3,2,3,
2001,양현석,2123,해태·KIA,0.7,0.46,220,1,,,1,1,1,
2001,오봉옥,1694,해태·KIA,1.9,1.84,24,4,,,4,3,4,
2001,윤형진,2153,해태·KIA,0.2,0.62,170,1,,직전 풀타임 0.5WAR 미만 −1,1,2,2,풀타임 최소 2코인
2001,이동수,1816,해태·KIA,2.0,1.36,50,3,,,3,3,3,
2001,이병석,1637,해태·KIA,2.9,1.05,81,2,,,2,2,2,
2001,이원식,1907,해태·KIA,0.8,0.76,125,2,,,2,2,2,
2001,장성호,10032,해태·KIA,5.8,2.33,11,5,,직전 5WAR+ +1,5,5,5,
2001,장일현,2081,해태·KIA,0.1,0.67,153,1,,직전 풀타임 0.5WAR 미만 −1,1,1,1,
2001,최상덕,10616,해태·KIA,3.7,1.47,42,4,,,4,3,4,
2001,최익성,1828,해태·KIA,-0.0,0.91,99,2,,,2,3,2,
2001,홍세완,10026,해태·KIA,2.3,0.65,158,1,,,1,2,2,풀타임 최소 2코인
2001,김민범,1844,현대,0.3,0.6,176,1,,,1,1,1,
2001,김수경,10430,현대,1.1,1.84,26,4,,2000 다승 1위 +1,5,4,5,
2001,김인호,1435,현대,-0.5,0.84,106,2,,,2,2,2,
2001,김홍집,1769,현대,0.3,0.66,155,1,,,1,1,1,
2001,마일영,10592,현대,2.9,0.72,138,2,,,2,2,2,
2001,문창환,1848,현대,0.1,0.63,165,1,,,1,1,1,
2001,박경완,10080,현대,4.3,2.86,3,5,,직전 5WAR+ +1 / 최근 5시즌 골든글러브 2회 · 2000 홈런 1위 +1 / 직전 MVP 5,5,5,5,
2001,박장희,2100,현대,0.6,1.06,79,3,,,3,2,3,
2001,박재홍,10113,현대,3,2.4,10,5,,직전 5WAR+ +1 / 최근 5시즌 골든글러브 2회 · 2000 타점 1위 +1,5,5,5,
2001,박종호,1668,현대,0.2,2.63,6,5,,직전 5WAR+ +1 / 2000 골든글러브 · 2000 타율 1위 +1,5,4,5,
2001,박진만,10323,현대,3.3,1.23,60,3,,2000 골든글러브 +1,4,5,4,
2001,송신영,10443,현대,2.4,0.45,225,1,,,1,2,2,풀타임 최소 2코인
2001,신철인,10444,현대,3.6,0.72,141,2,,,2,2,2,
2001,심정수,1811,현대,2.9,2.31,12,5,,직전 5WAR+ +1,5,5,5,
2001,엔리케스,2211,현대,-0.1,,,,,외국인 규칙,,3,3,
2001,위재영,1886,현대,2.3,2.29,14,5,,,5,5,5,
2001,이명수,1450,현대,0.1,1.45,43,4,,,4,4,4,
2001,이상열,10449,현대,0.5,0.71,148,2,,직전 풀타임 0.5WAR 미만 −1,1,2,1,
2001,이숭용,10402,현대,2.8,1.23,59,3,,,3,4,3,
2001,이재주,10020,현대,0.2,0.65,156,1,,,1,2,1,
2001,임선동,2013,현대,3.0,0.83,109,2,,직전 5WAR+ +1 / 2000 골든글러브 · 2000 다승·탈삼진 1위 +1 / 직전 투수 골든글러브 5,5,3,5,
2001,장교성,2129,현대,-1.2,0.5,210,1,,,1,1,1,
2001,장정석,12966,현대,0.2,0.6,178,1,,,1,1,1,
2001,전근표,10575,현대,0.6,0.59,182,1,,,1,4,1,
2001,전준호,10418,현대,3.7,1.96,21,4,,,4,5,4,
2001,전준호,10153,현대,1.8,1.58,33,4,,,4,2,4,
2001,정현택,2082,현대,-0.4,0.55,195,1,,,1,1,1,
2001,채종국,2086,현대,-0.1,0.45,250,1,,,1,1,1,
2001,퀸란,2137,현대,1.6,,,,,외국인 규칙,,4,4,
2001,테일러,2223,현대,2.1,,,,,외국인 규칙,,4,4,
2001,필립스,2188,현대,0.2,,,,,외국인 규칙,,3,3,
2001,황윤성,1688,현대,-0.5,0.61,172,1,,,1,1,1,
2002,가내영,1611,KIA,0.6,0.7,149,2,,,2,1,2,
2002,강철민,10497,KIA,0.3,0.45,213,1,,,1,4,2,풀타임 최소 2코인
2002,곽채진,1841,KIA,0.2,0.9,104,2,,,2,2,2,
2002,곽현희,2048,KIA,0.6,0.78,127,2,,,2,1,2,
2002,김경언,10028,KIA,1.8,0.61,168,1,,,1,1,1,
2002,김민철,10006,KIA,0.0,0.4,257,1,,,1,1,1,
2002,김상현,10007,KIA,0.4,0.45,237,1,,,1,1,1,
2002,김상훈,10001,KIA,-0.4,0.6,170,1,,직전 풀타임 0.5WAR 미만 −1,1,2,2,풀타임 최소 2코인
2002,김인철,1547,KIA,0.1,0.52,196,1,,,1,1,1,
2002,김종국,10009,KIA,5.2,1.1,77,3,,,3,2,3,
2002,김주철,2193,KIA,0.3,0.43,253,1,,,1,1,1,
2002,김지훈,2065,KIA,-0.2,0.5,203,1,,,1,1,1,
2002,김진우,10695,KIA,3.4,0.45,210,1,,,1,4,4,대형 신인 하한 4
2002,김창희,10334,KIA,-1.8,0.96,96,2,,,2,2,2,
2002,김태룡,1661,KIA,0.0,0.36,262,1,,,1,1,1,
2002,뉴선,2231,KIA,0.1,,,,,외국인 규칙,,3,3,
2002,리오스,2254,KIA,4.8,,,,,외국인 규칙,,3,3,
2002,박진철,1774,KIA,0.3,0.96,93,2,,,2,1,2,
2002,박충식,1763,KIA,1.1,1.2,62,3,,,3,5,3,
2002,손혁,14564,KIA,0.2,0.98,91,2,,,2,2,2,
2002,신동주,1672,KIA,1.4,1.27,60,3,,,3,2,3,
2002,신용운,10055,KIA,1.0,0.45,235,1,,,1,1,1,
2002,오봉옥,1694,KIA,1.5,1.72,32,4,,,4,3,4,
2002,오철민,2010,KIA,0.4,0.86,111,2,,,2,1,2,
2002,이강철,13923,KIA,3.0,1.18,63,3,,,3,4,4,FA 계약 하한 4
2002,이동수,1816,KIA,-0.3,1.35,54,3,,,3,3,3,
2002,이병석,1637,KIA,0.1,1.49,44,4,,,4,1,4,
2002,이원식,1907,KIA,-0.2,0.85,115,2,,,2,1,2,
2002,이재주,10020,KIA,-0.1,0.68,156,1,,,1,2,1,
2002,이종범,10036,KIA,4.1,2.01,14,5,,,5,5,5,
2002,이현곤,10022,KIA,0.3,0.45,236,1,,,1,1,1,
2002,장성호,10032,KIA,5.9,2.62,4,5,,직전 5WAR+ +1,5,5,5,
2002,장일현,2081,KIA,0,0.65,161,1,,,1,1,1,
2002,장정석,12966,KIA,0.0,0.65,160,1,,,1,1,1,
2002,정성훈,10479,KIA,2.8,0.75,132,2,,,2,2,2,
2002,최상덕,10616,KIA,1.2,1.79,27,4,,,4,3,4,
2002,키퍼,2266,KIA,5.3,,,,,외국인 규칙,,4,4,
2002,펨버튼,2247,KIA,0.7,,,,,외국인 규칙,,4,4,
2002,홍세완,10026,KIA,1.4,1.04,85,2,,,2,2,2,
2002,경헌호,10498,LG,0.4,1.02,86,2,,,2,1,2,
2002,권용관,10465,LG,-0.4,0.6,172,1,,,1,1,1,
2002,김민기,10504,LG,2.5,0.96,95,2,,,2,2,2,
2002,김우석,2227,LG,-0.4,0.45,245,1,,,1,1,1,
2002,김재현,10109,LG,4.9,2.3,8,5,,직전 5WAR+ +1 / 프랜차이즈 스타 +1,5,5,5,
2002,김정민,10458,LG,-0.0,0.72,144,2,,,2,1,2,
2002,류지현,1783,LG,3.3,2.55,6,5,,직전 5WAR+ +1 / 프랜차이즈 스타 +1,5,5,5,
2002,류택현,10507,LG,0.5,0.59,175,1,,,1,2,2,풀타임 최소 2코인
2002,마르티네스,2170,LG,2.8,,,,,외국인 규칙,,4,4,
2002,만자니오,2255,LG,2.0,,,,,외국인 규칙,,4,4,
2002,박연수,2070,LG,-0.1,0.95,98,2,,,2,1,2,
2002,박용택,10485,LG,2.4,0.45,214,1,,,1,4,2,풀타임 최소 2코인
2002,서승화,10515,LG,-0.1,0.45,212,1,,,1,4,1,
2002,서용빈,1782,LG,0.9,0.8,120,2,,직전 풀타임 0.5WAR 미만 −1,1,2,1,
2002,손지환,10098,LG,-0.5,0.64,162,1,,,1,1,1,
2002,신윤호,11238,LG,-0.5,1.05,84,2,,2001 골든글러브 · 2001 다승 1위 +1 / 직전 투수 골든글러브 5,5,2,4,편집 지정 4(한 시즌 반짝 위험)
2002,심성보,1883,LG,0.0,0.79,122,2,,,2,2,2,
2002,안병원,1711,LG,-0.2,0.53,192,1,,직전 풀타임 0.5WAR 미만 −1,1,2,1,
2002,안상준,1884,LG,-0.1,0.48,205,1,,,1,1,1,
2002,이광우,1426,LG,-0.2,1.12,74,3,,,3,2,3,
2002,이동현,10524,LG,4.3,0.66,158,1,,,1,2,2,풀타임 최소 2코인
2002,이병규,10491,LG,3.4,2.0,15,5,,최근 5시즌 골든글러브 2회 +1,5,5,5,
2002,이상훈,1762,LG,4.0,2.0,17,5,Y,,5,5,5,
2002,이승호,10148,LG,0.8,0.6,173,1,,,1,2,1,
2002,이일의,2238,LG,-0.2,0.45,243,1,,,1,1,1,
2002,이종열,10478,LG,1.7,0.9,103,2,,,2,2,2,
2002,장문석,10069,LG,4.7,0.91,101,2,,,2,3,2,
2002,장재중,1821,LG,0.5,0.41,255,1,,,1,1,1,
2002,전승남,2014,LG,-0.0,0.77,128,2,,,2,2,2,
2002,조인성,10463,LG,1.8,0.67,157,1,,,1,3,2,풀타임 최소 2코인
2002,최동수,10481,LG,-0.2,0.78,125,2,,,2,1,2,
2002,최만호,10265,LG,0.5,0.53,191,1,,,1,1,1,
2002,최원호,10537,LG,2.0,0.72,139,2,,,2,3,2,
2002,최창호,1370,LG,-0.1,0.61,166,1,,직전 풀타임 0.5WAR 미만 −1,1,4,1,
2002,최향남,10743,LG,0.9,1.08,79,3,,,3,3,3,
2002,케펜,2265,LG,0.2,,,,,외국인 규칙,,4,4,
2002,홍현우,1499,LG,-0.9,1.49,42,4,,,4,5,4,
2002,강성우,1648,SK,-0.4,0.38,259,1,,,1,1,1,
2002,강혁,2062,SK,-0.6,0.61,167,1,,,1,4,1,
2002,권명철,1695,SK,-0.1,0.71,148,2,,,2,1,2,
2002,김건한,10045,SK,0.1,0.46,208,1,,,1,1,1,
2002,김기덕,1619,SK,0.7,1.0,89,2,,,2,2,2,
2002,김기태,11474,SK,1.9,1.82,25,4,,,4,5,4,
2002,김동수,10386,SK,2.2,1.32,56,3,,최근 5시즌 골든글러브 2회 +1,4,5,4,
2002,김민재,10550,SK,2.4,1.11,75,3,,,3,4,4,FA 계약 하한 4
2002,김상진,1624,SK,1.5,1.13,73,3,,,3,5,4,FA 계약 하한 4
2002,김원형,14890,SK,0.0,1.37,51,3,,,3,4,4,FA 계약 하한 4
2002,김태한,1693,SK,0.0,1.08,80,3,,,3,4,3,
2002,러핀,2253,SK,0.7,,,,,외국인 규칙,,3,3,
2002,매기,2256,SK,-0.3,,,,,외국인 규칙,,3,3,
2002,송재익,1981,SK,-0.3,0.38,260,1,,,1,1,1,
2002,신승현,10138,SK,0.3,0.52,195,1,,,1,1,1,
2002,양용모,1563,SK,0.2,0.61,169,1,,,1,1,1,
2002,양현석,2123,SK,0.7,0.73,136,2,,,2,1,2,
2002,엄정욱,10139,SK,0.3,0.54,190,1,,,1,1,1,
2002,에르난데스,2209,SK,1.0,,,,,외국인 규칙,,5,5,
2002,오승준,2212,SK,-0.4,0.45,246,1,,,1,1,1,
2002,윤길현,10142,SK,-0.5,0.45,233,1,,,1,1,1,
2002,이승호,10147,SK,3.9,1.15,72,3,,직전 5WAR+ +1,4,4,4,
2002,이용훈,10291,SK,-0.7,0.71,147,2,,직전 풀타임 0.5WAR 미만 −1,1,1,1,
2002,이진영,10492,SK,4.1,1.0,87,2,,,2,2,2,
2002,이호준,10101,SK,3.3,0.55,184,1,,,1,4,2,풀타임 최소 2코인
2002,잉글린,2241,SK,1.4,,,,,외국인 규칙,,3,3,
2002,정경배,10102,SK,0.9,1.17,66,3,,,3,3,3,
2002,정대현,10154,SK,1.3,0.59,177,1,,,1,2,1,
2002,정상호,10083,SK,-0.2,0.59,176,1,,,1,4,1,
2002,제춘모,10157,SK,0.8,0.45,232,1,,,1,2,2,풀타임 최소 2코인
2002,조경환,2038,SK,0.1,1.73,29,4,,,4,4,4,
2002,조규제,1608,SK,1.2,1.63,36,4,,,4,5,4,
2002,조웅천,10158,SK,2.3,1.31,57,3,,,3,4,3,
2002,조원우,12657,SK,1.1,1.17,67,3,,,3,3,3,
2002,채병용,10161,SK,4.2,0.45,231,1,,,1,2,2,풀타임 최소 2코인
2002,채종범,10039,SK,3.2,0.72,143,2,,,2,2,2,
2002,최태원,13285,SK,1.6,1.4,48,4,,,4,4,4,
2002,페르난데스,2246,SK,6.1,,,,,외국인 규칙,,4,4,
2002,강봉규,10332,두산,0.6,0.56,183,1,,,1,1,1,
2002,강인권,14993,두산,0.5,0.85,112,2,,,2,1,2,
2002,구자운,10348,두산,2.0,0.86,110,2,,,2,3,2,
2002,김경태,10500,두산,-0.4,0.51,199,1,,,1,1,1,
2002,김동주,10173,두산,6.5,1.92,24,4,,,4,5,4,
2002,김민호,1724,두산,-0.6,0.79,121,2,,직전 풀타임 0.5WAR 미만 −1,1,2,1,
2002,김호,1581,두산,0.9,0.84,116,2,,,2,1,2,
2002,레스,2196,두산,3.1,,,,,외국인 규칙,,4,4,
2002,박명환,10510,두산,4.0,1.16,68,3,,,3,4,3,
2002,송원국,2176,두산,0.8,0.39,258,1,,,1,1,1,
2002,심재학,1867,두산,2.6,2.58,5,5,,직전 5WAR+ +1 / 2001 골든글러브 +1,5,5,5,
2002,안경현,10099,두산,4.1,1.5,41,4,,2001 골든글러브 +1,5,3,5,
2002,우즈,2031,두산,2.2,,,,,외국인 규칙,,5,5,
2002,유재웅,10191,두산,-0.2,0.45,230,1,,,1,1,1,
2002,이경필,2011,두산,-0.1,1.06,83,2,,,2,3,2,
2002,이상훈,1554,두산,2.6,2.0,18,5,Y,,5,2,5,
2002,이재영,10529,두산,2.6,0.45,211,1,,,1,2,2,풀타임 최소 2코인
2002,이재우,10219,두산,0.1,0.5,201,1,,,1,2,1,
2002,이혜천,10642,두산,0.4,1.4,47,4,,,4,2,4,
2002,장성진,2109,두산,0.0,0.76,130,2,,,2,1,2,
2002,장원진,1682,두산,0.4,1.18,64,3,,직전 풀타임 0.5WAR 미만 −1,2,2,2,
2002,전상렬,10194,두산,0.3,0.7,150,2,,,2,1,2,
2002,정수근,10264,두산,0.9,2.1,12,5,,최근 5시즌 골든글러브 2회 +1,5,4,5,
2002,진필중,1894,두산,1.1,2.22,10,5,,2001 세이브 1위 +1,5,5,5,
2002,차명주,1967,두산,0.9,1.25,61,3,,,3,2,3,
2002,최경환,10041,두산,2.2,0.52,197,1,,,1,2,2,풀타임 최소 2코인
2002,최경훈,2222,두산,0.2,0.57,179,1,,,1,1,1,
2002,최용호,2017,두산,0.1,1.0,88,2,,,2,1,2,
2002,콜,2135,두산,2.8,,,,,외국인 규칙,,4,4,
2002,홍성흔,10256,두산,3.7,0.98,90,2,,2001 골든글러브 +1,3,2,4,편집 지정 4
2002,홍원기,14889,두산,-1.1,1.08,78,3,,,3,2,3,
2002,가득염,10123,롯데,-0.1,0.85,113,2,,,2,2,2,
2002,강상수,1837,롯데,0.2,1.66,34,4,,,4,3,4,
2002,권오현,2164,롯데,-0.0,0.45,248,1,,,1,1,1,
2002,김대익,1923,롯데,0.8,1.17,65,3,,,3,3,3,
2002,김사율,10272,롯데,-0.2,0.94,99,2,,,2,2,2,
2002,김영수,10046,롯데,0.5,0.73,134,2,,직전 풀타임 0.5WAR 미만 −1,1,2,2,풀타임 최소 2코인
2002,김응국,1404,롯데,1.5,0.91,102,2,,프랜차이즈 스타 +1,3,4,3,
2002,김장현,10277,롯데,0.4,0.61,165,1,,,1,2,2,풀타임 최소 2코인
2002,김정현,2229,롯데,0.2,0.45,244,1,,,1,1,1,
2002,김제빈,2251,롯데,-0.2,0.45,240,1,,,1,1,1,
2002,김주찬,10239,롯데,-0.8,0.89,105,2,,,2,2,2,
2002,김태균,1803,롯데,0.0,0.71,145,2,,,2,1,2,
2002,김풍철,2252,롯데,1.1,0.45,239,1,,,1,1,1,
2002,노승욱,1770,롯데,0.2,0.63,163,1,,,1,1,1,
2002,매기,2256,롯데,1.3,,,,,외국인 규칙,,3,3,
2002,문동환,10593,롯데,-0.0,1.11,76,3,,,3,4,3,
2002,박경진,2117,롯데,-0.0,0.57,181,1,,,1,1,1,
2002,박기혁,10241,롯데,-0.3,0.41,256,1,,,1,1,1,
2002,박상민,2172,롯데,-0.2,0.45,247,1,,,1,1,1,
2002,박정태,1561,롯데,2.2,1.29,59,3,,직전 풀타임 0.5WAR 미만 −1 / 최근 5시즌 골든글러브 2회 · 프랜차이즈 스타 +1,3,5,3,
2002,박종윤,10243,롯데,-0.1,0.45,228,1,,,1,1,1,
2002,박준서,10242,롯데,-0.3,0.45,229,1,,,1,1,1,
2002,박지철,10511,롯데,0.2,1.73,30,4,,,4,3,4,
2002,박현승,10246,롯데,0.8,1.63,35,4,,,4,3,4,
2002,베로아,2234,롯데,-0.4,,,,,외국인 규칙,,3,3,
2002,변인재,2258,롯데,0.0,0.45,238,1,,,1,1,1,
2002,손민한,10284,롯데,2.5,1.59,39,4,,2001 다승 1위 +1,5,5,5,
2002,신명철,10327,롯데,-0.4,0.46,207,1,,,1,4,1,
2002,엄정대,2029,롯데,-0.1,0.47,206,1,,,1,1,1,
2002,에레라,2179,롯데,1.1,,,,,외국인 규칙,,5,5,
2002,염종석,1689,롯데,1.2,1.36,53,3,,프랜차이즈 스타 +1,4,4,4,
2002,이계성,11451,롯데,-0.3,0.68,152,2,,,2,1,2,
2002,이대호,10251,롯데,1.2,0.45,227,1,,,1,2,1,
2002,이동욱,13432,롯데,0.0,0.52,193,1,,,1,1,1,
2002,이명우,10290,롯데,0.3,0.45,226,1,,,1,1,1,
2002,이우민,11398,롯데,-0.8,0.45,209,1,,,1,1,1,
2002,이정민,10295,롯데,0.1,0.45,225,1,,,1,1,1,
2002,이정훈,10296,롯데,-0.1,0.58,178,1,,,1,1,1,
2002,임경완,10298,롯데,-0.5,0.96,94,2,,,2,2,2,
2002,임재철,10193,롯데,-0.5,0.76,131,2,,,2,1,2,
2002,정원욱,2111,롯데,-0.0,0.73,135,2,,,2,1,2,
2002,조경환,2038,롯데,0.3,1.73,29,4,,,4,4,4,
2002,조성환,10254,롯데,0.5,0.55,188,1,,,1,2,1,
2002,최기문,14231,롯데,3.2,1.49,43,4,,,4,3,4,
2002,해처,2250,롯데,-0.7,,,,,외국인 규칙,,3,3,
2002,허문회,14566,롯데,0.5,0.68,153,1,,,1,1,1,
2002,허일상,10086,롯데,0.1,0.45,234,1,,,1,1,1,
2002,강동우,10564,삼성,3.3,0.95,97,2,,,2,4,2,
2002,강영식,10269,삼성,2.1,0.51,198,1,,,1,2,2,풀타임 최소 2코인
2002,권오원,10349,삼성,-0.0,0.45,223,1,,,1,1,1,
2002,김승권,1871,삼성,-0.7,0.49,204,1,,,1,1,1,
2002,김재걸,10321,삼성,0.1,0.72,137,2,,,2,3,2,
2002,김종훈,1800,삼성,0.9,0.97,92,2,,,2,1,2,
2002,김진웅,10357,삼성,-0.2,1.95,22,4,,,4,3,4,
2002,김한수,12964,삼성,3.7,1.54,40,4,,최근 5시즌 골든글러브 2회 +1,5,3,5,
2002,김현욱,1768,삼성,3.3,1.66,33,4,,,4,4,4,
2002,노병오,10435,삼성,1.2,0.45,218,1,,,1,1,1,
2002,노장진,1771,삼성,4.9,1.31,58,3,,,3,4,3,
2002,라형진,2097,삼성,0.8,0.78,124,2,,,2,2,2,
2002,마해영,1865,삼성,5.8,2.25,9,5,,,5,5,5,
2002,문남열,2098,삼성,-0.1,0.55,185,1,,,1,1,1,
2002,박정환,10097,삼성,1.2,0.7,151,2,,,2,2,2,
2002,박한이,10336,삼성,1.9,0.72,142,2,,,2,2,2,
2002,배영수,10362,삼성,0.3,0.85,114,2,,,2,5,2,
2002,브리또,2120,삼성,4.8,,,,,외국인 규칙,,5,5,
2002,양준혁,10339,삼성,2.4,2.62,3,5,,직전 5WAR+ +1 / 최근 5시즌 골든글러브 2회 · 2001 타율 1위 +1,5,5,5,
2002,엘비라,2260,삼성,5.0,,,,,외국인 규칙,,4,4,
2002,오상민,10519,삼성,0,1.61,37,4,,,4,2,4,
2002,이승엽,10881,삼성,8.9,2.73,1,5,,직전 5WAR+ +1 / 최근 MVP · 최근 5시즌 골든글러브 2회 · 프랜차이즈 스타 · 2001 홈런 1위 +1 / 직전 MVP 5,5,5,5,
2002,이정호,10450,삼성,-0.0,0.6,171,1,,,1,4,1,
2002,이준호,2108,삼성,0.3,0.61,164,1,,,1,1,1,
2002,임재철,10193,삼성,0.2,0.76,131,2,,,2,1,2,
2002,임창용,11281,삼성,5.7,2.72,2,5,,직전 5WAR+ +1,5,5,5,
2002,전병호,1965,삼성,1.3,0.81,119,2,,,2,2,2,
2002,정현욱,10377,삼성,0.5,0.65,159,1,,,1,2,1,
2002,진갑용,10314,삼성,4.5,1.43,46,4,,,4,4,4,
2002,패트릭,2268,삼성,0.2,,,,,외국인 규칙,,4,4,
2002,가르시아,2225,한화,0.4,,,,,외국인 규칙,,3,3,
2002,강석천,1421,한화,1.2,0.68,154,1,,직전 풀타임 0.5WAR 미만 −1,1,3,3,FA 계약 하한 3
2002,김백만,10584,한화,0.5,0.56,182,1,,,1,1,1,
2002,김병준,2147,한화,-0.1,0.74,133,2,,,2,1,2,
2002,김수연,1926,한화,-0.9,0.79,123,2,,,2,1,2,
2002,김장백,2149,한화,0.4,0.55,186,1,,,1,1,1,
2002,김정수,1314,한화,0.6,0.87,106,2,,,2,3,2,
2002,김종석,1436,한화,-1.1,1.37,52,3,,,3,2,3,
2002,김태균,10552,한화,0.1,0.72,140,2,,,2,5,3,신인왕 다음 시즌 하한 4 / 변동 완충(+2까지)
2002,김홍집,1769,한화,0.2,0.82,118,2,,,2,1,2,
2002,데이비스,2067,한화,4.0,,,,,외국인 규칙,,5,5,
2002,마정길,10436,한화,0.2,0.45,217,1,,,1,2,2,풀타임 최소 2코인
2002,박정진,10596,한화,-0.5,0.78,126,2,,,2,2,2,
2002,백재호,1980,한화,0.8,0.87,107,2,,,2,2,2,
2002,송지만,10412,한화,5,1.72,31,4,,,4,5,4,
2002,송진우,10597,한화,6.3,2.04,13,5,,프랜차이즈 스타 +1,5,5,5,
2002,이도형,10543,한화,1.5,0.71,146,2,,,2,3,2,
2002,이범호,10559,한화,2.0,0.37,261,1,,,1,2,1,
2002,이상목,1553,한화,-0.0,1.07,81,2,,,2,3,2,
2002,이영우,10574,한화,5.4,1.81,26,4,,,4,4,4,
2002,임수민,1917,한화,1,0.87,109,2,,,2,2,2,
2002,장재혁,2154,한화,0.3,0.52,194,1,,,1,1,1,
2002,장종훈,1354,한화,1.1,1.07,82,2,,프랜차이즈 스타 +1,3,5,4,FA 계약 하한 4
2002,정민철,10613,한화,0.9,2.0,16,5,Y,,5,5,5,
2002,조경택,12707,한화,0.2,0.87,108,2,,,2,1,2,
2002,조규수,10226,한화,0.5,1.15,71,3,,,3,2,3,
2002,조윤채,2244,한화,0.4,0.45,242,1,,,1,1,1,
2002,조현수,2245,한화,-0.1,0.45,241,1,,,1,1,1,
2002,지승민,10228,한화,0.1,0.42,254,1,,,1,1,1,
2002,지연규,1685,한화,0.3,0.59,174,1,,,1,2,2,풀타임 최소 2코인
2002,채상병,10315,한화,-0.6,0.45,224,1,,,1,1,1,
2002,최영필,10617,한화,-0.3,0.83,117,2,,,2,1,2,
2002,파라,2058,한화,-0.2,,,,,외국인 규칙,,4,4,
2002,피코타,2269,한화,2.5,,,,,외국인 규칙,,3,3,
2002,한용덕,13282,한화,0.9,1.77,28,4,,프랜차이즈 스타 +1,5,5,5,
2002,허준,1759,한화,0.8,0.54,189,1,,,1,1,1,
2002,황우구,2092,한화,1.0,0.45,252,1,,,1,1,1,
2002,강귀태,10385,현대,0.4,0.45,222,1,,,1,1,1,
2002,강병식,10408,현대,-0.4,0.45,220,1,,,1,1,1,
2002,김민범,1844,현대,0.8,0.68,155,1,,,1,1,1,
2002,김민우,10397,현대,0.1,0.45,221,1,,,1,4,1,
2002,김수경,10430,현대,1.7,1.38,50,3,,,3,4,4,변동 완충(−1까지)
2002,김일경,10398,현대,0.1,0.55,187,1,,,1,1,1,
2002,마일영,10592,현대,1.1,1.15,69,3,,,3,2,3,
2002,박경완,10080,현대,1.8,2.49,7,5,,최근 MVP · 최근 5시즌 골든글러브 2회 +1,5,5,5,
2002,박장희,2100,현대,0.0,0.92,100,2,,,2,1,2,
2002,박재홍,10113,현대,3.1,2.0,19,5,,최근 5시즌 골든글러브 2회 +1,5,5,5,
2002,박종호,1668,현대,2.8,1.97,21,4,,직전 풀타임 0.5WAR 미만 −1,3,4,3,
2002,박진만,10323,현대,2.6,1.61,38,4,,최근 5시즌 골든글러브 2회 +1,5,5,5,
2002,베라스,2257,현대,-0.2,,,,,외국인 규칙,,3,3,
2002,서성민,2102,현대,-0.6,0.45,249,1,,,1,1,1,
2002,서한규,2027,현대,-0.4,0.45,250,1,,,1,1,1,
2002,송신영,10443,현대,1.7,0.72,141,2,,,2,2,2,
2002,신철인,10444,현대,0.8,1.15,70,3,,,3,2,3,
2002,심정수,1811,현대,7.6,1.94,23,4,,,4,5,4,
2002,위재영,1886,현대,1.1,2.1,11,5,,,5,5,5,
2002,이대환,10446,현대,0.6,0.45,216,1,,,1,1,1,
2002,이상열,10449,현대,1.1,0.76,129,2,,,2,2,2,
2002,이숭용,10402,현대,2.9,1.49,45,4,,,4,4,4,
2002,임선동,2013,현대,1.2,1.33,55,3,,,3,3,4,변동 완충(−1까지)
2002,전준호,10418,현대,4.4,1.99,20,5,,,5,5,5,
2002,전준호,10153,현대,-0.2,1.4,49,3,,,3,2,3,
2002,조승현,1996,현대,-0.3,0.45,251,1,,,1,1,1,
2002,조용준,10455,현대,4.1,0.45,215,1,,,1,4,2,풀타임 최소 2코인
2002,조재호,10420,현대,0.3,0.45,219,1,,,1,1,1,
2002,채종국,2086,현대,0.4,0.51,200,1,,,1,1,1,
2002,최익성,1828,현대,0.6,0.72,138,2,,,2,2,2,
2002,토레스,2267,현대,2.3,,,,,외국인 규칙,,4,4,
2002,폴,2248,현대,1.7,,,,,외국인 규칙,,4,4,
2002,프랭클린,2249,현대,2.9,,,,,외국인 규칙,,3,3,
2002,황두성,10457,현대,0.2,0.57,180,1,,,1,1,1,
2002,황윤성,1688,현대,0.5,0.5,202,1,,,1,1,1,
2003,강철민,10497,KIA,0.7,0.62,176,1,,직전 풀타임 0.5WAR 미만 −1,1,4,2,풀타임 최소 2코인
2003,고우석,10042,KIA,1.2,0.45,244,1,,,1,1,1,
2003,김경언,10028,KIA,1.2,0.97,92,2,,,2,2,2,
2003,김민철,10006,KIA,-0.5,0.52,205,1,,,1,1,1,
2003,김상훈,10001,KIA,2.8,0.51,210,1,,직전 풀타임 0.5WAR 미만 −1,1,2,2,풀타임 최소 2코인
2003,김인철,1547,KIA,-0.2,0.59,186,1,,,1,1,1,
2003,김종국,10009,KIA,2.8,1.76,30,4,,직전 5WAR+ +1 / 2002 골든글러브 +1,5,3,5,
2003,김주호,2274,KIA,-0.2,0.45,254,1,,,1,1,1,
2003,김지훈,2065,KIA,0.1,0.5,211,1,,,1,1,1,
2003,김진우,10695,KIA,4.5,0.72,129,2,,2002 탈삼진 1위 +1,3,4,4,대형 신인 하한 4
2003,리오스,2254,KIA,3.2,,,,,외국인 규칙,,5,5,
2003,박재홍,10113,KIA,3.8,1.87,25,4,,최근 5시즌 골든글러브 2회 +1,5,5,5,
2003,서동욱,10486,KIA,-0.5,0.45,226,1,,,1,1,1,
2003,신동주,1672,KIA,0.9,1.18,63,3,,,3,2,3,
2003,신용운,10055,KIA,2.8,0.72,137,2,,,2,2,2,
2003,오철민,2010,KIA,1.1,0.79,117,2,,,2,1,2,
2003,유동훈,10060,KIA,0.5,0.52,206,1,,,1,4,1,
2003,이강철,13923,KIA,2.5,1.75,31,4,,,4,5,4,
2003,이대진,10062,KIA,-0.3,1.59,38,4,,,4,5,4,
2003,이원식,1907,KIA,1.0,0.66,161,1,,,1,1,1,
2003,이재주,10020,KIA,1.2,0.6,181,1,,,1,1,1,
2003,이종범,10036,KIA,6.8,2.11,15,5,,2002 골든글러브 +1,5,5,5,
2003,이현곤,10022,KIA,1.4,0.6,179,1,,,1,2,2,풀타임 최소 2코인
2003,장성호,10032,KIA,6.3,2.75,4,5,,직전 5WAR+ +1 / 2002 타율 1위 +1,5,5,5,
2003,장정석,12966,KIA,-0.1,0.62,172,1,,,1,1,1,
2003,정원,2219,KIA,0.1,0.56,194,1,,,1,1,1,
2003,조태수,10074,KIA,0.4,0.45,243,1,,,1,1,1,
2003,존슨,10159,KIA,2.2,,,,,외국인 규칙,,3,3,
2003,진필중,1894,KIA,1.9,1.93,22,4,,2002 세이브 1위 +1,5,5,5,
2003,최상덕,10616,KIA,3.1,1.36,51,3,,,3,3,3,
2003,키퍼,2266,KIA,1.1,,,,,외국인 규칙,,5,5,
2003,허준,1759,KIA,0.1,0.76,120,2,,,2,1,2,
2003,홍세완,10026,KIA,4.5,1.11,69,3,,,3,2,3,
2003,황윤성,1688,KIA,-0.4,0.67,155,1,,,1,1,1,
2003,경헌호,10498,LG,0.6,0.87,103,2,,,2,2,2,
2003,권용관,10465,LG,-0.7,0.51,209,1,,,1,1,1,
2003,김광삼,10501,LG,1.2,0.49,213,1,,,1,2,2,풀타임 최소 2코인
2003,김광수,10502,LG,0.2,0.45,222,1,,,1,2,2,풀타임 최소 2코인
2003,김광우,2291,LG,0.4,0.45,251,1,,,1,1,1,
2003,김상현,10007,LG,1.4,0.64,166,1,,,1,1,1,
2003,김용우,10091,LG,0.0,0.45,242,1,,,1,1,1,
2003,김재현,10109,LG,1.2,2.4,9,5,,직전 5WAR+ +1 / 프랜차이즈 스타 +1,5,5,5,
2003,김진유,2294,LG,-0.1,0.45,248,1,,,1,1,1,
2003,류지현,1783,LG,0.6,2.13,14,5,,프랜차이즈 스타 +1,5,5,5,
2003,류택현,10507,LG,1.0,0.71,143,2,,,2,2,2,
2003,마르티네스,2170,LG,3.6,,,,,외국인 규칙,,4,4,
2003,박경수,10469,LG,0.8,0.45,227,1,,,1,4,4,대형 신인 하한 4
2003,박만채,2297,LG,0.6,0.45,247,1,,,1,1,1,
2003,박용택,10485,LG,1.6,0.72,131,2,,,2,4,2,
2003,서승화,10515,LG,-0.3,0.53,204,1,,,1,4,2,풀타임 최소 2코인
2003,성영재,1775,LG,0.8,1.0,89,2,,,2,3,2,
2003,손지환,10098,LG,-0.3,0.5,212,1,,,1,1,1,
2003,안상준,1884,LG,0.2,0.53,203,1,,,1,1,1,
2003,안치용,10488,LG,-0.3,0.45,225,1,,,1,1,1,
2003,알칸트라,2282,LG,1.2,,,,,외국인 규칙,,4,4,
2003,이대형,10490,LG,0.1,0.45,224,1,,,1,1,1,
2003,이동현,10524,LG,1.4,1.06,77,3,,,3,3,3,
2003,이병규,10491,LG,1.7,1.94,21,4,,최근 5시즌 골든글러브 2회 +1,5,5,5,
2003,이병석,1637,LG,0.3,1.12,68,3,,,3,1,3,
2003,이상훈,1762,LG,1.4,2.33,10,5,,,5,5,5,
2003,이승호,10148,LG,4.7,0.79,116,2,,,2,2,2,
2003,이종열,10478,LG,1.1,1.1,71,3,,,3,2,3,
2003,장문석,10069,LG,1.5,1.46,46,4,,직전 5WAR+ +1,5,3,4,변동 완충(+2까지)
2003,장재중,1821,LG,-0.4,0.63,171,1,,,1,1,1,
2003,전승남,2014,LG,3.5,0.66,160,1,,,1,2,2,풀타임 최소 2코인
2003,조인성,10463,LG,1.0,1.04,80,3,,,3,2,3,
2003,최동수,10481,LG,0.1,0.63,170,1,,,1,1,1,
2003,최만호,10265,LG,-0.4,0.68,149,2,,,2,1,2,
2003,최원호,10537,LG,0.7,1.1,70,3,,,3,3,3,
2003,쿡슨,2136,LG,-0.0,,,,,외국인 규칙,,4,4,
2003,홍현우,1499,LG,1,1.12,67,3,,,3,4,4,FA 계약 하한 4
2003,강성우,1648,SK,-0.1,0.43,261,1,,,1,1,1,
2003,강혁,2062,SK,0.5,0.47,215,1,,,1,3,1,
2003,김건한,10045,SK,1.0,0.58,188,1,,,1,1,1,
2003,김기태,11474,SK,1.0,1.52,42,4,,,4,5,4,
2003,김민재,10550,SK,0.1,1.34,52,3,,,3,3,3,
2003,김상진,1624,SK,0.8,1.15,65,3,,,3,5,3,
2003,김영수,10046,SK,0.1,0.76,121,2,,,2,1,2,
2003,김원형,14890,SK,1.8,1.03,84,2,,,2,4,4,FA 계약 하한 4
2003,김장준,2292,SK,-0.0,0.45,250,1,,,1,1,1,
2003,김정수,1314,SK,0.2,0.87,104,2,,,2,3,2,
2003,김태한,1693,SK,-0.3,0.81,113,2,,직전 풀타임 0.5WAR 미만 −1,1,3,2,전수 판정: 추가 확인(직전 시즌 1군 역할)
2003,디아즈,2275,SK,3.2,,,,,외국인 규칙,,4,4,
2003,박경완,10080,SK,3.4,1.87,24,4,,최근 MVP · 최근 5시즌 골든글러브 2회 +1,5,5,5,
2003,송은범,10137,SK,-0.7,0.45,240,1,,,1,4,2,풀타임 최소 2코인
2003,송재익,1981,SK,-0.4,0.44,259,1,,,1,1,1,
2003,스미스,2298,SK,1.6,,,,,외국인 규칙,,4,4,
2003,신승현,10138,SK,-0.2,0.63,169,1,,,1,1,1,
2003,안재만,1983,SK,0.6,0.83,107,2,,,2,1,2,
2003,양현석,2123,SK,-0.3,0.81,112,2,,,2,1,2,
2003,엄정욱,10139,SK,0.1,0.65,164,1,,,1,1,1,
2003,윤길현,10142,SK,1.8,0.43,260,1,,,1,1,1,
2003,이승호,10147,SK,1.8,1.71,33,4,,,4,4,4,
2003,이진영,10492,SK,6.1,1.6,36,4,,,4,5,4,
2003,이호준,10101,SK,5.1,0.88,101,2,,,2,4,2,
2003,정경배,10102,SK,2.6,1.03,82,2,,,2,3,2,
2003,정대현,10154,SK,1.8,0.88,102,2,,,2,2,2,
2003,정상호,10083,SK,0.2,0.55,198,1,,,1,4,1,
2003,제춘모,10157,SK,0.9,0.72,136,2,,,2,2,2,
2003,조경환,2038,SK,2.9,1.3,54,3,,,3,2,3,
2003,조웅천,10158,SK,3.5,1.5,44,4,,,4,4,4,
2003,조원우,12657,SK,2.1,1.07,74,3,,,3,3,3,
2003,조진호,10379,SK,0.3,0.45,230,1,,,1,2,2,풀타임 최소 2코인
2003,채병용,10161,SK,0.9,0.72,135,2,,,2,4,2,
2003,채종범,10039,SK,-0.5,1.15,66,3,,,3,1,3,
2003,강인권,14993,두산,1.2,0.82,110,2,,,2,1,2,
2003,곽채진,1841,두산,-0.1,0.76,122,2,,,2,1,2,
2003,구자운,10348,두산,1.4,1.18,62,3,,,3,3,3,
2003,권명철,1695,두산,1.2,0.64,165,1,,,1,2,2,풀타임 최소 2코인
2003,김동주,10173,두산,5.9,2.6,7,5,,직전 5WAR+ +1,5,5,5,
2003,김민호,1724,두산,-0.4,0.59,182,1,,,1,2,1,
2003,김승회,10202,두산,0.7,0.45,238,1,,,1,1,1,
2003,김창희,10334,두산,-0.3,0.72,138,2,,직전 풀타임 0.5WAR 미만 −1,1,1,1,
2003,김태구,2194,두산,0.3,0.52,207,1,,,1,1,1,
2003,나주환,10092,두산,-0.9,0.45,241,1,,,1,1,1,
2003,노경은,10203,두산,0.4,0.45,237,1,,,1,4,1,
2003,문희성,1979,두산,-0.6,0.62,173,1,,,1,3,1,
2003,박명환,10510,두산,0.3,1.73,32,4,,,4,4,4,
2003,성영재,1775,두산,0.0,1.0,89,2,,,2,3,2,
2003,손시헌,10177,두산,-1.2,0.45,239,1,,,1,2,1,
2003,손혁,14564,두산,1.1,0.8,114,2,,,2,1,2,
2003,심재학,1867,두산,0.3,1.99,18,5,,,5,5,5,
2003,안경현,10099,두산,3.8,1.89,23,4,,,4,4,4,
2003,이경필,2011,두산,0.1,0.79,115,2,,,2,3,2,
2003,이동수,1816,두산,-0.3,1.01,87,2,,,2,3,2,
2003,이리키,2302,두산,3.7,,,,,외국인 규칙,,4,4,
2003,이상훈,1554,두산,-0.5,2.09,16,5,Y,,5,2,5,
2003,이승준,2284,두산,0.0,0.45,253,1,,,1,1,1,
2003,이재영,10529,두산,2.1,0.72,130,2,,,2,2,2,
2003,이재우,10219,두산,0.5,0.59,185,1,,,1,2,1,
2003,이혜천,10642,두산,0.9,1.05,78,3,,직전 풀타임 0.5WAR 미만 −1,2,2,2,
2003,장원진,1682,두산,1.1,0.93,97,2,,직전 풀타임 0.5WAR 미만 −1,1,2,2,풀타임 최소 2코인
2003,전상렬,10194,두산,0.1,0.71,142,2,,,2,2,2,
2003,정성훈,10531,두산,2.2,0.72,141,2,,,2,2,2,
2003,정수근,10264,두산,1.9,1.58,39,4,,최근 5시즌 골든글러브 2회 +1,5,4,5,
2003,차명주,1967,두산,0.3,1.08,72,3,,,3,2,3,
2003,최경환,10041,두산,1.1,0.83,106,2,,,2,2,2,
2003,최용호,2017,두산,-0.3,0.79,118,2,,,2,1,2,
2003,쿨바,2289,두산,-0.0,,,,,외국인 규칙,,3,3,
2003,키퍼,2266,두산,2.3,,,,,외국인 규칙,,5,5,
2003,홍성흔,10256,두산,1.4,1.57,40,4,,,4,5,4,
2003,홍원기,14889,두산,2.8,0.81,111,2,,,2,2,2,
2003,가득염,10123,롯데,0.1,0.67,150,2,,직전 풀타임 0.5WAR 미만 −1,1,2,2,풀타임 최소 2코인
2003,강상수,1837,롯데,0.1,1.24,57,3,,,3,3,3,
2003,권오현,2164,롯데,-0.4,0.53,202,1,,,1,1,1,
2003,김대익,1923,롯데,-0.8,1.01,86,2,,,2,2,2,
2003,김사율,10272,롯데,0.1,0.7,145,2,,직전 풀타임 0.5WAR 미만 −1,1,2,1,
2003,김영수,10046,롯데,-0.3,0.76,121,2,,,2,1,2,
2003,김응국,1404,롯데,-0.5,1.07,76,3,,프랜차이즈 스타 +1,4,4,4,
2003,김장현,10277,롯데,-0.6,0.71,144,2,,직전 풀타임 0.5WAR 미만 −1,1,2,2,풀타임 최소 2코인
2003,김주용,2293,롯데,-0.1,0.45,249,1,,,1,1,1,
2003,김주찬,10239,롯데,-1.2,0.67,156,1,,,1,2,1,
2003,김태균,1803,롯데,-0.3,0.65,163,1,,,1,1,1,
2003,노승욱,1770,롯데,1.3,0.67,158,1,,,1,2,2,풀타임 최소 2코인
2003,문규현,10240,롯데,-0.0,0.45,236,1,,,1,1,1,
2003,박기혁,10241,롯데,-0.1,0.45,258,1,,,1,1,1,
2003,박연수,2070,롯데,0.2,0.72,140,2,,,2,1,2,
2003,박정태,1561,롯데,0.2,1.39,48,4,,최근 5시즌 골든글러브 2회 · 프랜차이즈 스타 +1,5,5,5,
2003,박준서,10242,롯데,-0.2,0.48,214,1,,,1,1,1,
2003,박지철,10511,롯데,2.0,1.3,55,3,,,3,3,3,
2003,박현승,10246,롯데,-1.9,1.22,58,3,,,3,3,3,
2003,변인재,2258,롯데,0,0.54,199,1,,,1,1,1,
2003,손민한,10284,롯데,0.5,1.56,41,4,,,4,5,4,
2003,손인호,10487,롯데,1.4,0.74,126,2,,,2,2,2,
2003,신명철,10327,롯데,0.6,0.45,217,1,,,1,1,1,
2003,신종길,10031,롯데,0.4,0.45,245,1,,,1,1,1,
2003,양성제,10288,롯데,0.2,0.45,235,1,,,1,2,2,풀타임 최소 2코인
2003,염종석,1689,롯데,0.8,1.17,64,3,,프랜차이즈 스타 +1,4,4,4,
2003,윤재국,10117,롯데,0.3,0.86,105,2,,,2,1,2,
2003,이계성,11451,롯데,0.2,0.57,192,1,,,1,1,1,
2003,이대호,10251,롯데,-0.3,0.72,134,2,,,2,2,2,
2003,이동욱,13432,롯데,-0.6,0.57,191,1,,,1,1,1,
2003,이명우,10290,롯데,0.1,0.6,180,1,,,1,1,1,
2003,이시온,2285,롯데,1.6,0.45,252,1,,,1,2,2,풀타임 최소 2코인
2003,이용훈,10291,롯데,-0.2,0.53,201,1,,,1,1,1,
2003,이우민,11398,롯데,-0.2,0.37,264,1,,,1,1,1,
2003,이정민,10295,롯데,0.0,0.57,193,1,,,1,1,1,
2003,이정훈,10296,롯데,0.8,0.58,189,1,,,1,2,2,풀타임 최소 2코인
2003,임경완,10298,롯데,0.9,0.72,128,2,,,2,2,2,
2003,조성환,10254,롯데,3.8,0.69,147,2,,,2,2,2,
2003,조효상,1942,롯데,-0.3,0.57,190,1,,,1,1,1,
2003,주형광,1834,롯데,0.7,1.76,29,4,,프랜차이즈 스타 +1,5,5,5,
2003,최기문,14231,롯데,3.8,1.68,34,4,,,4,3,4,
2003,페레즈,2290,롯데,1.2,,,,,외국인 규칙,,3,3,
2003,허일상,10086,롯데,0.2,0.56,195,1,,,1,1,1,
2003,강동우,10564,삼성,1.8,1.48,45,4,,,4,4,4,
2003,강영식,10269,삼성,0.9,0.82,108,2,,,2,1,2,
2003,고지행,2270,삼성,1.1,0.45,255,1,,,1,1,1,
2003,권오원,10349,삼성,0.2,0.53,200,1,,,1,1,1,
2003,권오준,10350,삼성,0.6,0.45,233,1,,,1,2,1,
2003,권혁,10351,삼성,0.1,0.45,232,1,,,1,4,1,
2003,김재걸,10321,삼성,-0.4,0.67,152,2,,,2,1,2,
2003,김종훈,1800,삼성,-0.1,0.96,93,2,,,2,1,2,
2003,김진웅,10357,삼성,2.8,1.46,47,4,,,4,3,4,
2003,김한수,12964,삼성,2.2,1.83,26,4,,최근 5시즌 골든글러브 2회 · 프랜차이즈 스타 +1,5,3,5,
2003,김현욱,1768,삼성,3.6,1.8,27,4,,,4,4,4,
2003,노병오,10435,삼성,-0.0,0.72,133,2,,,2,1,2,
2003,노장진,1771,삼성,1.6,2.09,17,5,,직전 5WAR+ +1,5,4,5,
2003,라이언,2295,삼성,0.6,,,,,외국인 규칙,,3,3,
2003,라형진,2097,삼성,0.1,0.89,99,2,,,2,1,2,
2003,마해영,1865,삼성,3.1,2.59,8,5,,직전 5WAR+ +1 / 2002 골든글러브 +1,5,5,5,
2003,박정환,10097,삼성,0.4,0.91,98,2,,,2,1,2,
2003,박한이,10336,삼성,5.8,1.07,75,3,,,3,2,3,
2003,배영수,10362,삼성,2.5,0.76,123,2,,직전 풀타임 0.5WAR 미만 −1,1,5,2,풀타임 최소 2코인
2003,브리또,2120,삼성,2.9,,,,,외국인 규칙,,5,5,
2003,심성보,1883,삼성,0.0,0.68,148,2,,,2,1,2,
2003,안지만,10364,삼성,-0.2,0.45,231,1,,,1,2,1,
2003,양준혁,10339,삼성,6.1,1.97,19,5,,최근 5시즌 골든글러브 2회 · 프랜차이즈 스타 +1,5,5,5,
2003,엘비라,2260,삼성,-0.1,,,,,외국인 규칙,,5,5,
2003,오상민,10519,삼성,2.0,1.21,59,3,,직전 풀타임 0.5WAR 미만 −1,2,2,2,
2003,이승엽,10881,삼성,7.8,3.48,1,5,,직전 5WAR+ +1 / 최근 MVP · 최근 5시즌 골든글러브 2회 · 프랜차이즈 스타 · 2002 타점·홈런 1위 +1 / 직전 MVP 5,5,5,5,
2003,임창용,11281,삼성,3.5,2.77,3,5,,직전 5WAR+ +1,5,5,5,
2003,전병호,1965,삼성,1.0,1.0,90,2,,,2,2,2,
2003,정현욱,10377,삼성,1.1,0.73,127,2,,,2,2,2,
2003,지승민,10228,삼성,-0.1,0.55,196,1,,,1,1,1,
2003,진갑용,10314,삼성,4.0,1.94,20,5,,2002 골든글러브 +1,5,4,5,
2003,현재윤,10317,삼성,-0.2,0.45,234,1,,,1,1,1,
2003,고상천,2190,한화,0.1,0.45,257,1,,,1,1,1,
2003,기론,2093,한화,0.9,,,,,외국인 규칙,,4,4,
2003,김백만,10584,한화,0.3,0.69,146,2,,,2,1,2,
2003,김수연,1926,한화,1.8,0.59,183,1,,,1,2,2,풀타임 최소 2코인
2003,김승권,1871,한화,-0.5,0.39,263,1,,,1,1,1,
2003,김종석,1436,한화,-0.1,1.02,85,2,,,2,2,2,
2003,김태균,10552,한화,5.7,0.67,151,2,,직전 풀타임 0.5WAR 미만 −1,1,5,2,풀타임 최소 2코인
2003,김홍집,1769,한화,-0.2,0.75,125,2,,,2,1,2,
2003,마정길,10436,한화,1.3,0.67,154,1,,직전 풀타임 0.5WAR 미만 −1,1,2,2,풀타임 최소 2코인
2003,메히아,2277,한화,-0.4,,,,,외국인 규칙,,3,3,
2003,문용민,10594,한화,0.6,0.45,221,1,,,1,1,1,
2003,박정진,10596,한화,1.6,0.58,187,1,,,1,2,2,풀타임 최소 2코인
2003,백재호,1980,한화,1.0,0.88,100,2,,,2,2,2,
2003,송지만,10412,한화,1.8,2.19,12,5,,직전 5WAR+ +1 / 최근 5시즌 골든글러브 2회 · 프랜차이즈 스타 +1,5,5,5,
2003,송진우,10597,한화,4,2.61,6,5,,직전 5WAR+ +1 / 프랜차이즈 스타 · 2002 골든글러브 +1 / 직전 투수 골든글러브 5,5,5,5,
2003,심광호,10310,한화,0.5,0.55,197,1,,,1,1,1,
2003,안영명,10600,한화,1.1,0.45,220,1,,,1,4,1,
2003,에스트라다,2300,한화,0.3,,,,,외국인 규칙,,3,3,
2003,유혜정,2261,한화,0.4,0.45,256,1,,,1,1,1,
2003,윤규진,10606,한화,0.0,0.45,219,1,,,1,1,1,
2003,이도형,10543,한화,2.3,0.98,91,2,,,2,3,2,
2003,이범호,10559,한화,1.9,0.59,184,1,,,1,2,2,풀타임 최소 2코인
2003,이상목,1553,한화,4.8,0.82,109,2,,,2,2,2,
2003,이영우,10574,한화,5.0,2.32,11,5,,직전 5WAR+ +1 / 프랜차이즈 스타 +1,5,4,5,
2003,임수민,1917,한화,2.0,0.94,96,2,,,2,1,2,
2003,임재철,10193,한화,1.2,0.62,175,1,,,1,1,1,
2003,장종훈,1354,한화,-0.1,1.03,83,2,,프랜차이즈 스타 +1,3,5,3,
2003,정민철,10613,한화,3.0,1.5,43,4,,프랜차이즈 스타 +1,5,5,5,
2003,조경택,12707,한화,-0.3,0.76,124,2,,,2,1,2,
2003,조규수,10226,한화,1.0,0.94,94,2,,,2,2,2,
2003,조윤채,2244,한화,0.2,0.64,167,1,,,1,1,1,
2003,조현수,2245,한화,0.5,0.52,208,1,,,1,1,1,
2003,지승민,10228,한화,0.1,0.55,196,1,,,1,1,1,
2003,지연규,1685,한화,0.0,0.67,157,1,,직전 풀타임 0.5WAR 미만 −1,1,1,1,
2003,채상병,10315,한화,-0.2,0.41,262,1,,,1,1,1,
2003,최영필,10617,한화,-0.2,0.64,168,1,,,1,1,1,
2003,피코타,2269,한화,1.2,,,,,외국인 규칙,,4,4,
2003,한상훈,10663,한화,-0.8,0.45,218,1,,,1,1,1,
2003,한용덕,13282,한화,0.7,1.33,53,3,,프랜차이즈 스타 +1,4,5,4,
2003,황우구,2092,한화,1.8,0.72,139,2,,,2,1,2,
2003,강귀태,10385,현대,0.3,0.62,174,1,,,1,1,1,
2003,강병식,10408,현대,-0.4,0.46,216,1,,,1,1,1,
2003,김동수,10386,현대,3.9,1.39,49,3,,,3,5,3,
2003,김성태,10428,현대,-0.4,0.45,229,1,,,1,1,1,
2003,김수경,10430,현대,2.0,1.29,56,3,,,3,4,3,
2003,김일경,10398,현대,-0.2,0.61,178,1,,,1,1,1,
2003,마일영,10592,현대,0.1,1.08,73,3,,,3,2,3,
2003,바워스,2296,현대,4.1,,,,,외국인 규칙,,4,4,
2003,박종호,1668,현대,3.8,1.79,28,4,,,4,4,4,
2003,박진만,10323,현대,3.4,1.59,37,4,,최근 5시즌 골든글러브 2회 +1,5,5,5,
2003,브룸바,10411,현대,2.0,,,,,외국인 규칙,,4,4,
2003,송신영,10443,현대,1.0,1.04,81,2,,,2,2,2,
2003,신동민,2299,현대,-0.2,0.45,246,1,,,1,1,1,
2003,신철인,10444,현대,2.5,1.01,88,2,,,2,2,2,
2003,심정수,1811,현대,9.0,2.86,2,5,,직전 5WAR+ +1 / 2002 골든글러브 +1,5,5,5,
2003,이대환,10446,현대,0.3,0.67,153,1,,,1,1,1,
2003,이동학,10447,현대,0.1,0.45,228,1,,,1,2,2,풀타임 최소 2코인
2003,이상열,10449,현대,2.1,0.94,95,2,,,2,2,2,
2003,이숭용,10402,현대,2.5,1.62,35,4,,프랜차이즈 스타 +1,5,4,5,
2003,이택근,10493,현대,1.2,0.45,223,1,,,1,4,1,
2003,임선동,2013,현대,-0.2,1.18,61,3,,,3,3,3,
2003,전근표,10575,현대,0.8,0.67,159,1,,,1,4,1,
2003,전준호,10418,현대,2.4,2.16,13,5,,,5,5,5,
2003,전준호,10153,현대,1.6,1.05,79,3,,,3,2,3,
2003,정민태,1716,현대,4.6,2.71,5,5,,최근 5시즌 골든글러브 2회 +1,5,5,5,
2003,정성훈,10479,현대,1.9,1.2,60,3,,,3,4,3,
2003,조규제,1608,현대,0.2,1.36,50,3,,,3,5,3,
2003,조용준,10455,현대,1.1,0.72,132,2,,,2,4,4,신인왕 다음 시즌 하한 4
2003,조재호,10420,현대,-0.1,0.62,177,1,,,1,1,1,
2003,채종국,2086,현대,-0.1,0.65,162,1,,,1,1,1,
2003,최익성,1828,현대,0.0,0.79,119,2,,,2,2,2,
2003,프랭클린,2249,현대,1,,,,,외국인 규칙,,4,4,
2003,황윤성,1688,현대,-0.1,0.67,155,1,,,1,1,1,
2004,강철민,10497,KIA,0.4,0.76,142,2,,,2,4,2,
2004,고우석,10042,KIA,-0.8,0.72,149,2,,,2,1,2,
2004,곽현희,2048,KIA,-0.3,0.74,144,2,,,2,1,2,
2004,김경언,10028,KIA,0.2,1.01,88,2,,,2,2,2,
2004,김경진,2063,KIA,-0.3,0.45,275,1,,,1,1,1,
2004,김상훈,10001,KIA,2.3,0.81,132,2,,,2,2,2,
2004,김원섭,10029,KIA,-0.1,0.5,216,1,,,1,2,1,
2004,김종국,10009,KIA,3.8,1.7,30,4,,,4,3,4,
2004,김주철,2193,KIA,-0.1,0.57,196,1,,,1,1,1,
2004,김주형,10650,KIA,-0.1,0.45,229,1,,,1,1,1,
2004,김지훈,2065,KIA,0.7,0.59,186,1,,,1,1,1,
2004,김진우,10695,KIA,1.9,1.15,71,3,,,3,4,4,대형 신인 하한 4
2004,리오스,2254,KIA,7.2,,,,,외국인 규칙,,4,4,
2004,마뇽,2326,KIA,2.6,,,,,외국인 규칙,,4,4,
2004,마해영,1865,KIA,1.0,2.11,12,5,,,5,5,5,
2004,문수호,10049,KIA,-0.2,0.45,268,1,,,1,1,1,
2004,박재홍,10113,KIA,1.0,1.96,16,5,,,5,5,5,
2004,방동민,1933,KIA,-0.3,0.54,207,1,,,1,1,1,
2004,서동욱,10486,KIA,0.0,0.42,279,1,,,1,1,1,
2004,소소경,2053,KIA,-0.4,0.66,166,1,,,1,1,1,
2004,손지환,10098,KIA,2.5,0.49,221,1,,,1,2,2,풀타임 최소 2코인
2004,신용운,10055,KIA,2.4,1.15,74,3,,,3,2,3,
2004,심재학,1867,KIA,5.4,1.49,42,4,,,4,5,4,
2004,오철민,2010,KIA,-0.0,0.93,111,2,,,2,1,2,
2004,유동훈,10060,KIA,3.8,0.7,153,1,,,1,4,2,풀타임 최소 2코인
2004,이강철,13923,KIA,2.7,1.75,28,4,,,4,5,4,
2004,이대진,10062,KIA,-0.3,1.19,67,3,,,3,5,3,
2004,이동현,10063,KIA,-0.2,0.45,267,1,,,1,1,1,
2004,이상화,10064,KIA,-0.3,0.45,266,1,,,1,1,1,
2004,이원식,1907,KIA,-0.2,0.86,125,2,,,2,1,2,
2004,이재주,10020,KIA,2.2,0.88,121,2,,,2,1,2,
2004,이종범,10036,KIA,4.6,2.74,4,5,,직전 5WAR+ +1 / 최근 5시즌 골든글러브 2회 +1,5,5,5,
2004,이현곤,10022,KIA,1.1,0.91,116,2,,,2,2,2,
2004,장성호,10032,KIA,4.7,2.9,2,5,,직전 5WAR+ +1,5,5,5,
2004,조규제,1608,KIA,0.9,1.02,87,2,,,2,4,3,FA 계약 하한 3
2004,최상덕,10616,KIA,-0.5,1.61,33,4,,,4,3,4,
2004,최용호,2017,KIA,0.1,0.62,177,1,,,1,1,1,
2004,최향남,10743,KIA,1.0,0.9,118,2,,,2,3,2,
2004,홍세완,10026,KIA,4.3,1.77,27,4,,2003 골든글러브 +1,5,3,5,
2004,경헌호,10498,LG,0.4,0.87,123,2,,,2,1,2,
2004,권용관,10465,LG,0.5,0.41,280,1,,,1,2,2,풀타임 최소 2코인
2004,김광삼,10501,LG,1.6,0.78,139,2,,,2,2,2,
2004,김광수,10502,LG,-0.3,0.6,183,1,,직전 풀타임 0.5WAR 미만 −1,1,1,1,
2004,김상현,10007,LG,0.0,0.94,110,2,,,2,2,2,
2004,김우석,2227,LG,-0.1,0.49,220,1,,,1,1,1,
2004,김재현,10109,LG,3.9,1.8,23,4,,프랜차이즈 스타 +1,5,5,5,
2004,김정민,10458,LG,0.1,0.64,170,1,,,1,1,1,
2004,김태완,10467,LG,-0.7,0.45,243,1,,,1,1,1,
2004,류지현,1783,LG,-0.2,1.6,34,4,,프랜차이즈 스타 +1,5,5,5,
2004,류택현,10507,LG,1.1,0.87,122,2,,,2,2,2,
2004,마틴,2311,LG,2.7,,,,,외국인 규칙,,4,4,
2004,민경수,10509,LG,0.1,0.45,241,1,,,1,1,1,
2004,박경수,10469,LG,1.6,0.72,148,2,,,2,4,3,변동 완충(−1까지)
2004,박기남,10011,LG,0.0,0.45,270,1,,,1,1,1,
2004,박만채,2297,LG,0.1,0.7,155,1,,,1,1,1,
2004,박용택,10485,LG,3.2,1.01,91,2,,,2,4,2,
2004,서승화,10515,LG,0.2,0.51,214,1,,직전 풀타임 0.5WAR 미만 −1,1,2,2,풀타임 최소 2코인
2004,성영재,1775,LG,0.4,0.99,99,2,,,2,2,2,
2004,송현우,10517,LG,0.0,0.45,240,1,,,1,1,1,
2004,신윤호,11238,LG,0.2,0.79,136,2,,,2,2,2,
2004,심수창,10518,LG,0.0,0.45,239,1,,,1,1,1,
2004,안치용,10488,LG,-0.2,0.47,224,1,,,1,1,1,
2004,양현석,2123,LG,-0.3,0.61,181,1,,,1,1,1,
2004,오태근,10489,LG,-0.6,0.45,242,1,,,1,1,1,
2004,우규민,10523,LG,0.4,0.45,238,1,,,1,3,1,
2004,이동현,10524,LG,1.8,1.1,78,3,,,3,3,3,
2004,이병규,10491,LG,4.7,1.52,40,4,,최근 5시즌 골든글러브 2회 · 프랜차이즈 스타 +1,5,5,5,
2004,이승호,10148,LG,3.3,1.26,62,3,,직전 5WAR+ +1 / 2003 탈삼진 1위 +1,5,3,5,
2004,이용규,10035,LG,-0.9,0.45,269,1,,,1,2,1,
2004,이종열,10478,LG,1.3,1.05,84,2,,,2,2,2,
2004,장문석,10069,LG,2.8,1.28,60,3,,,3,3,3,
2004,장준관,2155,LG,0.2,0.57,198,1,,,1,1,1,
2004,장진용,10750,LG,0.0,0.45,225,1,,,1,1,1,
2004,전승남,2014,LG,0.1,1.06,82,2,,,2,2,2,
2004,정재복,10532,LG,0.7,0.45,237,1,,,1,2,2,풀타임 최소 2코인
2004,조인성,10463,LG,1.6,1.0,94,2,,,2,2,2,
2004,진필중,1894,LG,0.0,1.82,22,4,,,4,5,4,
2004,최길성,10105,LG,-0.2,0.45,263,1,,,1,1,1,
2004,최동수,10481,LG,-0.4,0.64,169,1,,,1,2,2,풀타임 최소 2코인
2004,최만호,10265,LG,0.3,0.54,206,1,,,1,1,1,
2004,최원호,10537,LG,0.9,0.95,103,2,,,2,3,2,
2004,쿠퍼,2335,LG,0.6,,,,,외국인 규칙,,3,3,
2004,한규식,2089,LG,-0.2,0.56,201,1,,,1,1,1,
2004,홍현우,1499,LG,-0.3,1.04,86,2,,,2,4,4,FA 계약 하한 4
2004,후타도,2338,LG,-0.3,,,,,외국인 규칙,,3,3,
2004,강혁,2062,SK,-1.0,0.66,167,1,,,1,3,1,
2004,고효준,10124,SK,-0.3,0.45,262,1,,,1,3,1,
2004,김건한,10045,SK,2.3,0.82,130,2,,,2,2,2,
2004,김경태,10500,SK,1.6,0.52,211,1,,,1,1,1,
2004,김기태,11474,SK,3.7,1.19,68,3,,,3,5,4,FA 계약 하한 4
2004,김민재,10550,SK,1.3,1.01,90,2,,직전 풀타임 0.5WAR 미만 −1,1,3,3,FA 계약 하한 3
2004,김영수,10046,SK,-0.4,0.62,178,1,,,1,1,1,
2004,김원형,14890,SK,1.9,1.19,69,3,,,3,4,3,
2004,김형철,10010,SK,-0.2,0.45,271,1,,,1,1,1,
2004,박경완,10080,SK,8.0,1.88,20,5,,,5,5,5,
2004,박정권,10096,SK,-0.2,0.45,264,1,,,1,2,1,
2004,박창근,2329,SK,-0.1,0.45,272,1,,,1,1,1,
2004,브리또,2120,SK,2.1,,,,,외국인 규칙,,4,4,
2004,송은범,10137,SK,0.2,0.44,278,1,,직전 풀타임 0.5WAR 미만 −1,1,4,1,
2004,송재익,1981,SK,-1.0,0.44,277,1,,,1,1,1,
2004,신승현,10138,SK,1.1,0.57,195,1,,,1,2,2,풀타임 최소 2코인
2004,안재만,1983,SK,-0.5,0.84,128,2,,,2,1,2,
2004,엄정욱,10139,SK,2.1,0.63,172,1,,,1,2,2,풀타임 최소 2코인
2004,윤길현,10142,SK,-0.2,0.69,156,1,,,1,2,1,
2004,윤희상,10145,SK,-0.3,0.45,261,1,,,1,4,1,
2004,이대수,10558,SK,-1,0.45,236,1,,,1,2,1,
2004,이상훈,1762,SK,0.1,2.03,14,5,,2003 세이브 1위 +1,5,5,5,
2004,이승호,10147,SK,2.4,1.46,43,4,,,4,4,4,
2004,이진영,10492,SK,5.7,2.39,9,5,,직전 5WAR+ +1,5,5,5,
2004,이호준,10101,SK,3.8,1.41,45,4,,직전 5WAR+ +1,5,4,4,변동 완충(+2까지)
2004,정경배,10102,SK,3.1,1.36,47,4,,,4,3,4,
2004,정대현,10154,SK,2.4,1.15,76,3,,,3,2,3,
2004,제춘모,10157,SK,-0.2,0.85,127,2,,,2,1,2,
2004,조경환,2038,SK,-0.1,1.54,39,4,,,4,2,4,
2004,조웅천,10158,SK,1.8,2.16,11,5,,2003 세이브 1위 +1,5,4,5,
2004,조원우,12657,SK,2.6,1.26,63,3,,,3,3,3,
2004,조중근,10406,SK,-0.1,0.45,246,1,,,1,1,1,
2004,채종범,10039,SK,2.0,0.86,124,2,,,2,2,2,
2004,최경철,10085,SK,-0.1,0.45,265,1,,,1,1,1,
2004,카브레라,2334,SK,1.1,,,,,외국인 규칙,,4,4,
2004,강봉규,10332,두산,0.3,0.65,168,1,,,1,1,1,
2004,강인권,14993,두산,0.5,0.96,102,2,,,2,1,2,
2004,구자운,10348,두산,1.3,1.41,46,4,,,4,3,4,
2004,권명철,1695,두산,0.3,0.9,117,2,,,2,1,2,
2004,김동주,10173,두산,3.9,2.74,3,5,,직전 5WAR+ +1 / 최근 5시즌 골든글러브 2회 · 2003 타율 1위 +1,5,5,5,
2004,김성배,10201,두산,-0.2,0.45,258,1,,,1,1,1,
2004,김창희,10334,두산,0.5,0.59,187,1,,,1,2,2,풀타임 최소 2코인
2004,나주환,10092,두산,0.6,0.34,283,1,,,1,1,1,
2004,노경은,10203,두산,-0.4,0.63,176,1,,,1,4,1,
2004,레스,2196,두산,6.7,,,,,외국인 규칙,,4,4,
2004,문희성,1979,두산,-0.4,0.47,223,1,,,1,3,1,
2004,박명환,10510,두산,5.7,1.3,57,3,,직전 풀타임 0.5WAR 미만 −1,2,4,2,
2004,손시헌,10177,두산,0.3,0.34,284,1,,,1,2,2,풀타임 최소 2코인
2004,손혁,14564,두산,-0.2,0.94,108,2,,,2,2,2,
2004,안경현,10099,두산,3.0,1.97,15,5,,최근 5시즌 골든글러브 2회 +1,5,4,5,
2004,알칸트라,2282,두산,0.2,,,,,외국인 규칙,,4,4,
2004,유재웅,10191,두산,0.4,0.51,212,1,,,1,1,1,
2004,윤재국,10117,두산,-0.1,0.78,138,2,,,2,1,2,
2004,이경필,2011,두산,0.8,0.7,152,2,,직전 풀타임 0.5WAR 미만 −1,1,2,2,풀타임 최소 2코인
2004,이승준,2284,두산,0.8,0.55,204,1,,,1,1,1,
2004,이재영,10529,두산,3.3,1.15,72,3,,,3,2,3,
2004,이재우,10219,두산,1.5,0.72,151,2,,,2,2,2,
2004,이혜천,10642,두산,0.1,0.99,98,2,,,2,2,2,
2004,장원진,1682,두산,1.6,0.99,96,2,,,2,3,3,FA 계약 하한 3
2004,전병두,10152,두산,0.0,0.45,260,1,,,1,2,2,풀타임 최소 2코인
2004,전상렬,10194,두산,1.8,0.68,163,1,,직전 풀타임 0.5WAR 미만 −1,1,2,2,풀타임 최소 2코인
2004,정성훈,10531,두산,2.1,1.14,77,3,,,3,2,3,
2004,정원석,10562,두산,-0.5,0.45,235,1,,,1,1,1,
2004,정재훈,10225,두산,2.1,0.45,257,1,,,1,2,2,풀타임 최소 2코인
2004,최경환,10041,두산,1.1,0.94,109,2,,,2,2,2,
2004,키퍼,2266,두산,0.8,,,,,외국인 규칙,,4,4,
2004,홍성흔,10256,두산,6.4,1.31,55,3,,,3,5,3,
2004,홍원기,14889,두산,-0.6,1.3,56,3,,,3,2,3,
2004,가득염,10123,롯데,0.3,0.66,165,1,,직전 풀타임 0.5WAR 미만 −1,1,3,3,FA 계약 하한 3
2004,강상수,1837,롯데,0.7,0.97,101,2,,,2,3,3,FA 계약 하한 3
2004,김대익,1923,롯데,0.6,0.76,143,2,,,2,2,2,
2004,김승관,1870,롯데,-0.3,0.58,193,1,,,1,1,1,
2004,김장현,10277,롯데,0.1,0.53,209,1,,직전 풀타임 0.5WAR 미만 −1,1,2,2,풀타임 최소 2코인
2004,김주찬,10239,롯데,1.3,0.5,218,1,,,1,2,2,풀타임 최소 2코인
2004,김태균,1803,롯데,-0.0,0.56,200,1,,,1,1,1,
2004,노승욱,1770,롯데,-0.0,0.93,113,2,,,2,1,2,
2004,노장진,1771,롯데,1.1,1.84,21,4,,,4,4,4,
2004,라이온,2309,롯데,2.7,,,,,외국인 규칙,,4,4,
2004,박경진,2117,롯데,-0.3,0.58,189,1,,,1,1,1,
2004,박기혁,10241,롯데,0.1,0.51,213,1,,,1,2,2,풀타임 최소 2코인
2004,박석진,1901,롯데,0.7,1.5,41,4,,,4,4,4,
2004,박연수,2070,롯데,0.7,0.69,157,1,,,1,1,1,
2004,박정준,10259,롯데,-0.5,0.45,255,1,,,1,1,1,
2004,박준서,10242,롯데,0.9,0.5,215,1,,,1,1,1,
2004,박지철,10511,롯데,2.8,1.34,49,3,,,3,3,3,
2004,박진환,10245,롯데,-0.1,0.45,256,1,,,1,1,1,
2004,박현승,10246,롯데,0.2,0.92,115,2,,직전 풀타임 0.5WAR 미만 −1,1,2,1,
2004,서정호,10260,롯데,0.1,0.45,254,1,,,1,1,1,
2004,손민한,10284,롯데,3.5,1.17,70,3,,,3,5,3,
2004,손인호,10487,롯데,3.6,0.98,100,2,,,2,2,2,
2004,신명철,10327,롯데,0.6,0.68,162,1,,,1,1,1,
2004,양성제,10288,롯데,-0.1,0.58,192,1,,직전 풀타임 0.5WAR 미만 −1,1,1,1,
2004,염종석,1689,롯데,0.8,1.0,95,2,,프랜차이즈 스타 +1,3,3,3,
2004,이계성,11451,롯데,-0.0,0.63,175,1,,,1,1,1,
2004,이대호,10251,롯데,-0.1,0.58,191,1,,,1,2,2,풀타임 최소 2코인
2004,이명우,10290,롯데,1.4,0.61,179,1,,,1,1,1,
2004,이상목,1553,롯데,0.1,1.31,54,3,,직전 5WAR+ +1,4,4,4,
2004,이용훈,10291,롯데,0.5,0.53,210,1,,,1,1,1,
2004,이인구,10263,롯데,-0.7,0.45,253,1,,,1,1,1,
2004,이정민,10295,롯데,0.0,0.59,185,1,,,1,2,2,풀타임 최소 2코인
2004,이정훈,10296,롯데,0.8,0.78,137,2,,,2,1,2,
2004,임경완,10298,롯데,3.0,1.01,89,2,,,2,2,2,
2004,장원준,10299,롯데,0.1,0.45,252,1,,,1,4,4,대형 신인 하한 4
2004,정수근,10264,롯데,1.9,1.43,44,4,,최근 5시즌 골든글러브 2회 +1,5,4,5,
2004,조성환,10254,롯데,0.5,1.1,79,3,,,3,3,3,
2004,주형광,1834,롯데,1.5,1.32,53,3,,프랜차이즈 스타 +1,4,5,4,
2004,최기문,14231,롯데,2.6,1.88,19,5,,,5,3,5,
2004,최대성,10302,롯데,0.2,0.45,251,1,,,1,1,1,
2004,페레즈,2290,롯데,2.4,,,,,외국인 규칙,,4,4,
2004,허일상,10086,롯데,0.1,0.63,174,1,,,1,1,1,
2004,강동우,10564,삼성,2.5,1.36,48,4,,,4,4,4,
2004,강영식,10269,삼성,0.0,0.89,120,2,,,2,1,2,
2004,권오준,10350,삼성,4.6,0.69,158,1,,,1,2,2,풀타임 최소 2코인
2004,권혁,10351,삼성,1.0,0.57,197,1,,,1,4,2,풀타임 최소 2코인
2004,김대익,1923,삼성,0.8,0.76,143,2,,,2,2,2,
2004,김덕윤,2192,삼성,0.2,0.45,274,1,,,1,1,1,
2004,김승관,1870,삼성,0.1,0.58,193,1,,,1,1,1,
2004,김재걸,10321,삼성,-0.2,0.53,208,1,,,1,1,1,
2004,김종훈,1800,삼성,1.5,0.72,145,2,,,2,3,3,FA 계약 하한 3
2004,김진웅,10357,삼성,1.7,1.59,36,4,,,4,3,4,
2004,김한수,12964,삼성,1.3,1.59,35,4,,최근 5시즌 골든글러브 2회 · 프랜차이즈 스타 +1,5,3,5,
2004,김현욱,1768,삼성,0.0,1.89,18,5,,,5,4,5,
2004,노장진,1771,삼성,-0.1,1.84,21,4,,,4,4,4,
2004,로페즈,2310,삼성,-0.6,,,,,외국인 규칙,,3,3,
2004,박석민,10322,삼성,-0.6,0.45,249,1,,,1,2,1,
2004,박석진,1901,삼성,1.3,1.5,41,4,,,4,4,4,
2004,박정환,10097,삼성,-0.2,0.82,131,2,,,2,1,2,
2004,박종호,1668,삼성,4.0,1.94,17,5,,,5,4,5,
2004,박한이,10336,삼성,6.1,1.71,29,4,,직전 5WAR+ +1,5,5,5,
2004,배영수,10362,삼성,6.2,1.21,65,3,,,3,5,3,
2004,신동주,1672,삼성,-0.1,1.04,85,2,,,2,1,2,
2004,안지만,10364,삼성,-0.2,0.49,222,1,,,1,2,1,
2004,양준혁,10339,삼성,7.0,2.54,5,5,,직전 5WAR+ +1 / 최근 5시즌 골든글러브 2회 · 프랜차이즈 스타 +1,5,5,5,
2004,오리어리,2315,삼성,1.6,,,,,외국인 규칙,,3,3,
2004,오상민,10519,삼성,1.1,1.34,51,3,,,3,2,3,
2004,윤성환,10368,삼성,0.4,0.45,247,1,,,1,4,2,풀타임 최소 2코인
2004,이정식,10311,삼성,0.0,0.45,250,1,,,1,1,1,
2004,임창용,11281,삼성,2.6,2.29,10,5,,,5,5,5,
2004,전병호,1965,삼성,0.9,1.0,93,2,,,2,2,2,
2004,정현욱,10377,삼성,1.6,0.92,114,2,,,2,2,2,
2004,조동찬,10329,삼성,0.6,0.45,248,1,,,1,2,2,풀타임 최소 2코인
2004,지승민,10228,삼성,0.8,0.59,184,1,,,1,2,2,풀타임 최소 2코인
2004,진갑용,10314,삼성,3.8,2.06,13,5,,,5,4,5,
2004,현재윤,10317,삼성,0.1,0.5,217,1,,,1,1,1,
2004,호지스,2337,삼성,1.8,,,,,외국인 규칙,,4,4,
2004,고동진,10666,한화,1.4,0.45,228,1,,,1,1,1,
2004,김수연,1926,한화,-0.8,0.95,106,2,,,2,1,2,
2004,김승권,1871,한화,-0.2,0.41,281,1,,,1,1,1,
2004,김종석,1436,한화,0.1,0.77,141,2,,,2,1,2,
2004,김창훈,10671,한화,-0.3,0.45,227,1,,,1,1,1,
2004,김태균,10552,한화,5.2,1.08,80,3,,직전 5WAR+ +1,4,5,4,
2004,김해님,2005,한화,0.6,0.8,135,2,,,2,2,2,
2004,데이비스,2067,한화,3.6,,,,,외국인 규칙,,5,5,
2004,디아즈,2275,한화,-0.5,,,,,외국인 규칙,,4,4,
2004,마정길,10436,한화,0.6,0.95,105,2,,,2,2,2,
2004,문동환,10593,한화,0.1,0.83,129,2,,,2,4,2,
2004,문용민,10594,한화,0.2,0.67,164,1,,,1,1,1,
2004,박정진,10596,한화,0.3,0.93,112,2,,,2,2,2,
2004,백재호,1980,한화,-0.8,0.95,104,2,,,2,1,2,
2004,송진우,10597,한화,4.7,2.41,8,5,,프랜차이즈 스타 +1,5,5,5,
2004,송창식,10598,한화,1.6,0.45,233,1,,,1,4,2,풀타임 최소 2코인
2004,신경현,10542,한화,2.0,0.58,188,1,,,1,1,1,
2004,신종길,10031,한화,-0.1,0.64,171,1,,,1,1,1,
2004,신주영,10599,한화,0.1,0.45,232,1,,,1,1,1,
2004,심광호,10310,한화,0.6,0.68,159,1,,,1,1,1,
2004,안영명,10600,한화,0.0,0.72,146,2,,,2,4,2,
2004,엔젤,2314,한화,1.1,,,,,외국인 규칙,,3,3,
2004,오봉옥,1694,한화,0.3,1.29,58,3,,,3,3,3,
2004,윤경영,10605,한화,-0.2,0.45,231,1,,,1,1,1,
2004,윤규진,10606,한화,1,0.56,202,1,,,1,2,2,풀타임 최소 2코인
2004,이도형,10543,한화,0.8,1.27,61,3,,,3,3,3,
2004,이범호,10559,한화,5.2,0.94,107,2,,,2,2,2,
2004,이영우,10574,한화,4.6,2.44,7,5,,직전 5WAR+ +1 / 프랜차이즈 스타 +1,5,4,5,
2004,이창훈,2316,한화,0.2,0.45,273,1,,,1,1,1,
2004,임수민,1917,한화,0.7,1.19,66,3,,,3,2,3,
2004,임재철,10193,한화,-0.9,0.89,119,2,,,2,1,2,
2004,장종훈,1354,한화,0.2,0.77,140,2,,프랜차이즈 스타 +1,3,5,3,
2004,정민철,10613,한화,-0.6,1.64,32,4,,프랜차이즈 스타 +1,5,5,5,
2004,정병희,10155,한화,0.7,0.45,259,1,,,1,1,1,
2004,정재원,10614,한화,-0.5,0.45,230,1,,,1,1,1,
2004,조규수,10226,한화,-0.4,0.99,97,2,,,2,1,2,
2004,조영민,10675,한화,0.5,0.45,226,1,,,1,1,1,
2004,조현수,2245,한화,-0.2,0.68,160,1,,,1,1,1,
2004,지연규,1685,한화,0.1,0.63,173,1,,,1,1,1,
2004,차명주,1967,한화,0.3,0.85,126,2,,직전 풀타임 0.5WAR 미만 −1,1,1,3,전수 판정: 추가 확인(직전 시즌 1군 역할) / 최종 검토: 3(16홀드 공동 1위 셋업맨)
2004,최영필,10617,한화,0.8,0.57,194,1,,,1,1,1,
2004,최진행,10578,한화,-0.2,0.45,234,1,,,1,3,1,
2004,한상훈,10663,한화,-1.0,0.35,282,1,,,1,1,1,
2004,한용덕,13282,한화,-0.3,1.06,81,2,,프랜차이즈 스타 +1,3,4,3,
2004,황우구,2092,한화,-0.7,1.06,83,2,,,2,1,2,
2004,강귀태,10385,현대,1.2,0.68,161,1,,,1,1,1,
2004,김동수,10386,현대,1.5,1.8,24,4,,최근 5시즌 골든글러브 2회 +1,5,5,5,
2004,김민범,1844,현대,0.6,0.72,150,2,,,2,1,2,
2004,김민우,10397,현대,-0.7,0.55,205,1,,,1,4,1,
2004,김성태,10428,현대,-0.3,0.45,276,1,,,1,1,1,
2004,김수경,10430,현대,3.0,1.34,52,3,,,3,4,3,
2004,김일경,10398,현대,-0.1,0.55,203,1,,,1,1,1,
2004,마일영,10592,현대,0.9,0.81,134,2,,직전 풀타임 0.5WAR 미만 −1,1,2,2,풀타임 최소 2코인
2004,박진만,10323,현대,3.9,1.78,25,4,,최근 5시즌 골든글러브 2회 · 프랜차이즈 스타 +1,5,5,5,
2004,브룸바,10411,현대,8.8,,,,,외국인 규칙,,4,4,
2004,서한규,2027,현대,-0.1,0.5,219,1,,,1,1,1,
2004,송신영,10443,현대,1.9,1.01,92,2,,,2,2,2,
2004,송지만,10412,현대,2.0,1.65,31,4,,최근 5시즌 골든글러브 2회 +1,5,5,5,
2004,신철인,10444,현대,1.2,1.34,50,3,,,3,2,3,
2004,심정수,1811,현대,2.6,3.54,1,5,,직전 5WAR+ +1 / 최근 5시즌 골든글러브 2회 +1,5,5,5,
2004,오주원,10445,현대,3.1,0.45,244,1,,,1,2,2,풀타임 최소 2코인
2004,위재영,1886,현대,0.2,1.58,38,4,,프랜차이즈 스타 +1,5,5,5,
2004,이대환,10446,현대,0.3,0.7,154,1,,,1,1,1,
2004,이동학,10447,현대,-0.1,0.57,199,1,,직전 풀타임 0.5WAR 미만 −1,1,1,1,
2004,이상열,10449,현대,2.2,1.24,64,3,,,3,2,3,
2004,이숭용,10402,현대,1.6,1.58,37,4,,프랜차이즈 스타 +1,5,4,5,
2004,이택근,10493,현대,0.1,0.72,147,2,,,2,4,2,
2004,전근표,10575,현대,1.1,0.81,133,2,,,2,3,2,
2004,전준호,10418,현대,4.4,1.77,26,4,,프랜차이즈 스타 +1,5,5,5,
2004,전준호,10153,현대,1.8,1.15,75,3,,,3,2,3,
2004,정민태,1716,현대,0.8,2.49,6,5,,최근 5시즌 골든글러브 2회 · 2003 다승 1위 +1 / 직전 투수 골든글러브 5,5,5,5,
2004,정성훈,10479,현대,2.0,1.28,59,3,,,3,4,3,
2004,정수성,10419,현대,-0.1,0.45,245,1,,,1,1,1,
2004,조용준,10455,현대,3.4,1.15,73,3,,,3,4,4,신인왕 다음 시즌 하한 4
2004,조재호,10420,현대,-0.1,0.58,190,1,,,1,1,1,
2004,채종국,2086,현대,1.4,0.6,182,1,,,1,2,2,풀타임 최소 2코인
2004,피어리,2336,현대,5.1,,,,,외국인 규칙,,4,4,
2004,황두성,10457,현대,-0.2,0.61,180,1,,,1,1,1,
